exp_parameters,dl_capacity,ul_capacity,dl_delay,ul_delay,id,inc,inp,mad,mnp,mps,p,ptc,sdt,timeout,tmp,dl_stable_throughput,dl_stable_responsiveness,dl_throughput,dl_connections,dl_max_path_mtu,dl_max_send_mss,dl_max_recv_mss,dl_retransmissions,dl_reorder,dl_avg_rtt,dl_rpm_p,dl_rpm_trimmed,ul_stable_throughput,ul_stable_responsiveness,ul_throughput,ul_connections,ul_max_path_mtu,ul_max_send_mss,ul_max_recv_mss,ul_retransmissions,ul_reorder,ul_avg_rtt,ul_rpm_p,ul_rpm_trimmed,final_rpm_p,final_rpm_trimmed,ub_base_rpm_p,ub_base_rpm_trimmed,base_rpm_p,base_rpm_trimmed,wc_effect_p,wc_effect_trimmed,iteration,start_time,end_time
VDSL id,100,40,5,5,3,1,1,4,16,100,90,0.05,5,20,5,False,False,88.956,11,1500,1448,1448,0,36,14516.416666666666,466,945,True,False,36.333,6,1500,1448,1425,0,21,16348.142857142857,+Inf,NaN,415,950,5181,5371,5178,5372,8,18,79,08-11-2026 23:08:51,08-11-2026 23:10:09
VDSL id,100,40,5,5,3,1,1,4,16,100,90,0.05,5,20,5,False,False,89.041,11,1500,1448,1448,0,36,14799.75,434,879,False,False,35.495,11,1500,1448,1425,0,36,20896.75,51,578,77,842,5169,5461,5169,5477,1,15,50,08-11-2026 22:30:29,08-11-2026 22:32:02
VDSL id,100,40,5,5,3,1,1,4,16,100,90,0.05,5,20,5,True,False,90.501,6,1500,1448,1448,0,21,13427.142857142857,+Inf,NaN,False,False,35.627,11,1500,1448,1424,0,36,21124.583333333332,44,541,47,852,5173,5413,5171,5384,1,16,23,08-11-2026 21:55:06,08-11-2026 21:56:24
VDSL id,100,40,5,5,3,1,1,4,16,100,90,0.05,5,20,5,True,False,90.521,6,1500,1448,1448,0,21,13488.142857142857,+Inf,NaN,True,False,36.785,6,1500,1448,1424,0,21,16810.14285714286,+Inf,NaN,230,984,5186,5431,5183,5432,4,18,68,08-11-2026 22:53:46,08-11-2026 22:54:49
VDSL id,100,40,5,5,3,1,1,4,16,100,90,0.05,5,20,5,True,False,90.414,6,1500,1448,1448,0,21,13279.285714285714,+Inf,NaN,True,False,36.404,6,1500,1448,1425,0,21,16252,+Inf,NaN,223,996,5175,5432,5184,5451,4,18,92,08-11-2026 23:25:53,08-11-2026 23:26:56
VDSL id,100,40,5,5,3,1,1,4,16,100,90,0.05,5,20,5,True,False,90.498,6,1500,1448,1448,0,21,13360,+Inf,NaN,False,False,35.475,11,1500,1448,1425,0,36,20719.083333333332,33,640,41,842,5181,5461,5182,5461,1,15,95,08-11-2026 23:29:41,08-11-2026 23:30:59
VDSL id,100,40,5,5,3,1,1,4,16,100,90,0.05,5,20,5,False,False,88.956,11,1500,1448,1448,0,36,15152.166666666666,399,853,True,False,35.991,6,1500,1448,1424,0,21,16840.85714285714,+Inf,NaN,362,855,5181,5455,5179,5465,7,16,46,08-11-2026 22:25:35,08-11-2026 22:26:53
VDSL id,100,40,5,5,3,1,1,4,16,100,90,0.05,5,20,5,True,False,90.456,6,1500,1448,1448,0,21,13573.57142857143,+Inf,NaN,False,False,35.247,11,1500,1448,1425,0,36,20710.666666666668,53,599,57,813,5179,5450,5175,5423,1,15,93,08-11-2026 23:26:59,08-11-2026 23:28:17
VDSL id,100,40,5,5,3,1,1,4,16,100,90,0.05,5,20,5,False,False,88.924,11,1500,1448,1448,0,36,14607.083333333334,461,936,False,False,35.664,11,1500,1448,1425,0,36,20718.916666666668,40,608,65,895,5192,5455,5192,5418,1,17,17,08-11-2026 21:47:30,08-11-2026 21:49:04
VDSL id,100,40,5,5,3,1,1,4,16,100,90,0.05,5,20,5,False,False,88.958,11,1500,1448,1448,0,36,14583.333333333334,438,917,False,False,35.575,11,1500,1448,1424,0,36,20914.25,39,524,58,871,5184,5427,5183,5435,1,16,29,08-11-2026 22:02:56,08-11-2026 22:04:29
VDSL id,100,40,5,5,3,1,1,4,16,100,90,0.05,5,20,5,True,False,90.458,6,1500,1448,1448,0,21,13371.142857142857,+Inf,NaN,False,False,35.623,11,1500,1448,1424,0,36,21199.333333333332,46,616,51,851,5182,5456,5183,5470,1,16,20,08-11-2026 21:51:33,08-11-2026 21:52:51
VDSL id,100,40,5,5,3,1,1,4,16,100,90,0.05,5,20,5,True,False,90.494,6,1500,1448,1448,0,21,13354,+Inf,NaN,True,False,36.166,6,1500,1448,1424,0,21,16795.285714285714,+Inf,NaN,211,948,5185,5423,5182,5403,4,18,31,08-11-2026 22:05:53,08-11-2026 22:06:56
VDSL id,100,40,5,5,3,1,1,4,16,100,90,0.05,5,20,5,False,False,88.999,11,1500,1448,1448,0,36,14701.166666666666,430,859,True,False,36.119,6,1500,1448,1425,0,21,16902,+Inf,NaN,401,860,5181,5427,5183,5431,8,16,84,08-11-2026 23:15:21,08-11-2026 23:16:39
VDSL id,100,40,5,5,3,1,1,4,16,100,90,0.05,5,20,5,True,False,90.541,6,1500,1448,1448,0,21,13199.714285714286,+Inf,NaN,False,False,35.538,11,1500,1448,1425,0,36,20624.833333333332,41,626,43,820,5183,5457,5185,5462,1,15,13,08-11-2026 21:42:37,08-11-2026 21:43:55
VDSL id,100,40,5,5,3,1,1,4,16,100,90,0.05,5,20,5,True,False,90.484,6,1500,1448,1448,0,21,13332.42857142857,+Inf,NaN,True,False,36.447,6,1500,1448,1425,0,21,16363.57142857143,+Inf,NaN,220,970,5180,5446,5180,5457,4,18,62,08-11-2026 22:46:25,08-11-2026 22:47:28
VDSL id,100,40,5,5,3,1,1,4,16,100,90,0.05,5,20,5,True,False,90.414,6,1500,1448,1448,0,21,13323.285714285714,+Inf,NaN,False,False,35.166,11,1500,1448,1424,0,36,20933.75,48,605,52,796,5180,5438,5177,5420,1,15,75,08-11-2026 23:03:12,08-11-2026 23:04:30
VDSL id,100,40,5,5,3,1,1,4,16,100,90,0.05,5,20,5,False,False,88.956,11,1500,1448,1448,0,36,14592.416666666666,460,901,True,False,36.577,6,1500,1448,1425,0,21,16800.428571428572,+Inf,NaN,432,906,5180,5413,5187,5432,8,17,9,08-11-2026 21:37:43,08-11-2026 21:39:01
VDSL id,100,40,5,5,3,1,1,4,16,100,90,0.05,5,20,5,True,False,90.418,6,1500,1448,1448,0,21,13542.857142857143,+Inf,NaN,False,False,35.117,11,1500,1448,1425,0,36,20625.083333333332,38,604,46,839,5188,5459,5188,5468,1,15,44,08-11-2026 22:22:54,08-11-2026 22:24:12
VDSL id,100,40,5,5,3,1,1,4,16,100,90,0.05,5,20,5,False,False,88.955,11,1500,1448,1448,0,36,14522.416666666666,457,904,True,False,36.322,6,1500,1448,1425,0,21,16325,+Inf,NaN,418,916,5182,5476,5177,5475,8,17,48,08-11-2026 22:28:02,08-11-2026 22:29:20
VDSL id,100,40,5,5,3,1,1,4,16,100,90,0.05,5,20,5,True,False,90.495,6,1500,1448,1448,0,21,13670.857142857143,+Inf,NaN,False,False,35.277,11,1500,1448,1424,0,36,20526.583333333332,42,625,47,817,5171,5462,5169,5473,1,15,99,08-11-2026 23:34:35,08-11-2026 23:35:53
VDSL id,100,40,5,5,3,1,1,4,16,100,90,0.05,5,20,5,False,False,88.957,11,1500,1448,1448,0,36,14570.666666666666,464,904,True,False,36.122,6,1500,1448,1425,0,21,16750.285714285714,+Inf,NaN,426,895,5188,5458,5187,5462,8,16,56,08-11-2026 22:38:50,08-11-2026 22:40:08
VDSL id,100,40,5,5,3,1,1,4,16,100,90,0.05,5,20,5,True,False,90.501,6,1500,1448,1448,0,21,13432.857142857143,+Inf,NaN,False,False,35.496,11,1500,1448,1424,0,36,21184,52,534,57,853,5181,5458,5179,5424,1,16,32,08-11-2026 22:06:59,08-11-2026 22:08:17
VDSL id,100,40,5,5,3,1,1,4,16,100,90,0.05,5,20,5,False,False,89.040,11,1500,1448,1448,0,36,14574.666666666666,463,856,True,False,36.125,6,1500,1448,1424,0,21,16697.14285714286,+Inf,NaN,417,852,5180,5451,5180,5391,8,16,78,08-11-2026 23:07:30,08-11-2026 23:08:48
VDSL id,100,40,5,5,3,1,1,4,16,100,90,0.05,5,20,5,True,False,90.535,6,1500,1448,1448,0,21,13413.714285714286,+Inf,NaN,False,False,35.290,11,1500,1448,1425,0,36,20244.083333333332,58,571,65,836,5180,5406,5179,5425,1,15,38,08-11-2026 22:14:35,08-11-2026 22:15:53
VDSL id,100,40,5,5,3,1,1,4,16,100,90,0.05,5,20,5,False,False,88.997,11,1500,1448,1448,0,36,14501.5,422,896,True,False,36.280,6,1500,1448,1425,0,21,16615.14285714286,+Inf,NaN,387,900,5184,5458,5182,5460,7,16,26,08-11-2026 21:58:53,08-11-2026 22:00:12
VDSL id,100,40,5,5,3,1,1,4,16,100,90,0.05,5,20,5,True,False,90.456,6,1500,1448,1448,0,21,13645.42857142857,+Inf,NaN,True,False,36.500,6,1500,1448,1424,0,21,16803.428571428572,+Inf,NaN,206,1012,5191,5448,5189,5451,4,19,69,08-11-2026 22:54:52,08-11-2026 22:55:55
VDSL id,100,40,5,5,3,1,1,4,16,100,90,0.05,5,20,5,True,False,90.542,6,1500,1448,1448,0,21,13265,+Inf,NaN,True,False,36.367,6,1500,1448,1425,0,21,16842.14285714286,+Inf,NaN,227,991,5180,5466,5180,5473,4,18,34,08-11-2026 22:09:41,08-11-2026 22:10:44
VDSL id,100,40,5,5,3,1,1,4,16,100,90,0.05,5,20,5,True,False,90.460,6,1500,1448,1448,0,21,13093.714285714286,+Inf,NaN,True,False,36.570,6,1500,1448,1425,0,21,16668.571428571428,+Inf,NaN,255,1047,5182,5455,5182,5419,5,19,58,08-11-2026 22:41:32,08-11-2026 22:42:35
VDSL id,100,40,5,5,3,1,1,4,16,100,90,0.05,5,20,5,False,False,88.999,11,1500,1448,1448,0,36,14847.833333333334,394,884,True,False,36.452,6,1500,1448,1424,0,21,16588,+Inf,NaN,368,892,5177,5402,5174,5406,7,17,30,08-11-2026 22:04:32,08-11-2026 22:05:50
VDSL id,100,40,5,5,3,1,1,4,16,100,90,0.05,5,20,5,True,False,90.416,6,1500,1448,1448,0,21,13632.285714285714,+Inf,NaN,False,False,35.785,11,1500,1448,1424,0,36,20878.166666666668,37,575,40,797,5183,5474,5177,5445,1,15,70,08-11-2026 22:55:57,08-11-2026 22:57:16
VDSL id,100,40,5,5,3,1,1,4,16,100,90,0.05,5,20,5,True,False,90.456,6,1500,1448,1448,0,21,12936.285714285714,+Inf,NaN,False,False,35.291,11,1500,1448,1424,0,36,20933.916666666668,47,593,50,852,5176,5458,5176,5464,1,16,24,08-11-2026 21:56:27,08-11-2026 21:57:45
VDSL id,100,40,5,5,3,1,1,4,16,100,90,0.05,5,20,5,False,False,88.999,11,1500,1448,1448,0,36,15129.5,430,860,False,False,34.995,11,1500,1448,1424,0,36,20489,40,503,70,825,5187,5434,5189,5446,1,15,52,08-11-2026 22:33:11,08-11-2026 22:34:44
VDSL id,100,40,5,5,3,1,1,4,16,100,90,0.05,5,20,5,True,False,90.413,6,1500,1448,1448,0,21,13308.857142857143,+Inf,NaN,True,False,36.449,6,1500,1448,1424,0,21,16627.571428571428,+Inf,NaN,249,1018,5190,5431,5191,5437,5,19,36,08-11-2026 22:12:08,08-11-2026 22:13:11
VDSL id,100,40,5,5,3,1,1,4,16,100,90,0.05,5,20,5,False,False,88.998,11,1500,1448,1448,0,36,14883.666666666666,429,887,True,False,36.125,6,1500,1448,1424,0,21,16384.85714285714,+Inf,NaN,394,890,5188,5423,5187,5429,8,16,2,08-11-2026 21:28:47,08-11-2026 21:30:05
VDSL id,100,40,5,5,3,1,1,4,16,100,90,0.05,5,20,5,True,False,90.461,6,1500,1448,1448,0,21,13659.857142857143,+Inf,NaN,True,False,35.661,6,1500,1448,1424,0,21,16744.571428571428,71,678,101,873,5181,5406,5180,5397,2,16,5,08-11-2026 21:32:35,08-11-2026 21:33:38
VDSL id,100,40,5,5,3,1,1,4,16,100,90,0.05,5,20,5,True,False,90.457,6,1500,1448,1448,0,21,13544.57142857143,+Inf,NaN,False,False,35.576,11,1500,1448,1424,0,36,21112.333333333332,52,586,57,790,5184,5433,5183,5449,1,14,89,08-11-2026 23:22:05,08-11-2026 23:23:24
VDSL id,100,40,5,5,3,1,1,4,16,100,90,0.05,5,20,5,False,False,88.958,11,1500,1448,1448,0,36,14575.5,463,908,False,False,34.954,11,1500,1448,1424,0,36,21477.333333333332,40,534,57,854,5181,5392,5180,5386,1,16,74,08-11-2026 23:01:36,08-11-2026 23:03:09
VDSL id,100,40,5,5,3,1,1,4,16,100,90,0.05,5,20,5,True,False,90.497,6,1500,1448,1448,0,21,13240.42857142857,+Inf,NaN,True,False,36.164,6,1500,1448,1425,0,21,16619.285714285714,+Inf,NaN,202,976,5184,5421,5183,5427,4,18,91,08-11-2026 23:24:47,08-11-2026 23:25:50
VDSL id,100,40,5,5,3,1,1,4,16,100,90,0.05,5,20,5,True,False,90.539,6,1500,1448,1448,0,21,13081,+Inf,NaN,False,False,35.369,11,1500,1448,1425,0,36,20829.833333333332,38,513,42,823,5186,5427,5187,5444,1,15,53,08-11-2026 22:34:47,08-11-2026 22:36:05
VDSL id,100,40,5,5,3,1,1,4,16,100,90,0.05,5,20,5,True,False,90.497,6,1500,1448,1448,0,21,13416.142857142857,+Inf,NaN,True,False,36.458,6,1500,1448,1424,0,21,16528.428571428572,+Inf,NaN,218,966,5185,5425,5186,5414,4,18,21,08-11-2026 21:52:54,08-11-2026 21:53:57
VDSL id,100,40,5,5,3,1,1,4,16,100,90,0.05,5,20,5,True,False,90.459,6,1500,1448,1448,0,21,12838.42857142857,+Inf,NaN,False,False,35.497,11,1500,1448,1425,0,36,21044.666666666668,34,624,38,840,5180,5425,5179,5439,1,15,55,08-11-2026 22:37:29,08-11-2026 22:38:47
VDSL id,100,40,5,5,3,1,1,4,16,100,90,0.05,5,20,5,True,False,90.499,6,1500,1448,1448,0,21,13362.57142857143,+Inf,NaN,False,False,35.584,11,1500,1448,1425,0,36,21347.916666666668,40,641,44,844,5179,5407,5183,5396,1,16,27,08-11-2026 22:00:14,08-11-2026 22:01:32
VDSL id,100,40,5,5,3,1,1,4,16,100,90,0.05,5,20,5,False,False,88.831,11,1500,1448,1448,0,36,14487.25,453,950,False,False,35.325,11,1500,1448,1425,0,36,20748.083333333332,51,549,70,903,5182,5459,5182,5471,1,17,77,08-11-2026 23:05:54,08-11-2026 23:07:27
VDSL id,100,40,5,5,3,1,1,4,16,100,90,0.05,5,20,5,True,False,90.542,6,1500,1448,1448,0,21,13422.857142857143,+Inf,NaN,True,False,36.452,6,1500,1448,1424,0,21,16987,+Inf,NaN,181,943,5184,5450,5185,5435,3,17,85,08-11-2026 23:16:42,08-11-2026 23:17:45
VDSL id,100,40,5,5,3,1,1,4,16,100,90,0.05,5,20,5,False,False,88.955,11,1500,1448,1448,0,36,14544.416666666666,434,916,False,False,35.588,11,1500,1448,1425,1,50,20649.5,44,538,66,872,5182,5463,5180,5450,1,16,86,08-11-2026 23:17:48,08-11-2026 23:19:21
VDSL id,100,40,5,5,3,1,1,4,16,100,90,0.05,5,20,5,True,False,90.502,6,1500,1448,1448,0,21,13587.57142857143,+Inf,NaN,True,False,36.159,6,1500,1448,1425,0,21,16177,+Inf,NaN,275,899,5179,5416,5185,5426,5,17,18,08-11-2026 21:49:06,08-11-2026 21:50:10
VDSL id,100,40,5,5,3,1,1,4,16,100,90,0.05,5,20,5,True,False,90.497,6,1500,1448,1448,0,21,13473.42857142857,+Inf,NaN,True,False,36.208,6,1500,1448,1425,0,21,16471.285714285714,+Inf,NaN,222,982,5180,5382,5181,5348,4,18,22,08-11-2026 21:54:00,08-11-2026 21:55:03
VDSL id,100,40,5,5,3,1,1,4,16,100,90,0.05,5,20,5,True,False,90.499,6,1500,1448,1448,0,21,13693.285714285714,+Inf,NaN,False,False,35.576,11,1500,1448,1424,0,36,20972.416666666668,43,598,46,875,5177,5443,5176,5441,1,16,81,08-11-2026 23:11:33,08-11-2026 23:12:51
VDSL id,100,40,5,5,3,1,1,4,16,100,90,0.05,5,20,5,True,False,90.475,6,1500,1448,1448,0,21,13471.285714285714,+Inf,NaN,True,False,36.573,6,1500,1448,1424,0,21,16616.428571428572,+Inf,NaN,221,970,5181,5440,5183,5411,4,18,64,08-11-2026 22:48:52,08-11-2026 22:49:55
VDSL id,100,40,5,5,3,1,1,4,16,100,90,0.05,5,20,5,False,False,88.957,11,1500,1448,1448,0,36,13890.333333333334,459,932,True,False,36.239,6,1500,1448,1424,0,21,16657.571428571428,+Inf,NaN,419,944,5178,5433,5177,5449,8,17,7,08-11-2026 21:35:02,08-11-2026 21:36:20
VDSL id,100,40,5,5,3,1,1,4,16,100,90,0.05,5,20,5,True,False,90.452,6,1500,1448,1448,0,21,13703.285714285714,+Inf,NaN,False,False,35.249,11,1500,1448,1424,0,36,20877.416666666668,38,588,40,792,5184,5442,5186,5426,1,15,76,08-11-2026 23:04:33,08-11-2026 23:05:51
VDSL id,100,40,5,5,3,1,1,4,16,100,90,0.05,5,20,5,False,False,88.914,11,1500,1448,1448,0,36,14422.5,446,882,True,False,36.333,6,1500,1448,1425,0,21,16364.142857142857,+Inf,NaN,402,884,5180,5428,5180,5433,8,16,98,08-11-2026 23:33:14,08-11-2026 23:34:32
VDSL id,100,40,5,5,3,1,1,4,16,100,90,0.05,5,20,5,True,False,90.497,6,1500,1448,1448,0,21,13696.857142857143,+Inf,NaN,False,False,35.330,11,1500,1448,1425,0,36,20443,52,588,55,824,5182,5460,5179,5471,1,15,19,08-11-2026 21:50:12,08-11-2026 21:51:30
VDSL id,100,40,5,5,3,1,1,4,16,100,90,0.05,5,20,5,False,False,88.915,11,1500,1448,1448,0,36,14870.833333333334,440,892,True,False,36.205,6,1500,1448,1424,0,21,16187.42857142857,+Inf,NaN,405,906,5176,5452,5176,5465,8,17,28,08-11-2026 22:01:35,08-11-2026 22:02:53
VDSL id,100,40,5,5,3,1,1,4,16,100,90,0.05,5,20,5,False,False,88.986,11,1500,1448,1448,0,36,15064,404,834,True,False,36.286,6,1500,1448,1424,0,21,16412.428571428572,+Inf,NaN,374,858,5188,5493,5186,5498,7,16,67,08-11-2026 22:52:25,08-11-2026 22:53:43
VDSL id,100,40,5,5,3,1,1,4,16,100,90,0.05,5,20,5,True,False,90.535,6,1500,1448,1448,0,21,13319.714285714286,+Inf,NaN,False,False,35.456,11,1500,1448,1425,0,36,20830.25,43,596,48,856,5181,5464,5179,5457,1,16,61,08-11-2026 22:45:04,08-11-2026 22:46:22
VDSL id,100,40,5,5,3,1,1,4,16,100,90,0.05,5,20,5,True,False,90.498,6,1500,1448,1448,0,21,13241.142857142857,+Inf,NaN,True,False,36.459,6,1500,1448,1424,0,21,16489.714285714286,+Inf,NaN,211,917,5181,5408,5178,5438,4,17,1,08-11-2026 21:27:41,08-11-2026 21:28:44
VDSL id,100,40,5,5,3,1,1,4,16,100,90,0.05,5,20,5,True,False,90.450,6,1500,1448,1448,0,21,13270.57142857143,+Inf,NaN,False,False,35.281,11,1500,1448,1424,0,36,20796.916666666668,39,605,42,811,5188,5462,5185,5469,1,15,66,08-11-2026 22:51:04,08-11-2026 22:52:22
VDSL id,100,40,5,5,3,1,1,4,16,100,90,0.05,5,20,5,True,False,90.546,6,1500,1448,1448,0,21,13361.57142857143,+Inf,NaN,False,False,35.449,11,1500,1448,1424,0,36,20626.583333333332,51,593,54,862,5184,5452,5182,5449,1,16,40,08-11-2026 22:17:17,08-11-2026 22:18:35
VDSL id,100,40,5,5,3,1,1,4,16,100,90,0.05,5,20,5,False,False,88.831,11,1500,1448,1448,0,36,14490.75,443,859,True,False,36.242,6,1500,1448,1425,0,21,16465.85714285714,+Inf,NaN,405,874,5186,5412,5186,5425,8,16,73,08-11-2026 23:00:15,08-11-2026 23:01:33
VDSL id,100,40,5,5,3,1,1,4,16,100,90,0.05,5,20,5,True,False,90.497,6,1500,1448,1448,0,21,13401.857142857143,+Inf,NaN,True,False,36.033,6,1500,1448,1424,0,21,17181.14285714286,+Inf,NaN,239,940,5176,5411,5181,5424,5,17,49,08-11-2026 22:29:23,08-11-2026 22:30:26
VDSL id,100,40,5,5,3,1,1,4,16,100,90,0.05,5,20,5,True,False,90.538,6,1500,1448,1448,0,21,13550.714285714286,+Inf,NaN,False,False,35.449,11,1500,1448,1425,0,36,20468.833333333332,36,575,40,785,5182,5488,5181,5475,1,14,60,08-11-2026 22:43:43,08-11-2026 22:45:01
VDSL id,100,40,5,5,3,1,1,4,16,100,90,0.05,5,20,5,True,False,90.457,6,1500,1448,1448,0,21,13062.714285714286,+Inf,NaN,False,False,35.288,11,1500,1448,1425,0,36,20994.583333333332,53,497,57,863,5186,5427,5185,5439,1,16,41,08-11-2026 22:18:38,08-11-2026 22:19:56
VDSL id,100,40,5,5,3,1,1,4,16,100,90,0.05,5,20,5,True,False,90.417,6,1500,1448,1448,0,21,12959.857142857143,+Inf,NaN,True,False,35.709,6,1500,1448,1424,0,21,16345.142857142857,92,673,114,1054,5187,5372,5182,5383,2,20,10,08-11-2026 21:39:04,08-11-2026 21:40:07
VDSL id,100,40,5,5,3,1,1,4,16,100,90,0.05,5,20,5,True,False,90.495,6,1500,1448,1448,0,21,13314.285714285714,+Inf,NaN,False,False,35.296,11,1500,1448,1424,0,36,20781.583333333332,49,604,55,816,5184,5404,5179,5419,1,15,37,08-11-2026 22:13:14,08-11-2026 22:14:32
VDSL id,100,40,5,5,3,1,1,4,16,100,90,0.05,5,20,5,True,False,90.415,6,1500,1448,1448,0,21,13706,+Inf,NaN,True,False,36.455,6,1500,1448,1425,0,21,16541.85714285714,+Inf,NaN,240,900,5178,5412,5178,5398,5,17,100,08-11-2026 23:35:55,08-11-2026 23:36:58
VDSL id,100,40,5,5,3,1,1,4,16,100,90,0.05,5,20,5,True,False,90.454,6,1500,1448,1448,0,21,13662.42857142857,+Inf,NaN,False,False,35.699,11,1500,1448,1425,0,36,20642.666666666668,40,607,45,799,5189,5487,5188,5490,1,15,35,08-11-2026 22:10:47,08-11-2026 22:12:05
VDSL id,100,40,5,5,3,1,1,4,16,100,90,0.05,5,20,5,True,False,90.539,6,1500,1448,1448,0,21,13213.42857142857,+Inf,NaN,False,False,35.536,11,1500,1448,1424,0,36,20634.666666666668,46,545,50,799,5183,5466,5189,5476,1,15,11,08-11-2026 21:40:10,08-11-2026 21:41:28
VDSL id,100,40,5,5,3,1,1,4,16,100,90,0.05,5,20,5,True,False,90.539,6,1500,1448,1448,0,21,13516.57142857143,+Inf,NaN,False,False,35.541,11,1500,1448,1424,0,36,21469.083333333332,46,613,51,811,5186,5433,5188,5428,1,15,94,08-11-2026 23:28:20,08-11-2026 23:29:38
VDSL id,100,40,5,5,3,1,1,4,16,100,90,0.05,5,20,5,False,False,88.909,11,1500,1448,1448,0,36,15115.25,462,893,False,False,35.290,11,1500,1448,1424,0,36,20927.5,44,490,70,844,5183,5429,5181,5436,1,16,87,08-11-2026 23:19:24,08-11-2026 23:20:57
VDSL id,100,40,5,5,3,1,1,4,16,100,90,0.05,5,20,5,True,False,90.539,6,1500,1448,1448,0,21,13731.857142857143,+Inf,NaN,False,False,35.118,11,1500,1448,1425,0,36,21472.166666666668,47,559,50,832,5176,5482,5175,5445,1,15,90,08-11-2026 23:23:26,08-11-2026 23:24:45
VDSL id,100,40,5,5,3,1,1,4,16,100,90,0.05,5,20,5,True,False,90.499,6,1500,1448,1448,0,21,13260.42857142857,+Inf,NaN,False,False,35.281,11,1500,1448,1425,0,36,21123.916666666668,50,610,56,864,5186,5490,5186,5490,1,16,6,08-11-2026 21:33:41,08-11-2026 21:34:59
VDSL id,100,40,5,5,3,1,1,4,16,100,90,0.05,5,20,5,True,False,90.453,6,1500,1448,1448,0,21,13612,+Inf,NaN,True,False,36.414,6,1500,1448,1425,0,21,16714.428571428572,+Inf,NaN,202,983,5183,5439,5180,5436,4,18,25,08-11-2026 21:57:48,08-11-2026 21:58:51
VDSL id,100,40,5,5,3,1,1,4,16,100,90,0.05,5,20,5,True,False,90.576,6,1500,1448,1448,0,21,13452.857142857143,+Inf,NaN,True,False,36.286,6,1500,1448,1425,0,21,17009.571428571428,+Inf,NaN,212,917,5184,5432,5184,5441,4,17,65,08-11-2026 22:49:58,08-11-2026 22:51:01
VDSL id,100,40,5,5,3,1,1,4,16,100,90,0.05,5,20,5,True,False,90.502,6,1500,1448,1448,0,21,13256.142857142857,+Inf,NaN,False,False,35.376,11,1500,1448,1424,0,36,20564.166666666668,32,553,37,858,5176,5324,5177,5338,1,16,54,08-11-2026 22:36:08,08-11-2026 22:37:26
VDSL id,100,40,5,5,3,1,1,4,16,100,90,0.05,5,20,5,True,False,90.493,6,1500,1448,1448,0,21,13708.57142857143,+Inf,NaN,False,False,35.416,11,1500,1448,1425,0,36,21026.583333333332,44,548,51,828,5180,5448,5184,5447,1,15,39,08-11-2026 22:15:56,08-11-2026 22:17:14
VDSL id,100,40,5,5,3,1,1,4,16,100,90,0.05,5,20,5,True,False,90.493,6,1500,1448,1448,0,21,13388.714285714286,+Inf,NaN,True,False,36.324,6,1500,1448,1424,0,21,16588.714285714286,+Inf,NaN,208,978,5184,5466,5181,5457,4,18,3,08-11-2026 21:30:08,08-11-2026 21:31:11
VDSL id,100,40,5,5,3,1,1,4,16,100,90,0.05,5,20,5,True,False,90.535,6,1500,1448,1448,0,21,12816.42857142857,+Inf,NaN,True,False,36.453,6,1500,1448,1424,0,21,17120.14285714286,+Inf,NaN,204,993,5175,5467,5180,5471,4,18,97,08-11-2026 23:32:08,08-11-2026 23:33:11
VDSL id,100,40,5,5,3,1,1,4,16,100,90,0.05,5,20,5,False,False,88.997,11,1500,1448,1448,0,36,14698.25,434,914,True,False,36.160,6,1500,1448,1424,0,21,16746.14285714286,+Inf,NaN,395,908,5186,5470,5187,5458,8,17,33,08-11-2026 22:08:20,08-11-2026 22:09:38
VDSL id,100,40,5,5,3,1,1,4,16,100,90,0.05,5,20,5,True,False,90.481,6,1500,1448,1448,0,21,13220.285714285714,+Inf,NaN,True,False,36.331,6,1500,1448,1425,0,21,16636.285714285714,+Inf,NaN,240,960,5180,5313,5181,5327,5,18,47,08-11-2026 22:26:56,08-11-2026 22:27:59
VDSL id,100,40,5,5,3,1,1,4,16,100,90,0.05,5,20,5,True,False,90.502,6,1500,1448,1448,0,21,13118.714285714286,+Inf,NaN,True,False,36.205,6,1500,1448,1424,0,21,16560,+Inf,NaN,217,998,5184,5381,5185,5402,4,18,96,08-11-2026 23:31:02,08-11-2026 23:32:05
VDSL id,100,40,5,5,3,1,1,4,16,100,90,0.05,5,20,5,False,False,88.914,11,1500,1448,1448,0,36,15445.166666666666,397,869,False,False,35.121,11,1500,1448,1425,0,36,21250.666666666668,42,604,74,836,5182,5456,5180,5467,1,15,72,08-11-2026 22:58:39,08-11-2026 23:00:12
VDSL id,100,40,5,5,3,1,1,4,16,100,90,0.05,5,20,5,True,False,90.458,6,1500,1448,1448,0,21,13231.714285714286,+Inf,NaN,False,False,35.377,11,1500,1448,1424,0,36,20375.5,37,613,44,826,5180,5415,5179,5429,1,15,16,08-11-2026 21:46:09,08-11-2026 21:47:28
VDSL id,100,40,5,5,3,1,1,4,16,100,90,0.05,5,20,5,True,False,90.413,6,1500,1448,1448,0,21,13292.714285714286,+Inf,NaN,False,False,35.451,11,1500,1448,1425,0,36,20663,49,494,53,875,5182,5438,5182,5434,1,16,8,08-11-2026 21:36:23,08-11-2026 21:37:41
VDSL id,100,40,5,5,3,1,1,4,16,100,90,0.05,5,20,5,True,False,90.497,6,1500,1448,1448,0,21,13263.57142857143,+Inf,NaN,True,False,36.041,6,1500,1448,1425,0,21,16949,+Inf,NaN,243,945,5189,5404,5189,5407,5,17,14,08-11-2026 21:43:58,08-11-2026 21:45:01
VDSL id,100,40,5,5,3,1,1,4,16,100,90,0.05,5,20,5,True,False,90.412,6,1500,1448,1448,0,21,13040.142857142857,+Inf,NaN,True,False,36.534,6,1500,1448,1425,0,21,16276.714285714286,+Inf,NaN,204,992,5188,5448,5191,5457,4,18,82,08-11-2026 23:12:54,08-11-2026 23:13:57
VDSL id,100,40,5,5,3,1,1,4,16,100,90,0.05,5,20,5,True,False,90.458,6,1500,1448,1448,0,21,13462.57142857143,+Inf,NaN,False,False,35.663,11,1500,1448,1425,0,36,21599.666666666668,48,592,52,859,5181,5433,5184,5450,1,16,45,08-11-2026 22:24:14,08-11-2026 22:25:33
VDSL id,100,40,5,5,3,1,1,4,16,100,90,0.05,5,20,5,True,False,90.542,6,1500,1448,1448,0,21,13690,+Inf,NaN,False,False,35.374,11,1500,1448,1425,0,36,20679.583333333332,40,611,42,829,5180,5467,5182,5474,1,15,43,08-11-2026 22:21:33,08-11-2026 22:22:51
VDSL id,100,40,5,5,3,1,1,4,16,100,90,0.05,5,20,5,True,False,90.417,6,1500,1448,1448,0,21,13340.714285714286,+Inf,NaN,False,False,35.621,11,1500,1448,1424,0,36,20500.416666666668,40,627,47,883,5182,5438,5180,5388,1,16,83,08-11-2026 23:14:00,08-11-2026 23:15:18
VDSL id,100,40,5,5,3,1,1,4,16,100,90,0.05,5,20,5,False,False,88.874,11,1500,1448,1448,0,36,15084.833333333334,411,875,True,False,36.112,6,1500,1448,1424,0,21,16874,+Inf,NaN,365,869,5182,5465,5182,5477,7,16,63,08-11-2026 22:47:31,08-11-2026 22:48:49
VDSL id,100,40,5,5,3,1,1,4,16,100,90,0.05,5,20,5,True,False,90.497,6,1500,1448,1448,0,21,13467.285714285714,+Inf,NaN,False,False,35.326,11,1500,1448,1424,0,36,20868,46,623,48,798,5170,5359,5179,5341,1,15,80,08-11-2026 23:10:12,08-11-2026 23:11:30
VDSL id,100,40,5,5,3,1,1,4,16,100,90,0.05,5,20,5,True,False,90.495,6,1500,1448,1448,0,21,13500.857142857143,+Inf,NaN,True,False,36.458,6,1500,1448,1424,0,21,16414.14285714286,+Inf,NaN,226,999,5180,5496,5182,5498,4,18,59,08-11-2026 22:42:37,08-11-2026 22:43:40
VDSL id,100,40,5,5,3,1,1,4,16,100,90,0.05,5,20,5,True,False,90.458,6,1500,1448,1448,0,21,12972.57142857143,+Inf,NaN,True,False,36.204,6,1500,1448,1424,0,21,16717.285714285714,+Inf,NaN,207,1081,5183,5445,5182,5461,4,20,15,08-11-2026 21:45:04,08-11-2026 21:46:07
VDSL id,100,40,5,5,3,1,1,4,16,100,90,0.05,5,20,5,False,False,88.853,11,1500,1448,1448,0,36,14470.25,471,884,True,False,36.292,6,1500,1448,1425,0,21,15967,+Inf,NaN,421,889,5179,5393,5178,5400,8,16,71,08-11-2026 22:57:18,08-11-2026 22:58:37
VDSL id,100,40,5,5,3,1,1,4,16,100,90,0.05,5,20,5,False,True,89.040,11,1500,1448,1448,0,33,14283,492,887,False,False,35.161,11,1500,1448,1425,0,36,20507.583333333332,59,605,72,845,5189,5469,5189,5481,1,15,42,08-11-2026 22:19:59,08-11-2026 22:21:30
VDSL id,100,40,5,5,3,1,1,4,16,100,90,0.05,5,20,5,True,False,90.455,6,1500,1448,1448,0,21,13269.42857142857,+Inf,NaN,True,False,36.325,6,1500,1448,1425,0,21,16605,+Inf,NaN,215,977,5187,5395,5186,5394,4,18,51,08-11-2026 22:32:05,08-11-2026 22:33:08
VDSL id,100,40,5,5,3,1,1,4,16,100,90,0.05,5,20,5,True,False,90.454,6,1500,1448,1448,0,21,13680.857142857143,+Inf,NaN,False,False,35.615,11,1500,1448,1425,0,36,21443.75,50,579,56,808,5184,5426,5182,5421,1,15,57,08-11-2026 22:40:11,08-11-2026 22:41:29
VDSL id,100,40,5,5,3,1,1,4,16,100,90,0.05,5,20,5,True,False,90.450,6,1500,1448,1448,0,21,13402.714285714286,+Inf,NaN,True,False,36.410,6,1500,1448,1424,0,21,16650.571428571428,+Inf,NaN,236,925,5180,5478,5179,5491,5,17,88,08-11-2026 23:21:00,08-11-2026 23:22:03
VDSL id,100,40,5,5,3,1,1,4,16,100,90,0.05,5,20,5,False,False,88.956,11,1500,1448,1448,0,36,14444.25,419,984,True,False,36.413,6,1500,1448,1424,1,24,16504.85714285714,+Inf,NaN,374,972,5184,5337,5180,5342,7,18,4,08-11-2026 21:31:14,08-11-2026 21:32:32
VDSL id,100,40,5,5,3,1,1,4,16,100,90,0.05,5,20,5,True,False,90.540,6,1500,1448,1448,0,21,13166.285714285714,+Inf,NaN,True,False,36.749,6,1500,1448,1425,0,21,16171.142857142857,+Inf,NaN,227,910,5185,5462,5183,5449,4,17,12,08-11-2026 21:41:31,08-11-2026 21:42:34
VDSL id,100,40,5,5,1,1,1,4,16,100,90,0.05,5,20,5,True,True,88.616,16,1500,1448,1448,0,48,15614.625,349,704,True,False,36.354,16,1500,1448,1425,483,48,23548.3125,71,468,67,649,5183,5423,5186,5444,1,12,79,08-11-2026 19:22:31,08-11-2026 19:23:23
VDSL id,100,40,5,5,1,1,1,4,16,100,90,0.05,5,20,5,True,True,88.995,16,1500,1448,1448,0,48,15354.625,337,729,True,False,34.740,16,1500,1448,1425,545,48,23043.75,57,456,56,665,5180,5497,5187,5505,1,12,50,08-11-2026 18:56:57,08-11-2026 18:57:49
VDSL id,100,40,5,5,1,1,1,4,16,100,90,0.05,5,20,5,True,True,88.872,16,1500,1448,1448,0,48,15496.875,350,741,True,False,34.992,16,1500,1448,1424,355,48,22952.8125,58,454,75,662,5183,5451,5182,5466,1,12,23,08-11-2026 18:32:53,08-11-2026 18:33:45
VDSL id,100,40,5,5,1,1,1,4,16,100,90,0.05,5,20,5,True,True,88.806,12,1500,1448,1448,0,39,14999.076923076924,411,869,True,False,35.618,16,1500,1448,1425,175,48,23102.9375,50,465,46,777,5184,5473,5183,5481,1,14,68,08-11-2026 19:12:48,08-11-2026 19:13:34
VDSL id,100,40,5,5,1,1,1,4,16,100,90,0.05,5,20,5,True,False,88.986,16,1500,1448,1448,0,48,15686.5625,337,661,True,False,36.969,16,1500,1448,1425,547,48,23179.125,42,375,94,809,5179,5452,5197,5456,2,15,92,08-11-2026 19:33:51,08-11-2026 19:34:44
VDSL id,100,40,5,5,1,1,1,4,16,100,90,0.05,5,20,5,True,True,89.116,16,1500,1448,1448,0,48,16132.8125,338,693,True,False,35.967,16,1500,1448,1424,585,48,23186.5625,56,450,56,637,5180,5462,5180,5468,1,12,95,08-11-2026 19:36:32,08-11-2026 19:37:24
VDSL id,100,40,5,5,1,1,1,4,16,100,90,0.05,5,20,5,True,True,89.130,15,1500,1448,1448,0,45,15060.866666666667,398,783,True,False,35.121,16,1500,1448,1425,503,48,23285.0625,83,428,120,751,5189,5399,5183,5413,2,14,46,08-11-2026 18:53:27,08-11-2026 18:54:15
VDSL id,100,40,5,5,1,1,1,4,16,100,90,0.05,5,20,5,True,True,88.866,16,1500,1448,1448,0,48,15602.0625,357,718,True,False,34.374,16,1500,1448,1424,497,48,22641.5,55,405,57,651,5184,5418,5184,5435,1,12,93,08-11-2026 19:34:47,08-11-2026 19:35:39
VDSL id,100,40,5,5,1,1,1,4,16,100,90,0.05,5,20,5,True,True,89.245,16,1500,1448,1448,0,48,15918.3125,334,717,True,False,35.220,16,1500,1448,1424,434,48,22944.625,47,461,65,664,5179,5473,5179,5486,1,12,17,08-11-2026 18:27:51,08-11-2026 18:28:42
VDSL id,100,40,5,5,1,1,1,4,16,100,90,0.05,5,20,5,True,False,89.371,16,1500,1448,1448,0,48,15952.1875,339,680,True,False,35.978,16,1500,1448,1424,587,48,22048.6875,50,424,80,801,5201,5480,5205,5491,2,15,29,08-11-2026 18:38:10,08-11-2026 18:39:03
VDSL id,100,40,5,5,1,1,1,4,16,100,90,0.05,5,20,5,True,True,88.873,11,1500,1448,1448,0,36,14886.5,448,938,True,False,35.371,16,1500,1448,1424,391,48,23814.4375,52,522,62,821,5182,5422,5175,5441,1,15,20,08-11-2026 18:30:25,08-11-2026 18:31:10
VDSL id,100,40,5,5,1,1,1,4,16,100,90,0.05,5,20,5,True,True,88.990,16,1500,1448,1448,0,48,15556.0625,315,727,True,False,35.244,16,1500,1448,1424,514,48,22856.9375,48,410,57,656,5175,5419,5175,5440,1,12,31,08-11-2026 18:40:02,08-11-2026 18:40:54
VDSL id,100,40,5,5,1,1,1,4,16,100,90,0.05,5,20,5,True,True,88.618,16,1500,1448,1448,0,48,15600.1875,358,743,True,False,35.479,16,1500,1448,1424,275,48,23489.75,61,516,73,678,5176,5444,5178,5462,1,12,84,08-11-2026 19:27:00,08-11-2026 19:27:51
VDSL id,100,40,5,5,1,1,1,4,16,100,90,0.05,5,20,5,True,True,89.120,10,1500,1448,1448,0,33,14176.818181818182,501,951,True,False,36.247,16,1500,1448,1424,478,48,23791.5625,46,435,56,858,5188,5404,5183,5409,1,16,13,08-11-2026 18:24:30,08-11-2026 18:25:14
VDSL id,100,40,5,5,1,1,1,4,16,100,90,0.05,5,20,5,True,True,88.617,12,1500,1448,1448,0,39,15110,414,778,True,False,35.718,16,1500,1448,1425,408,48,23166.6875,69,441,67,728,5182,5363,5180,5382,1,14,62,08-11-2026 19:07:51,08-11-2026 19:08:37
VDSL id,100,40,5,5,1,1,1,4,16,100,90,0.05,5,20,5,True,True,88.998,16,1500,1448,1448,0,48,15262.5,381,804,True,False,35.620,16,1500,1448,1424,528,48,23899.125,53,524,58,732,5186,5464,5193,5478,1,13,75,08-11-2026 19:18:54,08-11-2026 19:19:43
VDSL id,100,40,5,5,1,1,1,4,16,100,90,0.05,5,20,5,True,True,88.998,16,1500,1448,1448,0,48,15785.5,338,733,True,False,36.241,16,1500,1448,1424,500,48,23174.25,55,456,63,661,5186,5445,5183,5465,1,12,9,08-11-2026 18:20:58,08-11-2026 18:21:48
VDSL id,100,40,5,5,1,1,1,4,16,100,90,0.05,5,20,5,True,True,88.868,13,1500,1448,1448,0,39,14889.461538461539,442,890,True,False,35.115,16,1500,1448,1425,385,48,23673.6875,50,428,62,797,5183,5455,5181,5478,1,15,44,08-11-2026 18:51:42,08-11-2026 18:52:28
VDSL id,100,40,5,5,1,1,1,4,16,100,90,0.05,5,20,5,True,True,88.737,16,1500,1448,1448,0,48,15661.3125,360,730,True,False,35.122,16,1500,1448,1425,329,48,22630.625,56,442,64,684,5186,5462,5184,5475,1,12,48,08-11-2026 18:55:08,08-11-2026 18:55:58
VDSL id,100,40,5,5,1,1,1,4,16,100,90,0.05,5,20,5,True,True,88.736,10,1500,1448,1448,0,33,14201.09090909091,514,1029,True,False,35.488,16,1500,1448,1424,468,48,23767.6875,62,409,63,916,5192,5486,5186,5492,1,17,99,08-11-2026 19:39:58,08-11-2026 19:40:42
VDSL id,100,40,5,5,1,1,1,4,16,100,90,0.05,5,20,5,True,False,88.793,16,1500,1448,1448,0,48,15569.75,355,716,True,False,34.352,16,1500,1448,1424,563,48,22907.5,62,379,77,855,5187,5376,5188,5390,1,16,56,08-11-2026 19:02:27,08-11-2026 19:03:20
VDSL id,100,40,5,5,1,1,1,4,16,100,90,0.05,5,20,5,True,True,88.863,16,1500,1448,1448,0,48,15536.375,356,728,True,False,35.620,16,1500,1448,1424,486,48,22860.75,59,511,68,664,5177,5449,5174,5455,1,12,32,08-11-2026 18:40:57,08-11-2026 18:41:48
VDSL id,100,40,5,5,1,1,1,4,16,100,90,0.05,5,20,5,True,False,89.305,16,1500,1448,1448,0,48,15492.125,346,716,True,False,34.874,16,1500,1448,1424,535,48,22690.9375,43,454,58,752,5184,5367,5177,5386,1,14,78,08-11-2026 19:21:35,08-11-2026 19:22:28
VDSL id,100,40,5,5,1,1,1,4,16,100,90,0.05,5,20,5,True,True,88.618,16,1500,1448,1448,0,48,15613.5,351,746,True,False,36.205,16,1500,1448,1425,494,48,22657,60,408,56,679,5182,5509,5183,5511,1,12,38,08-11-2026 18:46:19,08-11-2026 18:47:10
VDSL id,100,40,5,5,1,1,1,4,16,100,90,0.05,5,20,5,True,True,88.861,12,1500,1448,1448,0,39,14780.384615384615,470,890,True,False,33.975,16,1500,1448,1424,329,48,22868.0625,58,456,62,800,5179,5372,5183,5386,1,15,26,08-11-2026 18:35:33,08-11-2026 18:36:19
VDSL id,100,40,5,5,1,1,1,4,16,100,90,0.05,5,20,5,True,True,89.116,16,1500,1448,1448,0,48,15498.8125,356,694,True,False,36.117,16,1500,1448,1424,486,48,23693,43,439,51,640,5182,5438,5179,5452,1,12,69,08-11-2026 19:13:37,08-11-2026 19:14:29
VDSL id,100,40,5,5,1,1,1,4,16,100,90,0.05,5,20,5,True,True,88.751,16,1500,1448,1448,0,48,15761.3125,402,758,True,False,36.250,16,1500,1448,1425,520,48,22833.875,44,456,45,693,5189,5511,5189,5519,1,13,34,08-11-2026 18:42:45,08-11-2026 18:43:34
VDSL id,100,40,5,5,1,1,1,4,16,100,90,0.05,5,20,5,True,False,88.986,16,1500,1448,1448,0,48,15476.1875,343,705,True,False,35.866,16,1500,1448,1425,677,48,23320.5,46,463,93,841,5176,5410,5172,5407,2,16,58,08-11-2026 19:04:16,08-11-2026 19:05:10
VDSL id,100,40,5,5,1,1,1,4,16,100,90,0.05,5,20,5,True,False,89.052,16,1500,1448,1448,0,48,15257.25,352,743,True,False,35.739,16,1500,1448,1425,470,48,22837.75,51,445,100,885,5183,5449,5184,5467,2,16,30,08-11-2026 18:39:06,08-11-2026 18:39:59
VDSL id,100,40,5,5,1,1,1,4,16,100,90,0.05,5,20,5,True,True,88.737,16,1500,1448,1448,0,48,15652.125,336,704,True,False,35.489,16,1500,1448,1424,320,48,22439.875,57,479,74,644,5188,5497,5184,5501,1,12,70,08-11-2026 19:14:32,08-11-2026 19:15:24
VDSL id,100,40,5,5,1,1,1,4,16,100,90,0.05,5,20,5,True,True,89.618,16,1500,1448,1448,0,48,15612.6875,342,683,True,False,34.622,16,1500,1448,1424,475,48,23028.5,53,395,49,651,5183,5462,5181,5486,1,12,24,08-11-2026 18:33:48,08-11-2026 18:34:40
VDSL id,100,40,5,5,1,1,1,4,16,100,90,0.05,5,20,5,True,True,89.121,15,1500,1448,1448,0,45,15108.533333333333,405,804,True,False,35.216,16,1500,1448,1425,342,48,22686.9375,47,490,55,726,5187,5484,5191,5468,1,13,52,08-11-2026 18:58:48,08-11-2026 18:59:36
VDSL id,100,40,5,5,1,1,1,4,16,100,90,0.05,5,20,5,True,True,88.617,16,1500,1448,1448,0,48,15677.5,351,763,True,False,34.109,16,1500,1448,1425,281,48,22906.0625,57,445,63,706,5185,5433,5186,5449,1,13,36,08-11-2026 18:44:31,08-11-2026 18:45:20
VDSL id,100,40,5,5,1,1,1,4,16,100,90,0.05,5,20,5,True,True,88.867,16,1500,1448,1448,0,48,15509.1875,340,704,True,False,35.093,16,1500,1448,1425,609,48,22984.6875,58,412,64,658,5173,5448,5173,5469,1,12,2,08-11-2026 18:14:44,08-11-2026 18:15:35
VDSL id,100,40,5,5,1,1,1,4,16,100,90,0.05,5,20,5,True,True,88.875,14,1500,1448,1448,0,45,15097.066666666668,401,845,True,False,35.613,16,1500,1448,1425,440,48,23757,52,401,61,735,5182,5474,5193,5478,1,13,5,08-11-2026 18:17:29,08-11-2026 18:18:17
VDSL id,100,40,5,5,1,1,1,4,16,100,90,0.05,5,20,5,True,True,88.874,13,1500,1448,1448,0,39,15028.692307692309,431,868,True,False,36.604,16,1500,1448,1425,283,48,22316.375,69,427,76,792,5182,5496,5186,5509,1,14,89,08-11-2026 19:31:13,08-11-2026 19:31:59
VDSL id,100,40,5,5,1,1,1,4,16,100,90,0.05,5,20,5,True,True,88.993,16,1500,1448,1448,0,48,15604.5625,352,741,True,False,36.614,16,1500,1448,1425,469,48,22454.5625,58,375,61,657,5186,5388,5183,5399,1,12,74,08-11-2026 19:18:00,08-11-2026 19:18:51
VDSL id,100,40,5,5,1,1,1,4,16,100,90,0.05,5,20,5,True,True,89.238,16,1500,1448,1448,0,48,15598.625,355,744,True,False,35.104,16,1500,1448,1425,451,48,22712.1875,66,401,74,653,5179,5406,5179,5411,1,12,91,08-11-2026 19:32:57,08-11-2026 19:33:48
VDSL id,100,40,5,5,1,1,1,4,16,100,90,0.05,5,20,5,True,False,88.862,16,1500,1448,1448,0,48,15383.5625,350,719,True,False,34.249,16,1500,1448,1425,606,48,22495.9375,78,367,95,838,5180,5373,5175,5385,2,16,53,08-11-2026 18:59:39,08-11-2026 19:00:32
VDSL id,100,40,5,5,1,1,1,4,16,100,90,0.05,5,20,5,True,True,88.746,12,1500,1448,1448,0,39,14368.23076923077,460,874,True,False,35.496,16,1500,1448,1425,346,48,23354.3125,53,511,64,778,5180,5460,5180,5482,1,14,21,08-11-2026 18:31:13,08-11-2026 18:31:59
VDSL id,100,40,5,5,1,1,1,4,16,100,90,0.05,5,20,5,True,False,88.857,16,1500,1448,1448,0,48,15476.375,355,695,True,False,34.456,16,1500,1448,1424,431,48,22870.75,61,406,77,706,5194,5472,5200,5486,1,13,55,08-11-2026 19:01:31,08-11-2026 19:02:24
VDSL id,100,40,5,5,1,1,1,4,16,100,90,0.05,5,20,5,True,True,88.740,16,1500,1448,1448,0,48,15142.4375,353,752,True,False,35.379,16,1500,1448,1424,467,48,23612.4375,71,488,65,684,5184,5446,5183,5460,1,13,27,08-11-2026 18:36:21,08-11-2026 18:37:14
VDSL id,100,40,5,5,1,1,1,4,16,100,90,0.05,5,20,5,True,True,89.123,16,1500,1448,1448,0,48,15567.0625,349,688,True,False,34.970,16,1500,1448,1424,595,49,22710.8125,73,393,77,627,5186,5441,5187,5454,1,12,77,08-11-2026 19:20:40,08-11-2026 19:21:32
VDSL id,100,40,5,5,1,1,1,4,16,100,90,0.05,5,20,5,True,True,89.245,16,1500,1448,1448,0,48,15617.875,357,738,True,False,35.974,16,1500,1448,1425,429,48,23595.9375,62,464,72,660,5178,5486,5183,5497,1,12,85,08-11-2026 19:27:54,08-11-2026 19:28:45
VDSL id,100,40,5,5,1,1,1,4,16,100,90,0.05,5,20,5,True,True,89.237,12,1500,1448,1448,0,36,13734.833333333334,493,995,True,False,35.597,16,1500,1448,1424,304,48,23206.125,73,435,57,866,5179,5525,5181,5534,1,16,86,08-11-2026 19:28:48,08-11-2026 19:29:33
VDSL id,100,40,5,5,1,1,1,4,16,100,90,0.05,5,20,5,True,True,88.500,15,1500,1448,1448,0,45,15302.133333333333,390,818,True,False,34.593,16,1500,1448,1424,583,48,22902.75,56,451,64,736,5181,5471,5180,5483,1,13,18,08-11-2026 18:28:45,08-11-2026 18:29:33
VDSL id,100,40,5,5,1,1,1,4,16,100,90,0.05,5,20,5,True,True,88.880,15,1500,1448,1448,0,45,15282.933333333332,404,840,True,False,35.352,16,1500,1448,1425,562,48,23548,73,428,63,746,5182,5467,5182,5475,1,14,22,08-11-2026 18:32:02,08-11-2026 18:32:50
VDSL id,100,40,5,5,1,1,1,4,16,100,90,0.05,5,20,5,True,False,88.994,16,1500,1448,1448,0,48,15231.5625,368,715,True,False,35.237,16,1500,1448,1425,561,48,24350.375,65,387,74,843,5185,5480,5182,5491,1,15,81,08-11-2026 19:24:22,08-11-2026 19:25:15
VDSL id,100,40,5,5,1,1,1,4,16,100,90,0.05,5,20,5,True,True,88.869,11,1500,1448,1448,0,33,14212.636363636364,504,945,True,False,35.220,16,1500,1448,1424,363,48,23981.875,67,405,53,841,5182,5464,5188,5480,1,15,64,08-11-2026 19:09:32,08-11-2026 19:10:16
VDSL id,100,40,5,5,1,1,1,4,16,100,90,0.05,5,20,5,True,True,89.122,15,1500,1448,1448,0,45,15646.4,389,815,True,False,35.347,16,1500,1448,1425,380,48,23485.5625,70,441,82,745,5185,5437,5187,5434,2,14,7,08-11-2026 18:19:12,08-11-2026 18:20:00
VDSL id,100,40,5,5,1,1,1,4,16,100,90,0.05,5,20,5,True,True,88.619,16,1500,1448,1448,0,48,15612,348,735,True,False,35.123,16,1500,1448,1425,524,48,22788.75,64,385,77,668,5178,5445,5178,5450,1,12,76,08-11-2026 19:19:46,08-11-2026 19:20:37
VDSL id,100,40,5,5,1,1,1,4,16,100,90,0.05,5,20,5,True,True,89.233,16,1500,1448,1448,0,48,15615.8125,333,691,True,False,35.616,16,1500,1448,1424,506,48,22751.6875,59,381,67,651,5167,5497,5168,5501,1,12,98,08-11-2026 19:39:03,08-11-2026 19:39:55
VDSL id,100,40,5,5,1,1,1,4,16,100,90,0.05,5,20,5,True,True,88.862,12,1500,1448,1448,0,39,14858.615384615385,448,882,True,False,35.735,16,1500,1448,1425,337,48,22304.1875,58,396,68,782,5182,5437,5182,5452,1,14,19,08-11-2026 18:29:36,08-11-2026 18:30:22
VDSL id,100,40,5,5,1,1,1,4,16,100,90,0.05,5,20,5,True,True,89.243,16,1500,1448,1448,0,48,15620.625,330,678,True,False,34.243,16,1500,1448,1424,458,48,22818.4375,51,451,67,628,5184,5456,5184,5464,1,12,28,08-11-2026 18:37:16,08-11-2026 18:38:07
VDSL id,100,40,5,5,1,1,1,4,16,100,90,0.05,5,20,5,True,True,88.874,13,1500,1448,1448,0,42,14922.857142857143,407,802,True,False,35.361,16,1500,1448,1424,450,48,23268.5625,69,406,65,751,5180,5417,5173,5427,1,14,67,08-11-2026 19:11:58,08-11-2026 19:12:45
VDSL id,100,40,5,5,1,1,1,4,16,100,90,0.05,5,20,5,True,True,89.118,16,1500,1448,1448,0,48,15813.6875,358,685,True,False,35.749,16,1500,1448,1425,297,48,22916.9375,74,474,73,654,5207,5530,5206,5540,1,12,61,08-11-2026 19:06:56,08-11-2026 19:07:48
VDSL id,100,40,5,5,1,1,1,4,16,100,90,0.05,5,20,5,True,True,88.990,14,1500,1448,1448,0,42,15232.857142857143,420,846,True,False,36.480,16,1500,1448,1425,381,48,23769.4375,52,409,54,759,5177,5433,5178,5448,1,14,1,08-11-2026 18:13:54,08-11-2026 18:14:41
VDSL id,100,40,5,5,1,1,1,4,16,100,90,0.05,5,20,5,True,True,88.995,11,1500,1448,1448,0,36,14117,493,929,True,False,35.089,16,1500,1448,1424,466,48,23669.6875,57,439,64,837,5155,5351,5157,5375,1,16,66,08-11-2026 19:11:10,08-11-2026 19:11:55
VDSL id,100,40,5,5,1,1,1,4,16,100,90,0.05,5,20,5,True,False,89.619,16,1500,1448,1448,0,48,15305.1875,337,720,True,False,35.744,16,1500,1448,1425,499,48,23312.5625,57,422,96,736,5187,5416,5186,5422,2,14,40,08-11-2026 18:48:01,08-11-2026 18:48:54
VDSL id,100,40,5,5,1,1,1,4,16,100,90,0.05,5,20,5,True,True,88.983,11,1500,1448,1448,0,36,14377.416666666666,476,884,True,False,36.330,16,1500,1448,1424,354,48,23198.6875,57,442,70,810,5167,5472,5161,5469,1,15,73,08-11-2026 19:17:12,08-11-2026 19:17:57
VDSL id,100,40,5,5,1,1,1,4,16,100,90,0.05,5,20,5,True,False,88.991,16,1500,1448,1448,0,48,15781.5,343,666,True,False,35.257,16,1500,1448,1424,538,48,22848.0625,64,482,87,814,5169,5491,5173,5502,2,15,49,08-11-2026 18:56:01,08-11-2026 18:56:54
VDSL id,100,40,5,5,1,1,1,4,16,100,90,0.05,5,20,5,True,True,88.998,13,1500,1448,1448,0,39,14607.384615384615,444,863,True,False,35.232,16,1500,1448,1424,422,48,22552.125,71,453,80,793,5177,5455,5174,5467,2,14,60,08-11-2026 19:06:07,08-11-2026 19:06:53
VDSL id,100,40,5,5,1,1,1,4,16,100,90,0.05,5,20,5,True,True,88.865,16,1500,1448,1448,0,48,15610.875,346,743,True,False,36.094,16,1500,1448,1424,445,48,22914.3125,44,429,52,659,5183,5465,5183,5468,1,12,41,08-11-2026 18:48:57,08-11-2026 18:49:49
VDSL id,100,40,5,5,1,1,1,4,16,100,90,0.05,5,20,5,True,True,88.992,15,1500,1448,1448,0,45,15395.6,366,785,True,False,35.951,16,1500,1448,1424,433,48,22852.5625,67,455,73,729,5169,5459,5158,5469,1,13,10,08-11-2026 18:21:51,08-11-2026 18:22:39
VDSL id,100,40,5,5,1,1,1,4,16,100,90,0.05,5,20,5,True,False,88.994,16,1500,1448,1448,0,48,15663.125,332,674,True,False,34.869,16,1500,1448,1425,591,48,22325.625,47,434,55,820,5168,5481,5179,5495,1,15,37,08-11-2026 18:45:23,08-11-2026 18:46:16
VDSL id,100,40,5,5,1,1,1,4,16,100,90,0.05,5,20,5,True,True,88.361,15,1500,1448,1448,0,45,15326.066666666668,389,810,True,False,34.970,16,1500,1448,1425,357,48,23811.8125,80,404,56,734,5192,5505,5191,5509,1,13,100,08-11-2026 19:40:44,08-11-2026 19:41:32
VDSL id,100,40,5,5,1,1,1,4,16,100,90,0.05,5,20,5,True,True,89.116,16,1500,1448,1448,0,48,15637.9375,352,745,True,False,34.849,16,1500,1448,1425,511,48,23144.875,69,452,85,697,5180,5459,5176,5461,2,13,35,08-11-2026 18:43:37,08-11-2026 18:44:28
VDSL id,100,40,5,5,1,1,1,4,16,100,90,0.05,5,20,5,True,True,88.988,16,1500,1448,1448,0,48,15009.6875,370,792,True,False,35.609,16,1500,1448,1425,515,48,22932.8125,45,445,63,720,5178,5462,5174,5475,1,13,11,08-11-2026 18:22:41,08-11-2026 18:23:31
VDSL id,100,40,5,5,1,1,1,4,16,100,90,0.05,5,20,5,True,True,88.613,13,1500,1448,1448,0,42,15288.92857142857,424,809,True,False,35.850,16,1500,1448,1425,298,48,22779.125,69,498,73,733,5170,5377,5172,5378,1,14,94,08-11-2026 19:35:42,08-11-2026 19:36:29
VDSL id,100,40,5,5,1,1,1,4,16,100,90,0.05,5,20,5,True,True,89.000,14,1500,1448,1448,0,42,14516.5,456,875,True,False,35.610,16,1500,1448,1424,443,48,23684.75,60,505,69,797,5188,5498,5196,5515,1,14,87,08-11-2026 19:29:36,08-11-2026 19:30:23
VDSL id,100,40,5,5,1,1,1,4,16,100,90,0.05,5,20,5,True,True,89.254,16,1500,1448,1448,0,48,15674.75,340,733,True,False,35.746,16,1500,1448,1425,537,48,23487.75,57,451,60,663,5165,5428,5163,5439,1,12,90,08-11-2026 19:32:02,08-11-2026 19:32:54
VDSL id,100,40,5,5,1,1,1,4,16,100,90,0.05,5,20,5,True,True,89.370,16,1500,1448,1448,0,48,15175,396,844,True,False,35.980,16,1500,1448,1425,473,48,22843.25,53,447,58,761,5176,5419,5172,5440,1,14,6,08-11-2026 18:18:20,08-11-2026 18:19:09
VDSL id,100,40,5,5,1,1,1,4,16,100,90,0.05,5,20,5,True,True,88.742,14,1500,1448,1448,0,42,14952.857142857143,429,865,True,False,35.483,16,1500,1448,1425,155,48,22981.875,46,435,39,766,5184,5432,5191,5449,1,14,25,08-11-2026 18:34:43,08-11-2026 18:35:30
VDSL id,100,40,5,5,1,1,1,4,16,100,90,0.05,5,20,5,True,True,89.262,14,1500,1448,1448,0,45,15381.8,412,794,True,False,35.732,16,1500,1448,1424,431,48,23303,61,425,87,743,5189,5439,5188,5433,2,14,65,08-11-2026 19:10:19,08-11-2026 19:11:07
VDSL id,100,40,5,5,1,1,1,4,16,100,90,0.05,5,20,5,True,False,88.875,16,1500,1448,1448,0,48,15228.9375,337,743,True,False,35.249,16,1500,1448,1424,505,48,22883.9375,52,506,106,873,5192,5472,5191,5483,2,16,54,08-11-2026 19:00:35,08-11-2026 19:01:28
VDSL id,100,40,5,5,1,1,1,4,16,100,90,0.05,5,20,5,True,True,88.621,13,1500,1448,1448,0,39,14795.846153846154,452,891,True,False,36.735,16,1500,1448,1425,423,48,23152.8125,60,428,73,800,5182,5505,5183,5518,1,14,39,08-11-2026 18:47:12,08-11-2026 18:47:59
VDSL id,100,40,5,5,1,1,1,4,16,100,90,0.05,5,20,5,True,True,88.993,16,1500,1448,1448,0,48,15451.75,338,721,True,False,35.852,16,1500,1448,1424,402,48,22679.8125,59,428,64,667,5175,5427,5172,5422,1,12,3,08-11-2026 18:15:38,08-11-2026 18:16:30
VDSL id,100,40,5,5,1,1,1,4,16,100,90,0.05,5,20,5,True,True,88.744,12,1500,1448,1448,0,36,14557.75,472,878,True,False,35.092,16,1500,1448,1425,177,48,23503,60,371,76,803,5171,5464,5172,5478,1,15,97,08-11-2026 19:38:15,08-11-2026 19:39:00
VDSL id,100,40,5,5,1,1,1,4,16,100,90,0.05,5,20,5,True,True,88.877,16,1500,1448,1448,0,48,15598.3125,347,732,True,False,35.081,16,1500,1448,1425,625,48,21707.9375,58,388,57,668,5178,5346,5177,5364,1,12,33,08-11-2026 18:41:51,08-11-2026 18:42:42
VDSL id,100,40,5,5,1,1,1,4,16,100,90,0.05,5,20,5,True,True,88.872,14,1500,1448,1448,0,42,15039.92857142857,446,852,True,False,34.738,16,1500,1448,1425,377,48,23573.3125,85,456,54,756,5184,5412,5187,5432,1,14,47,08-11-2026 18:54:18,08-11-2026 18:55:05
VDSL id,100,40,5,5,1,1,1,4,16,100,90,0.05,5,20,5,True,True,88.623,12,1500,1448,1448,0,36,14327.083333333334,486,923,True,False,35.872,16,1500,1448,1425,372,48,23053.4375,51,431,64,830,5166,5393,5163,5388,1,15,96,08-11-2026 19:37:27,08-11-2026 19:38:12
VDSL id,100,40,5,5,1,1,1,4,16,100,90,0.05,5,20,5,True,False,89.369,16,1500,1448,1448,0,48,15738.25,342,663,True,False,35.974,16,1500,1448,1424,526,48,23139.6875,44,459,86,794,5171,5345,5162,5361,2,15,72,08-11-2026 19:16:16,08-11-2026 19:17:09
VDSL id,100,40,5,5,1,1,1,4,16,100,90,0.05,5,20,5,True,True,89.365,16,1500,1448,1448,0,48,15708.4375,351,765,True,False,35.368,16,1500,1448,1425,458,48,22550.25,68,370,45,691,5176,5465,5183,5473,1,13,16,08-11-2026 18:26:58,08-11-2026 18:27:48
VDSL id,100,40,5,5,1,1,1,4,16,100,90,0.05,5,20,5,True,True,89.000,16,1500,1448,1448,0,48,15591.4375,341,728,True,False,35.606,16,1500,1448,1425,440,48,23025.0625,64,464,69,667,5176,5476,5173,5488,1,12,8,08-11-2026 18:20:03,08-11-2026 18:20:55
VDSL id,100,40,5,5,1,1,1,4,16,100,90,0.05,5,20,5,True,True,89.118,16,1500,1448,1448,0,48,15526.3125,362,763,True,False,34.622,16,1500,1448,1425,304,48,23666.75,47,423,54,703,5165,5381,5158,5372,1,13,14,08-11-2026 18:25:17,08-11-2026 18:26:06
VDSL id,100,40,5,5,1,1,1,4,16,100,90,0.05,5,20,5,True,True,88.998,13,1500,1448,1448,0,42,14795.214285714286,419,823,True,False,34.487,16,1500,1448,1424,427,48,24159.75,68,443,69,756,5180,5397,5180,5412,1,14,82,08-11-2026 19:25:18,08-11-2026 19:26:05
VDSL id,100,40,5,5,1,1,1,4,16,100,90,0.05,5,20,5,True,False,89.046,16,1500,1448,1448,0,48,15346.125,355,701,True,False,34.593,16,1500,1448,1425,519,48,22690.3125,62,375,91,829,5181,5541,5182,5556,2,15,45,08-11-2026 18:52:31,08-11-2026 18:53:24
VDSL id,100,40,5,5,1,1,1,4,16,100,90,0.05,5,20,5,True,False,88.623,16,1500,1448,1448,0,48,15558.0625,320,719,True,False,34.874,16,1500,1448,1425,589,48,22791,57,429,79,799,5185,5408,5189,5431,2,15,43,08-11-2026 18:50:46,08-11-2026 18:51:39
VDSL id,100,40,5,5,1,1,1,4,16,100,90,0.05,5,20,5,True,True,89.115,16,1500,1448,1448,0,48,16069.4375,388,784,True,False,35.242,16,1500,1448,1424,403,48,22963.75,77,497,84,718,5182,5447,5182,5465,2,13,83,08-11-2026 19:26:08,08-11-2026 19:26:57
VDSL id,100,40,5,5,1,1,1,4,16,100,90,0.05,5,20,5,True,True,88.868,16,1500,1448,1448,0,48,15667.5,346,746,True,False,35.621,16,1500,1448,1425,422,48,23620.0625,50,438,50,679,5190,5350,5190,5368,1,13,63,08-11-2026 19:08:40,08-11-2026 19:09:29
VDSL id,100,40,5,5,1,1,1,4,16,100,90,0.05,5,20,5,True,False,88.870,16,1500,1448,1448,0,48,15544.375,357,702,True,False,36.120,16,1500,1448,1424,546,48,23576.625,53,417,84,809,5189,5361,5187,5371,2,15,80,08-11-2026 19:23:26,08-11-2026 19:24:19
VDSL id,100,40,5,5,1,1,1,4,16,100,90,0.05,5,20,5,True,True,89.131,16,1500,1448,1448,0,48,15692.6875,368,722,True,False,34.746,16,1500,1448,1425,472,48,22587,56,464,73,643,5189,5402,5193,5415,1,12,59,08-11-2026 19:05:12,08-11-2026 19:06:04
VDSL id,100,40,5,5,1,1,1,4,16,100,90,0.05,5,20,5,True,True,88.869,13,1500,1448,1448,0,39,14640.384615384615,443,879,True,False,36.713,16,1500,1448,1424,342,48,23383.0625,60,415,64,787,5189,5513,5196,5524,1,14,15,08-11-2026 18:26:09,08-11-2026 18:26:55
VDSL id,100,40,5,5,1,1,1,4,16,100,90,0.05,5,20,5,True,True,88.870,14,1500,1448,1448,0,42,14570.142857142857,419,881,True,False,36.599,16,1500,1448,1424,393,48,22638.0625,46,402,52,791,5181,5485,5179,5495,1,14,71,08-11-2026 19:15:26,08-11-2026 19:16:13
VDSL id,100,40,5,5,1,1,1,4,16,100,90,0.05,5,20,5,True,True,89.057,16,1500,1448,1448,0,48,15480.75,346,737,True,False,35.595,16,1500,1448,1425,447,48,22959.875,67,372,74,666,5178,5453,5182,5464,1,12,42,08-11-2026 18:49:52,08-11-2026 18:50:43
VDSL id,100,40,5,5,1,1,1,4,16,100,90,0.05,5,20,5,True,False,89.119,16,1500,1448,1448,0,48,15641.625,337,694,True,False,35.119,16,1500,1448,1424,593,48,22929.1875,63,556,89,802,5178,5467,5181,5477,2,15,51,08-11-2026 18:57:52,08-11-2026 18:58:45
VDSL id,100,40,5,5,1,1,1,4,16,100,90,0.05,5,20,5,True,True,89.106,16,1500,1448,1448,0,48,15669.9375,358,723,True,False,34.870,16,1500,1448,1425,395,48,23069.125,51,387,67,673,5175,5383,5178,5408,1,12,57,08-11-2026 19:03:22,08-11-2026 19:04:14
VDSL id,100,40,5,5,1,1,1,4,16,100,90,0.05,5,20,5,True,True,88.730,11,1500,1448,1448,0,36,14315.583333333334,469,912,True,False,35.491,16,1500,1448,1424,309,48,22861.125,63,457,79,814,5177,5424,5177,5439,2,15,88,08-11-2026 19:30:26,08-11-2026 19:31:11
VDSL id,100,40,5,5,1,1,1,4,16,100,90,0.05,5,20,5,True,False,88.990,16,1500,1448,1448,0,48,15531.1875,341,717,True,False,35.500,16,1500,1448,1425,637,48,22973.0625,56,450,94,822,5184,5494,5184,5511,2,15,4,08-11-2026 18:16:33,08-11-2026 18:17:26
VDSL id,100,40,5,5,1,1,1,4,16,100,90,0.05,5,20,5,True,False,88.983,16,1500,1448,1448,0,48,15429.25,341,722,True,False,33.858,16,1500,1448,1425,415,48,23231.3125,50,428,89,871,5185,5511,5187,5518,2,16,12,08-11-2026 18:23:34,08-11-2026 18:24:27
VDSL id,100,40,5,5,2,1,1,4,16,100,90,0.05,5,20,5,True,False,89.122,9,1500,1448,1448,0,30,13852.2,530,955,True,False,35.749,9,1500,1448,1424,0,30,19249,100,686,128,915,5187,5478,5184,5474,2,17,79,08-11-2026 21:04:23,08-11-2026 21:05:21
VDSL id,100,40,5,5,2,1,1,4,16,100,90,0.05,5,20,5,False,True,89.058,16,1500,1448,1448,0,48,15656,389,769,True,False,35.171,9,1500,1448,1425,0,30,19218.9,79,633,98,750,5177,5408,5173,5428,2,14,50,08-11-2026 20:33:10,08-11-2026 20:34:21
VDSL id,100,40,5,5,2,1,1,4,16,100,90,0.05,5,20,5,True,False,89.058,9,1500,1448,1448,0,30,14153.6,514,1018,True,False,35.048,9,1500,1448,1425,0,30,18746.7,97,673,127,961,5186,5416,5185,5426,2,18,23,08-11-2026 20:04:41,08-11-2026 20:05:39
VDSL id,100,40,5,5,2,1,1,4,16,100,90,0.05,5,20,5,True,False,89.182,9,1500,1448,1448,0,30,14172.4,496,973,True,False,35.988,9,1500,1448,1424,0,30,19043.4,104,637,158,935,5183,5450,5179,5460,3,17,68,08-11-2026 20:52:58,08-11-2026 20:53:56
VDSL id,100,40,5,5,2,1,1,4,16,100,90,0.05,5,20,5,True,False,88.935,9,1500,1448,1448,0,30,13979.9,529,949,True,False,34.871,9,1500,1448,1424,0,30,19264,52,591,85,886,5180,5463,5179,5478,2,16,92,08-11-2026 21:18:18,08-11-2026 21:19:16
VDSL id,100,40,5,5,2,1,1,4,16,100,90,0.05,5,20,5,True,False,88.997,9,1500,1448,1448,0,30,14130.4,522,1003,True,False,35.500,9,1500,1448,1425,0,30,19292.1,59,638,107,941,5178,5386,5179,5404,2,17,95,08-11-2026 21:21:36,08-11-2026 21:22:34
VDSL id,100,40,5,5,2,1,1,4,16,100,90,0.05,5,20,5,True,False,89.124,9,1500,1448,1448,0,30,13935,570,968,True,False,36.553,9,1500,1448,1424,0,30,19495.2,+Inf,NaN,388,942,5178,5395,5180,5399,7,17,46,08-11-2026 20:29:07,08-11-2026 20:30:05
VDSL id,100,40,5,5,2,1,1,4,16,100,90,0.05,5,20,5,True,False,88.988,9,1500,1448,1448,0,30,13900.2,530,974,True,False,36.545,9,1500,1448,1425,0,30,19477.8,+Inf,NaN,424,943,5183,5459,5178,5461,8,17,93,08-11-2026 21:19:19,08-11-2026 21:20:17
VDSL id,100,40,5,5,2,1,1,4,16,100,90,0.05,5,20,5,True,False,89.123,9,1500,1448,1448,0,30,14041,513,1013,True,False,35.822,9,1500,1448,1424,0,30,19287.4,82,642,108,952,5180,5402,5178,5394,2,18,17,08-11-2026 19:58:20,08-11-2026 19:59:18
VDSL id,100,40,5,5,2,1,1,4,16,100,90,0.05,5,20,5,True,False,89.062,9,1500,1448,1448,0,30,13911.2,523,929,True,False,36.239,9,1500,1448,1424,0,30,19390.4,+Inf,NaN,397,910,5181,5443,5181,5455,8,17,29,08-11-2026 20:11:26,08-11-2026 20:12:24
VDSL id,100,40,5,5,2,1,1,4,16,100,90,0.05,5,20,5,True,False,89.122,9,1500,1448,1448,0,30,13925.3,547,977,True,False,35.933,9,1500,1448,1424,0,30,19545,100,615,142,922,5181,5377,5179,5352,3,17,20,08-11-2026 20:01:38,08-11-2026 20:02:36
VDSL id,100,40,5,5,2,1,1,4,16,100,90,0.05,5,20,5,False,False,89.058,16,1500,1448,1448,0,48,15640,334,733,True,False,35.440,9,1500,1448,1424,0,30,19217.3,73,626,113,735,5186,5403,5188,5408,2,14,31,08-11-2026 20:13:28,08-11-2026 20:14:41
VDSL id,100,40,5,5,2,1,1,4,16,100,90,0.05,5,20,5,True,False,88.936,9,1500,1448,1448,0,30,13858.8,480,987,True,False,35.857,9,1500,1448,1425,0,30,19561.8,80,637,107,949,5185,5403,5183,5416,2,18,84,08-11-2026 21:09:28,08-11-2026 21:10:26
VDSL id,100,40,5,5,2,1,1,4,16,100,90,0.05,5,20,5,False,False,88.874,16,1500,1448,1448,0,48,15417.5625,341,711,False,False,35.303,16,1500,1448,1424,581,48,23269.5625,47,445,85,748,5179,5457,5176,5447,2,14,13,08-11-2026 19:53:46,08-11-2026 19:55:14
VDSL id,100,40,5,5,2,1,1,4,16,100,90,0.05,5,20,5,True,False,89.062,9,1500,1448,1448,0,30,13873.4,518,945,True,False,35.312,9,1500,1448,1424,0,30,19068,68,672,102,899,5179,5426,5182,5446,2,17,62,08-11-2026 20:46:13,08-11-2026 20:47:12
VDSL id,100,40,5,5,2,1,1,4,16,100,90,0.05,5,20,5,True,False,90.563,9,1500,1448,1448,0,30,14085.1,+Inf,NaN,False,False,34.993,16,1500,1448,1425,398,48,22785.875,47,460,56,705,5185,5445,5187,5441,1,13,75,08-11-2026 21:00:05,08-11-2026 21:01:18
VDSL id,100,40,5,5,2,1,1,4,16,100,90,0.05,5,20,5,True,False,88.989,9,1500,1448,1448,0,30,13863.5,516,953,True,False,35.807,9,1500,1448,1424,0,30,18979.3,98,663,186,922,5181,5408,5180,5424,4,17,9,08-11-2026 19:49:43,08-11-2026 19:50:41
VDSL id,100,40,5,5,2,1,1,4,16,100,90,0.05,5,20,5,True,False,88.996,9,1500,1448,1448,0,30,14544.1,477,944,True,False,35.671,9,1500,1448,1424,0,30,19137.6,76,599,102,883,5186,5487,5192,5498,2,16,44,08-11-2026 20:27:05,08-11-2026 20:28:03
VDSL id,100,40,5,5,2,1,1,4,16,100,90,0.05,5,20,5,True,False,89.057,9,1500,1448,1448,0,30,13895.5,537,986,True,False,35.306,9,1500,1448,1424,0,30,19328.1,80,678,121,937,5181,5447,5179,5432,2,17,48,08-11-2026 20:31:09,08-11-2026 20:32:07
VDSL id,100,40,5,5,2,1,1,4,16,100,90,0.05,5,20,5,True,False,89.181,9,1500,1448,1448,0,30,14146.6,492,978,True,False,35.123,9,1500,1448,1424,0,30,19148,70,598,101,918,5179,5452,5183,5466,2,17,99,08-11-2026 21:25:40,08-11-2026 21:26:38
VDSL id,100,40,5,5,2,1,1,4,16,100,90,0.05,5,20,5,True,False,89.125,9,1500,1448,1448,0,30,13952.8,478,887,True,False,35.303,9,1500,1448,1425,0,30,18687,126,632,187,863,5179,5450,5181,5461,4,16,56,08-11-2026 20:40:08,08-11-2026 20:41:06
VDSL id,100,40,5,5,2,1,1,4,16,100,90,0.05,5,20,5,True,False,89.061,9,1500,1448,1448,0,30,14200.8,494,979,True,False,35.673,9,1500,1448,1424,0,30,18973.8,58,637,108,927,5181,5430,5181,5440,2,17,32,08-11-2026 20:14:44,08-11-2026 20:15:42
VDSL id,100,40,5,5,2,1,1,4,16,100,90,0.05,5,20,5,True,False,90.621,9,1500,1448,1448,0,30,13968.4,+Inf,NaN,True,False,35.737,9,1500,1448,1424,0,30,18938.3,75,614,83,770,5178,5366,5173,5373,2,14,78,08-11-2026 21:03:23,08-11-2026 21:04:21
VDSL id,100,40,5,5,2,1,1,4,16,100,90,0.05,5,20,5,True,False,88.999,9,1500,1448,1448,0,30,14186.4,520,939,True,False,35.869,9,1500,1448,1424,0,30,18897.9,91,643,115,898,5189,5487,5190,5493,2,16,38,08-11-2026 20:20:59,08-11-2026 20:21:58
VDSL id,100,40,5,5,2,1,1,4,16,100,90,0.05,5,20,5,True,False,89.061,9,1500,1448,1448,0,30,14138.3,524,1005,True,False,35.292,9,1500,1448,1424,0,30,19788.8,120,548,177,965,5178,5408,5176,5426,3,18,26,08-11-2026 20:08:13,08-11-2026 20:09:12
VDSL id,100,40,5,5,2,1,1,4,16,100,90,0.05,5,20,5,True,False,89.002,9,1500,1448,1448,0,30,13675,507,932,True,False,35.615,9,1500,1448,1424,0,30,19017.9,104,615,127,853,5185,5417,5184,5348,2,16,69,08-11-2026 20:53:59,08-11-2026 20:54:57
VDSL id,100,40,5,5,2,1,1,4,16,100,90,0.05,5,20,5,True,False,89.186,9,1500,1448,1448,0,30,14092.4,490,906,True,False,35.935,9,1500,1448,1424,0,30,18827,70,589,93,863,5185,5395,5186,5403,2,16,34,08-11-2026 20:16:46,08-11-2026 20:17:44
VDSL id,100,40,5,5,2,1,1,4,16,100,90,0.05,5,20,5,True,False,90.497,9,1500,1448,1448,0,30,14010.2,+Inf,NaN,True,False,35.873,9,1500,1448,1425,0,30,19340.4,55,704,62,773,5183,5412,5180,5423,1,14,58,08-11-2026 20:42:10,08-11-2026 20:43:08
VDSL id,100,40,5,5,2,1,1,4,16,100,90,0.05,5,20,5,True,False,89.123,9,1500,1448,1448,0,30,14091.2,510,986,True,False,35.498,9,1500,1448,1425,0,30,19508.3,78,672,109,913,5176,5439,5189,5430,2,17,30,08-11-2026 20:12:27,08-11-2026 20:13:25
VDSL id,100,40,5,5,2,1,1,4,16,100,90,0.05,5,20,5,True,False,89.063,9,1500,1448,1448,0,30,13946.4,523,976,True,False,35.863,9,1500,1448,1424,0,30,18911.1,66,600,108,913,5180,5417,5179,5408,2,17,70,08-11-2026 20:55:00,08-11-2026 20:55:58
VDSL id,100,40,5,5,2,1,1,4,16,100,90,0.05,5,20,5,True,False,88.995,9,1500,1448,1448,0,30,14144.7,499,914,True,False,35.680,9,1500,1448,1425,0,30,19314.4,66,640,86,872,5176,5434,5180,5444,2,16,24,08-11-2026 20:05:41,08-11-2026 20:06:40
VDSL id,100,40,5,5,2,1,1,4,16,100,90,0.05,5,20,5,False,False,89.120,16,1500,1448,1448,0,48,15616.25,345,672,True,False,35.545,9,1500,1448,1424,0,30,19032.3,64,691,176,743,5191,5475,5196,5484,3,14,52,08-11-2026 20:35:24,08-11-2026 20:36:37
VDSL id,100,40,5,5,2,1,1,4,16,100,90,0.05,5,20,5,True,False,89.122,9,1500,1448,1448,0,30,14215.5,502,1031,True,False,35.684,9,1500,1448,1424,0,30,18993.2,68,655,88,961,5182,5465,5182,5473,2,18,36,08-11-2026 20:18:48,08-11-2026 20:19:46
VDSL id,100,40,5,5,2,1,1,4,16,100,90,0.05,5,20,5,True,False,89.061,9,1500,1448,1448,0,30,13976.2,529,1003,True,False,35.430,9,1500,1448,1425,0,30,19381.4,90,678,140,960,5180,5456,5182,5464,3,18,2,08-11-2026 19:42:36,08-11-2026 19:43:34
VDSL id,100,40,5,5,2,1,1,4,16,100,90,0.05,5,20,5,True,False,89.060,9,1500,1448,1448,0,30,13743.2,509,970,True,False,36.123,9,1500,1448,1425,0,30,19223.8,+Inf,NaN,253,932,5179,5353,5179,5359,5,17,5,08-11-2026 19:45:39,08-11-2026 19:46:37
VDSL id,100,40,5,5,2,1,1,4,16,100,90,0.05,5,20,5,True,False,88.934,9,1500,1448,1448,0,30,13735.8,562,938,True,False,35.371,9,1500,1448,1425,0,30,19188.2,89,597,115,912,5164,5470,5167,5466,2,17,89,08-11-2026 21:15:00,08-11-2026 21:15:58
VDSL id,100,40,5,5,2,1,1,4,16,100,90,0.05,5,20,5,True,False,89.000,9,1500,1448,1448,0,30,14187,500,963,True,False,35.433,9,1500,1448,1425,0,30,19248.4,63,577,96,915,5186,5483,5184,5480,2,17,74,08-11-2026 20:59:04,08-11-2026 21:00:02
VDSL id,100,40,5,5,2,1,1,4,16,100,90,0.05,5,20,5,True,False,89.122,9,1500,1448,1448,0,30,13971.6,535,976,False,False,35.745,16,1500,1448,1425,525,48,22275.9375,53,408,66,883,5173,5462,5171,5456,1,16,91,08-11-2026 21:17:02,08-11-2026 21:18:15
VDSL id,100,40,5,5,2,1,1,4,16,100,90,0.05,5,20,5,True,False,88.995,9,1500,1448,1448,0,30,13981.3,536,1005,True,False,35.110,9,1500,1448,1425,0,30,18820.8,87,664,128,965,5178,5486,5185,5494,2,18,53,08-11-2026 20:36:40,08-11-2026 20:37:38
VDSL id,100,40,5,5,2,1,1,4,16,100,90,0.05,5,20,5,True,False,89.187,9,1500,1448,1448,0,30,14047.2,506,969,True,False,35.368,9,1500,1448,1424,0,30,19302.2,133,624,170,912,5181,5457,5180,5468,3,17,21,08-11-2026 20:02:39,08-11-2026 20:03:37
VDSL id,100,40,5,5,2,1,1,4,16,100,90,0.05,5,20,5,True,False,89.123,9,1500,1448,1448,0,30,14066.9,519,953,False,False,35.242,16,1500,1448,1425,395,48,22712.5,45,427,67,887,5176,5370,5176,5387,1,16,55,08-11-2026 20:38:52,08-11-2026 20:40:05
VDSL id,100,40,5,5,2,1,1,4,16,100,90,0.05,5,20,5,True,False,88.930,9,1500,1448,1448,0,30,14129.2,505,952,True,False,35.249,9,1500,1448,1424,0,30,19479.9,103,673,132,908,5179,5429,5175,5428,3,17,27,08-11-2026 20:09:14,08-11-2026 20:10:12
VDSL id,100,40,5,5,2,1,1,4,16,100,90,0.05,5,20,5,True,False,89.124,9,1500,1448,1448,0,30,13915.1,480,984,True,False,35.500,9,1500,1448,1424,0,30,19111.8,98,625,171,949,5182,5439,5182,5432,3,17,77,08-11-2026 21:02:22,08-11-2026 21:03:20
VDSL id,100,40,5,5,2,1,1,4,16,100,90,0.05,5,20,5,False,True,88.997,16,1500,1448,1448,0,48,15481.625,360,763,True,False,35.235,9,1500,1448,1424,0,30,19039.8,116,662,150,741,5179,5365,5180,5384,3,14,85,08-11-2026 21:10:29,08-11-2026 21:11:41
VDSL id,100,40,5,5,2,1,1,4,16,100,90,0.05,5,20,5,True,False,89.174,9,1500,1448,1448,0,30,14172.1,497,995,True,False,35.373,9,1500,1448,1425,0,30,19365,75,684,125,948,5180,5456,5180,5472,2,17,86,08-11-2026 21:11:44,08-11-2026 21:12:42
VDSL id,100,40,5,5,2,1,1,4,16,100,90,0.05,5,20,5,True,False,88.999,9,1500,1448,1448,0,30,14176.4,513,982,True,False,35.562,9,1500,1448,1424,0,30,19195.6,71,641,92,925,5176,5458,5174,5464,2,17,18,08-11-2026 19:59:21,08-11-2026 20:00:19
VDSL id,100,40,5,5,2,1,1,4,16,100,90,0.05,5,20,5,True,False,88.936,9,1500,1448,1448,0,30,14027.3,502,931,True,False,35.368,9,1500,1448,1424,0,30,19160.1,64,678,83,905,5178,5413,5174,5365,2,17,22,08-11-2026 20:03:40,08-11-2026 20:04:38
VDSL id,100,40,5,5,2,1,1,4,16,100,90,0.05,5,20,5,True,False,88.996,9,1500,1448,1448,0,30,13891.3,514,956,True,False,35.367,9,1500,1448,1424,0,30,19053.8,83,587,134,899,5184,5475,5185,5476,3,16,81,08-11-2026 21:06:25,08-11-2026 21:07:23
VDSL id,100,40,5,5,2,1,1,4,16,100,90,0.05,5,20,5,False,True,88.999,15,1500,1448,1448,0,45,15296.733333333334,417,784,True,False,35.312,9,1500,1448,1425,0,30,18998.1,72,553,92,752,5179,5453,5183,5465,2,14,64,08-11-2026 20:48:29,08-11-2026 20:49:38
VDSL id,100,40,5,5,2,1,1,4,16,100,90,0.05,5,20,5,True,False,89.124,9,1500,1448,1448,0,30,13721.1,520,1035,True,False,35.113,9,1500,1448,1424,0,30,18499.5,70,634,132,964,5176,5423,5175,5440,3,18,7,08-11-2026 19:47:41,08-11-2026 19:48:39
VDSL id,100,40,5,5,2,1,1,4,16,100,90,0.05,5,20,5,True,False,89.183,9,1500,1448,1448,0,30,14248.3,497,981,True,False,35.682,9,1500,1448,1424,0,30,19241.2,75,713,102,925,5179,5423,5177,5442,2,17,76,08-11-2026 21:01:21,08-11-2026 21:02:19
VDSL id,100,40,5,5,2,1,1,4,16,100,90,0.05,5,20,5,True,False,89.182,9,1500,1448,1448,0,30,13868.4,530,948,True,False,35.375,9,1500,1448,1425,0,30,19389,65,690,92,896,5179,5449,5182,5425,2,17,98,08-11-2026 21:24:39,08-11-2026 21:25:37
VDSL id,100,40,5,5,2,1,1,4,16,100,90,0.05,5,20,5,True,False,88.984,9,1500,1448,1448,0,30,13915.8,527,968,False,False,34.937,16,1500,1448,1425,547,48,23609.25,46,467,65,870,5179,5466,5178,5467,1,16,19,08-11-2026 20:00:22,08-11-2026 20:01:35
VDSL id,100,40,5,5,2,1,1,4,16,100,90,0.05,5,20,5,False,True,88.936,15,1500,1448,1448,0,45,15389.2,412,819,True,False,35.428,9,1500,1448,1424,0,30,18896.8,70,587,107,781,5186,5473,5186,5476,2,14,28,08-11-2026 20:10:15,08-11-2026 20:11:23
VDSL id,100,40,5,5,2,1,1,4,16,100,90,0.05,5,20,5,False,False,88.993,16,1500,1448,1448,0,48,15666.75,358,695,True,False,35.178,9,1500,1448,1425,0,30,19085.8,52,680,126,729,5182,5518,5181,5516,2,13,67,08-11-2026 20:51:42,08-11-2026 20:52:55
VDSL id,100,40,5,5,2,1,1,4,16,100,90,0.05,5,20,5,True,False,88.934,9,1500,1448,1448,0,30,14117.5,525,993,True,False,35.361,9,1500,1448,1425,0,30,18861.7,102,704,136,938,5170,5361,5171,5380,3,17,61,08-11-2026 20:45:13,08-11-2026 20:46:11
VDSL id,100,40,5,5,2,1,1,4,16,100,90,0.05,5,20,5,True,False,88.993,9,1500,1448,1448,0,30,14020.7,535,942,True,False,35.419,9,1500,1448,1424,0,30,19218.9,90,638,119,900,5181,5406,5177,5390,2,17,1,08-11-2026 19:41:35,08-11-2026 19:42:33
VDSL id,100,40,5,5,2,1,1,4,16,100,90,0.05,5,20,5,True,False,89.121,9,1500,1448,1448,0,30,13930.2,532,967,True,False,35.359,9,1500,1448,1425,0,30,19495.5,71,571,93,898,5181,5408,5181,5423,2,17,66,08-11-2026 20:50:41,08-11-2026 20:51:39
VDSL id,100,40,5,5,2,1,1,4,16,100,90,0.05,5,20,5,True,False,89.057,9,1500,1448,1448,0,30,14144.8,531,932,True,False,35.553,9,1500,1448,1425,0,30,18856.8,61,581,93,891,5176,5470,5174,5459,2,16,40,08-11-2026 20:23:01,08-11-2026 20:23:59
VDSL id,100,40,5,5,2,1,1,4,16,100,90,0.05,5,20,5,True,False,89.120,9,1500,1448,1448,0,30,14087.4,522,965,True,False,35.749,9,1500,1448,1424,0,30,19366.9,83,650,116,922,5183,5456,5186,5470,2,17,73,08-11-2026 20:58:03,08-11-2026 20:59:01
VDSL id,100,40,5,5,2,1,1,4,16,100,90,0.05,5,20,5,True,False,88.996,9,1500,1448,1448,0,30,13907,512,908,True,False,36.055,9,1500,1448,1424,0,30,18904.1,76,582,115,872,5184,5324,5184,5323,2,16,49,08-11-2026 20:32:10,08-11-2026 20:33:08
VDSL id,100,40,5,5,2,1,1,4,16,100,90,0.05,5,20,5,True,False,89.061,9,1500,1448,1448,0,30,14050.9,523,943,True,False,35.362,9,1500,1448,1424,0,30,19320.8,56,646,121,894,5189,5451,5193,5466,2,16,60,08-11-2026 20:44:12,08-11-2026 20:45:10
VDSL id,100,40,5,5,2,1,1,4,16,100,90,0.05,5,20,5,True,False,89.056,9,1500,1448,1448,0,30,13872.4,544,960,True,False,35.500,9,1500,1448,1424,1,36,19012.8,68,551,90,920,5175,5447,5172,5451,2,17,41,08-11-2026 20:24:02,08-11-2026 20:25:00
VDSL id,100,40,5,5,2,1,1,4,16,100,90,0.05,5,20,5,True,False,89.187,9,1500,1448,1448,0,30,13800.5,539,1010,True,False,35.614,9,1500,1448,1425,0,30,18805.7,59,630,82,944,5185,5489,5185,5501,2,17,10,08-11-2026 19:50:43,08-11-2026 19:51:42
VDSL id,100,40,5,5,2,1,1,4,16,100,90,0.05,5,20,5,False,True,88.779,15,1500,1448,1448,0,45,15243.4,389,779,True,False,34.923,9,1500,1448,1424,0,30,19169.6,81,649,104,753,5187,5476,5188,5488,2,14,37,08-11-2026 20:19:49,08-11-2026 20:20:57
VDSL id,100,40,5,5,2,1,1,4,16,100,90,0.05,5,20,5,True,False,88.995,9,1500,1448,1448,0,30,14042.4,538,993,True,False,36.435,9,1500,1448,1424,0,30,19074.5,+Inf,NaN,384,966,5177,5514,5175,5503,7,18,100,08-11-2026 21:26:40,08-11-2026 21:27:38
VDSL id,100,40,5,5,2,1,1,4,16,100,90,0.05,5,20,5,True,False,89.060,9,1500,1448,1448,0,30,13765.1,505,917,True,False,35.419,9,1500,1448,1424,0,30,19646.1,74,642,102,840,5187,5499,5187,5489,2,15,35,08-11-2026 20:17:47,08-11-2026 20:18:45
VDSL id,100,40,5,5,2,1,1,4,16,100,90,0.05,5,20,5,True,False,89.123,9,1500,1448,1448,0,30,13777.7,544,1008,True,False,35.312,9,1500,1448,1425,0,30,19297.3,103,633,182,969,5174,5437,5170,5449,4,18,11,08-11-2026 19:51:44,08-11-2026 19:52:43
VDSL id,100,40,5,5,2,1,1,4,16,100,90,0.05,5,20,5,False,False,89.124,16,1500,1448,1448,0,48,15648.6875,363,714,True,False,35.684,9,1500,1448,1424,0,30,19192.5,61,626,97,742,5177,5461,5174,5450,2,14,94,08-11-2026 21:20:20,08-11-2026 21:21:33
VDSL id,100,40,5,5,2,1,1,4,16,100,90,0.05,5,20,5,False,True,89.007,16,1500,1448,1448,0,48,15285.25,372,729,True,False,35.621,9,1500,1448,1425,0,30,19060.5,91,660,139,714,5185,5380,5190,5397,3,13,87,08-11-2026 21:12:44,08-11-2026 21:13:56
VDSL id,100,40,5,5,2,1,1,4,16,100,90,0.05,5,20,5,True,False,88.936,9,1500,1448,1448,0,30,13780.8,549,969,True,False,35.307,9,1500,1448,1424,0,30,19138.4,106,565,145,923,5179,5469,5185,5479,3,17,90,08-11-2026 21:16:01,08-11-2026 21:16:59
VDSL id,100,40,5,5,2,1,1,4,16,100,90,0.05,5,20,5,True,False,89.114,9,1500,1448,1448,0,30,14177.6,517,974,True,False,35.374,9,1500,1448,1425,0,30,19866.7,90,643,113,930,5179,5409,5179,5435,2,17,6,08-11-2026 19:46:40,08-11-2026 19:47:38
VDSL id,100,40,5,5,2,1,1,4,16,100,90,0.05,5,20,5,False,False,89.308,16,1500,1448,1448,0,48,15819.3125,351,701,False,False,34.925,16,1500,1448,1424,651,48,22396.5,54,470,74,711,5187,5373,5184,5389,1,13,25,08-11-2026 20:06:42,08-11-2026 20:08:11
VDSL id,100,40,5,5,2,1,1,4,16,100,90,0.05,5,20,5,True,False,88.873,9,1500,1448,1448,0,30,13995.5,524,903,True,False,36.369,9,1500,1448,1425,0,30,18899.1,+Inf,NaN,373,890,5187,5462,5185,5463,7,16,65,08-11-2026 20:49:40,08-11-2026 20:50:38
VDSL id,100,40,5,5,2,1,1,4,16,100,90,0.05,5,20,5,False,True,88.870,15,1500,1448,1448,0,45,15402.933333333332,381,776,True,False,35.364,9,1500,1448,1424,0,30,18672.7,78,621,109,751,5182,5379,5181,5388,2,14,54,08-11-2026 20:37:41,08-11-2026 20:38:49
VDSL id,100,40,5,5,2,1,1,4,16,100,90,0.05,5,20,5,True,False,90.428,9,1500,1448,1448,0,30,13976.6,+Inf,NaN,True,False,35.185,9,1500,1448,1424,0,30,19483.9,68,648,74,765,5188,5446,5185,5455,1,14,39,08-11-2026 20:22:00,08-11-2026 20:22:58
VDSL id,100,40,5,5,2,1,1,4,16,100,90,0.05,5,20,5,True,False,88.998,9,1500,1448,1448,0,30,13651.9,571,1002,True,False,35.558,9,1500,1448,1424,0,30,20030.4,131,631,192,953,5183,5440,5182,5450,4,17,3,08-11-2026 19:43:37,08-11-2026 19:44:35
VDSL id,100,40,5,5,2,1,1,4,16,100,90,0.05,5,20,5,True,False,89.060,9,1500,1448,1448,0,30,13950,522,942,True,False,35.298,9,1500,1448,1424,0,30,19403.3,93,623,119,898,5183,5397,5184,5417,2,17,97,08-11-2026 21:23:38,08-11-2026 21:24:36
VDSL id,100,40,5,5,2,1,1,4,16,100,90,0.05,5,20,5,True,False,88.994,9,1500,1448,1448,0,30,14048.6,535,981,True,False,35.300,9,1500,1448,1425,0,30,19027.1,81,571,118,929,5179,5478,5182,5487,2,17,33,08-11-2026 20:15:45,08-11-2026 20:16:43
VDSL id,100,40,5,5,2,1,1,4,16,100,90,0.05,5,20,5,True,False,90.621,9,1500,1448,1448,0,30,13844.1,+Inf,NaN,True,False,35.610,9,1500,1448,1424,0,30,18877.5,88,633,120,784,5165,5378,5163,5392,2,15,47,08-11-2026 20:30:08,08-11-2026 20:31:06
VDSL id,100,40,5,5,2,1,1,4,16,100,90,0.05,5,20,5,True,False,88.999,9,1500,1448,1448,0,30,14117.6,509,940,True,False,35.302,9,1500,1448,1425,0,30,19107.7,70,694,142,905,5168,5359,5173,5377,3,17,96,08-11-2026 21:22:37,08-11-2026 21:23:35
VDSL id,100,40,5,5,2,1,1,4,16,100,90,0.05,5,20,5,True,False,89.169,9,1500,1448,1448,0,30,13944.8,541,938,True,False,35.244,9,1500,1448,1425,0,30,18846.4,117,704,203,910,5177,5393,5178,5410,4,17,72,08-11-2026 20:57:02,08-11-2026 20:58:00
VDSL id,100,40,5,5,2,1,1,4,16,100,90,0.05,5,20,5,True,False,89.032,9,1500,1448,1448,0,30,14037.9,508,988,True,False,35.683,9,1500,1448,1424,0,30,19221.4,76,594,119,929,5180,5434,5178,5371,2,17,16,08-11-2026 19:57:19,08-11-2026 19:58:17
VDSL id,100,40,5,5,2,1,1,4,16,100,90,0.05,5,20,5,True,False,88.996,9,1500,1448,1448,0,30,13931.7,533,943,True,False,35.484,9,1500,1448,1425,0,30,19198.8,78,662,102,885,5187,5455,5184,5460,2,16,8,08-11-2026 19:48:42,08-11-2026 19:49:40
VDSL id,100,40,5,5,2,1,1,4,16,100,90,0.05,5,20,5,True,False,89.056,9,1500,1448,1448,0,30,13771.4,543,1033,True,False,35.377,9,1500,1448,1424,0,30,19204.4,111,619,210,970,5182,5365,5180,5336,4,18,14,08-11-2026 19:55:17,08-11-2026 19:56:15
VDSL id,100,40,5,5,2,1,1,4,16,100,90,0.05,5,20,5,True,False,89.062,9,1500,1448,1448,0,30,13869.1,513,904,True,False,35.614,9,1500,1448,1425,0,30,19483.1,87,688,108,868,5183,5436,5181,5448,2,16,82,08-11-2026 21:07:26,08-11-2026 21:08:24
VDSL id,100,40,5,5,2,1,1,4,16,100,90,0.05,5,20,5,True,False,89.121,9,1500,1448,1448,0,30,14037.1,475,887,True,False,35.626,9,1500,1448,1425,0,30,18840.3,88,599,170,861,5177,5356,5176,5376,3,16,45,08-11-2026 20:28:06,08-11-2026 20:29:04
VDSL id,100,40,5,5,2,1,1,4,16,100,90,0.05,5,20,5,True,False,89.180,9,1500,1448,1448,0,30,14021.3,484,992,True,False,35.870,9,1500,1448,1424,0,30,18972.9,63,657,118,932,5174,5482,5176,5423,2,17,43,08-11-2026 20:26:04,08-11-2026 20:27:02
VDSL id,100,40,5,5,2,1,1,4,16,100,90,0.05,5,20,5,True,False,89.123,9,1500,1448,1448,0,30,14324,500,969,True,False,35.622,9,1500,1448,1425,0,30,19189.9,116,576,198,923,5175,5422,5177,5437,4,17,83,08-11-2026 21:08:27,08-11-2026 21:09:25
VDSL id,100,40,5,5,2,1,1,4,16,100,90,0.05,5,20,5,False,True,89.120,16,1500,1448,1448,0,48,15712,349,712,True,False,35.368,9,1500,1448,1424,0,30,20766.9,91,653,110,700,5186,5371,5187,5383,2,13,63,08-11-2026 20:47:14,08-11-2026 20:48:27
VDSL id,100,40,5,5,2,1,1,4,16,100,90,0.05,5,20,5,True,False,89.181,9,1500,1448,1448,0,30,14116.8,484,942,True,False,35.551,9,1500,1448,1424,0,30,18719,85,622,116,875,5179,5462,5175,5434,2,16,80,08-11-2026 21:05:24,08-11-2026 21:06:22
VDSL id,100,40,5,5,2,1,1,4,16,100,90,0.05,5,20,5,True,False,89.115,9,1500,1448,1448,0,30,13952.7,522,967,True,False,35.671,9,1500,1448,1425,0,30,19337,70,606,92,902,5183,5398,5183,5390,2,17,59,08-11-2026 20:43:11,08-11-2026 20:44:09
VDSL id,100,40,5,5,2,1,1,4,16,100,90,0.05,5,20,5,True,False,89.059,9,1500,1448,1448,0,30,14081.6,517,978,True,False,36.673,9,1500,1448,1424,0,30,19470.1,+Inf,NaN,375,952,5175,5438,5181,5431,7,18,15,08-11-2026 19:56:18,08-11-2026 19:57:16
VDSL id,100,40,5,5,2,1,1,4,16,100,90,0.05,5,20,5,True,False,89.059,9,1500,1448,1448,0,30,14252.5,477,940,True,False,35.312,9,1500,1448,1424,0,30,19176.2,62,585,90,894,5186,5429,5184,5441,2,16,71,08-11-2026 20:56:01,08-11-2026 20:56:59
VDSL id,100,40,5,5,2,1,1,4,16,100,90,0.05,5,20,5,True,False,89.124,9,1500,1448,1448,0,30,14211.1,520,922,True,False,35.304,9,1500,1448,1425,0,30,19093.4,65,623,86,882,5188,5507,5186,5498,2,16,42,08-11-2026 20:25:03,08-11-2026 20:26:01
VDSL id,100,40,5,5,2,1,1,4,16,100,90,0.05,5,20,5,True,False,89.181,9,1500,1448,1448,0,30,13935.5,522,939,True,False,35.309,9,1500,1448,1424,0,30,18759.2,78,625,101,891,5182,5513,5181,5462,2,16,51,08-11-2026 20:34:23,08-11-2026 20:35:21
VDSL id,100,40,5,5,2,1,1,4,16,100,90,0.05,5,20,5,True,False,89.060,9,1500,1448,1448,0,30,13825.9,514,942,True,False,35.428,9,1500,1448,1425,0,30,19583.6,88,632,105,884,5181,5452,5181,5470,2,16,57,08-11-2026 20:41:09,08-11-2026 20:42:07
VDSL id,100,40,5,5,2,1,1,4,16,100,90,0.05,5,20,5,True,False,88.995,9,1500,1448,1448,0,30,13754.2,520,933,True,False,35.118,9,1500,1448,1424,0,30,19406.1,83,604,98,875,5172,5435,5181,5437,2,16,88,08-11-2026 21:13:59,08-11-2026 21:14:57
VDSL id,100,40,5,5,2,1,1,4,16,100,90,0.05,5,20,5,True,False,88.931,9,1500,1448,1448,0,30,13905.8,557,965,True,False,35.489,9,1500,1448,1424,0,30,19415.7,80,572,131,924,5178,5392,5173,5402,3,17,4,08-11-2026 19:44:38,08-11-2026 19:45:36
VDSL id,100,40,5,5,2,1,1,4,16,100,90,0.05,5,20,5,True,False,89.119,9,1500,1448,1448,0,30,13910.5,539,974,True,False,35.496,9,1500,1448,1424,0,30,19856.1,79,606,112,933,5188,5510,5186,5519,2,17,12,08-11-2026 19:52:45,08-11-2026 19:53:43
VDSL id,100,40,5,5,4,1,1,4,16,100,90,0.05,5,20,5,False,False,88.964,8,1500,1448,1448,0,27,13755,559,1026,False,False,35.187,8,1500,1448,1424,0,27,18719.333333333332,37,602,48,968,5180,5347,5179,5344,1,18,79,08-12-2026 01:48:25,08-12-2026 01:50:03
VDSL id,100,40,5,5,4,1,1,4,16,100,90,0.05,5,20,5,False,False,88.903,8,1500,1448,1448,0,27,13908.666666666666,524,960,False,False,35.533,8,1500,1448,1424,0,27,18007.555555555555,42,572,54,908,5185,5429,5183,5400,1,17,50,08-12-2026 00:59:34,08-12-2026 01:01:12
VDSL id,100,40,5,5,4,1,1,4,16,100,90,0.05,5,20,5,False,False,88.935,8,1500,1448,1448,0,27,13946.888888888889,477,982,False,False,35.462,8,1500,1448,1424,0,27,18292.777777777777,44,553,60,923,5183,5359,5182,5354,1,17,23,08-12-2026 00:14:05,08-12-2026 00:15:43
VDSL id,100,40,5,5,4,1,1,4,16,100,90,0.05,5,20,5,False,False,88.904,8,1500,1448,1448,0,27,13955.333333333334,502,976,False,False,35.279,8,1500,1448,1425,0,27,18320.444444444445,29,563,45,913,5172,5373,5175,5361,1,17,68,08-12-2026 01:29:53,08-12-2026 01:31:31
VDSL id,100,40,5,5,4,1,1,4,16,100,90,0.05,5,20,5,False,False,88.906,8,1500,1448,1448,0,27,13731.777777777777,549,1042,False,False,35.213,8,1500,1448,1424,0,27,18633.777777777777,40,600,64,992,5181,5340,5181,5354,1,19,92,08-12-2026 02:10:19,08-12-2026 02:11:57
VDSL id,100,40,5,5,4,1,1,4,16,100,90,0.05,5,20,5,False,False,88.869,8,1500,1448,1448,0,27,14085.222222222223,548,963,False,False,35.089,8,1500,1448,1425,0,27,18662.333333333332,36,559,51,914,5181,5434,5179,5444,1,17,95,08-12-2026 02:15:22,08-12-2026 02:17:00
VDSL id,100,40,5,5,4,1,1,4,16,100,90,0.05,5,20,5,False,False,88.967,8,1500,1448,1448,0,27,14200.888888888889,517,954,False,False,35.183,8,1500,1448,1425,0,27,18676.222222222223,42,605,65,908,5176,5437,5176,5449,1,17,46,08-12-2026 00:52:50,08-12-2026 00:54:28
VDSL id,100,40,5,5,4,1,1,4,16,100,90,0.05,5,20,5,False,False,88.873,8,1500,1448,1448,0,27,13962.111111111111,541,972,False,False,35.501,8,1500,1448,1424,0,27,18391.11111111111,55,554,66,926,5178,5349,5181,5359,1,17,93,08-12-2026 02:12:00,08-12-2026 02:13:38
VDSL id,100,40,5,5,4,1,1,4,16,100,90,0.05,5,20,5,False,False,88.962,8,1500,1448,1448,0,27,14131.444444444445,466,1017,False,False,35.218,8,1500,1448,1425,0,27,18271.555555555555,50,711,75,948,5178,5342,5176,5360,1,18,17,08-12-2026 00:03:58,08-12-2026 00:05:36
VDSL id,100,40,5,5,4,1,1,4,16,100,90,0.05,5,20,5,False,False,88.999,8,1500,1448,1448,0,27,13940.777777777777,504,968,False,False,35.061,8,1500,1448,1425,0,27,18741.555555555555,40,582,63,919,5182,5396,5182,5412,1,17,29,08-12-2026 00:24:11,08-12-2026 00:25:49
VDSL id,100,40,5,5,4,1,1,4,16,100,90,0.05,5,20,5,False,False,88.874,8,1500,1448,1448,0,27,13750.777777777777,570,992,False,False,35.309,8,1500,1448,1424,0,27,17614.88888888889,40,588,60,933,5186,5449,5186,5460,1,17,20,08-12-2026 00:09:02,08-12-2026 00:10:40
VDSL id,100,40,5,5,4,1,1,4,16,100,90,0.05,5,20,5,False,False,88.968,8,1500,1448,1448,0,27,13991.777777777777,491,1002,False,False,35.463,8,1500,1448,1424,0,27,18698.222222222223,38,559,54,946,5182,5318,5183,5317,1,18,31,08-12-2026 00:27:33,08-12-2026 00:29:11
VDSL id,100,40,5,5,4,1,1,4,16,100,90,0.05,5,20,5,False,False,88.811,8,1500,1448,1448,0,27,13899.888888888889,567,1005,False,False,35.491,8,1500,1448,1424,0,27,18147.333333333332,40,604,69,942,5183,5412,5181,5353,1,18,84,08-12-2026 01:56:50,08-12-2026 01:58:28
VDSL id,100,40,5,5,4,1,1,4,16,100,90,0.05,5,20,5,False,False,88.935,8,1500,1448,1448,0,27,14435.555555555555,524,1001,False,False,35.186,8,1500,1448,1425,0,27,18453.333333333332,34,598,50,938,5180,5427,5177,5423,1,17,13,08-11-2026 23:57:14,08-11-2026 23:58:52
VDSL id,100,40,5,5,4,1,1,4,16,100,90,0.05,5,20,5,False,False,88.874,8,1500,1448,1448,0,27,13928.666666666666,521,967,False,False,35.121,8,1500,1448,1424,0,27,18594.666666666668,49,618,67,891,5182,5434,5183,5393,1,17,62,08-12-2026 01:19:47,08-12-2026 01:21:25
VDSL id,100,40,5,5,4,1,1,4,16,100,90,0.05,5,20,5,False,False,88.872,8,1500,1448,1448,0,27,13883.777777777777,579,1009,False,False,35.248,8,1500,1448,1424,0,27,18036.222222222223,33,583,56,946,5177,5459,5180,5470,1,17,75,08-12-2026 01:41:40,08-12-2026 01:43:19
VDSL id,100,40,5,5,4,1,1,4,16,100,90,0.05,5,20,5,False,False,88.967,8,1500,1448,1448,0,27,13974.333333333334,528,946,False,False,35.088,8,1500,1448,1425,0,27,18474.88888888889,41,604,48,894,5182,5353,5181,5350,1,17,9,08-11-2026 23:50:30,08-11-2026 23:52:08
VDSL id,100,40,5,5,4,1,1,4,16,100,90,0.05,5,20,5,False,False,88.998,8,1500,1448,1448,0,27,14118.222222222223,503,936,False,False,35.344,8,1500,1448,1424,0,27,18701.777777777777,37,658,50,899,5176,5447,5176,5462,1,16,44,08-12-2026 00:49:27,08-12-2026 00:51:06
VDSL id,100,40,5,5,4,1,1,4,16,100,90,0.05,5,20,5,False,False,88.903,8,1500,1448,1448,0,27,13677.111111111111,580,1043,False,False,35.305,8,1500,1448,1425,0,27,18295.11111111111,39,589,54,971,5184,5339,5184,5357,1,18,48,08-12-2026 00:56:12,08-12-2026 00:57:50
VDSL id,100,40,5,5,4,1,1,4,16,100,90,0.05,5,20,5,False,False,88.999,8,1500,1448,1448,0,27,14113,471,966,False,False,35.375,8,1500,1448,1425,0,27,18228.88888888889,39,572,62,906,5178,5385,5180,5391,1,17,99,08-12-2026 02:22:06,08-12-2026 02:23:44
VDSL id,100,40,5,5,4,1,1,4,16,100,90,0.05,5,20,5,False,False,88.937,8,1500,1448,1448,0,27,13960.333333333334,549,1041,False,False,35.405,8,1500,1448,1425,1,37,18430.11111111111,43,619,55,977,5184,5444,5185,5456,1,18,56,08-12-2026 01:09:40,08-12-2026 01:11:18
VDSL id,100,40,5,5,4,1,1,4,16,100,90,0.05,5,20,5,False,False,88.969,8,1500,1448,1448,0,27,14068,507,998,False,False,35.125,8,1500,1448,1424,0,27,17761.222222222223,35,587,58,938,5172,5377,5171,5390,1,17,32,08-12-2026 00:29:14,08-12-2026 00:30:52
VDSL id,100,40,5,5,4,1,1,4,16,100,90,0.05,5,20,5,False,False,88.937,8,1500,1448,1448,0,27,13999.111111111111,513,1008,False,False,35.218,8,1500,1448,1425,0,27,19024.222222222223,38,658,53,928,5175,5408,5175,5415,1,17,78,08-12-2026 01:46:44,08-12-2026 01:48:22
VDSL id,100,40,5,5,4,1,1,4,16,100,90,0.05,5,20,5,False,False,88.967,8,1500,1448,1448,0,27,14160.222222222223,505,1017,False,False,35.346,8,1500,1448,1425,0,27,18416.88888888889,45,636,58,954,5180,5455,5180,5464,1,17,38,08-12-2026 00:39:21,08-12-2026 00:40:59
VDSL id,100,40,5,5,4,1,1,4,16,100,90,0.05,5,20,5,False,False,88.937,8,1500,1448,1448,0,27,13899.444444444445,537,1024,False,False,35.494,8,1500,1448,1425,0,27,18113.555555555555,41,622,81,931,5182,5377,5182,5394,2,17,26,08-12-2026 00:19:08,08-12-2026 00:20:46
VDSL id,100,40,5,5,4,1,1,4,16,100,90,0.05,5,20,5,False,False,88.897,8,1500,1448,1448,0,27,13944,526,983,False,False,35.310,8,1500,1448,1425,0,27,18798.444444444445,33,495,44,924,5181,5388,5183,5383,1,17,69,08-12-2026 01:31:34,08-12-2026 01:33:12
VDSL id,100,40,5,5,4,1,1,4,16,100,90,0.05,5,20,5,False,False,88.967,8,1500,1448,1448,0,27,13943.555555555555,544,1012,False,False,35.558,8,1500,1448,1424,0,27,18577.444444444445,34,653,59,949,5177,5386,5177,5346,1,18,34,08-12-2026 00:32:37,08-12-2026 00:34:15
VDSL id,100,40,5,5,4,1,1,4,16,100,90,0.05,5,20,5,False,False,88.992,8,1500,1448,1448,0,27,13816.888888888889,530,965,False,False,35.463,8,1500,1448,1424,0,27,18674.555555555555,45,612,60,910,5179,5473,5178,5381,1,17,58,08-12-2026 01:13:02,08-12-2026 01:14:40
VDSL id,100,40,5,5,4,1,1,4,16,100,90,0.05,5,20,5,False,False,88.999,8,1500,1448,1448,0,27,13594.666666666666,592,1007,False,False,35.248,8,1500,1448,1425,0,27,18531.777777777777,31,675,57,949,5180,5415,5181,5410,1,18,30,08-12-2026 00:25:52,08-12-2026 00:27:30
VDSL id,100,40,5,5,4,1,1,4,16,100,90,0.05,5,20,5,False,False,88.937,8,1500,1448,1448,0,27,13759.666666666666,508,1002,False,False,35.022,8,1500,1448,1424,0,27,18669.222222222223,39,579,56,943,5182,5389,5186,5404,1,17,70,08-12-2026 01:33:15,08-12-2026 01:34:53
VDSL id,100,40,5,5,4,1,1,4,16,100,90,0.05,5,20,5,False,False,88.981,8,1500,1448,1448,0,27,14032.666666666666,538,1039,False,False,35.248,8,1500,1448,1424,0,27,18145.777777777777,42,582,52,986,5177,5358,5175,5368,1,18,24,08-12-2026 00:15:46,08-12-2026 00:17:24
VDSL id,100,40,5,5,4,1,1,4,16,100,90,0.05,5,20,5,False,False,88.873,8,1500,1448,1448,0,27,13607.222222222223,586,1034,False,False,35.439,8,1500,1448,1425,0,27,18512.777777777777,46,566,58,985,5172,5434,5177,5447,1,18,52,08-12-2026 01:02:56,08-12-2026 01:04:34
VDSL id,100,40,5,5,4,1,1,4,16,100,90,0.05,5,20,5,False,False,88.935,8,1500,1448,1448,0,27,13826.888888888889,519,994,False,False,35.372,8,1500,1448,1424,0,27,17991.444444444445,45,600,73,940,5185,5394,5185,5418,1,17,36,08-12-2026 00:35:59,08-12-2026 00:37:37
VDSL id,100,40,5,5,4,1,1,4,16,100,90,0.05,5,20,5,False,False,88.967,8,1500,1448,1448,0,27,13867,524,997,False,False,35.243,8,1500,1448,1424,0,27,18800.88888888889,38,489,57,933,5176,5393,5175,5394,1,17,2,08-11-2026 23:38:42,08-11-2026 23:40:20
VDSL id,100,40,5,5,4,1,1,4,16,100,90,0.05,5,20,5,False,False,88.932,8,1500,1448,1448,0,27,13312.333333333334,560,1033,False,False,35.370,8,1500,1448,1425,0,27,18652.11111111111,33,606,52,972,5176,5425,5176,5435,1,18,5,08-11-2026 23:43:46,08-11-2026 23:45:24
VDSL id,100,40,5,5,4,1,1,4,16,100,90,0.05,5,20,5,False,False,88.966,8,1500,1448,1448,1,27,13882.555555555555,506,1021,False,False,35.309,8,1500,1448,1425,0,27,17878,35,635,52,966,5183,5340,5187,5346,1,18,89,08-12-2026 02:05:15,08-12-2026 02:06:54
VDSL id,100,40,5,5,4,1,1,4,16,100,90,0.05,5,20,5,False,False,88.904,8,1500,1448,1448,0,27,13609.888888888889,602,995,False,False,35.028,8,1500,1448,1425,0,27,18121.666666666668,35,548,54,949,5175,5385,5173,5360,1,18,74,08-12-2026 01:39:59,08-12-2026 01:41:38
VDSL id,100,40,5,5,4,1,1,4,16,100,90,0.05,5,20,5,False,False,88.936,8,1500,1448,1448,0,27,13596.555555555555,583,1030,False,False,35.306,8,1500,1448,1424,0,27,18000.88888888889,35,508,46,987,5177,5425,5177,5423,1,18,91,08-12-2026 02:08:38,08-12-2026 02:10:16
VDSL id,100,40,5,5,4,1,1,4,16,100,90,0.05,5,20,5,False,False,88.874,8,1500,1448,1448,0,27,14217.666666666666,537,1012,False,False,35.335,8,1500,1448,1424,0,27,18296.777777777777,42,668,63,953,5181,5381,5182,5374,1,18,53,08-12-2026 01:04:37,08-12-2026 01:06:15
VDSL id,100,40,5,5,4,1,1,4,16,100,90,0.05,5,20,5,False,False,88.906,8,1500,1448,1448,0,27,13954.444444444445,552,957,False,False,35.248,8,1500,1448,1424,0,27,18440.88888888889,36,630,56,898,5183,5467,5181,5481,1,16,21,08-12-2026 00:10:43,08-12-2026 00:12:21
VDSL id,100,40,5,5,4,1,1,4,16,100,90,0.05,5,20,5,False,False,88.984,8,1500,1448,1448,0,27,13880,523,953,False,False,35.684,8,1500,1448,1425,0,27,18319,37,654,57,902,5181,5455,5180,5409,1,17,55,08-12-2026 01:07:59,08-12-2026 01:09:37
VDSL id,100,40,5,5,4,1,1,4,16,100,90,0.05,5,20,5,False,False,88.968,8,1500,1448,1448,0,27,14089.333333333334,510,1025,False,False,35.279,8,1500,1448,1424,0,27,17968,40,606,60,968,5180,5354,5180,5360,1,18,27,08-12-2026 00:20:49,08-12-2026 00:22:27
VDSL id,100,40,5,5,4,1,1,4,16,100,90,0.05,5,20,5,False,False,88.904,8,1500,1448,1448,0,27,14205.666666666666,487,994,False,False,35.273,8,1500,1448,1424,0,27,17660.666666666668,40,650,73,934,5183,5413,5185,5407,1,17,77,08-12-2026 01:45:03,08-12-2026 01:46:41
VDSL id,100,40,5,5,4,1,1,4,16,100,90,0.05,5,20,5,False,False,88.935,8,1500,1448,1448,0,27,13691.777777777777,542,1004,False,False,35.188,8,1500,1448,1424,0,27,18303.11111111111,49,564,58,936,5176,5454,5175,5467,1,17,85,08-12-2026 01:58:31,08-12-2026 02:00:09
VDSL id,100,40,5,5,4,1,1,4,16,100,90,0.05,5,20,5,False,False,88.906,8,1500,1448,1448,0,27,13754.222222222223,519,998,False,False,35.305,8,1500,1448,1424,0,27,18472.11111111111,40,584,52,942,5173,5449,5171,5464,1,17,86,08-12-2026 02:00:12,08-12-2026 02:01:50
VDSL id,100,40,5,5,4,1,1,4,16,100,90,0.05,5,20,5,False,False,88.874,8,1500,1448,1448,0,27,13989.444444444445,519,981,False,False,35.184,8,1500,1448,1425,0,27,18280.88888888889,43,666,56,931,5185,5397,5183,5405,1,17,18,08-12-2026 00:05:39,08-12-2026 00:07:18
VDSL id,100,40,5,5,4,1,1,4,16,100,90,0.05,5,20,5,False,False,88.965,8,1500,1448,1448,0,27,13753.333333333334,533,974,False,False,35.403,8,1500,1448,1425,0,27,18631.444444444445,40,655,64,909,5183,5398,5180,5409,1,17,22,08-12-2026 00:12:24,08-12-2026 00:14:02
VDSL id,100,40,5,5,4,1,1,4,16,100,90,0.05,5,20,5,False,False,88.937,8,1500,1448,1448,0,27,13725.444444444445,543,1014,False,False,35.402,8,1500,1448,1425,0,27,18250.777777777777,37,664,49,925,5184,5436,5181,5435,1,17,81,08-12-2026 01:51:47,08-12-2026 01:53:25
VDSL id,100,40,5,5,4,1,1,4,16,100,90,0.05,5,20,5,False,False,88.969,8,1500,1448,1448,0,27,13875.888888888889,499,957,False,False,35.336,8,1500,1448,1424,0,27,18749.666666666668,34,531,51,912,5180,5436,5178,5433,1,17,64,08-12-2026 01:23:09,08-12-2026 01:24:47
VDSL id,100,40,5,5,4,1,1,4,16,100,90,0.05,5,20,5,False,False,88.998,8,1500,1448,1448,0,27,14044.555555555555,488,965,False,False,35.436,8,1500,1448,1424,0,27,17706.333333333332,45,711,76,907,5185,5430,5187,5435,1,17,7,08-11-2026 23:47:08,08-11-2026 23:48:46
VDSL id,100,40,5,5,4,1,1,4,16,100,90,0.05,5,20,5,False,False,88.905,8,1500,1448,1448,0,27,14084.111111111111,550,972,False,False,35.246,8,1500,1448,1424,0,27,18238.88888888889,39,612,56,923,5184,5419,5182,5424,1,17,76,08-12-2026 01:43:22,08-12-2026 01:45:00
VDSL id,100,40,5,5,4,1,1,4,16,100,90,0.05,5,20,5,False,False,88.937,8,1500,1448,1448,0,27,13772.666666666666,544,961,False,False,35.154,8,1500,1448,1425,0,27,18966.222222222223,36,527,55,907,5182,5389,5181,5377,1,17,98,08-12-2026 02:20:25,08-12-2026 02:22:03
VDSL id,100,40,5,5,4,1,1,4,16,100,90,0.05,5,20,5,False,False,88.905,8,1500,1448,1448,0,27,13736.222222222223,528,1050,False,False,35.121,8,1500,1448,1425,0,27,18443.666666666668,51,487,68,981,5182,5426,5180,5430,1,18,19,08-12-2026 00:07:20,08-12-2026 00:08:59
VDSL id,100,40,5,5,4,1,1,4,16,100,90,0.05,5,20,5,False,False,88.956,8,1500,1448,1448,0,27,13767.333333333334,529,978,False,False,35.369,8,1500,1448,1425,0,27,17771.88888888889,37,661,49,920,5184,5444,5183,5424,1,17,28,08-12-2026 00:22:30,08-12-2026 00:24:08
VDSL id,100,40,5,5,4,1,1,4,16,100,90,0.05,5,20,5,False,False,88.935,8,1500,1448,1448,0,27,13850.333333333334,529,1042,False,False,35.594,8,1500,1448,1424,0,27,18396.666666666668,39,592,53,958,5184,5438,5182,5449,1,18,67,08-12-2026 01:28:12,08-12-2026 01:29:50
VDSL id,100,40,5,5,4,1,1,4,16,100,90,0.05,5,20,5,False,False,88.939,8,1500,1448,1448,0,27,13514.444444444445,597,1032,False,False,35.339,8,1500,1448,1425,0,27,18652.666666666668,34,574,50,973,5176,5381,5176,5394,1,18,61,08-12-2026 01:18:06,08-12-2026 01:19:44
VDSL id,100,40,5,5,4,1,1,4,16,100,90,0.05,5,20,5,False,False,89.030,8,1500,1448,1448,0,27,14012.777777777777,535,1006,False,False,35.152,8,1500,1448,1424,0,27,18783.333333333332,38,643,60,951,5181,5435,5179,5452,1,17,1,08-11-2026 23:37:01,08-11-2026 23:38:39
VDSL id,100,40,5,5,4,1,1,4,16,100,90,0.05,5,20,5,False,False,88.967,8,1500,1448,1448,0,27,13795.333333333334,521,975,False,False,34.993,8,1500,1448,1425,0,27,18337.333333333332,30,633,49,911,5181,5459,5182,5468,1,17,66,08-12-2026 01:26:31,08-12-2026 01:28:09
VDSL id,100,40,5,5,4,1,1,4,16,100,90,0.05,5,20,5,False,False,88.873,8,1500,1448,1448,0,27,13943.888888888889,556,994,False,False,35.281,8,1500,1448,1424,0,27,17941.11111111111,48,649,62,941,5177,5409,5178,5424,1,17,40,08-12-2026 00:42:43,08-12-2026 00:44:21
VDSL id,100,40,5,5,4,1,1,4,16,100,90,0.05,5,20,5,False,False,88.935,8,1500,1448,1448,0,27,13958.444444444445,518,1007,False,False,35.491,8,1500,1448,1425,0,27,18511.222222222223,37,578,51,944,5180,5409,5181,5418,1,17,73,08-12-2026 01:38:18,08-12-2026 01:39:56
VDSL id,100,40,5,5,4,1,1,4,16,100,90,0.05,5,20,5,False,False,88.874,8,1500,1448,1448,0,27,14284.555555555555,544,1050,False,False,35.153,8,1500,1448,1424,0,27,18217.777777777777,47,539,64,983,5172,5414,5181,5431,1,18,49,08-12-2026 00:57:53,08-12-2026 00:59:31
VDSL id,100,40,5,5,4,1,1,4,16,100,90,0.05,5,20,5,False,False,88.968,8,1500,1448,1448,0,27,13822,503,1031,False,False,35.375,8,1500,1448,1424,0,27,17951.88888888889,43,523,62,962,5181,5381,5181,5392,1,18,60,08-12-2026 01:16:24,08-12-2026 01:18:03
VDSL id,100,40,5,5,4,1,1,4,16,100,90,0.05,5,20,5,False,False,88.904,8,1500,1448,1448,0,27,13993.111111111111,566,1020,False,False,35.282,8,1500,1448,1424,0,27,18860.777777777777,47,604,73,943,5185,5444,5184,5454,1,17,41,08-12-2026 00:44:24,08-12-2026 00:46:02
VDSL id,100,40,5,5,4,1,1,4,16,100,90,0.05,5,20,5,False,False,88.936,8,1500,1448,1448,0,27,14043.111111111111,502,955,False,False,35.279,8,1500,1448,1425,0,27,18782.444444444445,36,565,52,912,5183,5432,5182,5445,1,17,10,08-11-2026 23:52:11,08-11-2026 23:53:49
VDSL id,100,40,5,5,4,1,1,4,16,100,90,0.05,5,20,5,False,False,88.938,8,1500,1448,1448,0,27,13722.555555555555,506,977,False,False,35.372,8,1500,1448,1425,0,27,18271.222222222223,38,603,51,925,5179,5387,5179,5349,1,17,37,08-12-2026 00:37:40,08-12-2026 00:39:18
VDSL id,100,40,5,5,4,1,1,4,16,100,90,0.05,5,20,5,False,False,88.873,8,1500,1448,1448,0,27,14298.666666666666,484,976,False,False,35.500,8,1500,1448,1425,0,27,18186.222222222223,35,662,51,919,5182,5406,5179,5395,1,17,100,08-12-2026 02:23:47,08-12-2026 02:25:25
VDSL id,100,40,5,5,4,1,1,4,16,100,90,0.05,5,20,5,False,False,88.904,8,1500,1448,1448,0,27,14121.333333333334,491,979,False,False,35.405,8,1500,1448,1425,0,27,17954.666666666668,41,521,58,934,5177,5356,5177,5376,1,17,35,08-12-2026 00:34:18,08-12-2026 00:35:56
VDSL id,100,40,5,5,4,1,1,4,16,100,90,0.05,5,20,5,False,False,88.874,8,1500,1448,1448,0,27,13857.333333333334,533,981,False,False,35.436,8,1500,1448,1425,0,27,18156.555555555555,48,510,63,916,5181,5412,5181,5413,1,17,11,08-11-2026 23:53:52,08-11-2026 23:55:30
VDSL id,100,40,5,5,4,1,1,4,16,100,90,0.05,5,20,5,False,False,88.938,8,1500,1448,1448,0,27,13906.333333333334,528,1008,False,False,35.189,8,1500,1448,1425,0,27,18076.88888888889,45,629,58,944,5179,5418,5178,5380,1,18,94,08-12-2026 02:13:41,08-12-2026 02:15:19
VDSL id,100,40,5,5,4,1,1,4,16,100,90,0.05,5,20,5,False,False,88.967,8,1500,1448,1448,0,27,13915.777777777777,539,1048,False,False,35.246,8,1500,1448,1424,0,27,18673.11111111111,37,612,51,967,5179,5404,5184,5384,1,18,87,08-12-2026 02:01:53,08-12-2026 02:03:31
VDSL id,100,40,5,5,4,1,1,4,16,100,90,0.05,5,20,5,False,False,89.028,8,1500,1448,1448,0,27,13895.888888888889,537,1009,False,False,35.469,8,1500,1448,1424,0,27,18551.666666666668,34,539,43,949,5179,5400,5181,5413,1,18,90,08-12-2026 02:06:56,08-12-2026 02:08:35
VDSL id,100,40,5,5,4,1,1,4,16,100,90,0.05,5,20,5,False,False,88.937,8,1500,1448,1448,0,27,13662.333333333334,564,1003,False,False,35.187,8,1500,1448,1425,0,27,18366.222222222223,52,553,66,943,5177,5420,5175,5434,1,17,6,08-11-2026 23:45:26,08-11-2026 23:47:05
VDSL id,100,40,5,5,4,1,1,4,16,100,90,0.05,5,20,5,False,False,89.000,8,1500,1448,1448,0,27,13723.777777777777,535,1019,False,False,35.500,8,1500,1448,1424,0,27,19203.777777777777,46,580,58,965,5179,5439,5180,5430,1,18,25,08-12-2026 00:17:27,08-12-2026 00:19:05
VDSL id,100,40,5,5,4,1,1,4,16,100,90,0.05,5,20,5,False,False,88.904,8,1500,1448,1448,0,27,13846,577,995,False,False,35.150,8,1500,1448,1424,0,27,18730.88888888889,33,593,45,941,5179,5440,5178,5451,1,17,65,08-12-2026 01:24:50,08-12-2026 01:26:28
VDSL id,100,40,5,5,4,1,1,4,16,100,90,0.05,5,20,5,False,False,88.998,8,1500,1448,1448,0,27,13943.777777777777,498,1006,False,False,35.349,8,1500,1448,1424,0,27,18462.555555555555,37,517,47,948,5180,5454,5180,5467,1,17,54,08-12-2026 01:06:18,08-12-2026 01:07:56
VDSL id,100,40,5,5,4,1,1,4,16,100,90,0.05,5,20,5,False,False,88.967,8,1500,1448,1448,0,27,14038.444444444445,513,968,False,False,35.151,8,1500,1448,1425,0,27,18478.444444444445,40,664,56,910,5176,5432,5175,5436,1,17,39,08-12-2026 00:41:02,08-12-2026 00:42:40
VDSL id,100,40,5,5,4,1,1,4,16,100,90,0.05,5,20,5,False,False,88.936,8,1500,1448,1448,0,27,13591.888888888889,584,1044,False,False,35.026,8,1500,1448,1424,0,27,18654.333333333332,45,570,58,975,5183,5365,5181,5366,1,18,3,08-11-2026 23:40:23,08-11-2026 23:42:01
VDSL id,100,40,5,5,4,1,1,4,16,100,90,0.05,5,20,5,False,False,89.030,8,1500,1448,1448,0,27,13881.888888888889,519,968,False,False,35.497,8,1500,1448,1424,0,27,18723.555555555555,38,520,50,887,5179,5401,5178,5371,1,17,97,08-12-2026 02:18:44,08-12-2026 02:20:22
VDSL id,100,40,5,5,4,1,1,4,16,100,90,0.05,5,20,5,False,False,88.905,8,1500,1448,1448,0,27,14065.888888888889,544,988,False,False,35.152,8,1500,1448,1424,0,27,18741.444444444445,34,556,49,931,5183,5413,5181,5426,1,17,33,08-12-2026 00:30:55,08-12-2026 00:32:34
VDSL id,100,40,5,5,4,1,1,4,16,100,90,0.05,5,20,5,False,False,88.921,8,1500,1448,1448,0,27,14248,458,951,False,False,35.401,8,1500,1448,1424,0,27,17867.11111111111,43,559,60,896,5180,5457,5179,5465,1,16,47,08-12-2026 00:54:31,08-12-2026 00:56:09
VDSL id,100,40,5,5,4,1,1,4,16,100,90,0.05,5,20,5,False,False,88.999,8,1500,1448,1448,0,27,13728.333333333334,494,996,False,False,35.651,8,1500,1448,1425,0,27,18847,36,681,57,947,5180,5451,5180,5444,1,17,96,08-12-2026 02:17:03,08-12-2026 02:18:41
VDSL id,100,40,5,5,4,1,1,4,16,100,90,0.05,5,20,5,False,False,88.935,8,1500,1448,1448,0,27,14033.333333333334,509,944,False,False,35.310,8,1500,1448,1424,1,29,17998.11111111111,41,556,53,894,5179,5370,5181,5386,1,17,72,08-12-2026 01:36:37,08-12-2026 01:38:15
VDSL id,100,40,5,5,4,1,1,4,16,100,90,0.05,5,20,5,False,False,88.904,8,1500,1448,1448,0,27,13758.555555555555,531,986,False,False,35.339,8,1500,1448,1424,0,27,18155.666666666668,51,633,73,938,5181,5391,5182,5374,1,17,16,08-12-2026 00:02:17,08-12-2026 00:03:55
VDSL id,100,40,5,5,4,1,1,4,16,100,90,0.05,5,20,5,False,False,89.061,8,1500,1448,1448,0,27,14244.333333333334,496,996,False,False,35.276,8,1500,1448,1424,0,27,18204.88888888889,35,661,60,942,5173,5446,5171,5458,1,17,8,08-11-2026 23:48:49,08-11-2026 23:50:27
VDSL id,100,40,5,5,4,1,1,4,16,100,90,0.05,5,20,5,False,False,88.968,8,1500,1448,1448,0,27,13851.777777777777,502,918,False,False,35.463,8,1500,1448,1424,1,31,18430.11111111111,35,556,61,876,5177,5340,5176,5355,1,16,14,08-11-2026 23:58:55,08-12-2026 00:00:33
VDSL id,100,40,5,5,4,1,1,4,16,100,90,0.05,5,20,5,False,False,88.970,8,1500,1448,1448,0,27,13624.444444444445,570,1012,False,False,35.118,8,1500,1448,1424,0,27,17986,50,613,66,932,5182,5445,5183,5441,1,17,82,08-12-2026 01:53:28,08-12-2026 01:55:06
VDSL id,100,40,5,5,4,1,1,4,16,100,90,0.05,5,20,5,False,False,88.935,8,1500,1448,1448,0,27,13762.111111111111,548,1043,False,False,35.086,8,1500,1448,1424,0,27,18610.88888888889,31,659,47,975,5180,5389,5178,5394,1,18,45,08-12-2026 00:51:08,08-12-2026 00:52:47
VDSL id,100,40,5,5,4,1,1,4,16,100,90,0.05,5,20,5,False,False,88.965,8,1500,1448,1448,0,27,13925.111111111111,524,989,False,False,35.188,8,1500,1448,1424,0,27,18571.88888888889,42,550,54,924,5180,5409,5182,5429,1,17,43,08-12-2026 00:47:46,08-12-2026 00:49:24
VDSL id,100,40,5,5,4,1,1,4,16,100,90,0.05,5,20,5,False,False,88.970,8,1500,1448,1448,0,27,13764.777777777777,528,954,False,False,35.180,8,1500,1448,1424,0,27,18650.88888888889,47,620,65,897,5187,5448,5187,5445,1,16,83,08-12-2026 01:55:09,08-12-2026 01:56:47
VDSL id,100,40,5,5,4,1,1,4,16,100,90,0.05,5,20,5,False,False,88.939,8,1500,1448,1448,0,27,14007.777777777777,501,971,False,False,35.312,8,1500,1448,1424,0,27,18513.88888888889,43,649,69,918,5179,5428,5179,5408,1,17,63,08-12-2026 01:21:28,08-12-2026 01:23:06
VDSL id,100,40,5,5,4,1,1,4,16,100,90,0.05,5,20,5,False,False,88.908,8,1500,1448,1448,0,27,14689.222222222223,492,973,False,False,35.310,8,1500,1448,1425,0,27,18307.444444444445,45,585,58,908,5166,5426,5166,5413,1,17,80,08-12-2026 01:50:06,08-12-2026 01:51:44
VDSL id,100,40,5,5,4,1,1,4,16,100,90,0.05,5,20,5,False,False,88.968,8,1500,1448,1448,0,27,14102.666666666666,525,991,False,False,35.277,8,1500,1448,1425,0,27,18835.222222222223,46,646,67,941,5182,5309,5180,5316,1,18,59,08-12-2026 01:14:43,08-12-2026 01:16:22
VDSL id,100,40,5,5,4,1,1,4,16,100,90,0.05,5,20,5,False,False,88.906,8,1500,1448,1448,0,27,13798.888888888889,529,1004,False,False,35.094,8,1500,1448,1424,0,27,18749.222222222223,33,525,44,928,5176,5363,5177,5381,1,17,15,08-12-2026 00:00:36,08-12-2026 00:02:14
VDSL id,100,40,5,5,4,1,1,4,16,100,90,0.05,5,20,5,False,False,88.935,8,1500,1448,1448,0,27,13913.777777777777,556,1025,False,False,35.158,8,1500,1448,1425,0,27,18502.88888888889,41,686,77,958,5183,5423,5185,5428,1,18,71,08-12-2026 01:34:56,08-12-2026 01:36:34
VDSL id,100,40,5,5,4,1,1,4,16,100,90,0.05,5,20,5,False,False,88.938,8,1500,1448,1448,0,27,13891.888888888889,525,957,False,False,35.282,8,1500,1448,1424,0,27,18119.444444444445,43,488,60,906,5180,5418,5180,5427,1,17,42,08-12-2026 00:46:05,08-12-2026 00:47:43
VDSL id,100,40,5,5,4,1,1,4,16,100,90,0.05,5,20,5,False,False,88.967,8,1500,1448,1448,0,27,13763.666666666666,545,1004,False,False,35.250,8,1500,1448,1424,0,27,18416.333333333332,47,565,60,948,5179,5387,5182,5392,1,18,51,08-12-2026 01:01:15,08-12-2026 01:02:53
VDSL id,100,40,5,5,4,1,1,4,16,100,90,0.05,5,20,5,False,False,88.938,8,1500,1448,1448,0,27,13684.555555555555,539,1002,False,False,35.183,8,1500,1448,1425,0,27,17999.333333333332,40,551,68,937,5187,5377,5187,5385,1,17,57,08-12-2026 01:11:21,08-12-2026 01:12:59
VDSL id,100,40,5,5,4,1,1,4,16,100,90,0.05,5,20,5,False,False,88.966,8,1500,1448,1448,0,27,13789.555555555555,514,1009,False,False,35.056,8,1500,1448,1425,0,27,18203.88888888889,31,631,44,938,5177,5434,5174,5422,1,17,88,08-12-2026 02:03:34,08-12-2026 02:05:12
VDSL id,100,40,5,5,4,1,1,4,16,100,90,0.05,5,20,5,False,False,88.967,8,1500,1448,1448,0,27,13877.666666666666,546,998,False,False,35.217,8,1500,1448,1424,0,27,18096,40,668,54,945,5179,5417,5177,5417,1,17,4,08-11-2026 23:42:04,08-11-2026 23:43:42
VDSL id,100,40,5,5,4,1,1,4,16,100,90,0.05,5,20,5,False,False,88.936,8,1500,1448,1448,0,27,13753.777777777777,549,987,False,False,35.434,8,1500,1448,1424,0,27,18536.444444444445,42,661,53,915,5185,5417,5184,5404,1,17,12,08-11-2026 23:55:33,08-11-2026 23:57:11
Fiber id,600,300,4,4,3,1,1,4,16,100,90,0.05,5,20,5,False,True,542.348,10,1500,1448,1448,2,33,10821.818181818182,839,1880,True,False,272.228,6,1500,1448,1425,0,33,10830.142857142857,+Inf,NaN,846,2044,5836,6732,5834,6749,14,30,79,08-12-2026 18:44:03,08-12-2026 18:45:20
Fiber id,600,300,4,4,3,1,1,4,16,100,90,0.05,5,20,5,False,False,542.374,11,1500,1448,1448,2,36,11047.333333333334,841,1819,True,False,272.453,6,1500,1448,1424,0,34,10882.714285714286,+Inf,NaN,810,1894,5849,6839,5850,6856,14,28,50,08-12-2026 18:02:30,08-12-2026 18:03:48
Fiber id,600,300,4,4,3,1,1,4,16,100,90,0.05,5,20,5,False,False,544.364,11,1500,1448,1448,3,36,10970.25,895,1866,True,False,272.206,6,1500,1448,1425,4,101,10578.57142857143,+Inf,NaN,863,1995,5835,6671,5834,6688,15,30,23,08-12-2026 17:23:11,08-12-2026 17:24:29
Fiber id,600,300,4,4,3,1,1,4,16,100,90,0.05,5,20,5,False,False,541.985,11,1500,1448,1448,3,36,10671.916666666666,897,1733,True,False,272.440,6,1500,1448,1424,0,32,10801.714285714286,+Inf,NaN,886,1878,5830,6726,5830,6722,15,28,68,08-12-2026 18:28:27,08-12-2026 18:29:45
Fiber id,600,300,4,4,3,1,1,4,16,100,90,0.05,5,20,5,False,False,542.204,11,1500,1448,1448,3,36,10943,806,1584,False,False,271.833,11,1500,1448,1425,0,67,11471.916666666666,679,2098,726,2047,5843,6837,5835,6741,12,30,92,08-12-2026 19:02:32,08-12-2026 19:04:06
Fiber id,600,300,4,4,3,1,1,4,16,100,90,0.05,5,20,5,False,True,542.254,10,1500,1448,1448,1,33,10271.454545454546,901,1759,True,False,272.458,6,1500,1448,1425,0,29,10694.57142857143,+Inf,NaN,896,1986,5838,6795,5830,6703,15,30,95,08-12-2026 19:07:05,08-12-2026 19:08:21
Fiber id,600,300,4,4,3,1,1,4,16,100,90,0.05,5,20,5,False,False,542.191,11,1500,1448,1448,5,36,10874.75,894,1654,False,False,271.367,11,1500,1448,1425,0,48,11402.75,730,1985,790,1931,5843,6785,5837,6807,14,28,46,08-12-2026 17:56:38,08-12-2026 17:58:12
Fiber id,600,300,4,4,3,1,1,4,16,100,90,0.05,5,20,5,False,False,542.147,11,1500,1448,1448,3,36,11162.083333333334,881,1750,True,False,272.406,6,1500,1448,1425,0,32,10588.714285714286,+Inf,NaN,864,1910,5849,6794,5849,6801,15,28,93,08-12-2026 19:04:08,08-12-2026 19:05:27
Fiber id,600,300,4,4,3,1,1,4,16,100,90,0.05,5,20,5,False,False,542.195,11,1500,1448,1448,1,36,10649.416666666666,858,1834,True,False,272.540,6,1500,1448,1424,0,35,10644.285714285714,+Inf,NaN,832,1961,5831,6816,5830,6826,14,29,17,08-12-2026 17:14:51,08-12-2026 17:16:09
Fiber id,600,300,4,4,3,1,1,4,16,100,90,0.05,5,20,5,False,False,542.319,11,1500,1448,1448,3,36,11366.583333333334,731,1674,True,False,272.518,6,1500,1448,1425,0,34,10773.42857142857,+Inf,NaN,726,1809,5829,6692,5829,6699,12,27,29,08-12-2026 17:32:02,08-12-2026 17:33:20
Fiber id,600,300,4,4,3,1,1,4,16,100,90,0.05,5,20,5,False,False,542.103,11,1500,1448,1448,3,36,10716.333333333334,910,1937,True,False,272.486,6,1500,1448,1425,0,31,10734,+Inf,NaN,883,2043,5834,6685,5824,6705,15,30,20,08-12-2026 17:18:53,08-12-2026 17:20:12
Fiber id,600,300,4,4,3,1,1,4,16,100,90,0.05,5,20,5,False,False,542.384,11,1500,1448,1448,2,36,11134.166666666666,757,2774,True,False,272.478,6,1500,1448,1424,0,38,10601.714285714286,+Inf,NaN,757,2697,5834,6712,5837,6731,13,40,31,08-12-2026 17:34:59,08-12-2026 17:36:17
Fiber id,600,300,4,4,3,1,1,4,16,100,90,0.05,5,20,5,False,False,542.339,11,1500,1448,1448,3,36,10683.166666666666,907,1736,False,False,271.225,11,1500,1448,1424,0,49,11228.333333333334,814,1919,849,1858,5855,6737,5851,6754,15,28,84,08-12-2026 18:50:59,08-12-2026 18:52:33
Fiber id,600,300,4,4,3,1,1,4,16,100,90,0.05,5,20,5,False,False,542.237,11,1500,1448,1448,5,36,10810.416666666666,893,1624,True,False,272.446,6,1500,1448,1424,0,30,10686.142857142857,+Inf,NaN,886,1786,5837,6769,5835,6790,15,26,13,08-12-2026 17:09:27,08-12-2026 17:10:45
Fiber id,600,300,4,4,3,1,1,4,16,100,90,0.05,5,20,5,False,False,542.412,11,1500,1448,1448,2,36,10781.583333333334,851,1755,True,False,272.696,6,1500,1448,1425,0,37,10712.857142857143,+Inf,NaN,842,1873,5843,6734,5840,6753,14,28,62,08-12-2026 18:19:53,08-12-2026 18:21:11
Fiber id,600,300,4,4,3,1,1,4,16,100,90,0.05,5,20,5,False,False,542.772,11,1500,1448,1448,1,36,11003.833333333334,672,1620,True,False,272.795,6,1500,1448,1425,0,35,10739.142857142857,+Inf,NaN,676,1762,5839,6800,5839,6808,12,26,75,08-12-2026 18:38:25,08-12-2026 18:39:43
Fiber id,600,300,4,4,3,1,1,4,16,100,90,0.05,5,20,5,False,False,542.313,11,1500,1448,1448,1,36,10825,892,1838,True,False,272.704,6,1500,1448,1425,0,35,10653.857142857143,+Inf,NaN,878,1998,5841,6778,5841,6787,15,29,9,08-12-2026 17:03:48,08-12-2026 17:05:06
Fiber id,600,300,4,4,3,1,1,4,16,100,90,0.05,5,20,5,False,False,542.317,11,1500,1448,1448,1,36,10873.25,756,1667,True,False,272.356,6,1500,1448,1425,0,35,10675,+Inf,NaN,764,1818,5839,6760,5834,6670,13,27,44,08-12-2026 17:53:57,08-12-2026 17:55:15
Fiber id,600,300,4,4,3,1,1,4,16,100,90,0.05,5,20,5,False,False,542.457,11,1500,1448,1448,3,36,11188.916666666666,737,2135,False,False,271.478,11,1500,1448,1448,0,50,11184.833333333334,696,1975,717,2082,5828,6754,5824,6724,12,31,48,08-12-2026 17:59:35,08-12-2026 18:01:09
Fiber id,600,300,4,4,3,1,1,4,16,100,90,0.05,5,20,5,False,False,542.306,11,1500,1448,1448,2,36,10899.5,786,1786,True,False,272.375,6,1500,1448,1424,0,32,10841.714285714286,+Inf,NaN,785,1902,5831,6788,5825,6787,13,28,99,08-12-2026 19:12:43,08-12-2026 19:14:01
Fiber id,600,300,4,4,3,1,1,4,16,100,90,0.05,5,20,5,False,False,542.361,11,1500,1448,1448,2,36,10841.333333333334,855,1630,True,False,272.319,6,1500,1448,1425,0,34,10474,+Inf,NaN,841,1777,5838,6851,5842,6861,14,26,56,08-12-2026 18:11:06,08-12-2026 18:12:24
Fiber id,600,300,4,4,3,1,1,4,16,100,90,0.05,5,20,5,False,False,542.159,11,1500,1448,1448,2,36,11245.75,823,1817,False,False,271.328,11,1500,1448,1425,0,58,11261.583333333334,723,2016,759,1975,5844,6784,5843,6766,13,29,32,08-12-2026 17:36:20,08-12-2026 17:37:53
Fiber id,600,300,4,4,3,1,1,4,16,100,90,0.05,5,20,5,False,False,542.300,11,1500,1448,1448,3,36,11026.583333333334,830,1722,True,False,272.615,6,1500,1448,1425,0,29,10686.285714285714,+Inf,NaN,821,1846,5846,6792,5839,6815,14,27,78,08-12-2026 18:42:43,08-12-2026 18:44:01
Fiber id,600,300,4,4,3,1,1,4,16,100,90,0.05,5,20,5,False,False,542.065,11,1500,1448,1448,3,36,11225.666666666666,883,1680,True,False,272.414,6,1500,1448,1424,1,42,10627.57142857143,+Inf,NaN,867,1829,5836,6806,5834,6786,15,27,38,08-12-2026 17:45:25,08-12-2026 17:46:43
Fiber id,600,300,4,4,3,1,1,4,16,100,90,0.05,5,20,5,False,False,542.940,11,1500,1448,1448,4,36,11050.75,757,1880,False,False,271.280,11,1500,1448,1425,0,72,11110.916666666666,776,1970,756,1946,5839,6806,5837,6807,13,29,26,08-12-2026 17:27:29,08-12-2026 17:29:02
Fiber id,600,300,4,4,3,1,1,4,16,100,90,0.05,5,20,5,False,False,542.220,11,1500,1448,1448,1,36,11089.333333333334,788,1755,True,False,272.621,6,1500,1448,1424,0,30,10584,+Inf,NaN,786,1955,5842,6703,5837,6720,13,29,69,08-12-2026 18:29:48,08-12-2026 18:31:07
Fiber id,600,300,4,4,3,1,1,4,16,100,90,0.05,5,20,5,False,False,542.550,11,1500,1448,1448,3,36,11274.083333333334,749,1732,False,False,271.281,11,1500,1448,1425,0,56,11407.083333333334,688,2010,716,1943,5845,6771,5846,6789,12,29,34,08-12-2026 17:39:17,08-12-2026 17:40:51
Fiber id,600,300,4,4,3,1,1,4,16,100,90,0.05,5,20,5,False,False,542.493,11,1500,1448,1448,3,36,10628.5,762,1893,False,False,271.622,11,1500,1448,1425,0,56,11475.25,732,1982,740,1973,5841,6779,5837,6798,13,29,58,08-12-2026 18:14:03,08-12-2026 18:15:36
Fiber id,600,300,4,4,3,1,1,4,16,100,90,0.05,5,20,5,False,False,542.096,11,1500,1448,1448,3,36,10921.75,854,2046,False,False,271.178,11,1500,1448,1425,0,58,11392.666666666666,766,1881,795,1970,5826,6725,5820,6741,14,29,30,08-12-2026 17:33:23,08-12-2026 17:34:56
Fiber id,600,300,4,4,3,1,1,4,16,100,90,0.05,5,20,5,False,False,542.170,11,1500,1448,1448,3,36,11081.25,838,1665,True,False,272.542,6,1500,1448,1424,0,37,10472.285714285714,+Inf,NaN,817,1847,5830,6777,5831,6777,14,27,70,08-12-2026 18:31:09,08-12-2026 18:32:27
Fiber id,600,300,4,4,3,1,1,4,16,100,90,0.05,5,20,5,False,False,542.033,11,1500,1448,1448,2,36,11053.333333333334,770,1696,True,False,272.223,6,1500,1448,1425,1,32,10446.285714285714,+Inf,NaN,776,1798,5819,6779,5820,6793,13,26,24,08-12-2026 17:24:32,08-12-2026 17:25:50
Fiber id,600,300,4,4,3,1,1,4,16,100,90,0.05,5,20,5,False,False,543.968,11,1500,1448,1448,4,36,10882.083333333334,809,1503,True,False,272.481,6,1500,1448,1424,0,35,10538,+Inf,NaN,803,1749,5831,6835,5828,6848,14,26,52,08-12-2026 18:05:12,08-12-2026 18:06:30
Fiber id,600,300,4,4,3,1,1,4,16,100,90,0.05,5,20,5,False,False,542.853,11,1500,1448,1448,2,36,11091.416666666666,726,1713,True,False,272.449,6,1500,1448,1425,0,32,10695.142857142857,+Inf,NaN,723,1889,5830,6744,5832,6744,12,28,36,08-12-2026 17:42:30,08-12-2026 17:43:48
Fiber id,600,300,4,4,3,1,1,4,16,100,90,0.05,5,20,5,False,True,542.411,10,1500,1448,1448,2,33,11336.545454545454,872,1753,True,False,272.216,6,1500,1448,1425,1,35,10554.57142857143,+Inf,NaN,878,1946,5833,6648,5833,6648,15,29,2,08-12-2026 16:53:53,08-12-2026 16:55:09
Fiber id,600,300,4,4,3,1,1,4,16,100,90,0.05,5,20,5,False,False,542.336,11,1500,1448,1448,1,36,11203,747,1687,True,False,272.554,6,1500,1448,1424,0,38,11171.142857142857,+Inf,NaN,739,1867,5839,6729,5836,6761,13,28,5,08-12-2026 16:58:09,08-12-2026 16:59:27
Fiber id,600,300,4,4,3,1,1,4,16,100,90,0.05,5,20,5,False,False,542.331,11,1500,1448,1448,2,36,10668.583333333334,972,1919,False,False,271.427,11,1500,1448,1424,1,58,11148.75,728,1883,788,1921,5835,6735,5831,6737,14,29,89,08-12-2026 18:58:15,08-12-2026 18:59:48
Fiber id,600,300,4,4,3,1,1,4,16,100,90,0.05,5,20,5,False,False,542.250,11,1500,1448,1448,2,36,10966.833333333334,779,1703,True,False,272.649,6,1500,1448,1425,0,33,10684.714285714286,+Inf,NaN,777,1875,5840,6802,5833,6821,13,27,74,08-12-2026 18:37:04,08-12-2026 18:38:22
Fiber id,600,300,4,4,3,1,1,4,16,100,90,0.05,5,20,5,False,False,542.307,11,1500,1448,1448,2,36,10862.25,836,1752,True,False,272.390,6,1500,1448,1425,0,38,10123.857142857143,+Inf,NaN,828,1741,5830,6774,5827,6756,14,26,91,08-12-2026 19:01:12,08-12-2026 19:02:30
Fiber id,600,300,4,4,3,1,1,4,16,100,90,0.05,5,20,5,False,False,542.108,11,1500,1448,1448,2,36,10935.166666666666,842,1798,True,False,272.351,6,1500,1448,1425,0,32,10839.285714285714,+Inf,NaN,835,1908,5848,6830,5851,6842,14,28,53,08-12-2026 18:06:33,08-12-2026 18:07:51
Fiber id,600,300,4,4,3,1,1,4,16,100,90,0.05,5,20,5,False,False,542.466,11,1500,1448,1448,2,36,11344.25,747,1670,False,False,271.772,11,1500,1448,1424,0,49,11259.5,688,2043,711,1973,5829,6768,5828,6779,12,29,21,08-12-2026 17:20:14,08-12-2026 17:21:47
Fiber id,600,300,4,4,3,1,1,4,16,100,90,0.05,5,20,5,False,False,542.514,11,1500,1448,1448,2,36,10774.333333333334,697,2044,False,False,272.006,11,1500,1448,1425,10,78,11282,660,2048,675,2101,5843,6754,5841,6677,12,31,55,08-12-2026 18:09:30,08-12-2026 18:11:03
Fiber id,600,300,4,4,3,1,1,4,16,100,90,0.05,5,20,5,False,False,542.269,11,1500,1448,1448,0,36,11270.5,802,1737,True,False,272.619,6,1500,1448,1425,0,36,12010.857142857143,+Inf,NaN,798,1877,5841,6741,5838,6752,14,28,27,08-12-2026 17:29:05,08-12-2026 17:30:23
Fiber id,600,300,4,4,3,1,1,4,16,100,90,0.05,5,20,5,False,False,542.462,11,1500,1448,1448,3,36,10611.333333333334,924,2015,False,False,271.840,11,1500,1448,1425,0,48,11852.25,702,2033,761,2061,5833,6721,5832,6735,13,31,77,08-12-2026 18:41:07,08-12-2026 18:42:40
Fiber id,600,300,4,4,3,1,1,4,16,100,90,0.05,5,20,5,False,False,543.672,11,1500,1448,1448,3,36,11312.833333333334,694,1855,False,False,271.382,11,1500,1448,1425,1,56,11214.416666666666,747,2014,704,1988,5844,6822,5842,6842,12,29,85,08-12-2026 18:52:36,08-12-2026 18:54:09
Fiber id,600,300,4,4,3,1,1,4,16,100,90,0.05,5,20,5,False,False,542.320,11,1500,1448,1448,2,36,11258.25,784,1740,True,False,272.489,6,1500,1448,1424,0,32,10601.57142857143,+Inf,NaN,781,1882,5835,6748,5836,6734,13,28,86,08-12-2026 18:54:12,08-12-2026 18:55:30
Fiber id,600,300,4,4,3,1,1,4,16,100,90,0.05,5,20,5,False,False,542.478,11,1500,1448,1448,2,36,11265.916666666666,693,1758,True,False,272.189,6,1500,1448,1424,0,56,10714.285714285714,+Inf,NaN,689,1876,5841,6754,5845,6775,12,28,18,08-12-2026 17:16:12,08-12-2026 17:17:30
Fiber id,600,300,4,4,3,1,1,4,16,100,90,0.05,5,20,5,False,False,542.273,11,1500,1448,1448,2,36,11065,797,1619,True,False,272.684,6,1500,1448,1425,0,38,10765,+Inf,NaN,793,1799,5849,6842,5849,6854,14,26,22,08-12-2026 17:21:50,08-12-2026 17:23:09
Fiber id,600,300,4,4,3,1,1,4,16,100,90,0.05,5,20,5,False,False,542.561,11,1500,1448,1448,1,36,11159.083333333334,826,1790,False,False,271.422,11,1500,1448,1424,2,171,11267.5,728,2062,765,2024,5839,6713,5834,6730,13,30,81,08-12-2026 18:46:43,08-12-2026 18:48:17
Fiber id,600,300,4,4,3,1,1,4,16,100,90,0.05,5,20,5,False,False,541.084,11,1500,1448,1448,2,36,10649.166666666666,963,1633,True,False,272.728,6,1500,1448,1425,0,30,10649,+Inf,NaN,937,1815,5837,6727,5837,6741,16,27,64,08-12-2026 18:22:35,08-12-2026 18:23:53
Fiber id,600,300,4,4,3,1,1,4,16,100,90,0.05,5,20,5,False,False,542.345,11,1500,1448,1448,0,36,10976.75,808,1899,True,False,272.629,6,1500,1448,1424,0,33,10811,+Inf,NaN,806,2046,5842,6615,5839,6540,14,31,7,08-12-2026 17:01:06,08-12-2026 17:02:24
Fiber id,600,300,4,4,3,1,1,4,16,100,90,0.05,5,20,5,False,False,542.262,11,1500,1448,1448,2,36,10763.916666666666,817,1893,True,False,272.682,6,1500,1448,1424,0,34,10689.142857142857,+Inf,NaN,817,2018,5832,6742,5833,6766,14,30,76,08-12-2026 18:39:45,08-12-2026 18:41:04
Fiber id,600,300,4,4,3,1,1,4,16,100,90,0.05,5,20,5,False,False,542.364,11,1500,1448,1448,3,36,10584.5,981,1940,True,False,272.513,6,1500,1448,1425,0,32,10754,+Inf,NaN,925,2074,5843,6639,5843,6681,16,31,98,08-12-2026 19:11:22,08-12-2026 19:12:40
Fiber id,600,300,4,4,3,1,1,4,16,100,90,0.05,5,20,5,False,False,542.458,11,1500,1448,1448,5,36,11651.666666666666,876,1684,True,False,272.550,6,1500,1448,1424,0,33,10843.714285714286,+Inf,NaN,861,1879,5846,6806,5846,6823,15,28,19,08-12-2026 17:17:32,08-12-2026 17:18:51
Fiber id,600,300,4,4,3,1,1,4,16,100,90,0.05,5,20,5,False,False,542.388,11,1500,1448,1448,2,36,11372.333333333334,706,1683,False,False,271.256,11,1500,1448,1425,0,53,11311.5,687,2027,698,1973,5840,6685,5840,6651,12,30,28,08-12-2026 17:30:26,08-12-2026 17:31:59
Fiber id,600,300,4,4,3,1,1,4,16,100,90,0.05,5,20,5,False,False,541.394,11,1500,1448,1448,2,36,11548.166666666666,680,1803,False,False,271.375,11,1500,1448,1424,0,49,11209.5,693,2062,682,1985,5835,6702,5836,6703,12,30,67,08-12-2026 18:26:51,08-12-2026 18:28:24
Fiber id,600,300,4,4,3,1,1,4,16,100,90,0.05,5,20,5,False,True,542.150,11,1500,1448,1448,2,33,11049.90909090909,903,1823,False,False,271.344,11,1500,1448,1424,0,49,11172.75,726,2061,759,2044,5837,6756,5839,6773,13,30,61,08-12-2026 18:18:19,08-12-2026 18:19:50
Fiber id,600,300,4,4,3,1,1,4,16,100,90,0.05,5,20,5,False,True,542.404,11,1500,1448,1448,4,33,11093,920,1904,True,False,272.592,6,1500,1448,1425,0,28,10580.285714285714,+Inf,NaN,904,2105,5842,6690,5833,6719,15,31,1,08-12-2026 16:52:34,08-12-2026 16:53:50
Fiber id,600,300,4,4,3,1,1,4,16,100,90,0.05,5,20,5,False,True,542.502,10,1500,1448,1448,4,33,10748.727272727272,832,1854,False,False,271.486,11,1500,1448,1424,0,53,11491.75,680,2041,714,2014,5852,6778,5852,6757,12,30,66,08-12-2026 18:25:17,08-12-2026 18:26:48
Fiber id,600,300,4,4,3,1,1,4,16,100,90,0.05,5,20,5,False,True,542.275,10,1500,1448,1448,2,33,10815,888,1927,True,False,272.421,6,1500,1448,1424,0,29,10584.857142857143,+Inf,NaN,886,2072,5839,6815,5843,6829,15,30,40,08-12-2026 17:48:06,08-12-2026 17:49:23
Fiber id,600,300,4,4,3,1,1,4,16,100,90,0.05,5,20,5,False,False,542.631,11,1500,1448,1448,1,36,10960.25,780,1885,False,False,271.033,11,1500,1448,1424,0,55,11211.583333333334,702,2052,729,2024,5836,6648,5829,6674,13,30,73,08-12-2026 18:35:27,08-12-2026 18:37:01
Fiber id,600,300,4,4,3,1,1,4,16,100,90,0.05,5,20,5,False,True,542.316,10,1500,1448,1448,1,33,11117.363636363636,808,1753,True,False,272.331,6,1500,1448,1424,0,39,10867.285714285714,+Inf,NaN,805,1976,5840,6599,5836,6632,14,30,49,08-12-2026 18:01:11,08-12-2026 18:02:28
Fiber id,600,300,4,4,3,1,1,4,16,100,90,0.05,5,20,5,False,True,542.010,10,1500,1448,1448,2,33,11025.272727272728,896,1548,True,False,272.439,6,1500,1448,1424,0,45,10641.142857142857,+Inf,NaN,892,1873,5829,6652,5826,6663,15,28,60,08-12-2026 18:17:00,08-12-2026 18:18:16
Fiber id,600,300,4,4,3,1,1,4,16,100,90,0.05,5,20,5,False,False,542.259,11,1500,1448,1448,4,36,11285.75,763,1660,False,False,271.021,11,1500,1448,1425,0,47,11301.166666666666,696,2023,726,1962,5840,6770,5832,6790,12,29,41,08-12-2026 17:49:25,08-12-2026 17:50:59
Fiber id,600,300,4,4,3,1,1,4,16,100,90,0.05,5,20,5,False,False,542.191,11,1500,1448,1448,3,36,11082.75,854,1678,True,False,272.411,6,1500,1448,1425,0,32,10554.285714285714,+Inf,NaN,834,1821,5845,6634,5841,6659,14,27,10,08-12-2026 17:05:09,08-12-2026 17:06:27
Fiber id,600,300,4,4,3,1,1,4,16,100,90,0.05,5,20,5,False,False,542.459,11,1500,1448,1448,2,36,11200.166666666666,748,1948,False,True,271.406,11,1500,1448,1425,0,47,11112.363636363636,735,2126,735,2062,5850,6679,5847,6684,13,31,37,08-12-2026 17:43:51,08-12-2026 17:45:22
Fiber id,600,300,4,4,3,1,1,4,16,100,90,0.05,5,20,5,False,False,542.251,11,1500,1448,1448,1,36,11196.083333333334,724,1651,False,False,271.222,11,1500,1448,1425,0,47,11405.75,682,2087,704,2020,5848,6845,5844,6851,12,29,100,08-12-2026 19:14:03,08-12-2026 19:15:37
Fiber id,600,300,4,4,3,1,1,4,16,100,90,0.05,5,20,5,False,False,542.406,11,1500,1448,1448,1,36,11226.666666666666,722,1791,False,False,271.976,11,1500,1448,1424,1,44,11277,715,2056,712,2000,5836,6758,5834,6769,12,30,35,08-12-2026 17:40:54,08-12-2026 17:42:27
Fiber id,600,300,4,4,3,1,1,4,16,100,90,0.05,5,20,5,False,False,542.381,11,1500,1448,1448,2,36,11047,741,1570,False,False,271.212,11,1500,1448,1425,0,47,11123,800,1899,750,1816,5855,6755,5851,6697,13,27,11,08-12-2026 17:06:30,08-12-2026 17:08:03
Fiber id,600,300,4,4,3,1,1,4,16,100,90,0.05,5,20,5,False,False,542.266,11,1500,1448,1448,3,36,11005.333333333334,835,1663,False,False,271.700,11,1500,1448,1425,0,60,11113.416666666666,680,2109,723,2016,5846,6683,5844,6701,12,30,94,08-12-2026 19:05:29,08-12-2026 19:07:02
Fiber id,600,300,4,4,3,1,1,4,16,100,90,0.05,5,20,5,False,False,542.407,11,1500,1448,1448,1,36,10752.583333333334,868,1863,True,False,272.771,6,1500,1448,1424,0,36,10935.57142857143,+Inf,NaN,850,1964,5854,6733,5849,6758,15,29,87,08-12-2026 18:55:33,08-12-2026 18:56:51
Fiber id,600,300,4,4,3,1,1,4,16,100,90,0.05,5,20,5,False,False,542.877,11,1500,1448,1448,2,36,10952,743,1794,True,False,272.497,6,1500,1448,1424,0,37,10476.857142857143,+Inf,NaN,737,1893,5847,6801,5849,6806,13,28,90,08-12-2026 18:59:51,08-12-2026 19:01:09
Fiber id,600,300,4,4,3,1,1,4,16,100,90,0.05,5,20,5,False,False,542.332,11,1500,1448,1448,3,36,11266.666666666666,735,1610,False,False,271.794,11,1500,1448,1424,0,60,11253.666666666666,725,1959,727,1868,5831,6809,5827,6773,12,28,6,08-12-2026 16:59:30,08-12-2026 17:01:03
Fiber id,600,300,4,4,3,1,1,4,16,100,90,0.05,5,20,5,False,False,542.227,11,1500,1448,1448,1,36,10765.75,800,1847,False,False,271.322,11,1500,1448,1425,0,50,11204.916666666666,669,2052,700,2030,5832,6765,5834,6783,12,30,25,08-12-2026 17:25:53,08-12-2026 17:27:26
Fiber id,600,300,4,4,3,1,1,4,16,100,90,0.05,5,20,5,False,False,542.377,11,1500,1448,1448,2,36,10836.25,816,2057,True,False,272.619,6,1500,1448,1424,0,30,10797.714285714286,+Inf,NaN,810,2118,5836,6713,5829,6699,14,32,65,08-12-2026 18:23:56,08-12-2026 18:25:14
Fiber id,600,300,4,4,3,1,1,4,16,100,90,0.05,5,20,5,False,False,542.220,11,1500,1448,1448,2,36,11056.833333333334,826,1684,False,False,271.853,11,1500,1448,1425,0,50,11637.5,629,1984,701,1902,5822,6738,5825,6746,12,28,54,08-12-2026 18:07:54,08-12-2026 18:09:27
Fiber id,600,300,4,4,3,1,1,4,16,100,90,0.05,5,20,5,False,False,542.536,11,1500,1448,1448,1,36,10772.666666666666,803,1738,True,False,272.297,6,1500,1448,1424,0,32,10855.57142857143,+Inf,NaN,801,1865,5818,6740,5818,6746,14,28,39,08-12-2026 17:46:46,08-12-2026 17:48:04
Fiber id,600,300,4,4,3,1,1,4,16,100,90,0.05,5,20,5,False,False,542.429,11,1500,1448,1448,2,36,11296.5,712,1708,False,False,272.128,11,1500,1448,1424,0,51,11083.833333333334,706,1944,700,1891,5836,6770,5837,6794,12,28,3,08-12-2026 16:55:12,08-12-2026 16:56:45
Fiber id,600,300,4,4,3,1,1,4,16,100,90,0.05,5,20,5,False,False,542.330,11,1500,1448,1448,3,36,10757,905,1806,False,False,271.462,11,1500,1448,1425,2,52,11151.5,725,2083,784,2039,5831,6750,5830,6766,13,30,97,08-12-2026 19:09:45,08-12-2026 19:11:19
Fiber id,600,300,4,4,3,1,1,4,16,100,90,0.05,5,20,5,False,False,542.351,11,1500,1448,1448,1,36,10880.416666666666,883,1755,True,False,272.542,6,1500,1448,1424,0,37,10823.142857142857,+Inf,NaN,864,1886,5826,6727,5826,6730,15,28,33,08-12-2026 17:37:56,08-12-2026 17:39:15
Fiber id,600,300,4,4,3,1,1,4,16,100,90,0.05,5,20,5,False,False,542.539,11,1500,1448,1448,4,36,11142.916666666666,734,1870,True,False,272.537,6,1500,1448,1424,4,43,10486,+Inf,NaN,742,1979,5842,6878,5845,6890,13,29,47,08-12-2026 17:58:14,08-12-2026 17:59:33
Fiber id,600,300,4,4,3,1,1,4,16,100,90,0.05,5,20,5,False,False,541.873,11,1500,1448,1448,4,36,10709.916666666666,918,1743,True,False,272.423,6,1500,1448,1424,0,33,10619.714285714286,+Inf,NaN,884,1886,5831,6726,5829,6739,15,28,96,08-12-2026 19:08:24,08-12-2026 19:09:43
Fiber id,600,300,4,4,3,1,1,4,16,100,90,0.05,5,20,5,False,False,542.606,11,1500,1448,1448,1,36,11166.5,777,1811,False,False,271.461,11,1500,1448,1448,0,65,11426.5,660,1968,704,1927,5836,6723,5835,6742,12,29,72,08-12-2026 18:33:51,08-12-2026 18:35:25
Fiber id,600,300,4,4,3,1,1,4,16,100,90,0.05,5,20,5,False,False,542.104,11,1500,1448,1448,4,36,10591.083333333334,962,1691,True,False,272.390,6,1500,1448,1424,0,30,10557.714285714286,+Inf,NaN,953,1905,5842,6721,5841,6738,16,28,16,08-12-2026 17:13:30,08-12-2026 17:14:48
Fiber id,600,300,4,4,3,1,1,4,16,100,90,0.05,5,20,5,False,False,542.422,11,1500,1448,1448,1,36,11108.75,607,1956,True,False,272.724,6,1500,1448,1424,0,40,10897.857142857143,+Inf,NaN,643,2064,5839,6764,5837,6779,11,30,8,08-12-2026 17:02:27,08-12-2026 17:03:45
Fiber id,600,300,4,4,3,1,1,4,16,100,90,0.05,5,20,5,False,False,542.304,11,1500,1448,1448,1,36,10665.833333333334,931,1772,True,False,272.498,6,1500,1448,1425,0,105,10736.857142857143,+Inf,NaN,907,1904,5843,6772,5842,6783,16,28,14,08-12-2026 17:10:48,08-12-2026 17:12:06
Fiber id,600,300,4,4,3,1,1,4,16,100,90,0.05,5,20,5,False,True,542.144,11,1500,1448,1448,3,33,10784.636363636364,930,1652,True,False,272.507,6,1500,1448,1425,0,52,10489.42857142857,+Inf,NaN,934,1827,5839,6778,5840,6796,16,27,82,08-12-2026 18:48:20,08-12-2026 18:49:36
Fiber id,600,300,4,4,3,1,1,4,16,100,90,0.05,5,20,5,False,False,542.290,11,1500,1448,1448,1,36,11085.25,778,2320,True,False,272.776,6,1500,1448,1425,0,32,10739.714285714286,+Inf,NaN,765,2414,5833,6806,5830,6776,13,36,45,08-12-2026 17:55:17,08-12-2026 17:56:36
Fiber id,600,300,4,4,3,1,1,4,16,100,90,0.05,5,20,5,False,True,542.770,11,1500,1448,1448,2,33,10429.636363636364,969,1915,False,False,271.517,11,1500,1448,1425,0,50,10881.5,907,1795,921,1840,5834,6723,5833,6745,16,27,43,08-12-2026 17:52:22,08-12-2026 17:53:54
Fiber id,600,300,4,4,3,1,1,4,16,100,90,0.05,5,20,5,False,False,542.055,11,1500,1448,1448,4,36,11012,889,1800,True,False,272.435,6,1500,1448,1424,0,35,10511.714285714286,+Inf,NaN,867,1922,5837,6621,5830,6669,15,29,83,08-12-2026 18:49:38,08-12-2026 18:50:57
Fiber id,600,300,4,4,3,1,1,4,16,100,90,0.05,5,20,5,False,False,542.308,11,1500,1448,1448,1,36,11104,805,1923,True,False,272.614,6,1500,1448,1424,0,35,10699,+Inf,NaN,788,2035,5835,6750,5842,6768,13,30,63,08-12-2026 18:21:14,08-12-2026 18:22:32
Fiber id,600,300,4,4,3,1,1,4,16,100,90,0.05,5,20,5,False,False,541.651,11,1500,1448,1448,0,36,10817.333333333334,896,1744,True,False,272.564,6,1500,1448,1425,0,34,10651.285714285714,+Inf,NaN,857,1920,5836,6748,5835,6767,15,28,80,08-12-2026 18:45:22,08-12-2026 18:46:41
Fiber id,600,300,4,4,3,1,1,4,16,100,90,0.05,5,20,5,False,False,542.485,11,1500,1448,1448,2,36,11260,731,2103,True,False,272.458,6,1500,1448,1424,0,45,10602,+Inf,NaN,729,2124,5843,6662,5843,6688,12,32,59,08-12-2026 18:15:39,08-12-2026 18:16:57
Fiber id,600,300,4,4,3,1,1,4,16,100,90,0.05,5,20,5,False,False,542.244,11,1500,1448,1448,5,36,10709.416666666666,857,1684,True,False,272.278,6,1500,1448,1424,3,33,10545.285714285714,+Inf,NaN,860,1931,5836,6754,5838,6752,15,29,15,08-12-2026 17:12:09,08-12-2026 17:13:27
Fiber id,600,300,4,4,3,1,1,4,16,100,90,0.05,5,20,5,False,False,542.361,11,1500,1448,1448,1,36,11103.833333333334,791,1834,True,False,272.336,6,1500,1448,1425,0,32,10654.285714285714,+Inf,NaN,781,1949,5851,6723,5845,6753,13,29,71,08-12-2026 18:32:30,08-12-2026 18:33:48
Fiber id,600,300,4,4,3,1,1,4,16,100,90,0.05,5,20,5,False,False,542.272,11,1500,1448,1448,3,36,11198.75,823,1657,True,False,272.274,6,1500,1448,1424,0,33,10608.142857142857,+Inf,NaN,810,1803,5839,6768,5836,6779,14,27,42,08-12-2026 17:51:01,08-12-2026 17:52:20
Fiber id,600,300,4,4,3,1,1,4,16,100,90,0.05,5,20,5,False,False,542.273,11,1500,1448,1448,4,36,11320.666666666666,752,1755,True,False,272.478,6,1500,1448,1425,0,31,10664.714285714286,+Inf,NaN,745,1911,5847,6773,5847,6787,13,28,51,08-12-2026 18:03:51,08-12-2026 18:05:09
Fiber id,600,300,4,4,3,1,1,4,16,100,90,0.05,5,20,5,False,False,542.330,11,1500,1448,1448,2,36,10932.833333333334,866,1853,False,False,271.709,11,1500,1448,1424,0,56,11089.166666666666,682,2018,761,1978,5842,6700,5838,6700,13,30,57,08-12-2026 18:12:27,08-12-2026 18:14:00
Fiber id,600,300,4,4,3,1,1,4,16,100,90,0.05,5,20,5,False,False,542.349,11,1500,1448,1448,1,36,11152.416666666666,782,1834,True,False,272.487,6,1500,1448,1425,0,32,10660,+Inf,NaN,774,1895,5835,6669,5836,6645,13,29,88,08-12-2026 18:56:54,08-12-2026 18:58:12
Fiber id,600,300,4,4,3,1,1,4,16,100,90,0.05,5,20,5,False,False,542.133,11,1500,1448,1448,5,36,10789,916,1745,True,False,272.644,6,1500,1448,1424,0,33,11130.142857142857,+Inf,NaN,891,1887,5839,6770,5840,6792,15,28,4,08-12-2026 16:56:48,08-12-2026 16:58:06
Fiber id,600,300,4,4,3,1,1,4,16,100,90,0.05,5,20,5,False,False,542.379,11,1500,1448,1448,3,36,11137.416666666666,768,1823,True,False,272.286,6,1500,1448,1424,0,34,10765,+Inf,NaN,770,1980,5835,6717,5838,6695,13,30,12,08-12-2026 17:08:06,08-12-2026 17:09:24
Fiber id,600,300,4,4,1,1,1,4,16,100,90,0.05,5,20,5,True,True,541.996,16,1500,1448,1448,1,48,11079.375,748,1201,True,True,270.524,16,1500,1448,1425,1,57,11980.75,509,1508,575,1373,5860,6689,5856,6714,10,20,79,08-12-2026 14:42:39,08-12-2026 14:43:27
Fiber id,600,300,4,4,1,1,1,4,16,100,90,0.05,5,20,5,True,True,543.355,16,1500,1448,1448,2,48,11134.1875,608,1754,True,True,273.198,16,1500,1448,1425,0,61,11830.75,550,1557,569,1654,5823,6676,5825,6699,10,25,50,08-12-2026 14:18:59,08-12-2026 14:19:48
Fiber id,600,300,4,4,1,1,1,4,16,100,90,0.05,5,20,5,True,True,541.999,16,1500,1448,1448,2,48,11203.0625,730,1318,True,True,272.088,12,1500,1448,1425,0,49,11649.307692307691,631,1988,678,1926,5841,6719,5839,6757,12,29,23,08-12-2026 13:56:38,08-12-2026 13:57:21
Fiber id,600,300,4,4,1,1,1,4,16,100,90,0.05,5,20,5,True,True,541.846,15,1500,1448,1448,2,45,10998.866666666667,826,1496,True,True,273.109,11,1500,1448,1424,0,44,11522.5,736,1929,790,1867,5835,6761,5834,6758,14,28,68,08-12-2026 14:33:58,08-12-2026 14:34:38
Fiber id,600,300,4,4,1,1,1,4,16,100,90,0.05,5,20,5,True,True,542.345,15,1500,1448,1448,3,45,11126.266666666666,691,1634,True,True,272.227,14,1500,1448,1424,0,60,11726.666666666666,525,1646,579,1652,5848,6735,5852,6753,10,24,92,08-12-2026 14:53:23,08-12-2026 14:54:06
Fiber id,600,300,4,4,1,1,1,4,16,100,90,0.05,5,20,5,True,True,542.084,12,1500,1448,1448,2,36,10887.75,820,1722,True,True,271.870,16,1500,1448,1424,0,73,11734.5625,519,1637,581,1684,5836,6720,5843,6692,10,25,95,08-12-2026 14:55:43,08-12-2026 14:56:25
Fiber id,600,300,4,4,1,1,1,4,16,100,90,0.05,5,20,5,True,True,542.273,16,1500,1448,1448,2,48,11223.75,596,1391,True,True,273.891,13,1500,1448,1425,0,47,11570,623,1805,615,1705,5831,6646,5831,6676,11,26,46,08-12-2026 14:15:38,08-12-2026 14:16:24
Fiber id,600,300,4,4,1,1,1,4,16,100,90,0.05,5,20,5,True,True,542.557,15,1500,1448,1448,1,48,11573.75,673,1433,True,True,271.295,10,1500,1448,1425,0,41,11256.09090909091,724,2206,686,2132,5845,6846,5836,6860,12,31,93,08-12-2026 14:54:09,08-12-2026 14:54:49
Fiber id,600,300,4,4,1,1,1,4,16,100,90,0.05,5,20,5,True,True,542.128,16,1500,1448,1448,1,48,10851.3125,785,1474,True,True,272.857,16,1500,1448,1425,0,54,11823.25,540,1559,591,1539,5836,6833,5840,6848,10,22,17,08-12-2026 13:51:50,08-12-2026 13:52:36
Fiber id,600,300,4,4,1,1,1,4,16,100,90,0.05,5,20,5,True,True,541.995,16,1500,1448,1448,2,48,11647.0625,581,1322,True,True,272.167,16,1500,1448,1424,0,59,11893.4375,555,1584,564,1471,5807,6700,5816,6688,10,22,29,08-12-2026 14:01:39,08-12-2026 14:02:28
Fiber id,600,300,4,4,1,1,1,4,16,100,90,0.05,5,20,5,True,True,542.178,12,1500,1448,1448,1,36,10792.333333333334,880,1735,True,False,271.789,16,1500,1448,1424,0,52,11585.375,562,1512,681,1692,5833,6813,5832,6827,12,25,20,08-12-2026 13:54:09,08-12-2026 13:54:54
Fiber id,600,300,4,4,1,1,1,4,16,100,90,0.05,5,20,5,True,True,542.024,16,1500,1448,1448,1,48,11227.4375,689,1477,True,True,272.480,12,1500,1448,1424,0,47,11567,627,1879,663,1783,5838,6484,5815,6482,11,28,31,08-12-2026 14:03:20,08-12-2026 14:04:05
Fiber id,600,300,4,4,1,1,1,4,16,100,90,0.05,5,20,5,True,True,541.596,16,1500,1448,1448,9,48,11869.875,635,1490,True,True,273.357,15,1500,1448,1424,0,50,11453.933333333332,579,1778,615,1713,5858,6877,5857,6886,11,25,84,08-12-2026 14:46:38,08-12-2026 14:47:25
Fiber id,600,300,4,4,1,1,1,4,16,100,90,0.05,5,20,5,True,False,541.773,16,1500,1448,1448,3,48,11569.3125,594,1430,True,True,271.021,15,1500,1448,1448,0,61,11670.1875,564,1647,624,1796,5826,6751,5823,6763,11,27,13,08-12-2026 13:48:22,08-12-2026 13:49:11
Fiber id,600,300,4,4,1,1,1,4,16,100,90,0.05,5,20,5,True,True,547.419,16,1500,1448,1448,3,48,11389.5,643,1693,True,True,272.524,13,1500,1448,1424,0,66,11533,606,1789,617,1750,5831,6681,5827,6685,11,26,62,08-12-2026 14:29:07,08-12-2026 14:29:51
Fiber id,600,300,4,4,1,1,1,4,16,100,90,0.05,5,20,5,True,True,542.523,13,1500,1448,1448,2,42,11564.57142857143,640,1550,True,True,274.696,15,1500,1448,1425,1,83,11503.5625,648,1555,642,1553,5848,6603,5847,6592,11,24,75,08-12-2026 14:39:34,08-12-2026 14:40:17
Fiber id,600,300,4,4,1,1,1,4,16,100,90,0.05,5,20,5,True,True,542.077,16,1500,1448,1448,1,48,11089.1875,755,1281,True,True,273.617,13,1500,1448,1424,0,49,11654.357142857143,617,1765,697,1642,5862,6761,5860,6808,12,24,9,08-12-2026 13:45:08,08-12-2026 13:45:52
Fiber id,600,300,4,4,1,1,1,4,16,100,90,0.05,5,20,5,True,True,542.633,12,1500,1448,1448,4,36,10913.833333333334,869,1902,True,True,272.021,16,1500,1448,1424,0,69,11820.875,562,1579,612,1772,5824,6465,5822,6468,11,27,44,08-12-2026 14:14:03,08-12-2026 14:14:45
Fiber id,600,300,4,4,1,1,1,4,16,100,90,0.05,5,20,5,True,True,541.866,16,1500,1448,1448,4,48,11242.75,640,1476,True,True,271.049,16,1500,1448,1425,0,60,11918.8125,502,1492,546,1483,5835,6692,5832,6705,9,22,48,08-12-2026 14:17:19,08-12-2026 14:18:09
Fiber id,600,300,4,4,1,1,1,4,16,100,90,0.05,5,20,5,True,True,541.614,12,1500,1448,1448,2,36,10902.416666666666,898,1803,True,True,272.757,10,1500,1448,1425,0,40,11343.727272727272,684,1987,762,1945,5836,6845,5834,6859,13,28,99,08-12-2026 14:58:59,08-12-2026 14:59:35
Fiber id,600,300,4,4,1,1,1,4,16,100,90,0.05,5,20,5,True,True,543.141,16,1500,1448,1448,1,48,11298.6875,684,1519,True,True,272.082,16,1500,1448,1425,0,63,12069.4375,527,1423,579,1471,5814,6773,5814,6776,10,22,56,08-12-2026 14:23:57,08-12-2026 14:24:44
Fiber id,600,300,4,4,1,1,1,4,16,100,90,0.05,5,20,5,True,False,542.442,16,1500,1448,1448,1,48,11546.125,610,1332,True,True,275.092,13,1500,1448,1424,0,59,11545.07142857143,635,1769,625,1566,5837,6700,5836,6749,11,23,32,08-12-2026 14:04:08,08-12-2026 14:04:55
Fiber id,600,300,4,4,1,1,1,4,16,100,90,0.05,5,20,5,True,True,542.286,16,1500,1448,1448,2,48,11319.5625,661,1280,True,True,274.867,13,1500,1448,1424,1,48,11680.714285714286,653,1767,658,1686,5835,6698,5839,6705,11,25,78,08-12-2026 14:41:52,08-12-2026 14:42:37
Fiber id,600,300,4,4,1,1,1,4,16,100,90,0.05,5,20,5,True,True,542.362,16,1500,1448,1448,2,48,11533.25,574,1395,True,True,272.080,14,1500,1448,1425,0,59,11616.8,620,1828,591,1728,5834,6660,5829,6690,10,26,38,08-12-2026 14:09:10,08-12-2026 14:09:56
Fiber id,600,300,4,4,1,1,1,4,16,100,90,0.05,5,20,5,True,False,541.970,16,1500,1448,1448,2,48,11453.875,598,1414,True,True,271.930,16,1500,1448,1425,0,58,12140.6875,582,1506,599,1511,5832,6705,5832,6705,10,23,26,08-12-2026 13:59:07,08-12-2026 13:59:59
Fiber id,600,300,4,4,1,1,1,4,16,100,90,0.05,5,20,5,True,True,542.514,16,1500,1448,1448,1,48,11483.3125,691,1554,True,True,271.181,16,1500,1448,1425,0,60,11957.625,521,1482,568,1518,5831,6764,5822,6786,10,22,69,08-12-2026 14:34:41,08-12-2026 14:35:28
Fiber id,600,300,4,4,1,1,1,4,16,100,90,0.05,5,20,5,True,False,541.935,16,1500,1448,1448,1,48,11916.375,580,1288,True,True,275.756,12,1500,1448,1425,0,48,11498.846153846154,627,1996,612,1747,5827,6689,5828,6688,10,26,34,08-12-2026 14:05:47,08-12-2026 14:06:33
Fiber id,600,300,4,4,1,1,1,4,16,100,90,0.05,5,20,5,True,True,542.813,16,1500,1448,1448,2,48,11402.5625,667,1408,True,False,271.853,16,1500,1448,1425,0,61,11599.8125,510,1574,593,1530,5816,6715,5813,6720,10,23,58,08-12-2026 14:25:37,08-12-2026 14:26:28
Fiber id,600,300,4,4,1,1,1,4,16,100,90,0.05,5,20,5,True,False,542.279,16,1500,1448,1448,6,48,11514.8125,633,1252,True,True,270.911,12,1500,1448,1425,1,55,11381.461538461539,666,1872,644,1625,5822,6791,5816,6773,11,24,30,08-12-2026 14:02:31,08-12-2026 14:03:17
Fiber id,600,300,4,4,1,1,1,4,16,100,90,0.05,5,20,5,True,True,542.325,12,1500,1448,1448,1,36,11209.75,699,1855,True,True,271.088,16,1500,1448,1424,0,54,12445.25,557,1533,591,1727,5831,6758,5820,6772,10,25,70,08-12-2026 14:35:31,08-12-2026 14:36:15
Fiber id,600,300,4,4,1,1,1,4,16,100,90,0.05,5,20,5,True,False,542.781,16,1500,1448,1448,1,48,11316.25,667,1353,True,True,270.816,16,1500,1448,1425,0,84,11484.125,660,1173,692,1554,5842,6441,5838,6461,12,24,24,08-12-2026 13:57:24,08-12-2026 13:58:16
Fiber id,600,300,4,4,1,1,1,4,16,100,90,0.05,5,20,5,True,True,542.111,16,1500,1448,1448,0,48,11297.625,716,1433,True,True,273.811,13,1500,1448,1425,0,54,11515.714285714286,633,1790,685,1700,5821,6745,5824,6778,12,25,52,08-12-2026 14:20:46,08-12-2026 14:21:30
Fiber id,600,300,4,4,1,1,1,4,16,100,90,0.05,5,20,5,True,True,541.860,16,1500,1448,1448,1,48,10780.9375,782,1408,True,True,270.586,16,1500,1448,1424,0,57,11742.125,509,1511,570,1505,5859,6572,5854,6605,10,23,36,08-12-2026 14:07:26,08-12-2026 14:08:17
Fiber id,600,300,4,4,1,1,1,4,16,100,90,0.05,5,20,5,True,True,542.774,16,1500,1448,1448,1,48,11351,628,1200,True,True,273.176,16,1500,1448,1425,0,62,11890.6875,520,1466,570,1316,5842,6737,5842,6702,10,20,2,08-12-2026 13:39:25,08-12-2026 13:40:15
Fiber id,600,300,4,4,1,1,1,4,16,100,90,0.05,5,20,5,True,True,542.574,12,1500,1448,1448,1,36,11007.916666666666,649,1799,True,True,272.914,12,1500,1448,1425,1,44,11296.461538461539,678,1956,660,1914,5837,6649,5834,6677,11,29,5,08-12-2026 13:41:52,08-12-2026 13:42:30
Fiber id,600,300,4,4,1,1,1,4,16,100,90,0.05,5,20,5,True,False,543.726,16,1500,1448,1448,10,48,11127.375,575,1308,True,True,272.750,12,1500,1448,1424,0,45,11128,863,1722,658,1735,5833,6750,5830,6748,11,26,89,08-12-2026 14:50:58,08-12-2026 14:51:44
Fiber id,600,300,4,4,1,1,1,4,16,100,90,0.05,5,20,5,True,True,542.031,11,1500,1448,1448,1,36,10868.916666666666,797,1748,True,True,271.523,13,1500,1448,1424,0,51,11714.285714285714,604,1836,647,1808,5852,6779,5847,6815,11,27,74,08-12-2026 14:38:52,08-12-2026 14:39:31
Fiber id,600,300,4,4,1,1,1,4,16,100,90,0.05,5,20,5,True,True,541.841,12,1500,1448,1448,2,39,10823.307692307691,833,1617,True,True,273.325,14,1500,1448,1425,0,52,11455.133333333333,642,1826,693,1780,5840,6730,5847,6732,12,26,91,08-12-2026 14:52:39,08-12-2026 14:53:21
Fiber id,600,300,4,4,1,1,1,4,16,100,90,0.05,5,20,5,True,False,541.939,16,1500,1448,1448,5,48,11155.875,720,1238,True,True,271.883,14,1500,1448,1424,0,53,11631.2,629,1670,726,1650,5821,6425,5815,6459,12,26,53,08-12-2026 14:21:33,08-12-2026 14:22:21
Fiber id,600,300,4,4,1,1,1,4,16,100,90,0.05,5,20,5,True,False,542.304,16,1500,1448,1448,0,48,11227.8125,739,1228,True,True,272.611,16,1500,1448,1425,0,57,11924.25,550,1503,655,1596,5840,6743,5837,6767,11,24,21,08-12-2026 13:54:57,08-12-2026 13:55:48
Fiber id,600,300,4,4,1,1,1,4,16,100,90,0.05,5,20,5,True,True,542.291,11,1500,1448,1448,2,36,10629.75,935,1699,True,True,270.583,16,1500,1448,1425,0,60,11762.1875,523,1587,561,1655,5836,6728,5828,6756,10,25,55,08-12-2026 14:23:12,08-12-2026 14:23:54
Fiber id,600,300,4,4,1,1,1,4,16,100,90,0.05,5,20,5,True,True,542.079,16,1500,1448,1448,0,48,11048.0625,675,1398,True,True,271.567,13,1500,1448,1425,0,53,11461.642857142857,585,1826,621,1716,5837,6792,5837,6816,11,25,27,08-12-2026 14:00:02,08-12-2026 14:00:46
Fiber id,600,300,4,4,1,1,1,4,16,100,90,0.05,5,20,5,True,True,543.212,14,1500,1448,1448,1,45,11249.533333333333,747,1597,True,True,271.379,16,1500,1448,1425,0,54,11393.125,640,1418,686,1503,5847,6780,5844,6780,12,22,77,08-12-2026 14:41:03,08-12-2026 14:41:49
Fiber id,600,300,4,4,1,1,1,4,16,100,90,0.05,5,20,5,True,True,541.933,16,1500,1448,1448,4,48,11258.5625,747,1175,True,True,272.598,16,1500,1448,1425,0,60,12112.9375,513,1462,551,1364,5837,6706,5842,6627,9,21,85,08-12-2026 14:47:28,08-12-2026 14:48:16
Fiber id,600,300,4,4,1,1,1,4,16,100,90,0.05,5,20,5,True,False,542.628,16,1500,1448,1448,2,48,11017.3125,751,1317,True,True,271.489,14,1500,1448,1424,0,81,11331.333333333334,708,1513,760,1581,5840,6786,5840,6784,13,23,86,08-12-2026 14:48:19,08-12-2026 14:49:07
Fiber id,600,300,4,4,1,1,1,4,16,100,90,0.05,5,20,5,True,True,541.654,12,1500,1448,1448,1,39,10540.615384615385,1012,1763,True,True,271.381,12,1500,1448,1425,1,46,11224.923076923076,668,1938,723,1915,5839,6664,5841,6704,12,29,18,08-12-2026 13:52:39,08-12-2026 13:53:18
Fiber id,600,300,4,4,1,1,1,4,16,100,90,0.05,5,20,5,True,True,541.793,13,1500,1448,1448,2,42,11290.07142857143,772,1548,True,True,271.849,16,1500,1448,1424,0,107,11799.25,552,1627,604,1629,5840,6768,5840,6763,10,24,22,08-12-2026 13:55:51,08-12-2026 13:56:35
Fiber id,600,300,4,4,1,1,1,4,16,100,90,0.05,5,20,5,True,True,541.903,12,1500,1448,1448,1,39,10949.538461538461,842,1769,True,True,271.992,16,1500,1448,1424,0,56,11844.0625,551,1636,614,1706,5846,6764,5850,6773,10,25,81,08-12-2026 14:44:18,08-12-2026 14:45:00
Fiber id,600,300,4,4,1,1,1,4,16,100,90,0.05,5,20,5,True,True,541.995,16,1500,1448,1448,3,48,11450.4375,662,1366,True,False,270.370,16,1500,1448,1424,0,54,12151.4375,513,1415,557,1541,5834,6710,5837,6729,10,23,64,08-12-2026 14:30:35,08-12-2026 14:31:27
Fiber id,600,300,4,4,1,1,1,4,16,100,90,0.05,5,20,5,True,False,542.682,16,1500,1448,1448,1,48,11094.4375,737,1306,True,True,272.102,16,1500,1448,1425,1,57,11992.375,523,1562,572,1501,5844,6834,5854,6846,10,22,7,08-12-2026 13:43:21,08-12-2026 13:44:12
Fiber id,600,300,4,4,1,1,1,4,16,100,90,0.05,5,20,5,True,True,542.050,15,1500,1448,1448,0,48,11211.4375,776,1386,True,True,272.448,10,1500,1448,1424,1,48,11406.818181818182,735,2080,755,2017,5844,6703,5849,6730,13,30,76,08-12-2026 14:40:20,08-12-2026 14:41:00
Fiber id,600,300,4,4,1,1,1,4,16,100,90,0.05,5,20,5,True,True,541.982,13,1500,1448,1448,1,42,10748.857142857143,900,1803,True,True,271.873,16,1500,1448,1425,0,62,11908.375,499,1609,571,1714,5826,6873,5834,6886,10,25,98,08-12-2026 14:58:13,08-12-2026 14:58:56
Fiber id,600,300,4,4,1,1,1,4,16,100,90,0.05,5,20,5,True,True,542.180,16,1500,1448,1448,1,48,10997.8125,787,1456,True,True,271.877,14,1500,1448,1425,0,54,11677.333333333334,567,1734,625,1659,5832,6734,5830,6759,11,25,19,08-12-2026 13:53:21,08-12-2026 13:54:06
Fiber id,600,300,4,4,1,1,1,4,16,100,90,0.05,5,20,5,True,True,542.615,16,1500,1448,1448,2,48,11392.5625,717,1259,True,True,270.725,16,1500,1448,1425,0,59,11977.125,533,1530,596,1438,5831,6709,5834,6720,10,21,28,08-12-2026 14:00:49,08-12-2026 14:01:36
Fiber id,600,300,4,4,1,1,1,4,16,100,90,0.05,5,20,5,True,True,542.682,16,1500,1448,1448,4,48,11029.875,749,1357,True,False,267.600,16,1500,1448,1425,0,60,11888.1875,527,1497,576,1869,5824,6730,5825,6717,10,28,67,08-12-2026 14:33:04,08-12-2026 14:33:55
Fiber id,600,300,4,4,1,1,1,4,16,100,90,0.05,5,20,5,True,False,542.260,16,1500,1448,1448,0,48,11393.3125,602,1361,True,True,271.545,16,1500,1448,1424,1,66,12102,463,1523,533,1487,5838,6595,5849,6626,9,22,61,08-12-2026 14:28:13,08-12-2026 14:29:04
Fiber id,600,300,4,4,1,1,1,4,16,100,90,0.05,5,20,5,True,True,542.010,16,1500,1448,1448,3,48,11057.8125,697,1233,True,False,271.349,16,1500,1448,1424,1,60,11811.625,550,1539,612,1913,5848,6794,5858,6805,10,28,1,08-12-2026 13:38:31,08-12-2026 13:39:22
Fiber id,600,300,4,4,1,1,1,4,16,100,90,0.05,5,20,5,True,True,541.840,14,1500,1448,1448,1,45,11171.533333333333,818,1447,True,True,270.520,16,1500,1448,1425,0,55,11611.4375,633,1480,683,1466,5827,6731,5845,6742,12,22,66,08-12-2026 14:32:16,08-12-2026 14:33:01
Fiber id,600,300,4,4,1,1,1,4,16,100,90,0.05,5,20,5,True,True,541.980,15,1500,1448,1448,2,45,11239.2,671,1675,True,False,270.207,16,1500,1448,1425,0,69,11972.0625,523,1411,580,1837,5833,6743,5828,6758,10,27,40,08-12-2026 14:10:52,08-12-2026 14:11:40
Fiber id,600,300,4,4,1,1,1,4,16,100,90,0.05,5,20,5,True,True,542.512,16,1500,1448,1448,2,48,11355.9375,578,1340,True,True,273.760,12,1500,1448,1425,0,58,11414.5,707,2016,647,1907,5841,6784,5839,6806,11,28,73,08-12-2026 14:38:05,08-12-2026 14:38:49
Fiber id,600,300,4,4,1,1,1,4,16,100,90,0.05,5,20,5,True,False,542.449,16,1500,1448,1448,5,48,10808.5625,708,1730,True,True,272.891,10,1500,1448,1424,0,39,11310.181818181818,719,2200,748,2075,5840,6547,5821,6603,13,31,49,08-12-2026 14:18:12,08-12-2026 14:18:56
Fiber id,600,300,4,4,1,1,1,4,16,100,90,0.05,5,20,5,True,True,540.521,16,1500,1448,1448,1,48,11564.6875,577,1414,True,False,272.229,16,1500,1448,1425,0,58,11797.3125,530,1505,575,1811,5818,6707,5817,6715,10,27,60,08-12-2026 14:27:19,08-12-2026 14:28:10
Fiber id,600,300,4,4,1,1,1,4,16,100,90,0.05,5,20,5,True,True,541.762,12,1500,1448,1448,2,36,10734.333333333334,964,1666,True,True,271.083,16,1500,1448,1424,0,53,11652,538,1534,607,1615,5816,6695,5813,6704,10,24,41,08-12-2026 14:11:43,08-12-2026 14:12:26
Fiber id,600,300,4,4,1,1,1,4,16,100,90,0.05,5,20,5,True,False,541.995,16,1500,1448,1448,1,48,10838.5625,732,1214,True,True,270.232,16,1500,1448,1424,1,77,11951.625,541,1549,698,1651,5853,6560,5852,6607,12,25,10,08-12-2026 13:45:55,08-12-2026 13:46:46
Fiber id,600,300,4,4,1,1,1,4,16,100,90,0.05,5,20,5,True,True,542.173,15,1500,1448,1448,2,45,11473.933333333332,688,1732,True,True,271.843,16,1500,1448,1424,0,53,11725.6875,532,1531,585,1625,5822,6723,5820,6704,10,24,37,08-12-2026 14:08:20,08-12-2026 14:09:07
Fiber id,600,300,4,4,1,1,1,4,16,100,90,0.05,5,20,5,True,True,541.815,16,1500,1448,1448,2,48,11204.8125,682,1555,True,True,271.829,16,1500,1448,1425,0,66,11600.4375,508,1479,546,1528,5846,6778,5853,6790,9,23,100,08-12-2026 14:59:38,08-12-2026 15:00:28
Fiber id,600,300,4,4,1,1,1,4,16,100,90,0.05,5,20,5,True,True,542.353,16,1500,1448,1448,2,48,11438.625,667,1331,True,True,269.046,16,1500,1448,1424,1,65,11602.3125,551,1379,591,1367,5850,6491,5840,6572,10,21,35,08-12-2026 14:06:35,08-12-2026 14:07:23
Fiber id,600,300,4,4,1,1,1,4,16,100,90,0.05,5,20,5,True,True,541.915,12,1500,1448,1448,1,36,10615.916666666666,1009,1704,True,True,270.867,16,1500,1448,1424,0,69,11544.3125,583,1352,630,1613,5837,6674,5850,6699,11,24,11,08-12-2026 13:46:49,08-12-2026 13:47:33
Fiber id,600,300,4,4,1,1,1,4,16,100,90,0.05,5,20,5,True,True,541.807,12,1500,1448,1448,1,39,10830.846153846154,918,1862,True,True,268.612,16,1500,1448,1425,0,55,11935.9375,552,1469,588,1692,5833,6749,5834,6743,10,25,94,08-12-2026 14:54:52,08-12-2026 14:55:40
Fiber id,600,300,4,4,1,1,1,4,16,100,90,0.05,5,20,5,True,True,542.084,16,1500,1448,1448,1,48,11182.875,730,1298,True,True,271.234,16,1500,1448,1424,1,59,11783.8125,588,1631,639,1550,5833,6823,5848,6827,11,23,87,08-12-2026 14:49:10,08-12-2026 14:49:59
Fiber id,600,300,4,4,1,1,1,4,16,100,90,0.05,5,20,5,True,True,542.620,16,1500,1448,1448,1,48,11300.4375,655,1398,True,True,271.616,16,1500,1448,1424,0,60,11968,492,1466,550,1436,5851,6747,5846,6767,9,21,90,08-12-2026 14:51:47,08-12-2026 14:52:37
Fiber id,600,300,4,4,1,1,1,4,16,100,90,0.05,5,20,5,True,True,542.622,16,1500,1448,1448,2,48,11482.625,637,1558,True,True,272.784,13,1500,1448,1425,0,48,11774,603,1736,618,1681,5834,6759,5832,6744,11,25,6,08-12-2026 13:42:33,08-12-2026 13:43:18
Fiber id,600,300,4,4,1,1,1,4,16,100,90,0.05,5,20,5,True,True,542.508,15,1500,1448,1448,0,45,11491.866666666667,613,1888,True,True,271.350,16,1500,1448,1424,0,55,11894.125,517,1518,564,1721,5835,6799,5835,6804,10,25,25,08-12-2026 13:58:18,08-12-2026 13:59:05
Fiber id,600,300,4,4,1,1,1,4,16,100,90,0.05,5,20,5,True,True,542.193,12,1500,1448,1448,1,36,11151.5,684,1809,True,True,271.731,16,1500,1448,1424,1,58,11741.3125,553,1554,601,1699,5854,6766,5857,6771,10,25,65,08-12-2026 14:31:30,08-12-2026 14:32:13
Fiber id,600,300,4,4,1,1,1,4,16,100,90,0.05,5,20,5,True,True,541.953,16,1500,1448,1448,1,48,11054.1875,774,1290,True,True,272.203,12,1500,1448,1425,0,46,11750.461538461539,620,1908,694,1809,5828,6767,5826,6796,12,27,54,08-12-2026 14:22:24,08-12-2026 14:23:09
Fiber id,600,300,4,4,1,1,1,4,16,100,90,0.05,5,20,5,True,False,542.433,16,1500,1448,1448,2,48,11374.3125,639,1358,True,True,269.912,16,1500,1448,1425,0,53,11825.75,532,1524,616,1483,5822,6602,5814,6644,11,22,39,08-12-2026 14:09:59,08-12-2026 14:10:49
Fiber id,600,300,4,4,1,1,1,4,16,100,90,0.05,5,20,5,True,True,542.525,12,1500,1448,1448,3,36,10308.666666666666,979,1790,True,True,271.218,16,1500,1448,1425,0,63,11771.3125,582,1510,639,1686,5841,6795,5841,6808,11,25,3,08-12-2026 13:40:17,08-12-2026 13:40:59
Fiber id,600,300,4,4,1,1,1,4,16,100,90,0.05,5,20,5,True,True,543.836,16,1500,1448,1448,1,48,11207.4375,725,1422,True,True,270.743,16,1500,1448,1424,1,74,11750.0625,512,1469,550,1469,5853,6786,5857,6794,9,22,97,08-12-2026 14:57:21,08-12-2026 14:58:10
Fiber id,600,300,4,4,1,1,1,4,16,100,90,0.05,5,20,5,True,False,542.477,16,1500,1448,1448,1,48,11255.6875,580,1145,True,True,271.794,12,1500,1448,1424,0,50,11479.384615384615,638,1880,651,1623,5844,6794,5843,6802,11,24,33,08-12-2026 14:04:58,08-12-2026 14:05:44
Fiber id,600,300,4,4,1,1,1,4,16,100,90,0.05,5,20,5,True,True,542.060,16,1500,1448,1448,0,48,11636.125,594,1456,True,True,271.921,16,1500,1448,1424,0,60,11762.9375,545,1595,567,1544,5821,6639,5807,6686,10,23,47,08-12-2026 14:16:26,08-12-2026 14:17:17
Fiber id,600,300,4,4,1,1,1,4,16,100,90,0.05,5,20,5,True,True,540.857,16,1500,1448,1448,1,48,12055.8125,518,1640,True,True,271.018,16,1500,1448,1424,0,63,12021.5625,501,1562,511,1607,5845,6732,5845,6679,9,24,96,08-12-2026 14:56:28,08-12-2026 14:57:18
Fiber id,600,300,4,4,1,1,1,4,16,100,90,0.05,5,20,5,True,True,542.364,16,1500,1448,1448,0,48,11519.75,661,1439,True,True,269.317,16,1500,1448,1425,0,56,12002.875,501,1418,544,1426,5842,6745,5842,6754,9,21,72,08-12-2026 14:37:14,08-12-2026 14:38:02
Fiber id,600,300,4,4,1,1,1,4,16,100,90,0.05,5,20,5,True,True,540.865,12,1500,1448,1448,0,36,11154.916666666666,781,1763,True,False,271.473,16,1500,1448,1448,0,53,12081.1875,509,1434,561,1840,5830,6697,5830,6732,10,27,16,08-12-2026 13:51:03,08-12-2026 13:51:48
Fiber id,600,300,4,4,1,1,1,4,16,100,90,0.05,5,20,5,True,True,542.277,16,1500,1448,1448,2,48,11409.5625,692,1269,True,True,269.911,16,1500,1448,1424,0,56,11681.5625,526,1521,579,1439,5829,6804,5829,6823,10,21,8,08-12-2026 13:44:15,08-12-2026 13:45:05
Fiber id,600,300,4,4,1,1,1,4,16,100,90,0.05,5,20,5,True,True,543.621,16,1500,1448,1448,1,48,11436.4375,586,1540,True,False,271.233,16,1500,1448,1425,0,55,11656,536,1505,585,1820,5842,6814,5851,6831,10,27,14,08-12-2026 13:49:14,08-12-2026 13:50:05
Fiber id,600,300,4,4,1,1,1,4,16,100,90,0.05,5,20,5,True,True,542.307,15,1500,1448,1448,1,48,11297.375,743,1530,True,True,269.390,16,1500,1448,1424,0,61,11776,509,1474,557,1514,5848,6753,5845,6790,10,22,82,08-12-2026 14:45:03,08-12-2026 14:45:51
Fiber id,600,300,4,4,1,1,1,4,16,100,90,0.05,5,20,5,True,True,542.360,16,1500,1448,1448,1,48,10726.375,760,1297,True,True,273.354,14,1500,1448,1424,1,62,11633.066666666668,551,1658,614,1592,5839,6725,5838,6725,11,24,45,08-12-2026 14:14:48,08-12-2026 14:15:35
Fiber id,600,300,4,4,1,1,1,4,16,100,90,0.05,5,20,5,True,True,542.237,16,1500,1448,1448,4,48,11034.3125,836,1375,True,True,271.320,16,1500,1448,1424,0,55,12175.3125,532,1459,569,1441,5807,6710,5808,6722,10,21,43,08-12-2026 14:13:13,08-12-2026 14:14:00
Fiber id,600,300,4,4,1,1,1,4,16,100,90,0.05,5,20,5,True,True,542.451,13,1500,1448,1448,1,42,11229,785,1647,True,True,272.460,13,1500,1448,1425,0,51,11537.357142857143,601,1822,676,1785,5851,6576,5851,6588,12,27,83,08-12-2026 14:45:54,08-12-2026 14:46:35
Fiber id,600,300,4,4,1,1,1,4,16,100,90,0.05,5,20,5,True,True,542.489,12,1500,1448,1448,1,36,10404.5,991,1670,True,True,272.626,13,1500,1448,1425,0,45,11323.92857142857,647,1874,711,1817,5840,6722,5838,6726,12,27,63,08-12-2026 14:29:53,08-12-2026 14:30:32
Fiber id,600,300,4,4,1,1,1,4,16,100,90,0.05,5,20,5,True,True,542.287,16,1500,1448,1448,0,48,11210.75,678,1334,True,True,270.390,15,1500,1448,1425,0,56,11777.666666666666,548,1637,604,1585,5832,6627,5832,6619,10,24,80,08-12-2026 14:43:30,08-12-2026 14:44:15
Fiber id,600,300,4,4,1,1,1,4,16,100,90,0.05,5,20,5,True,True,542.700,16,1500,1448,1448,2,48,10932.9375,848,1421,True,True,272.113,15,1500,1448,1424,0,79,11680.5625,541,1634,609,1582,5816,6716,5816,6728,10,24,59,08-12-2026 14:26:31,08-12-2026 14:27:16
Fiber id,600,300,4,4,1,1,1,4,16,100,90,0.05,5,20,5,True,False,541.862,16,1500,1448,1448,1,48,11393.625,628,1368,True,True,272.931,16,1500,1448,1425,0,55,11702.875,580,1364,601,1353,5843,6746,5842,6739,10,20,15,08-12-2026 13:50:08,08-12-2026 13:51:00
Fiber id,600,300,4,4,1,1,1,4,16,100,90,0.05,5,20,5,True,False,540.760,16,1500,1448,1448,4,48,11414.75,636,1242,True,False,270.790,16,1500,1448,1425,0,58,11832.75,541,1438,634,1697,5853,6555,5851,6536,11,26,71,08-12-2026 14:36:18,08-12-2026 14:37:11
Fiber id,600,300,4,4,1,1,1,4,16,100,90,0.05,5,20,5,True,True,542.993,12,1500,1448,1448,2,39,11439.692307692309,717,1762,True,True,273.075,15,1500,1448,1425,0,52,11441.1875,604,1753,647,1765,5821,6736,5809,6773,11,26,42,08-12-2026 14:12:29,08-12-2026 14:13:10
Fiber id,600,300,4,4,1,1,1,4,16,100,90,0.05,5,20,5,True,True,542.371,16,1500,1448,1448,2,48,10763,819,1298,True,False,272.495,16,1500,1448,1424,0,63,11771.5,514,1529,565,1887,5812,6664,5812,6508,10,29,51,08-12-2026 14:19:51,08-12-2026 14:20:43
Fiber id,600,300,4,4,1,1,1,4,16,100,90,0.05,5,20,5,True,True,541.815,15,1500,1448,1448,2,45,11292.4,846,1512,True,True,271.942,16,1500,1448,1425,0,56,11766.3125,503,1499,552,1513,5818,6620,5814,6649,9,23,57,08-12-2026 14:24:47,08-12-2026 14:25:34
Fiber id,600,300,4,4,1,1,1,4,16,100,90,0.05,5,20,5,True,False,542.388,16,1500,1448,1448,0,48,11080.125,755,1295,True,False,270.957,16,1500,1448,1425,1,69,11697.6875,553,1409,645,1581,5826,6724,5830,6745,11,23,88,08-12-2026 14:50:02,08-12-2026 14:50:55
Fiber id,600,300,4,4,1,1,1,4,16,100,90,0.05,5,20,5,True,False,542.090,16,1500,1448,1448,2,48,11073.25,700,1350,True,True,271.124,14,1500,1448,1425,1,81,10774.357142857143,940,1608,775,1620,5829,6753,5831,6768,13,24,4,08-12-2026 13:41:02,08-12-2026 13:41:49
Fiber id,600,300,4,4,1,1,1,4,16,100,90,0.05,5,20,5,True,True,542.095,16,1500,1448,1448,2,48,11542.5625,662,1386,True,True,272.463,12,1500,1448,1424,0,47,11872.692307692309,609,1794,647,1627,5837,6893,5838,6911,11,24,12,08-12-2026 13:47:36,08-12-2026 13:48:19
Fiber id,600,300,4,4,2,1,1,4,16,100,90,0.05,5,20,5,True,False,542.669,9,1500,1448,1448,1,30,10770.5,789,2062,True,False,272.042,9,1500,1448,1425,3,40,11088.8,738,2161,746,2109,5839,6812,5838,6799,13,31,79,08-12-2026 16:27:36,08-12-2026 16:28:34
Fiber id,600,300,4,4,2,1,1,4,16,100,90,0.05,5,20,5,True,False,542.219,9,1500,1448,1448,0,30,10997.8,706,1730,True,False,273.103,9,1500,1448,1425,0,37,11094.7,+Inf,NaN,683,1822,5839,6805,5832,6812,12,27,50,08-12-2026 15:55:38,08-12-2026 15:56:36
Fiber id,600,300,4,4,2,1,1,4,16,100,90,0.05,5,20,5,False,False,542.622,16,1500,1448,1448,2,48,11362.625,698,1350,True,False,271.986,9,1500,1448,1425,0,50,11157.5,748,2131,727,1915,5822,6808,5820,6818,12,28,23,08-12-2026 15:24:52,08-12-2026 15:26:05
Fiber id,600,300,4,4,2,1,1,4,16,100,90,0.05,5,20,5,True,False,542.696,9,1500,1448,1448,4,30,10792.2,933,1827,True,False,272.411,9,1500,1448,1425,0,39,11059.1,+Inf,NaN,838,1900,5829,6754,5834,6765,14,28,68,08-12-2026 16:14:50,08-12-2026 16:15:49
Fiber id,600,300,4,4,2,1,1,4,16,100,90,0.05,5,20,5,True,False,542.177,9,1500,1448,1448,2,30,11070.3,840,1862,True,False,272.318,9,1500,1448,1424,0,36,11003,+Inf,NaN,802,1914,5833,6807,5830,6817,14,28,92,08-12-2026 16:42:19,08-12-2026 16:43:17
Fiber id,600,300,4,4,2,1,1,4,16,100,90,0.05,5,20,5,True,False,544.179,9,1500,1448,1448,1,30,10832,+Inf,NaN,False,True,271.458,16,1500,1448,1425,0,55,11676.875,562,1587,572,1632,5832,6756,5831,6761,10,24,95,08-12-2026 16:45:31,08-12-2026 16:46:43
Fiber id,600,300,4,4,2,1,1,4,16,100,90,0.05,5,20,5,True,False,542.515,9,1500,1448,1448,4,30,11011,856,1693,True,False,272.105,9,1500,1448,1424,0,41,11070.5,825,2118,817,2048,5835,6788,5824,6789,14,30,46,08-12-2026 15:51:21,08-12-2026 15:52:19
Fiber id,600,300,4,4,2,1,1,4,16,100,90,0.05,5,20,5,True,False,542.414,9,1500,1448,1448,2,30,10622.7,939,1894,True,False,271.692,9,1500,1448,1424,1,50,10868.7,920,2025,897,1988,5838,6879,5835,6893,15,29,93,08-12-2026 16:43:20,08-12-2026 16:44:18
Fiber id,600,300,4,4,2,1,1,4,16,100,90,0.05,5,20,5,True,False,542.556,9,1500,1448,1448,1,30,10969.7,839,1761,True,False,271.302,9,1500,1448,1424,0,35,11225.6,733,2107,752,2028,5848,6782,5842,6753,13,30,17,08-12-2026 15:18:17,08-12-2026 15:19:15
Fiber id,600,300,4,4,2,1,1,4,16,100,90,0.05,5,20,5,False,True,541.432,14,1500,1448,1448,4,45,11316.933333333332,677,1476,False,False,270.633,16,1500,1448,1424,1,69,11855.0625,549,1543,600,1593,5842,6763,5842,6753,10,24,29,08-12-2026 15:31:42,08-12-2026 15:33:05
Fiber id,600,300,4,4,2,1,1,4,16,100,90,0.05,5,20,5,True,False,542.117,9,1500,1448,1448,1,30,10965.4,781,1772,True,False,272.870,9,1500,1448,1425,0,37,10990,+Inf,NaN,762,1811,5839,6742,5842,6744,13,27,20,08-12-2026 15:21:45,08-12-2026 15:22:43
Fiber id,600,300,4,4,2,1,1,4,16,100,90,0.05,5,20,5,False,True,542.088,16,1500,1448,1448,5,48,11165.8125,738,1529,True,False,271.690,9,1500,1448,1424,1,53,10797.4,1021,2001,781,1912,5838,6825,5836,6837,13,28,31,08-12-2026 15:34:09,08-12-2026 15:35:21
Fiber id,600,300,4,4,2,1,1,4,16,100,90,0.05,5,20,5,True,False,542.641,9,1500,1448,1448,1,30,10764.7,865,1836,True,False,272.664,9,1500,1448,1424,0,35,11165.8,+Inf,NaN,805,1842,5836,6821,5847,6832,14,27,84,08-12-2026 16:33:11,08-12-2026 16:34:09
Fiber id,600,300,4,4,2,1,1,4,16,100,90,0.05,5,20,5,True,False,542.649,9,1500,1448,1448,1,30,11020.7,787,1795,True,False,271.865,9,1500,1448,1425,0,37,11074.6,705,2218,714,2142,5836,6780,5834,6773,12,32,13,08-12-2026 15:14:01,08-12-2026 15:14:59
Fiber id,600,300,4,4,2,1,1,4,16,100,90,0.05,5,20,5,True,False,542.734,9,1500,1448,1448,1,30,10417,923,1965,True,False,272.513,9,1500,1448,1424,0,39,11308.8,745,2124,772,2059,5836,6757,5842,6767,13,30,62,08-12-2026 16:08:09,08-12-2026 16:09:07
Fiber id,600,300,4,4,2,1,1,4,16,100,90,0.05,5,20,5,True,False,542.649,9,1500,1448,1448,0,30,11170,933,2129,True,False,271.846,9,1500,1448,1425,0,39,11146.6,764,2100,797,2086,5837,6674,5836,6696,14,31,75,08-12-2026 16:22:52,08-12-2026 16:23:50
Fiber id,600,300,4,4,2,1,1,4,16,100,90,0.05,5,20,5,False,True,541.861,15,1500,1448,1448,3,45,11263.266666666666,755,1545,True,False,271.668,9,1500,1448,1448,0,43,11346.6,708,2202,731,2119,5848,6760,5840,6668,13,32,9,08-12-2026 15:09:48,08-12-2026 15:10:56
Fiber id,600,300,4,4,2,1,1,4,16,100,90,0.05,5,20,5,False,True,541.835,14,1500,1448,1448,0,45,11274.533333333333,752,1413,True,False,271.163,9,1500,1448,1425,0,37,11136.3,749,2160,743,2068,5842,6796,5839,6801,13,30,44,08-12-2026 15:49:09,08-12-2026 15:50:17
Fiber id,600,300,4,4,2,1,1,4,16,100,90,0.05,5,20,5,True,False,544.898,9,1500,1448,1448,1,30,10627.8,898,2033,True,False,272.634,9,1500,1448,1424,1,44,10978.7,891,2026,875,2018,5837,6730,5836,6741,15,30,48,08-12-2026 15:53:36,08-12-2026 15:54:34
Fiber id,600,300,4,4,2,1,1,4,16,100,90,0.05,5,20,5,True,False,542.376,9,1500,1448,1448,3,30,11300.3,741,1757,False,True,271.606,16,1500,1448,1425,0,66,11940.8125,560,1632,615,1675,5837,6815,5838,6812,11,25,99,08-12-2026 16:50:18,08-12-2026 16:51:30
Fiber id,600,300,4,4,2,1,1,4,16,100,90,0.05,5,20,5,True,False,542.203,9,1500,1448,1448,0,30,11178.3,776,2021,True,False,271.658,9,1500,1448,1425,0,36,11006.6,749,2124,738,2090,5826,6798,5828,6817,13,31,56,08-12-2026 16:01:43,08-12-2026 16:02:42
Fiber id,600,300,4,4,2,1,1,4,16,100,90,0.05,5,20,5,True,False,542.426,9,1500,1448,1448,1,30,11011.9,818,1942,True,False,272.072,9,1500,1448,1425,0,35,10968.2,741,2241,749,2170,5837,6756,5837,6770,13,32,32,08-12-2026 15:35:24,08-12-2026 15:36:22
Fiber id,600,300,4,4,2,1,1,4,16,100,90,0.05,5,20,5,False,False,542.205,16,1500,1448,1448,4,48,11664.1875,591,1560,False,False,270.729,16,1500,1448,1425,0,77,11804.1875,541,1569,590,1703,5843,6698,5847,6536,10,26,78,08-12-2026 16:26:05,08-12-2026 16:27:33
Fiber id,600,300,4,4,2,1,1,4,16,100,90,0.05,5,20,5,True,False,541.616,9,1500,1448,1448,6,31,10726.1,880,1794,False,True,271.271,14,1500,1448,1425,0,54,11396.133333333333,606,1751,657,1778,5824,6708,5828,6702,11,27,38,08-12-2026 15:41:43,08-12-2026 15:42:51
Fiber id,600,300,4,4,2,1,1,4,16,100,90,0.05,5,20,5,True,False,542.746,9,1500,1448,1448,2,30,10280,1033,1770,True,False,272.465,9,1500,1448,1425,0,38,11272.5,733,1980,796,1931,5846,6760,5852,6762,14,29,26,08-12-2026 15:28:25,08-12-2026 15:29:23
Fiber id,600,300,4,4,2,1,1,4,16,100,90,0.05,5,20,5,False,False,542.053,16,1500,1448,1448,6,48,11101.25,729,1246,True,False,272.016,9,1500,1448,1424,0,43,11355.4,735,2075,748,1838,5838,6758,5835,6765,13,27,69,08-12-2026 16:15:51,08-12-2026 16:17:04
Fiber id,600,300,4,4,2,1,1,4,16,100,90,0.05,5,20,5,True,False,542.390,9,1500,1448,1448,1,30,11185,756,1775,True,False,272.023,9,1500,1448,1424,0,36,11426.3,751,2130,740,2061,5843,6759,5835,6766,13,30,34,08-12-2026 15:37:25,08-12-2026 15:38:23
Fiber id,600,300,4,4,2,1,1,4,16,100,90,0.05,5,20,5,True,False,544.030,9,1500,1448,1448,0,30,10575.3,877,1969,True,False,271.769,9,1500,1448,1424,0,41,11261.7,758,2154,773,2089,5843,6714,5837,6748,13,31,58,08-12-2026 16:03:45,08-12-2026 16:04:43
Fiber id,600,300,4,4,2,1,1,4,16,100,90,0.05,5,20,5,True,False,542.536,9,1500,1448,1448,0,30,10454,963,1783,True,False,271.246,9,1500,1448,1425,0,35,11254.3,761,2145,788,2077,5832,6800,5833,6802,14,31,30,08-12-2026 15:33:08,08-12-2026 15:34:06
Fiber id,600,300,4,4,2,1,1,4,16,100,90,0.05,5,20,5,True,False,542.608,9,1500,1448,1448,0,30,10622.7,1023,1713,False,False,270.827,16,1500,1448,1424,0,60,11769.9375,571,1563,629,1690,5838,6789,5839,6800,11,25,70,08-12-2026 16:17:07,08-12-2026 16:18:21
Fiber id,600,300,4,4,2,1,1,4,16,100,90,0.05,5,20,5,True,False,542.427,9,1500,1448,1448,4,30,10409.8,1012,1961,False,False,271.135,16,1500,1448,1424,0,59,11814.0625,547,1523,597,1768,5833,6792,5834,6807,10,26,24,08-12-2026 15:26:08,08-12-2026 15:27:21
Fiber id,600,300,4,4,2,1,1,4,16,100,90,0.05,5,20,5,True,False,542.421,9,1500,1448,1448,2,30,10887.8,790,1816,True,False,271.998,9,1500,1448,1424,0,42,10926.6,748,2158,755,2059,5857,6882,5859,6904,13,30,52,08-12-2026 15:57:40,08-12-2026 15:58:38
Fiber id,600,300,4,4,2,1,1,4,16,100,90,0.05,5,20,5,True,False,542.666,9,1500,1448,1448,1,30,10369.8,1024,2149,True,False,271.930,9,1500,1448,1425,0,35,10837.6,731,2167,780,2164,5836,6791,5834,6806,13,32,36,08-12-2026 15:39:41,08-12-2026 15:40:39
Fiber id,600,300,4,4,2,1,1,4,16,100,90,0.05,5,20,5,True,False,542.513,9,1500,1448,1448,1,30,10409.7,990,1763,True,False,272.593,9,1500,1448,1425,0,39,11018.2,+Inf,NaN,884,1782,5847,6742,5842,6760,15,26,2,08-12-2026 15:01:31,08-12-2026 15:02:29
Fiber id,600,300,4,4,2,1,1,4,16,100,90,0.05,5,20,5,False,False,542.101,16,1500,1448,1448,2,48,11199.5625,710,1400,True,False,272.265,9,1500,1448,1424,1,43,11062.8,727,2164,715,1988,5835,6813,5830,6821,12,29,5,08-12-2026 15:04:44,08-12-2026 15:05:57
Fiber id,600,300,4,4,2,1,1,4,16,100,90,0.05,5,20,5,False,True,541.976,16,1500,1448,1448,2,48,11258.3125,660,1532,True,False,271.830,9,1500,1448,1425,0,44,11007.7,783,2151,693,2052,5845,6734,5843,6608,12,31,89,08-12-2026 16:38:50,08-12-2026 16:40:00
Fiber id,600,300,4,4,2,1,1,4,16,100,90,0.05,5,20,5,False,True,542.285,15,1500,1448,1448,1,45,11167.066666666668,710,1618,True,False,271.970,9,1500,1448,1425,1,132,11370.8,696,2164,700,2068,5841,6772,5837,6783,12,30,74,08-12-2026 16:21:41,08-12-2026 16:22:49
Fiber id,600,300,4,4,2,1,1,4,16,100,90,0.05,5,20,5,True,False,542.612,9,1500,1448,1448,0,30,10910.3,940,1845,False,True,270.863,16,1500,1448,1425,0,58,11822.75,535,1567,577,1694,5832,6686,5829,6655,10,25,91,08-12-2026 16:41:04,08-12-2026 16:42:16
Fiber id,600,300,4,4,2,1,1,4,16,100,90,0.05,5,20,5,True,False,542.623,9,1500,1448,1448,1,30,11022.6,800,1919,True,False,272.031,9,1500,1448,1425,0,45,10507.3,1073,1918,829,1899,5832,6826,5828,6824,14,28,53,08-12-2026 15:58:41,08-12-2026 15:59:39
Fiber id,600,300,4,4,2,1,1,4,16,100,90,0.05,5,20,5,True,False,542.534,9,1500,1448,1448,2,30,10609.2,996,1769,True,False,271.051,9,1500,1448,1425,0,35,11018.8,824,2160,855,2099,5837,6701,5850,6658,15,32,21,08-12-2026 15:22:46,08-12-2026 15:23:44
Fiber id,600,300,4,4,2,1,1,4,16,100,90,0.05,5,20,5,True,False,542.360,9,1500,1448,1448,1,30,11304,769,1910,True,False,272.002,9,1500,1448,1425,0,34,11029.5,781,2184,750,2110,5839,6707,5840,6711,13,31,55,08-12-2026 16:00:43,08-12-2026 16:01:41
Fiber id,600,300,4,4,2,1,1,4,16,100,90,0.05,5,20,5,True,False,541.721,9,1500,1448,1448,2,30,10896.5,902,1876,True,False,271.548,9,1500,1448,1425,0,56,10931.7,822,2138,843,2079,5836,6750,5835,6723,14,31,27,08-12-2026 15:29:25,08-12-2026 15:30:24
Fiber id,600,300,4,4,2,1,1,4,16,100,90,0.05,5,20,5,False,True,542.228,15,1500,1448,1448,4,45,10990.866666666667,781,1451,True,False,271.952,9,1500,1448,1424,0,39,11023.2,729,2189,756,2073,5847,6746,5846,6746,13,31,77,08-12-2026 16:24:54,08-12-2026 16:26:02
Fiber id,600,300,4,4,2,1,1,4,16,100,90,0.05,5,20,5,False,True,542.269,15,1500,1448,1448,2,45,11281.4,749,1468,True,False,271.601,9,1500,1448,1424,0,38,10899.2,821,2010,765,1928,5867,6668,5868,6598,13,29,85,08-12-2026 16:34:11,08-12-2026 16:35:19
Fiber id,600,300,4,4,2,1,1,4,16,100,90,0.05,5,20,5,False,False,542.259,16,1500,1448,1448,3,48,11114.875,734,1431,True,False,271.521,9,1500,1448,1424,0,39,10761.8,991,1966,781,1771,5829,6725,5827,6732,13,26,86,08-12-2026 16:35:22,08-12-2026 16:36:35
Fiber id,600,300,4,4,2,1,1,4,16,100,90,0.05,5,20,5,False,True,542.245,14,1500,1448,1448,3,45,11114.866666666667,666,1519,True,False,271.804,9,1500,1448,1425,0,43,11132.5,698,2106,674,1975,5851,6707,5847,6673,12,30,18,08-12-2026 15:19:18,08-12-2026 15:20:26
Fiber id,600,300,4,4,2,1,1,4,16,100,90,0.05,5,20,5,True,False,542.614,9,1500,1448,1448,2,30,10778.2,796,1812,True,False,271.490,9,1500,1448,1424,0,43,11082.3,740,2179,748,2139,5835,6740,5839,6748,13,32,22,08-12-2026 15:23:47,08-12-2026 15:24:49
Fiber id,600,300,4,4,2,1,1,4,16,100,90,0.05,5,20,5,True,False,544.284,9,1500,1448,1448,0,30,10925.8,+Inf,NaN,True,False,271.528,9,1500,1448,1424,0,50,11115.8,759,2129,688,2110,5829,6804,5824,6811,12,31,81,08-12-2026 16:29:53,08-12-2026 16:30:51
Fiber id,600,300,4,4,2,1,1,4,16,100,90,0.05,5,20,5,False,True,542.494,15,1500,1448,1448,1,48,11321.625,671,1528,True,False,271.490,9,1500,1448,1425,0,43,11290,802,2143,688,2029,5850,6725,5848,6716,12,30,64,08-12-2026 16:10:11,08-12-2026 16:11:21
Fiber id,600,300,4,4,2,1,1,4,16,100,90,0.05,5,20,5,True,False,544.756,9,1500,1448,1448,4,30,10535.2,+Inf,NaN,False,False,271.486,16,1500,1448,1424,0,69,11593.625,544,1419,593,1588,5843,6466,5837,6423,10,25,7,08-12-2026 15:07:16,08-12-2026 15:08:29
Fiber id,600,300,4,4,2,1,1,4,16,100,90,0.05,5,20,5,True,False,542.228,9,1500,1448,1448,1,30,10591.4,910,2196,True,False,272.674,9,1500,1448,1424,0,40,11068.1,+Inf,NaN,793,2106,5837,6638,5838,6494,14,32,76,08-12-2026 16:23:53,08-12-2026 16:24:51
Fiber id,600,300,4,4,2,1,1,4,16,100,90,0.05,5,20,5,True,False,541.816,9,1500,1448,1448,1,30,10927.6,824,1837,True,False,272.090,9,1500,1448,1425,0,34,11089.9,748,2128,769,2041,5839,6780,5842,6795,13,30,98,08-12-2026 16:49:17,08-12-2026 16:50:15
Fiber id,600,300,4,4,2,1,1,4,16,100,90,0.05,5,20,5,True,False,542.699,9,1500,1448,1448,1,30,10830.5,921,2685,False,False,270.070,16,1500,1448,1424,0,65,11751.6875,520,1491,578,1947,5845,6814,5838,6807,10,29,19,08-12-2026 15:20:29,08-12-2026 15:21:42
Fiber id,600,300,4,4,2,1,1,4,16,100,90,0.05,5,20,5,False,True,542.842,16,1500,1448,1448,2,48,11329.4375,647,1827,True,False,272.090,9,1500,1448,1424,0,39,10911.9,798,1984,656,1916,5841,6739,5843,6704,11,29,28,08-12-2026 15:30:27,08-12-2026 15:31:39
Fiber id,600,300,4,4,2,1,1,4,16,100,90,0.05,5,20,5,True,False,542.368,9,1500,1448,1448,1,30,10891.5,846,1610,True,False,272.064,9,1500,1448,1424,0,37,11365.2,735,2058,749,1992,5862,6761,5859,6697,13,30,67,08-12-2026 16:13:50,08-12-2026 16:14:48
Fiber id,600,300,4,4,2,1,1,4,16,100,90,0.05,5,20,5,False,True,542.025,14,1500,1448,1448,2,45,11492.133333333333,637,1517,True,False,271.622,9,1500,1448,1425,0,40,11270.5,708,2141,650,2012,5822,6740,5826,6735,11,30,61,08-12-2026 16:06:58,08-12-2026 16:08:06
Fiber id,600,300,4,4,2,1,1,4,16,100,90,0.05,5,20,5,True,False,542.677,9,1500,1448,1448,1,30,10435.3,913,1796,True,False,272.174,9,1500,1448,1424,0,62,11238.2,773,2126,813,2040,5835,6838,5837,6853,14,30,1,08-12-2026 15:00:30,08-12-2026 15:01:28
Fiber id,600,300,4,4,2,1,1,4,16,100,90,0.05,5,20,5,True,False,542.390,9,1500,1448,1448,1,30,10821.4,939,1823,True,False,272.384,9,1500,1448,1424,1,57,10946.5,769,2145,781,2088,5838,6793,5835,6801,13,31,66,08-12-2026 16:12:49,08-12-2026 16:13:47
Fiber id,600,300,4,4,2,1,1,4,16,100,90,0.05,5,20,5,True,False,542.328,9,1500,1448,1448,1,30,10869.9,768,1770,True,False,272.290,9,1500,1448,1424,0,50,11270.3,761,2178,735,2106,5833,6798,5828,6794,13,31,40,08-12-2026 15:44:25,08-12-2026 15:45:23
Fiber id,600,300,4,4,2,1,1,4,16,100,90,0.05,5,20,5,True,False,542.529,9,1500,1448,1448,0,30,10266.3,1077,1776,True,False,271.814,9,1500,1448,1424,0,35,11054.1,733,2166,811,2135,5826,6740,5826,6758,14,32,73,08-12-2026 16:20:40,08-12-2026 16:21:38
Fiber id,600,300,4,4,2,1,1,4,16,100,90,0.05,5,20,5,True,False,544.089,9,1500,1448,1448,2,30,10782.9,+Inf,NaN,True,False,272.608,9,1500,1448,1425,0,37,10914.4,679,2011,681,1997,5840,6678,5845,6693,12,30,49,08-12-2026 15:54:37,08-12-2026 15:55:35
Fiber id,600,300,4,4,2,1,1,4,16,100,90,0.05,5,20,5,True,False,542.491,9,1500,1448,1448,0,30,10556.5,904,1713,True,False,272.676,9,1500,1448,1425,0,41,11074.6,706,2136,730,2061,5840,6683,5840,6707,13,31,60,08-12-2026 16:05:57,08-12-2026 16:06:55
Fiber id,600,300,4,4,2,1,1,4,16,100,90,0.05,5,20,5,False,True,542.194,15,1500,1448,1448,2,45,11427.933333333332,699,1614,False,False,270.958,16,1500,1448,1425,0,62,11859.875,576,1422,636,1579,5844,6742,5838,6741,11,23,41,08-12-2026 15:45:26,08-12-2026 15:46:49
Fiber id,600,300,4,4,2,1,1,4,16,100,90,0.05,5,20,5,True,False,542.520,9,1500,1448,1448,0,30,11390.2,706,1749,True,False,270.951,9,1500,1448,1448,0,34,10692.2,997,1746,713,1746,5833,6721,5828,6695,12,26,10,08-12-2026 15:10:59,08-12-2026 15:11:57
Fiber id,600,300,4,4,2,1,1,4,16,100,90,0.05,5,20,5,True,False,542.983,9,1500,1448,1448,2,30,10400.7,937,1940,True,False,271.766,9,1500,1448,1424,0,36,11152.5,757,2128,773,2072,5846,6746,5844,6738,13,31,37,08-12-2026 15:40:42,08-12-2026 15:41:40
Fiber id,600,300,4,4,2,1,1,4,16,100,90,0.05,5,20,5,True,False,541.911,9,1500,1448,1448,2,30,10910.6,811,1854,True,False,272.003,9,1500,1448,1424,1,38,11058.6,782,2123,787,2051,5833,6639,5834,6633,13,31,100,08-12-2026 16:51:33,08-12-2026 16:52:31
Fiber id,600,300,4,4,2,1,1,4,16,100,90,0.05,5,20,5,True,False,542.753,9,1500,1448,1448,0,30,10962.3,704,1903,False,True,270.272,16,1500,1448,1424,0,63,11623.5625,567,1551,600,1729,5837,6797,5830,6728,10,26,35,08-12-2026 15:38:26,08-12-2026 15:39:38
Fiber id,600,300,4,4,2,1,1,4,16,100,90,0.05,5,20,5,True,False,542.562,9,1500,1448,1448,0,30,11326.9,769,2149,True,False,271.233,9,1500,1448,1425,0,41,11186.1,756,2086,736,2082,5825,6729,5824,6733,13,31,11,08-12-2026 15:12:00,08-12-2026 15:12:58
Fiber id,600,300,4,4,2,1,1,4,16,100,90,0.05,5,20,5,False,True,542.288,14,1500,1448,1448,3,45,11523.8,688,1534,True,False,271.331,9,1500,1448,1424,0,38,11211.6,774,2105,701,2017,5847,6657,5841,6636,12,30,94,08-12-2026 16:44:21,08-12-2026 16:45:29
Fiber id,600,300,4,4,2,1,1,4,16,100,90,0.05,5,20,5,True,False,544.378,9,1500,1448,1448,0,30,10709.4,+Inf,NaN,True,False,272.116,9,1500,1448,1425,1,43,10997.5,904,1923,852,1888,5832,6627,5826,6578,15,29,87,08-12-2026 16:36:38,08-12-2026 16:37:36
Fiber id,600,300,4,4,2,1,1,4,16,100,90,0.05,5,20,5,True,False,542.531,9,1500,1448,1448,1,30,10611.6,922,1686,True,False,271.869,9,1500,1448,1425,0,41,10903.5,781,2151,817,2085,5826,6819,5821,6832,14,31,90,08-12-2026 16:40:03,08-12-2026 16:41:01
Fiber id,600,300,4,4,2,1,1,4,16,100,90,0.05,5,20,5,True,False,542.922,9,1500,1448,1448,1,30,10591.5,822,1812,False,False,270.743,16,1500,1448,1425,1,62,11748.8125,552,1543,601,1722,5839,6803,5835,6792,10,25,6,08-12-2026 15:06:00,08-12-2026 15:07:13
Fiber id,600,300,4,4,2,1,1,4,16,100,90,0.05,5,20,5,True,False,542.376,9,1500,1448,1448,1,30,10290.3,1039,1764,True,False,271.365,9,1500,1448,1424,0,37,11137.8,742,2110,790,2024,5842,6751,5836,6743,14,30,25,08-12-2026 15:27:24,08-12-2026 15:28:22
Fiber id,600,300,4,4,2,1,1,4,16,100,90,0.05,5,20,5,False,True,542.142,15,1500,1448,1448,2,45,11549.533333333333,670,1495,False,True,271.801,16,1500,1448,1424,0,59,11887.125,518,1570,566,1566,5832,6779,5830,6778,10,23,65,08-12-2026 16:11:24,08-12-2026 16:12:46
Fiber id,600,300,4,4,2,1,1,4,16,100,90,0.05,5,20,5,True,False,542.296,9,1500,1448,1448,3,30,10649.7,881,1825,True,False,272.309,9,1500,1448,1425,0,47,11122.5,688,2174,709,2096,5846,6747,5846,6787,12,31,54,08-12-2026 15:59:42,08-12-2026 16:00:40
Fiber id,600,300,4,4,2,1,1,4,16,100,90,0.05,5,20,5,False,False,542.418,16,1500,1448,1448,6,48,11246.8125,678,1265,False,False,270.788,16,1500,1448,1425,0,64,11688,543,1487,626,1555,5834,6681,5835,6673,11,23,39,08-12-2026 15:42:54,08-12-2026 15:44:22
Fiber id,600,300,4,4,2,1,1,4,16,100,90,0.05,5,20,5,False,True,542.102,15,1500,1448,1448,4,45,10917.066666666668,778,1530,True,False,271.947,9,1500,1448,1425,0,65,10934.2,780,2031,780,1959,5838,6665,5827,6688,13,29,3,08-12-2026 15:02:32,08-12-2026 15:03:40
Fiber id,600,300,4,4,2,1,1,4,16,100,90,0.05,5,20,5,False,False,542.448,16,1500,1448,1448,4,48,11256.5,695,1470,False,True,271.817,16,1500,1448,1425,0,64,11804.25,561,1609,644,1589,5841,6639,5837,6655,11,24,97,08-12-2026 16:47:47,08-12-2026 16:49:14
Fiber id,600,300,4,4,2,1,1,4,16,100,90,0.05,5,20,5,True,False,542.292,9,1500,1448,1448,2,30,10767,853,1901,True,False,271.446,9,1500,1448,1425,1,50,11167.7,827,2085,811,2032,5824,6712,5822,6727,14,30,33,08-12-2026 15:36:24,08-12-2026 15:37:23
Fiber id,600,300,4,4,2,1,1,4,16,100,90,0.05,5,20,5,False,True,542.407,16,1500,1448,1448,4,48,11250.5625,638,1313,True,False,271.482,9,1500,1448,1424,0,40,11228.5,734,2156,678,2055,5842,6757,5843,6778,12,30,47,08-12-2026 15:52:21,08-12-2026 15:53:33
Fiber id,600,300,4,4,2,1,1,4,16,100,90,0.05,5,20,5,True,False,544.260,9,1500,1448,1448,1,30,10467,+Inf,NaN,True,False,272.791,9,1500,1448,1425,0,36,10906.6,+Inf,NaN,923,1842,5845,6763,5844,6775,16,27,96,08-12-2026 16:46:46,08-12-2026 16:47:45
Fiber id,600,300,4,4,2,1,1,4,16,100,90,0.05,5,20,5,True,False,542.353,9,1500,1448,1448,2,30,10293.7,1061,1729,True,False,271.782,9,1500,1448,1424,0,35,11105.3,721,2142,756,2076,5830,6650,5833,6640,13,31,72,08-12-2026 16:19:39,08-12-2026 16:20:38
Fiber id,600,300,4,4,2,1,1,4,16,100,90,0.05,5,20,5,True,False,542.250,9,1500,1448,1448,1,30,10351.1,857,1894,True,False,271.898,9,1500,1448,1425,0,38,11263.4,717,2178,767,2110,5844,6732,5845,6743,13,31,16,08-12-2026 15:17:16,08-12-2026 15:18:14
Fiber id,600,300,4,4,2,1,1,4,16,100,90,0.05,5,20,5,True,False,542.274,9,1500,1448,1448,0,30,11029.9,805,2082,False,False,271.599,16,1500,1448,1425,1,90,11458.8125,652,1252,709,1680,5837,6626,5832,6567,12,26,8,08-12-2026 15:08:32,08-12-2026 15:09:45
Fiber id,600,300,4,4,2,1,1,4,16,100,90,0.05,5,20,5,True,False,542.621,9,1500,1448,1448,1,30,10467.7,916,1970,True,False,271.901,9,1500,1448,1424,0,37,10832.8,740,2093,792,2050,5827,6743,5820,6751,14,30,14,08-12-2026 15:15:02,08-12-2026 15:16:00
Fiber id,600,300,4,4,2,1,1,4,16,100,90,0.05,5,20,5,True,False,542.388,9,1500,1448,1448,2,30,10817.1,808,1906,True,False,271.782,9,1500,1448,1425,0,36,11072,776,2186,779,2134,5833,6793,5831,6817,13,31,82,08-12-2026 16:30:54,08-12-2026 16:31:52
Fiber id,600,300,4,4,2,1,1,4,16,100,90,0.05,5,20,5,True,False,543.030,9,1500,1448,1448,1,30,10992.7,856,1817,True,False,272.534,9,1500,1448,1425,0,65,10728.2,+Inf,NaN,828,1821,5844,6763,5845,6661,14,27,45,08-12-2026 15:50:20,08-12-2026 15:51:18
Fiber id,600,300,4,4,2,1,1,4,16,100,90,0.05,5,20,5,True,False,542.495,9,1500,1448,1448,1,30,10616.8,991,1644,True,False,272.122,9,1500,1448,1425,0,42,10959.4,795,2177,839,2117,5826,6662,5824,6623,14,32,43,08-12-2026 15:48:08,08-12-2026 15:49:06
Fiber id,600,300,4,4,2,1,1,4,16,100,90,0.05,5,20,5,False,False,538.536,16,1500,1448,1448,2,48,11559.625,648,1393,True,False,271.711,9,1500,1448,1425,0,39,11263,740,2112,676,1937,5833,6755,5832,6768,12,29,83,08-12-2026 16:31:55,08-12-2026 16:33:08
Fiber id,600,300,4,4,2,1,1,4,16,100,90,0.05,5,20,5,True,False,544.174,9,1500,1448,1448,2,30,10351.9,+Inf,NaN,True,False,271.924,9,1500,1448,1424,0,34,10872.5,951,2061,913,2026,5825,6703,5829,6722,16,30,63,08-12-2026 16:09:10,08-12-2026 16:10:08
Fiber id,600,300,4,4,2,1,1,4,16,100,90,0.05,5,20,5,False,False,541.995,16,1500,1448,1448,3,48,11565.3125,627,1205,True,False,272.456,9,1500,1448,1425,1,44,11026.2,756,2098,650,1799,5836,6819,5843,6834,11,26,80,08-12-2026 16:28:37,08-12-2026 16:29:50
Fiber id,600,300,4,4,2,1,1,4,16,100,90,0.05,5,20,5,False,True,542.368,15,1500,1448,1448,4,45,11344.866666666667,753,1516,True,False,271.865,9,1500,1448,1424,0,46,11080.9,719,2145,740,2059,5846,6694,5839,6668,13,31,59,08-12-2026 16:04:46,08-12-2026 16:05:54
Fiber id,600,300,4,4,2,1,1,4,16,100,90,0.05,5,20,5,True,False,542.458,9,1500,1448,1448,1,30,10898,762,1727,False,True,271.732,15,1500,1448,1424,1,93,11851.25,570,1674,617,1696,5829,6699,5840,6723,11,25,15,08-12-2026 15:16:03,08-12-2026 15:17:13
Fiber id,600,300,4,4,2,1,1,4,16,100,90,0.05,5,20,5,False,False,542.131,16,1500,1448,1448,3,48,11712.75,669,1362,True,False,271.752,9,1500,1448,1424,0,68,10773.3,858,2160,705,1831,5823,6708,5822,6715,12,27,71,08-12-2026 16:18:23,08-12-2026 16:19:37
Fiber id,600,300,4,4,2,1,1,4,16,100,90,0.05,5,20,5,False,False,541.622,16,1500,1448,1448,2,48,11576.6875,589,1425,True,False,272.460,9,1500,1448,1424,0,44,11279.4,+Inf,NaN,603,1583,5833,6678,5833,6693,10,24,42,08-12-2026 15:46:52,08-12-2026 15:48:05
Fiber id,600,300,4,4,2,1,1,4,16,100,90,0.05,5,20,5,True,False,542.907,9,1500,1448,1448,1,30,10542.3,855,1867,True,False,271.622,9,1500,1448,1425,1,67,10923.5,913,2028,859,1983,5843,6679,5841,6687,15,30,51,08-12-2026 15:56:39,08-12-2026 15:57:37
Fiber id,600,300,4,4,2,1,1,4,16,100,90,0.05,5,20,5,True,False,542.364,9,1500,1448,1448,2,30,10938.1,906,1888,True,False,271.797,9,1500,1448,1425,0,40,11084.7,778,2142,812,2057,5842,6735,5839,6732,14,31,57,08-12-2026 16:02:44,08-12-2026 16:03:42
Fiber id,600,300,4,4,2,1,1,4,16,100,90,0.05,5,20,5,False,True,542.240,14,1500,1448,1448,4,45,11490.333333333334,647,1505,True,False,271.711,9,1500,1448,1424,0,41,11050.3,827,2097,671,1995,5842,6839,5840,6820,11,29,88,08-12-2026 16:37:39,08-12-2026 16:38:47
Fiber id,600,300,4,4,2,1,1,4,16,100,90,0.05,5,20,5,True,False,542.898,9,1500,1448,1448,2,30,10939,781,2092,True,False,272.367,9,1500,1448,1424,0,37,11126.3,621,2172,682,2144,5828,6750,5824,6717,12,32,4,08-12-2026 15:03:43,08-12-2026 15:04:41
Fiber id,600,300,4,4,2,1,1,4,16,100,90,0.05,5,20,5,True,False,542.500,9,1500,1448,1448,1,30,10534.8,978,2187,True,False,271.551,9,1500,1448,1424,0,39,11009.2,755,2160,790,2164,5838,6799,5837,6816,14,32,12,08-12-2026 15:13:00,08-12-2026 15:13:59
Fiber id,600,300,4,4,4,1,1,4,16,100,90,0.05,5,20,5,False,False,542.411,8,1500,1448,1448,4,27,10835.222222222223,974,1925,False,False,271.155,8,1500,1448,1424,0,44,10816.555555555555,783,2186,836,2111,5845,6757,5844,6764,14,31,79,08-12-2026 21:27:04,08-12-2026 21:28:42
Fiber id,600,300,4,4,4,1,1,4,16,100,90,0.05,5,20,5,False,False,542.449,8,1500,1448,1448,1,27,10758.222222222223,850,2072,False,False,271.583,8,1500,1448,1424,1,52,11034.555555555555,851,2198,822,2145,5839,6718,5829,6747,14,32,50,08-12-2026 20:38:12,08-12-2026 20:39:50
Fiber id,600,300,4,4,4,1,1,4,16,100,90,0.05,5,20,5,False,False,542.380,8,1500,1448,1448,3,27,10896.777777777777,808,2161,False,False,271.312,8,1500,1448,1425,0,48,11081.444444444445,826,2270,778,2216,5838,6666,5837,6654,13,33,23,08-12-2026 19:52:44,08-12-2026 19:54:22
Fiber id,600,300,4,4,4,1,1,4,16,100,90,0.05,5,20,5,False,False,542.616,8,1500,1448,1448,2,27,10454.333333333334,879,1937,False,False,271.276,8,1500,1448,1424,0,47,10940.333333333334,733,2288,801,2207,5833,6739,5828,6756,14,33,68,08-12-2026 21:08:32,08-12-2026 21:10:10
Fiber id,600,300,4,4,4,1,1,4,16,100,90,0.05,5,20,5,False,False,542.365,8,1500,1448,1448,2,27,10298.222222222223,973,1912,False,False,271.432,8,1500,1448,1425,1,51,11031.777777777777,746,2295,792,2211,5849,6782,5851,6792,14,33,92,08-12-2026 21:48:57,08-12-2026 21:50:35
Fiber id,600,300,4,4,4,1,1,4,16,100,90,0.05,5,20,5,False,False,542.567,8,1500,1448,1448,2,27,10506.111111111111,992,2635,False,False,271.664,8,1500,1448,1425,0,67,11039,830,2287,890,2412,5846,6781,5849,6805,15,35,95,08-12-2026 21:54:00,08-12-2026 21:55:39
Fiber id,600,300,4,4,4,1,1,4,16,100,90,0.05,5,20,5,False,False,542.464,8,1500,1448,1448,3,27,10927.666666666666,829,2008,False,False,271.437,8,1500,1448,1424,0,44,10982.333333333334,882,2217,829,2155,5832,6746,5831,6747,14,32,46,08-12-2026 20:31:28,08-12-2026 20:33:06
Fiber id,600,300,4,4,4,1,1,4,16,100,90,0.05,5,20,5,False,False,542.302,8,1500,1448,1448,2,27,10535.444444444445,911,1985,False,False,271.272,8,1500,1448,1424,0,51,10955,778,2257,804,2188,5837,6712,5832,6727,14,33,93,08-12-2026 21:50:38,08-12-2026 21:52:16
Fiber id,600,300,4,4,4,1,1,4,16,100,90,0.05,5,20,5,False,False,542.224,8,1500,1448,1448,3,27,10938.222222222223,853,2137,False,False,271.567,8,1500,1448,1424,0,48,11194.444444444445,869,2273,834,2240,5832,6718,5831,6732,14,33,17,08-12-2026 19:42:37,08-12-2026 19:44:16
Fiber id,600,300,4,4,4,1,1,4,16,100,90,0.05,5,20,5,False,False,542.070,8,1500,1448,1448,2,27,10937.222222222223,818,2271,False,False,271.433,8,1500,1448,1424,0,39,11014,809,2229,791,2237,5847,6709,5847,6725,14,33,29,08-12-2026 20:02:50,08-12-2026 20:04:28
Fiber id,600,300,4,4,4,1,1,4,16,100,90,0.05,5,20,5,False,False,542.403,8,1500,1448,1448,2,27,10692,971,1919,False,False,271.245,8,1500,1448,1425,0,49,10876.333333333334,861,2238,887,2171,5844,6633,5844,6658,15,33,20,08-12-2026 19:47:41,08-12-2026 19:49:19
Fiber id,600,300,4,4,4,1,1,4,16,100,90,0.05,5,20,5,False,False,542.376,8,1500,1448,1448,1,27,11201.111111111111,955,1873,False,False,271.345,8,1500,1448,1424,0,40,10880.777777777777,798,2267,855,2192,5839,6797,5843,6812,15,32,31,08-12-2026 20:06:12,08-12-2026 20:07:50
Fiber id,600,300,4,4,4,1,1,4,16,100,90,0.05,5,20,5,False,False,542.405,8,1500,1448,1448,2,27,10812.222222222223,914,1946,False,False,271.543,8,1500,1448,1425,0,43,10894.333333333334,765,2280,811,2191,5843,6794,5851,6805,14,32,84,08-12-2026 21:35:29,08-12-2026 21:37:07
Fiber id,600,300,4,4,4,1,1,4,16,100,90,0.05,5,20,5,False,False,542.526,8,1500,1448,1448,2,27,10558.111111111111,940,2138,False,False,271.547,8,1500,1448,1424,0,53,10977.222222222223,790,2296,820,2249,5828,6702,5825,6709,14,34,13,08-12-2026 19:35:53,08-12-2026 19:37:31
Fiber id,600,300,4,4,4,1,1,4,16,100,90,0.05,5,20,5,False,False,542.311,8,1500,1448,1448,1,27,10947.222222222223,846,1874,False,False,271.588,8,1500,1448,1424,0,58,11355.444444444445,859,2271,823,2191,5843,6751,5840,6759,14,32,62,08-12-2026 20:58:25,08-12-2026 21:00:03
Fiber id,600,300,4,4,4,1,1,4,16,100,90,0.05,5,20,5,False,False,542.371,8,1500,1448,1448,4,27,10570.444444444445,838,1769,False,False,271.572,8,1500,1448,1425,0,41,10965,711,2267,764,2172,5838,6745,5837,6771,13,32,75,08-12-2026 21:20:19,08-12-2026 21:21:58
Fiber id,600,300,4,4,4,1,1,4,16,100,90,0.05,5,20,5,False,False,542.540,8,1500,1448,1448,2,27,10866.111111111111,810,1914,False,False,271.377,8,1500,1448,1424,0,47,10902.555555555555,834,2249,800,2164,5835,6798,5836,6797,14,32,9,08-12-2026 19:29:09,08-12-2026 19:30:47
Fiber id,600,300,4,4,4,1,1,4,16,100,90,0.05,5,20,5,False,False,542.209,8,1500,1448,1448,4,27,10675.555555555555,801,1789,False,False,271.536,8,1500,1448,1424,0,50,11014.333333333334,872,2263,800,2186,5840,6778,5840,6790,14,32,44,08-12-2026 20:28:06,08-12-2026 20:29:44
Fiber id,600,300,4,4,4,1,1,4,16,100,90,0.05,5,20,5,False,False,542.079,8,1500,1448,1448,3,27,10949.777777777777,842,1770,False,False,271.426,8,1500,1448,1425,0,50,10860.555555555555,868,2301,830,2230,5834,6744,5832,6750,14,33,48,08-12-2026 20:34:50,08-12-2026 20:36:28
Fiber id,600,300,4,4,4,1,1,4,16,100,90,0.05,5,20,5,False,False,542.412,8,1500,1448,1448,4,27,10518,934,1990,False,False,271.435,8,1500,1448,1425,0,54,11421.777777777777,754,2312,837,2235,5842,6754,5838,6773,14,33,99,08-12-2026 22:00:45,08-12-2026 22:02:23
Fiber id,600,300,4,4,4,1,1,4,16,100,90,0.05,5,20,5,False,False,542.299,8,1500,1448,1448,2,27,11028.777777777777,835,1897,False,False,271.350,8,1500,1448,1425,0,47,11037.666666666666,788,2324,797,2262,5832,6733,5827,6751,14,34,56,08-12-2026 20:48:19,08-12-2026 20:49:57
Fiber id,600,300,4,4,4,1,1,4,16,100,90,0.05,5,20,5,False,False,542.371,8,1500,1448,1448,2,27,10593.333333333334,987,1938,False,False,271.465,8,1500,1448,1424,0,48,11240.222222222223,789,2267,863,2216,5844,6738,5844,6753,15,33,32,08-12-2026 20:07:53,08-12-2026 20:09:31
Fiber id,600,300,4,4,4,1,1,4,16,100,90,0.05,5,20,5,False,False,542.311,8,1500,1448,1448,4,27,10693.444444444445,896,2250,False,False,271.684,8,1500,1448,1424,0,52,10925.111111111111,792,2177,834,2209,5851,6838,5844,6852,14,32,78,08-12-2026 21:25:23,08-12-2026 21:27:01
Fiber id,600,300,4,4,4,1,1,4,16,100,90,0.05,5,20,5,False,False,542.382,8,1500,1448,1448,1,27,10778.666666666666,935,2232,False,False,271.343,8,1500,1448,1425,2,72,10862.444444444445,780,2294,822,2280,5831,6773,5829,6784,14,34,38,08-12-2026 20:18:00,08-12-2026 20:19:38
Fiber id,600,300,4,4,4,1,1,4,16,100,90,0.05,5,20,5,False,False,542.434,8,1500,1448,1448,3,27,10663,715,1933,False,False,271.774,8,1500,1448,1425,0,44,11114.555555555555,799,2276,743,2204,5843,6759,5840,6778,13,33,26,08-12-2026 19:57:47,08-12-2026 19:59:25
Fiber id,600,300,4,4,4,1,1,4,16,100,90,0.05,5,20,5,False,False,542.567,8,1500,1448,1448,4,27,10930.111111111111,814,2364,False,False,271.372,8,1500,1448,1425,0,43,11025.777777777777,788,2209,796,2261,5850,6765,5850,6769,14,33,69,08-12-2026 21:10:13,08-12-2026 21:11:51
Fiber id,600,300,4,4,4,1,1,4,16,100,90,0.05,5,20,5,False,False,542.077,8,1500,1448,1448,0,27,10896.777777777777,889,2017,False,False,271.529,8,1500,1448,1425,0,40,10856.555555555555,828,2277,829,2224,5837,6764,5836,6762,14,33,34,08-12-2026 20:11:15,08-12-2026 20:12:54
Fiber id,600,300,4,4,4,1,1,4,16,100,90,0.05,5,20,5,False,False,542.051,8,1500,1448,1448,2,27,10811,896,1930,False,False,271.477,8,1500,1448,1425,1,67,10906.888888888889,1008,2139,906,2045,5838,6728,5841,6722,16,30,58,08-12-2026 20:51:41,08-12-2026 20:53:19
Fiber id,600,300,4,4,4,1,1,4,16,100,90,0.05,5,20,5,False,False,542.555,8,1500,1448,1448,0,27,10737.777777777777,626,2116,False,False,271.585,8,1500,1448,1425,0,47,10895.333333333334,818,2259,729,2230,5841,6806,5835,6819,12,33,30,08-12-2026 20:04:31,08-12-2026 20:06:09
Fiber id,600,300,4,4,4,1,1,4,16,100,90,0.05,5,20,5,False,False,542.007,8,1500,1448,1448,2,27,10622.777777777777,738,1934,False,False,272.009,8,1500,1448,1424,0,48,10985.444444444445,696,2218,677,2128,5842,6730,5846,6748,12,32,70,08-12-2026 21:11:54,08-12-2026 21:13:32
Fiber id,600,300,4,4,4,1,1,4,16,100,90,0.05,5,20,5,False,False,542.160,8,1500,1448,1448,3,27,10635.333333333334,898,1890,False,False,271.372,8,1500,1448,1425,1,51,10915.777777777777,1010,2135,916,2028,5854,6660,5851,6675,16,30,24,08-12-2026 19:54:25,08-12-2026 19:56:03
Fiber id,600,300,4,4,4,1,1,4,16,100,90,0.05,5,20,5,False,False,542.010,8,1500,1448,1448,2,27,10402.444444444445,1088,2320,False,False,271.135,8,1500,1448,1425,5,51,10931.111111111111,816,2235,867,2255,5837,6811,5828,6829,15,33,52,08-12-2026 20:41:34,08-12-2026 20:43:12
Fiber id,600,300,4,4,4,1,1,4,16,100,90,0.05,5,20,5,False,False,542.338,8,1500,1448,1448,3,27,10799.333333333334,835,2149,False,False,271.498,8,1500,1448,1424,0,50,10877.666666666666,771,2250,802,2211,5838,6751,5841,6771,14,33,36,08-12-2026 20:14:37,08-12-2026 20:16:16
Fiber id,600,300,4,4,4,1,1,4,16,100,90,0.05,5,20,5,False,False,542.289,8,1500,1448,1448,1,27,11027.111111111111,831,2162,False,False,271.303,8,1500,1448,1425,0,46,11057.888888888889,789,2177,804,2151,5840,6674,5837,6685,14,32,2,08-12-2026 19:17:21,08-12-2026 19:18:59
Fiber id,600,300,4,4,4,1,1,4,16,100,90,0.05,5,20,5,False,False,542.617,8,1500,1448,1448,2,27,10872.555555555555,816,2244,False,False,271.365,8,1500,1448,1424,0,54,11017,817,2244,790,2227,5839,6679,5843,6680,14,33,5,08-12-2026 19:22:24,08-12-2026 19:24:02
Fiber id,600,300,4,4,4,1,1,4,16,100,90,0.05,5,20,5,False,False,542.574,8,1500,1448,1448,4,27,10097.444444444445,921,4655,False,False,271.121,8,1500,1448,1424,0,45,10942,814,2276,866,3363,5853,6783,5853,6800,15,49,89,08-12-2026 21:43:54,08-12-2026 21:45:32
Fiber id,600,300,4,4,4,1,1,4,16,100,90,0.05,5,20,5,False,False,542.176,8,1500,1448,1448,3,27,10758.777777777777,870,1840,False,False,271.476,8,1500,1448,1425,0,41,10594.555555555555,974,2189,878,2112,5835,6734,5830,6753,15,31,74,08-12-2026 21:18:38,08-12-2026 21:20:17
Fiber id,600,300,4,4,4,1,1,4,16,100,90,0.05,5,20,5,False,False,542.368,8,1500,1448,1448,3,27,10719.666666666666,920,1998,False,False,271.245,8,1500,1448,1424,0,51,10880.333333333334,764,2302,797,2245,5833,6766,5833,6782,14,33,91,08-12-2026 21:47:16,08-12-2026 21:48:54
Fiber id,600,300,4,4,4,1,1,4,16,100,90,0.05,5,20,5,False,False,542.380,8,1500,1448,1448,2,27,10455.666666666666,993,1881,False,False,271.427,8,1500,1448,1424,0,55,11056.222222222223,728,2306,809,2223,5837,6659,5841,6694,14,33,53,08-12-2026 20:43:16,08-12-2026 20:44:54
Fiber id,600,300,4,4,4,1,1,4,16,100,90,0.05,5,20,5,False,False,542.456,8,1500,1448,1448,3,30,11280.777777777777,716,2146,False,False,271.362,8,1500,1448,1425,0,46,10875.555555555555,808,2257,703,2265,5830,6743,5831,6757,12,34,21,08-12-2026 19:49:22,08-12-2026 19:51:00
Fiber id,600,300,4,4,4,1,1,4,16,100,90,0.05,5,20,5,False,False,542.425,8,1500,1448,1448,2,27,10513.555555555555,902,1982,False,False,271.561,8,1500,1448,1425,0,51,10792.222222222223,827,2225,849,2194,5845,6795,5840,6812,15,32,55,08-12-2026 20:46:38,08-12-2026 20:48:16
Fiber id,600,300,4,4,4,1,1,4,16,100,90,0.05,5,20,5,False,False,542.320,8,1500,1448,1448,0,27,11229.333333333334,866,2091,False,False,271.457,8,1500,1448,1424,0,45,10926.666666666666,813,2279,798,2238,5848,6725,5848,6743,14,33,27,08-12-2026 19:59:28,08-12-2026 20:01:06
Fiber id,600,300,4,4,4,1,1,4,16,100,90,0.05,5,20,5,False,False,542.361,8,1500,1448,1448,2,27,10726.888888888889,846,1902,False,False,271.279,8,1500,1448,1425,0,52,11251.666666666666,702,2093,764,2051,5835,6819,5832,6837,13,30,77,08-12-2026 21:23:42,08-12-2026 21:25:20
Fiber id,600,300,4,4,4,1,1,4,16,100,90,0.05,5,20,5,False,False,542.344,8,1500,1448,1448,2,27,10776,815,1898,False,False,271.565,8,1500,1448,1425,0,45,10893.333333333334,838,2267,803,2206,5836,6689,5837,6704,14,33,85,08-12-2026 21:37:10,08-12-2026 21:38:48
Fiber id,600,300,4,4,4,1,1,4,16,100,90,0.05,5,20,5,False,False,542.145,8,1500,1448,1448,2,29,10620.777777777777,875,1992,False,False,271.462,8,1500,1448,1424,0,53,11120,818,2249,830,2199,5829,6816,5828,6828,14,32,86,08-12-2026 21:38:51,08-12-2026 21:40:29
Fiber id,600,300,4,4,4,1,1,4,16,100,90,0.05,5,20,5,False,False,542.512,8,1500,1448,1448,1,27,10825.555555555555,864,2197,False,False,271.591,8,1500,1448,1425,1,47,10987.444444444445,835,2266,826,2240,5836,6533,5838,6594,14,34,18,08-12-2026 19:44:19,08-12-2026 19:45:57
Fiber id,600,300,4,4,4,1,1,4,16,100,90,0.05,5,20,5,False,False,542.513,8,1500,1448,1448,2,27,10687.666666666666,876,2016,False,False,271.531,8,1500,1448,1425,0,42,11107.111111111111,829,2178,832,2124,5838,6828,5844,6840,14,31,22,08-12-2026 19:51:03,08-12-2026 19:52:41
Fiber id,600,300,4,4,4,1,1,4,16,100,90,0.05,5,20,5,False,False,542.753,8,1500,1448,1448,1,27,10383.222222222223,987,1792,False,False,271.416,8,1500,1448,1425,3,210,10974.333333333334,717,2290,795,2251,5833,6756,5830,6736,14,33,81,08-12-2026 21:30:26,08-12-2026 21:32:04
Fiber id,600,300,4,4,4,1,1,4,16,100,90,0.05,5,20,5,False,False,542.498,8,1500,1448,1448,2,27,10539.555555555555,910,2125,False,False,271.427,8,1500,1448,1425,0,51,10915.444444444445,800,2227,845,2199,5824,6726,5821,6743,15,33,64,08-12-2026 21:01:47,08-12-2026 21:03:26
Fiber id,600,300,4,4,4,1,1,4,16,100,90,0.05,5,20,5,False,False,542.575,8,1500,1448,1448,1,27,10690.444444444445,885,2087,False,False,271.621,8,1500,1448,1424,0,44,11148.666666666666,829,2257,836,2210,5833,6668,5835,6689,14,33,7,08-12-2026 19:25:46,08-12-2026 19:27:25
Fiber id,600,300,4,4,4,1,1,4,16,100,90,0.05,5,20,5,False,False,542.374,8,1500,1448,1448,3,27,10563.777777777777,689,1866,False,False,271.204,8,1500,1448,1425,0,46,11279.111111111111,867,2225,755,2135,5830,6786,5825,6804,13,31,76,08-12-2026 21:22:01,08-12-2026 21:23:39
Fiber id,600,300,4,4,4,1,1,4,16,100,90,0.05,5,20,5,False,False,542.374,8,1500,1448,1448,1,27,11074.888888888889,697,1867,False,False,271.536,8,1500,1448,1425,0,51,10837.111111111111,1016,2129,760,2040,5843,6726,5840,6754,13,30,98,08-12-2026 21:59:03,08-12-2026 22:00:42
Fiber id,600,300,4,4,4,1,1,4,16,100,90,0.05,5,20,5,False,False,542.314,8,1500,1448,1448,2,27,10427.111111111111,898,1694,False,False,271.632,8,1500,1448,1425,0,39,11174.222222222223,818,2240,838,2137,5836,6751,5834,6757,14,32,19,08-12-2026 19:46:00,08-12-2026 19:47:38
Fiber id,600,300,4,4,4,1,1,4,16,100,90,0.05,5,20,5,False,False,542.256,8,1500,1448,1448,3,27,10690.222222222223,866,1767,False,False,271.695,8,1500,1448,1425,0,49,11132.888888888889,878,2195,860,2116,5828,6758,5839,6764,15,31,28,08-12-2026 20:01:09,08-12-2026 20:02:47
Fiber id,600,300,4,4,4,1,1,4,16,100,90,0.05,5,20,5,False,False,542.530,8,1500,1448,1448,1,27,11063.777777777777,827,2313,False,False,271.467,8,1500,1448,1425,0,43,10889.777777777777,781,2285,785,2292,5835,6793,5836,6805,13,34,67,08-12-2026 21:06:51,08-12-2026 21:08:29
Fiber id,600,300,4,4,4,1,1,4,16,100,90,0.05,5,20,5,False,False,542.361,8,1500,1448,1448,1,27,10608.333333333334,917,1885,False,False,271.563,8,1500,1448,1448,1,43,11001.444444444445,769,2268,824,2193,5837,6715,5839,6736,14,33,61,08-12-2026 20:56:44,08-12-2026 20:58:22
Fiber id,600,300,4,4,4,1,1,4,16,100,90,0.05,5,20,5,False,False,542.524,8,1500,1448,1448,3,27,10725.333333333334,1046,1986,False,False,271.456,8,1500,1448,1424,0,49,11068.333333333334,814,2316,867,2269,5844,6812,5845,6825,15,33,1,08-12-2026 19:15:40,08-12-2026 19:17:18
Fiber id,600,300,4,4,4,1,1,4,16,100,90,0.05,5,20,5,False,False,542.469,8,1500,1448,1448,0,27,10573.444444444445,924,2127,False,False,271.206,8,1500,1448,1425,0,50,10971.333333333334,818,2194,852,2164,5840,6452,5842,6500,15,33,66,08-12-2026 21:05:10,08-12-2026 21:06:48
Fiber id,600,300,4,4,4,1,1,4,16,100,90,0.05,5,20,5,False,False,542.503,8,1500,1448,1448,2,27,11004.222222222223,773,2026,False,False,271.435,8,1500,1448,1424,0,42,10957.444444444445,777,2270,760,2207,5846,6566,5847,6568,13,34,40,08-12-2026 20:21:22,08-12-2026 20:23:00
Fiber id,600,300,4,4,4,1,1,4,16,100,90,0.05,5,20,5,False,False,542.308,8,1500,1448,1448,1,27,10520.111111111111,969,1929,False,False,271.503,8,1500,1448,1425,0,55,10904.111111111111,889,2277,906,2201,5842,6702,5842,6721,16,33,73,08-12-2026 21:16:57,08-12-2026 21:18:35
Fiber id,600,300,4,4,4,1,1,4,16,100,90,0.05,5,20,5,False,False,542.296,8,1500,1448,1448,5,27,10403.111111111111,1006,1809,False,False,271.342,8,1500,1448,1425,0,53,11063.777777777777,835,2250,883,2187,5836,6780,5838,6798,15,32,49,08-12-2026 20:36:31,08-12-2026 20:38:09
Fiber id,600,300,4,4,4,1,1,4,16,100,90,0.05,5,20,5,False,False,542.426,8,1500,1448,1448,2,27,11072.222222222223,980,1794,False,False,271.511,8,1500,1448,1425,0,39,10891.444444444445,802,2265,868,2187,5853,6710,5851,6718,15,33,60,08-12-2026 20:55:03,08-12-2026 20:56:41
Fiber id,600,300,4,4,4,1,1,4,16,100,90,0.05,5,20,5,False,False,542.400,8,1500,1448,1448,2,27,10935.444444444445,770,1933,False,False,271.503,8,1500,1448,1424,0,45,10709.555555555555,974,2123,804,2048,5838,6744,5836,6764,14,30,41,08-12-2026 20:23:03,08-12-2026 20:24:41
Fiber id,600,300,4,4,4,1,1,4,16,100,90,0.05,5,20,5,False,False,542.740,8,1500,1448,1448,2,27,10794,841,1995,False,False,271.481,8,1500,1448,1448,0,46,11173.888888888889,844,2287,816,2194,5846,6770,5850,6780,14,32,10,08-12-2026 19:30:50,08-12-2026 19:32:28
Fiber id,600,300,4,4,4,1,1,4,16,100,90,0.05,5,20,5,False,False,542.396,8,1500,1448,1448,1,27,10603.888888888889,913,1873,False,False,271.446,8,1500,1448,1424,0,44,10913.111111111111,843,2275,853,2209,5840,6705,5837,6729,15,33,37,08-12-2026 20:16:19,08-12-2026 20:17:57
Fiber id,600,300,4,4,4,1,1,4,16,100,90,0.05,5,20,5,False,False,542.341,8,1500,1448,1448,1,27,10873.222222222223,850,1890,False,False,271.368,8,1500,1448,1425,0,51,10765.333333333334,870,2248,837,2177,5834,6735,5838,6750,14,32,100,08-12-2026 22:02:25,08-12-2026 22:04:04
Fiber id,600,300,4,4,4,1,1,4,16,100,90,0.05,5,20,5,False,False,542.341,8,1500,1448,1448,4,27,10388.777777777777,1018,1731,False,False,271.214,8,1500,1448,1425,4,68,10883.666666666666,790,2240,844,2181,5844,6654,5844,6572,14,33,35,08-12-2026 20:12:56,08-12-2026 20:14:35
Fiber id,600,300,4,4,4,1,1,4,16,100,90,0.05,5,20,5,False,False,542.611,8,1500,1448,1448,2,27,10680.333333333334,922,2092,False,False,271.499,8,1500,1448,1425,1,50,11178.333333333334,800,2287,830,2229,5833,6714,5830,6739,14,33,11,08-12-2026 19:32:31,08-12-2026 19:34:09
Fiber id,600,300,4,4,4,1,1,4,16,100,90,0.05,5,20,5,False,False,542.496,8,1500,1448,1448,3,27,11006.111111111111,776,1996,False,False,271.371,8,1500,1448,1424,0,44,10958.666666666666,829,2272,742,2225,5840,6749,5843,6774,13,33,94,08-12-2026 21:52:19,08-12-2026 21:53:57
Fiber id,600,300,4,4,4,1,1,4,16,100,90,0.05,5,20,5,False,False,542.233,8,1500,1448,1448,1,27,10988.222222222223,849,1835,False,False,271.584,8,1500,1448,1424,0,59,11087.777777777777,661,2382,728,2295,5841,6800,5842,6814,12,34,87,08-12-2026 21:40:32,08-12-2026 21:42:10
Fiber id,600,300,4,4,4,1,1,4,16,100,90,0.05,5,20,5,False,False,542.275,8,1500,1448,1448,2,27,10270.555555555555,1073,1953,False,False,271.687,8,1500,1448,1424,0,41,10949.111111111111,763,2204,819,2125,5843,6748,5844,6736,14,32,90,08-12-2026 21:45:35,08-12-2026 21:47:13
Fiber id,600,300,4,4,4,1,1,4,16,100,90,0.05,5,20,5,False,False,542.323,8,1500,1448,1448,4,27,10449.666666666666,999,1859,False,False,271.532,8,1500,1448,1424,0,50,11086,699,2238,795,2165,5835,6760,5832,6778,14,32,6,08-12-2026 19:24:05,08-12-2026 19:25:43
Fiber id,600,300,4,4,4,1,1,4,16,100,90,0.05,5,20,5,False,False,542.338,8,1500,1448,1448,2,27,10721,1026,2054,False,False,271.892,8,1500,1448,1424,0,39,11042.444444444445,835,2208,889,2175,5848,6677,5846,6665,15,33,25,08-12-2026 19:56:06,08-12-2026 19:57:44
Fiber id,600,300,4,4,4,1,1,4,16,100,90,0.05,5,20,5,False,False,542.554,8,1500,1448,1448,1,27,11244.888888888889,886,2537,False,False,271.455,8,1500,1448,1424,1,54,11325.666666666666,763,2280,818,2365,5824,6702,5823,6709,14,35,65,08-12-2026 21:03:29,08-12-2026 21:05:07
Fiber id,600,300,4,4,4,1,1,4,16,100,90,0.05,5,20,5,False,False,542.101,8,1500,1448,1448,2,27,10479.333333333334,961,2101,False,False,271.317,8,1500,1448,1424,1,206,11003.888888888889,779,2302,849,2241,5834,6755,5830,6774,15,33,54,08-12-2026 20:44:57,08-12-2026 20:46:35
Fiber id,600,300,4,4,4,1,1,4,16,100,90,0.05,5,20,5,False,False,542.328,8,1500,1448,1448,2,27,10589.888888888889,912,1902,False,False,271.527,8,1500,1448,1425,0,56,11012.666666666666,798,2341,837,2259,5833,6684,5834,6700,14,34,39,08-12-2026 20:19:41,08-12-2026 20:21:19
Fiber id,600,300,4,4,4,1,1,4,16,100,90,0.05,5,20,5,False,False,542.282,8,1500,1448,1448,2,27,10938,882,1852,False,False,271.537,8,1500,1448,1425,0,51,11062.111111111111,780,2193,809,2126,5836,6805,5844,6817,14,31,3,08-12-2026 19:19:02,08-12-2026 19:20:40
Fiber id,600,300,4,4,4,1,1,4,16,100,90,0.05,5,20,5,False,False,542.065,8,1500,1448,1448,3,27,10379.444444444445,1039,1949,False,False,271.402,8,1500,1448,1424,0,45,10982.777777777777,795,2274,848,2226,5826,6774,5823,6767,15,33,97,08-12-2026 21:57:22,08-12-2026 21:59:01
Fiber id,600,300,4,4,4,1,1,4,16,100,90,0.05,5,20,5,False,False,542.521,8,1500,1448,1448,2,27,10953.333333333334,754,1950,False,False,271.742,8,1500,1448,1424,0,55,10780.222222222223,1003,2105,788,2061,5839,6762,5837,6774,13,30,33,08-12-2026 20:09:34,08-12-2026 20:11:12
Fiber id,600,300,4,4,4,1,1,4,16,100,90,0.05,5,20,5,False,False,542.553,8,1500,1448,1448,3,27,10926.777777777777,933,2035,False,False,271.942,8,1500,1448,1424,0,46,10777.111111111111,948,2180,910,2105,5831,6772,5833,6786,16,31,47,08-12-2026 20:33:09,08-12-2026 20:34:47
Fiber id,600,300,4,4,4,1,1,4,16,100,90,0.05,5,20,5,False,False,542.264,8,1500,1448,1448,2,27,10307.222222222223,1023,1898,False,False,271.371,8,1500,1448,1425,0,45,10953.888888888889,864,2214,913,2149,5844,6793,5837,6747,16,32,96,08-12-2026 21:55:41,08-12-2026 21:57:20
Fiber id,600,300,4,4,4,1,1,4,16,100,90,0.05,5,20,5,False,False,542.831,8,1500,1448,1448,2,27,10735.666666666666,843,1948,False,False,271.372,8,1500,1448,1425,0,52,10977.222222222223,872,2241,827,2174,5840,6575,5840,6617,14,33,72,08-12-2026 21:15:16,08-12-2026 21:16:54
Fiber id,600,300,4,4,4,1,1,4,16,100,90,0.05,5,20,5,False,False,543.807,8,1500,1448,1448,2,27,10456,925,1975,False,False,271.630,8,1500,1448,1424,0,51,11020.444444444445,780,2219,829,2165,5835,6729,5829,6738,14,32,16,08-12-2026 19:40:56,08-12-2026 19:42:35
Fiber id,600,300,4,4,4,1,1,4,16,100,90,0.05,5,20,5,False,False,542.765,8,1500,1448,1448,1,27,10723.666666666666,879,4177,False,False,271.624,8,1500,1448,1425,1,41,10995.666666666666,870,2209,855,2876,5835,6736,5838,6747,15,43,8,08-12-2026 19:27:28,08-12-2026 19:29:06
Fiber id,600,300,4,4,4,1,1,4,16,100,90,0.05,5,20,5,False,False,542.380,8,1500,1448,1448,1,27,10692.888888888889,985,1792,False,False,271.582,8,1500,1448,1424,0,52,11041.555555555555,789,2195,844,2105,5840,6661,5836,6668,14,32,14,08-12-2026 19:37:34,08-12-2026 19:39:12
Fiber id,600,300,4,4,4,1,1,4,16,100,90,0.05,5,20,5,False,False,542.330,8,1500,1448,1448,3,27,10283.666666666666,1035,1972,False,False,271.533,8,1500,1448,1424,0,49,10798.333333333334,878,2175,930,2124,5848,6717,5849,6733,16,32,82,08-12-2026 21:32:07,08-12-2026 21:33:45
Fiber id,600,300,4,4,4,1,1,4,16,100,90,0.05,5,20,5,False,False,542.164,8,1500,1448,1448,1,27,10706.333333333334,891,2303,False,False,271.278,8,1500,1448,1424,0,45,11002.888888888889,779,2307,827,2319,5842,6774,5835,6791,14,34,45,08-12-2026 20:29:47,08-12-2026 20:31:25
Fiber id,600,300,4,4,4,1,1,4,16,100,90,0.05,5,20,5,False,False,542.329,8,1500,1448,1448,1,27,10884,921,1853,False,False,271.567,8,1500,1448,1424,0,47,11289.111111111111,847,2197,863,2116,5846,6748,5845,6767,15,31,43,08-12-2026 20:26:25,08-12-2026 20:28:03
Fiber id,600,300,4,4,4,1,1,4,16,100,90,0.05,5,20,5,False,False,542.368,8,1500,1448,1448,2,27,11064.777777777777,827,1985,False,False,271.322,8,1500,1448,1424,0,55,10700.111111111111,875,2237,819,2161,5833,6694,5830,6718,14,32,83,08-12-2026 21:33:48,08-12-2026 21:35:26
Fiber id,600,300,4,4,4,1,1,4,16,100,90,0.05,5,20,5,False,False,542.398,8,1500,1448,1448,2,27,10153.666666666666,1120,2128,False,False,271.880,8,1500,1448,1425,0,54,10890.222222222223,837,2284,897,2262,5830,6714,5832,6696,15,34,63,08-12-2026 21:00:06,08-12-2026 21:01:44
Fiber id,600,300,4,4,4,1,1,4,16,100,90,0.05,5,20,5,False,False,542.322,8,1500,1448,1448,1,27,10786.444444444445,834,1912,False,False,271.587,8,1500,1448,1425,1,43,10881,838,2256,817,2181,5837,6692,5837,6642,14,33,80,08-12-2026 21:28:45,08-12-2026 21:30:23
Fiber id,600,300,4,4,4,1,1,4,16,100,90,0.05,5,20,5,False,False,542.271,8,1500,1448,1448,0,27,10778.777777777777,873,1891,False,False,271.498,8,1500,1448,1425,0,53,11072.333333333334,733,2296,800,2222,5845,6773,5843,6769,14,33,59,08-12-2026 20:53:22,08-12-2026 20:55:00
Fiber id,600,300,4,4,4,1,1,4,16,100,90,0.05,5,20,5,False,False,542.511,8,1500,1448,1448,1,27,10547.333333333334,931,1775,False,False,271.252,8,1500,1448,1424,0,46,11096.444444444445,790,2264,814,2198,5843,6690,5839,6711,14,33,15,08-12-2026 19:39:15,08-12-2026 19:40:53
Fiber id,600,300,4,4,4,1,1,4,16,100,90,0.05,5,20,5,False,False,542.384,8,1500,1448,1448,1,27,10794.666666666666,894,1810,False,False,271.490,8,1500,1448,1425,0,47,10446.222222222223,1154,1891,931,1862,5826,6672,5822,6689,16,28,71,08-12-2026 21:13:35,08-12-2026 21:15:13
Fiber id,600,300,4,4,4,1,1,4,16,100,90,0.05,5,20,5,False,False,542.577,8,1500,1448,1448,2,27,10686.888888888889,952,1995,False,False,271.918,8,1500,1448,1425,0,55,10871.666666666666,826,2271,882,2201,5831,6751,5831,6710,15,33,42,08-12-2026 20:24:44,08-12-2026 20:26:22
Fiber id,600,300,4,4,4,1,1,4,16,100,90,0.05,5,20,5,False,False,542.252,8,1500,1448,1448,1,27,11197.777777777777,830,1843,False,False,271.350,8,1500,1448,1425,1,53,10975.666666666666,741,2228,761,2144,5831,6735,5830,6739,13,32,51,08-12-2026 20:39:53,08-12-2026 20:41:31
Fiber id,600,300,4,4,4,1,1,4,16,100,90,0.05,5,20,5,False,False,542.394,8,1500,1448,1448,3,27,10659,1021,2019,False,False,271.464,8,1500,1448,1425,0,42,10905.222222222223,880,2219,911,2172,5843,6852,5838,6866,16,32,57,08-12-2026 20:50:00,08-12-2026 20:51:38
Fiber id,600,300,4,4,4,1,1,4,16,100,90,0.05,5,20,5,False,False,543.791,8,1500,1448,1448,4,27,10843.555555555555,1054,1903,False,False,271.398,8,1500,1448,1425,0,44,11061.888888888889,818,2290,869,2251,5846,6766,5847,6779,15,33,88,08-12-2026 21:42:13,08-12-2026 21:43:51
Fiber id,600,300,4,4,4,1,1,4,16,100,90,0.05,5,20,5,False,False,542.391,8,1500,1448,1448,1,27,10647.777777777777,920,2047,False,False,271.498,8,1500,1448,1424,1,50,10918.222222222223,818,2227,859,2184,5832,6658,5828,6661,15,33,4,08-12-2026 19:20:43,08-12-2026 19:22:21
Fiber id,600,300,4,4,4,1,1,4,16,100,90,0.05,5,20,5,False,False,542.406,8,1500,1448,1448,1,27,10842.888888888889,599,1876,False,False,271.531,8,1500,1448,1425,0,45,11146.666666666666,685,2151,647,2095,5836,6453,5838,6445,11,33,12,08-12-2026 19:34:12,08-12-2026 19:35:50
Cable id,250,50,10,10,3,1,1,4,16,100,90,0.05,5,20,5,True,False,226.697,6,1500,1448,1448,0,21,21965.714285714286,+Inf,NaN,True,False,45.743,6,1500,1448,1425,0,21,25337.714285714286,+Inf,NaN,219,949,2774,2843,2774,2845,8,33,79,08-12-2026 08:58:49,08-12-2026 08:59:52
Cable id,250,50,10,10,3,1,1,4,16,100,90,0.05,5,20,5,False,False,225.059,11,1500,1448,1448,0,36,22719.333333333332,428,944,False,False,44.001,11,1500,1448,1424,0,36,28770.083333333332,44,444,74,880,2771,2831,2770,2836,3,31,50,08-12-2026 08:19:56,08-12-2026 08:21:29
Cable id,250,50,10,10,3,1,1,4,16,100,90,0.05,5,20,5,True,False,226.577,6,1500,1448,1448,0,21,21844.428571428572,+Inf,NaN,True,False,45.419,6,1500,1448,1424,0,21,25538.14285714286,+Inf,NaN,212,906,2775,2821,2775,2819,8,32,23,08-12-2026 07:43:59,08-12-2026 07:45:02
Cable id,250,50,10,10,3,1,1,4,16,100,90,0.05,5,20,5,False,False,224.891,11,1500,1448,1448,0,36,22494.083333333332,489,899,True,False,45.657,6,1500,1448,1425,0,21,25918.714285714286,+Inf,NaN,443,896,2771,2830,2768,2813,16,32,68,08-12-2026 08:43:58,08-12-2026 08:45:16
Cable id,250,50,10,10,3,1,1,4,16,100,90,0.05,5,20,5,False,False,225.038,11,1500,1448,1448,0,36,22559,481,853,True,False,45.816,6,1500,1448,1425,0,21,25324,+Inf,NaN,429,851,2774,2846,2773,2849,15,30,92,08-12-2026 09:14:37,08-12-2026 09:15:55
Cable id,250,50,10,10,3,1,1,4,16,100,90,0.05,5,20,5,True,False,226.604,6,1500,1448,1448,0,21,21818.85714285714,+Inf,NaN,False,False,44.376,11,1500,1448,1424,0,36,28915.75,58,457,69,825,2775,2826,2774,2830,2,29,95,08-12-2026 09:18:40,08-12-2026 09:19:58
Cable id,250,50,10,10,3,1,1,4,16,100,90,0.05,5,20,5,True,False,226.623,6,1500,1448,1448,0,21,21799.571428571428,+Inf,NaN,False,False,44.499,11,1500,1448,1425,0,36,28601.5,40,496,48,856,2773,2824,2773,2818,2,30,46,08-12-2026 08:14:32,08-12-2026 08:15:50
Cable id,250,50,10,10,3,1,1,4,16,100,90,0.05,5,20,5,False,False,225.127,11,1500,1448,1448,0,36,22810.333333333332,426,1016,False,False,44.489,11,1500,1448,1424,0,36,28316.25,37,450,67,950,2777,2851,2776,2853,2,33,93,08-12-2026 09:15:58,08-12-2026 09:17:31
Cable id,250,50,10,10,3,1,1,4,16,100,90,0.05,5,20,5,True,False,226.584,6,1500,1448,1448,0,21,21744.14285714286,+Inf,NaN,False,False,44.334,11,1500,1448,1424,0,36,28678.916666666668,37,469,41,819,2775,2840,2774,2844,1,29,17,08-12-2026 07:35:23,08-12-2026 07:36:41
Cable id,250,50,10,10,3,1,1,4,16,100,90,0.05,5,20,5,True,False,226.535,6,1500,1448,1448,0,21,21884.714285714286,+Inf,NaN,True,False,45.278,6,1500,1448,1425,0,21,25276.14285714286,+Inf,NaN,179,1020,2776,2846,2777,2849,6,36,29,08-12-2026 07:51:50,08-12-2026 07:52:53
Cable id,250,50,10,10,3,1,1,4,16,100,90,0.05,5,20,5,False,False,224.914,11,1500,1448,1448,0,36,22512.5,477,871,False,False,44.280,11,1500,1448,1424,0,36,28272.666666666668,37,478,52,837,2776,2856,2775,2853,2,29,20,08-12-2026 07:39:41,08-12-2026 07:41:14
Cable id,250,50,10,10,3,1,1,4,16,100,90,0.05,5,20,5,False,False,224.997,11,1500,1448,1448,0,36,22551.083333333332,492,849,False,False,45.083,11,1500,1448,1425,0,36,28721.083333333332,47,471,77,823,2774,2856,2776,2857,3,29,31,08-12-2026 07:54:02,08-12-2026 07:55:35
Cable id,250,50,10,10,3,1,1,4,16,100,90,0.05,5,20,5,True,False,226.670,6,1500,1448,1448,0,21,21740.85714285714,+Inf,NaN,False,False,44.655,11,1500,1448,1425,0,36,29421.666666666668,33,492,38,855,2777,2869,2778,2871,1,30,84,08-12-2026 09:04:19,08-12-2026 09:05:37
Cable id,250,50,10,10,3,1,1,4,16,100,90,0.05,5,20,5,True,False,226.574,6,1500,1448,1448,0,21,21864,+Inf,NaN,True,False,45.333,6,1500,1448,1425,0,21,25679.571428571428,+Inf,NaN,183,921,2775,2852,2774,2850,7,32,13,08-12-2026 07:30:00,08-12-2026 07:31:03
Cable id,250,50,10,10,3,1,1,4,16,100,90,0.05,5,20,5,True,False,226.625,6,1500,1448,1448,1,21,21789.571428571428,+Inf,NaN,False,False,44.665,11,1500,1448,1425,0,36,29165.666666666668,40,470,42,840,2777,2856,2776,2850,2,29,62,08-12-2026 08:35:53,08-12-2026 08:37:11
Cable id,250,50,10,10,3,1,1,4,16,100,90,0.05,5,20,5,False,False,225.083,11,1500,1448,1448,0,36,22554.416666666668,501,868,False,False,44.793,11,1500,1448,1424,0,36,28673.916666666668,36,484,65,841,2775,2842,2776,2844,2,30,75,08-12-2026 08:53:10,08-12-2026 08:54:43
Cable id,250,50,10,10,3,1,1,4,16,100,90,0.05,5,20,5,False,False,225.073,11,1500,1448,1448,0,36,22319.583333333332,513,909,True,False,44.877,6,1500,1448,1425,0,21,25054.571428571428,+Inf,NaN,467,916,2773,2860,2772,2844,17,32,9,08-12-2026 07:25:06,08-12-2026 07:26:24
Cable id,250,50,10,10,3,1,1,4,16,100,90,0.05,5,20,5,True,False,226.756,6,1500,1448,1448,0,21,22309.571428571428,+Inf,NaN,False,False,44.696,11,1500,1448,1425,0,36,28741.833333333332,38,437,44,743,2774,2812,2774,2810,2,26,44,08-12-2026 08:11:50,08-12-2026 08:13:08
Cable id,250,50,10,10,3,1,1,4,16,100,90,0.05,5,20,5,False,False,225.054,11,1500,1448,1448,0,36,22582.833333333332,457,967,True,False,45.371,6,1500,1448,1425,0,21,24886.285714285714,+Inf,NaN,424,958,2774,2846,2772,2850,15,34,48,08-12-2026 08:16:59,08-12-2026 08:18:17
Cable id,250,50,10,10,3,1,1,4,16,100,90,0.05,5,20,5,False,False,224.996,11,1500,1448,1448,0,36,22840.833333333332,430,1002,True,False,45.619,6,1500,1448,1425,0,21,25322.571428571428,+Inf,NaN,405,1012,2775,2861,2775,2852,15,35,99,08-12-2026 09:23:49,08-12-2026 09:25:07
Cable id,250,50,10,10,3,1,1,4,16,100,90,0.05,5,20,5,False,False,225.093,11,1500,1448,1448,0,36,22669.083333333332,476,941,True,False,45.664,6,1500,1448,1424,0,21,25512,+Inf,NaN,444,930,2777,2868,2777,2868,16,32,56,08-12-2026 08:28:02,08-12-2026 08:29:20
Cable id,250,50,10,10,3,1,1,4,16,100,90,0.05,5,20,5,False,False,225.040,11,1500,1448,1448,0,36,22369.333333333332,515,864,True,False,45.707,6,1500,1448,1424,0,21,25314.571428571428,+Inf,NaN,462,879,2772,2826,2772,2828,17,31,32,08-12-2026 07:55:38,08-12-2026 07:56:56
Cable id,250,50,10,10,3,1,1,4,16,100,90,0.05,5,20,5,False,False,224.987,11,1500,1448,1448,0,36,22815.583333333332,428,925,False,False,44.207,11,1500,1448,1425,0,36,28727.333333333332,38,463,94,868,2774,2850,2773,2819,3,31,78,08-12-2026 08:57:13,08-12-2026 08:58:46
Cable id,250,50,10,10,3,1,1,4,16,100,90,0.05,5,20,5,True,False,226.614,6,1500,1448,1448,0,21,21735.428571428572,+Inf,NaN,False,False,44.203,11,1500,1448,1425,0,36,28585.25,49,447,53,885,2777,2852,2776,2849,2,31,38,08-12-2026 08:03:14,08-12-2026 08:04:32
Cable id,250,50,10,10,3,1,1,4,16,100,90,0.05,5,20,5,False,False,225.133,11,1500,1448,1448,0,36,22876,407,888,True,False,45.485,6,1500,1448,1424,0,21,25252.714285714286,+Inf,NaN,381,882,2774,2849,2773,2838,14,31,26,08-12-2026 07:47:32,08-12-2026 07:48:50
Cable id,250,50,10,10,3,1,1,4,16,100,90,0.05,5,20,5,False,False,224.977,11,1500,1448,1448,0,36,22481.083333333332,492,922,True,False,45.367,6,1500,1448,1424,0,21,26010.571428571428,+Inf,NaN,459,907,2777,2857,2777,2859,17,32,69,08-12-2026 08:45:19,08-12-2026 08:46:37
Cable id,250,50,10,10,3,1,1,4,16,100,90,0.05,5,20,5,True,False,226.615,6,1500,1448,1448,0,21,21828,+Inf,NaN,True,False,45.155,6,1500,1448,1425,0,21,25424.85714285714,+Inf,NaN,218,968,2775,2833,2774,2824,8,34,34,08-12-2026 07:58:05,08-12-2026 07:59:08
Cable id,250,50,10,10,3,1,1,4,16,100,90,0.05,5,20,5,True,False,226.722,6,1500,1448,1448,0,21,22384.714285714286,+Inf,NaN,True,False,45.583,6,1500,1448,1424,0,21,24970,+Inf,NaN,190,1138,2779,2848,2780,2848,7,40,58,08-12-2026 08:30:29,08-12-2026 08:31:32
Cable id,250,50,10,10,3,1,1,4,16,100,90,0.05,5,20,5,True,False,226.620,6,1500,1448,1448,0,21,21746,+Inf,NaN,True,False,44.954,6,1500,1448,1425,0,21,25050.571428571428,+Inf,NaN,218,968,2776,2855,2775,2846,8,34,30,08-12-2026 07:52:56,08-12-2026 07:53:59
Cable id,250,50,10,10,3,1,1,4,16,100,90,0.05,5,20,5,True,False,226.608,6,1500,1448,1448,0,21,21741.714285714286,+Inf,NaN,False,False,44.501,11,1500,1448,1425,0,36,28307.916666666668,42,468,48,845,2777,2840,2777,2840,2,30,70,08-12-2026 08:46:41,08-12-2026 08:47:59
Cable id,250,50,10,10,3,1,1,4,16,100,90,0.05,5,20,5,True,False,226.710,6,1500,1448,1448,0,21,21759.14285714286,+Inf,NaN,True,False,45.694,6,1500,1448,1424,0,21,25479.428571428572,+Inf,NaN,220,958,2772,2837,2772,2836,8,34,24,08-12-2026 07:45:05,08-12-2026 07:46:08
Cable id,250,50,10,10,3,1,1,4,16,100,90,0.05,5,20,5,False,False,224.919,11,1500,1448,1448,0,36,22328.583333333332,516,919,False,False,44.533,11,1500,1448,1425,0,36,29022.333333333332,57,464,86,851,2776,2838,2774,2841,3,30,52,08-12-2026 08:22:53,08-12-2026 08:24:26
Cable id,250,50,10,10,3,1,1,4,16,100,90,0.05,5,20,5,True,False,226.741,6,1500,1448,1448,0,21,22252,+Inf,NaN,True,False,45.325,6,1500,1448,1424,0,21,25641.14285714286,+Inf,NaN,191,1060,2774,2849,2775,2845,7,37,36,08-12-2026 08:00:47,08-12-2026 08:01:50
Cable id,250,50,10,10,3,1,1,4,16,100,90,0.05,5,20,5,True,False,226.594,6,1500,1448,1448,0,21,21700.14285714286,+Inf,NaN,True,False,44.915,6,1500,1448,1424,0,21,25291,+Inf,NaN,177,1036,2774,2841,2775,2836,6,37,2,08-12-2026 07:16:09,08-12-2026 07:17:12
Cable id,250,50,10,10,3,1,1,4,16,100,90,0.05,5,20,5,True,False,226.711,6,1500,1448,1448,0,21,21971.714285714286,+Inf,NaN,True,False,45.375,6,1500,1448,1425,0,21,25512.285714285714,+Inf,NaN,198,953,2773,2852,2772,2852,7,33,5,08-12-2026 07:19:42,08-12-2026 07:20:45
Cable id,250,50,10,10,3,1,1,4,16,100,90,0.05,5,20,5,False,False,224.997,11,1500,1448,1448,0,36,22932,440,937,True,False,45.703,6,1500,1448,1424,0,21,25378.714285714286,+Inf,NaN,412,925,2773,2832,2772,2834,15,33,89,08-12-2026 09:10:49,08-12-2026 09:12:07
Cable id,250,50,10,10,3,1,1,4,16,100,90,0.05,5,20,5,True,False,226.664,6,1500,1448,1448,0,21,22039.285714285714,+Inf,NaN,False,False,44.491,11,1500,1448,1425,0,36,29032.5,51,457,55,803,2775,2842,2775,2836,2,28,74,08-12-2026 08:51:49,08-12-2026 08:53:07
Cable id,250,50,10,10,3,1,1,4,16,100,90,0.05,5,20,5,True,False,226.661,6,1500,1448,1448,0,21,21923.285714285714,+Inf,NaN,False,False,44.864,11,1500,1448,1424,0,36,29389,39,432,45,797,2772,2834,2769,2837,2,28,91,08-12-2026 09:13:16,08-12-2026 09:14:34
Cable id,250,50,10,10,3,1,1,4,16,100,90,0.05,5,20,5,True,False,226.616,6,1500,1448,1448,0,21,21943.571428571428,+Inf,NaN,True,False,45.951,6,1500,1448,1424,0,21,25996.85714285714,+Inf,NaN,202,956,2775,2844,2772,2848,7,34,53,08-12-2026 08:24:29,08-12-2026 08:25:32
Cable id,250,50,10,10,3,1,1,4,16,100,90,0.05,5,20,5,False,False,224.875,11,1500,1448,1448,0,36,22299.583333333332,508,894,False,False,44.701,11,1500,1448,1424,0,36,28943.333333333332,33,479,56,855,2775,2848,2773,2847,2,30,21,08-12-2026 07:41:17,08-12-2026 07:42:51
Cable id,250,50,10,10,3,1,1,4,16,100,90,0.05,5,20,5,False,False,225.157,11,1500,1448,1448,0,36,22386.333333333332,517,933,True,False,45.576,6,1500,1448,1424,0,21,25679.14285714286,+Inf,NaN,472,928,2776,2845,2775,2844,17,33,55,08-12-2026 08:26:41,08-12-2026 08:27:59
Cable id,250,50,10,10,3,1,1,4,16,100,90,0.05,5,20,5,False,False,224.839,11,1500,1448,1448,0,36,22829.5,429,979,False,False,44.626,11,1500,1448,1425,0,36,28628.833333333332,39,425,60,907,2775,2857,2775,2856,2,32,27,08-12-2026 07:48:53,08-12-2026 07:50:26
Cable id,250,50,10,10,3,1,1,4,16,100,90,0.05,5,20,5,False,False,225.116,11,1500,1448,1448,0,36,22821.833333333332,414,964,True,False,45.530,6,1500,1448,1424,0,21,25798.714285714286,+Inf,NaN,380,951,2777,2842,2777,2846,14,33,77,08-12-2026 08:55:52,08-12-2026 08:57:10
Cable id,250,50,10,10,3,1,1,4,16,100,90,0.05,5,20,5,True,False,226.654,6,1500,1448,1448,0,21,22314.285714285714,+Inf,NaN,True,False,45.984,6,1500,1448,1424,0,21,25559.428571428572,+Inf,NaN,214,1052,2778,2870,2777,2867,8,37,85,08-12-2026 09:05:40,08-12-2026 09:06:43
Cable id,250,50,10,10,3,1,1,4,16,100,90,0.05,5,20,5,True,False,226.495,6,1500,1448,1448,0,21,21804.14285714286,+Inf,NaN,False,False,44.666,11,1500,1448,1424,0,36,28830.416666666668,31,431,41,822,2776,2862,2774,2863,1,29,86,08-12-2026 09:06:46,08-12-2026 09:08:04
Cable id,250,50,10,10,3,1,1,4,16,100,90,0.05,5,20,5,False,False,225.038,11,1500,1448,1448,0,36,22353.333333333332,513,889,False,False,44.073,11,1500,1448,1425,0,36,28668.416666666668,33,451,62,839,2774,2845,2775,2842,2,30,18,08-12-2026 07:36:44,08-12-2026 07:38:17
Cable id,250,50,10,10,3,1,1,4,16,100,90,0.05,5,20,5,True,False,226.709,6,1500,1448,1448,0,21,22287.285714285714,+Inf,NaN,True,False,45.363,6,1500,1448,1425,0,21,25666.85714285714,+Inf,NaN,205,1029,2772,2848,2771,2843,7,36,22,08-12-2026 07:42:54,08-12-2026 07:43:57
Cable id,250,50,10,10,3,1,1,4,16,100,90,0.05,5,20,5,True,False,226.484,6,1500,1448,1448,0,21,21852,+Inf,NaN,True,False,44.991,6,1500,1448,1424,0,21,25252,+Inf,NaN,178,959,2776,2852,2775,2855,6,34,81,08-12-2026 09:01:01,08-12-2026 09:02:04
Cable id,250,50,10,10,3,1,1,4,16,100,90,0.05,5,20,5,True,False,226.799,6,1500,1448,1448,0,21,22356.14285714286,+Inf,NaN,False,False,45.112,11,1500,1448,1424,0,36,28904.083333333332,41,459,48,736,2771,2845,2769,2844,2,26,64,08-12-2026 08:38:35,08-12-2026 08:39:53
Cable id,250,50,10,10,3,1,1,4,16,100,90,0.05,5,20,5,False,False,225.125,11,1500,1448,1448,0,36,22853.416666666668,438,986,True,False,45.996,6,1500,1448,1425,0,21,25660.428571428572,+Inf,NaN,414,990,2773,2848,2773,2842,15,35,7,08-12-2026 07:22:09,08-12-2026 07:23:27
Cable id,250,50,10,10,3,1,1,4,16,100,90,0.05,5,20,5,True,False,226.707,6,1500,1448,1448,0,21,22165.714285714286,+Inf,NaN,True,False,45.032,6,1500,1448,1425,0,21,25485.85714285714,+Inf,NaN,183,1119,2773,2841,2775,2846,7,39,76,08-12-2026 08:54:46,08-12-2026 08:55:49
Cable id,250,50,10,10,3,1,1,4,16,100,90,0.05,5,20,5,True,False,226.808,6,1500,1448,1448,0,21,22262.85714285714,+Inf,NaN,False,False,44.953,11,1500,1448,1425,0,41,28625.166666666668,45,462,52,734,2776,2849,2777,2848,2,26,98,08-12-2026 09:22:28,08-12-2026 09:23:46
Cable id,250,50,10,10,3,1,1,4,16,100,90,0.05,5,20,5,True,False,226.711,6,1500,1448,1448,0,21,22253.571428571428,+Inf,NaN,False,False,44.819,11,1500,1448,1424,0,36,29116.666666666668,42,471,45,780,2775,2850,2773,2853,2,27,19,08-12-2026 07:38:20,08-12-2026 07:39:38
Cable id,250,50,10,10,3,1,1,4,16,100,90,0.05,5,20,5,True,False,226.785,6,1500,1448,1448,0,21,22290.571428571428,+Inf,NaN,False,False,44.531,11,1500,1448,1424,0,36,28253.916666666668,39,463,41,718,2773,2829,2772,2826,1,25,28,08-12-2026 07:50:29,08-12-2026 07:51:47
Cable id,250,50,10,10,3,1,1,4,16,100,90,0.05,5,20,5,True,False,226.668,6,1500,1448,1448,0,21,21738.714285714286,+Inf,NaN,True,False,45.441,6,1500,1448,1425,0,21,25740.714285714286,+Inf,NaN,200,1019,2775,2845,2775,2848,7,36,67,08-12-2026 08:42:53,08-12-2026 08:43:56
Cable id,250,50,10,10,3,1,1,4,16,100,90,0.05,5,20,5,True,False,226.617,6,1500,1448,1448,0,21,21823.285714285714,+Inf,NaN,False,False,44.699,11,1500,1448,1425,0,36,28673.75,50,471,54,787,2774,2842,2773,2839,2,28,61,08-12-2026 08:34:32,08-12-2026 08:35:50
Cable id,250,50,10,10,3,1,1,4,16,100,90,0.05,5,20,5,True,False,226.694,6,1500,1448,1448,0,21,22129.428571428572,+Inf,NaN,False,False,44.504,11,1500,1448,1425,0,36,28929.5,47,459,61,757,2777,2841,2777,2842,2,27,1,08-12-2026 07:14:48,08-12-2026 07:16:06
Cable id,250,50,10,10,3,1,1,4,16,100,90,0.05,5,20,5,False,False,225.123,11,1500,1448,1448,0,36,22232.25,529,931,False,False,44.084,11,1500,1448,1425,0,36,28384.166666666668,43,479,74,877,2774,2852,2773,2851,3,31,66,08-12-2026 08:41:16,08-12-2026 08:42:50
Cable id,250,50,10,10,3,1,1,4,16,100,90,0.05,5,20,5,False,False,225.040,11,1500,1448,1448,0,36,22310,519,874,False,False,44.377,11,1500,1448,1425,0,36,29170.416666666668,45,485,75,842,2775,2852,2775,2852,3,30,40,08-12-2026 08:06:11,08-12-2026 08:07:44
Cable id,250,50,10,10,3,1,1,4,16,100,90,0.05,5,20,5,True,False,226.698,6,1500,1448,1448,0,21,22000,+Inf,NaN,True,False,45.692,6,1500,1448,1424,0,21,25663.571428571428,+Inf,NaN,193,1029,2776,2837,2776,2843,7,36,73,08-12-2026 08:50:43,08-12-2026 08:51:47
Cable id,250,50,10,10,3,1,1,4,16,100,90,0.05,5,20,5,False,False,225.034,11,1500,1448,1448,0,36,22522.5,479,856,False,False,44.366,11,1500,1448,1424,0,36,28507.166666666668,50,427,69,818,2776,2848,2777,2843,3,29,49,08-12-2026 08:18:20,08-12-2026 08:19:53
Cable id,250,50,10,10,3,1,1,4,16,100,90,0.05,5,20,5,False,False,225.079,11,1500,1448,1448,0,36,22501.166666666668,505,875,True,False,45.831,6,1500,1448,1424,0,21,25661.85714285714,+Inf,NaN,465,886,2774,2819,2774,2822,17,31,60,08-12-2026 08:33:11,08-12-2026 08:34:29
Cable id,250,50,10,10,3,1,1,4,16,100,90,0.05,5,20,5,True,False,226.580,6,1500,1448,1448,0,21,21761.714285714286,+Inf,NaN,False,False,44.237,11,1500,1448,1425,0,36,28813.666666666668,49,407,56,839,2776,2857,2776,2845,2,30,41,08-12-2026 08:07:47,08-12-2026 08:09:05
Cable id,250,50,10,10,3,1,1,4,16,100,90,0.05,5,20,5,False,False,225.043,11,1500,1448,1448,0,36,22523.583333333332,493,866,True,False,45.785,6,1500,1448,1425,0,21,25549.571428571428,+Inf,NaN,456,872,2774,2843,2773,2840,16,31,10,08-12-2026 07:26:27,08-12-2026 07:27:45
Cable id,250,50,10,10,3,1,1,4,16,100,90,0.05,5,20,5,False,False,225.150,11,1500,1448,1448,0,36,22525.166666666668,490,881,True,False,45.361,6,1500,1448,1425,0,21,25352,+Inf,NaN,444,881,2775,2840,2775,2843,16,31,37,08-12-2026 08:01:53,08-12-2026 08:03:11
Cable id,250,50,10,10,3,1,1,4,16,100,90,0.05,5,20,5,True,False,226.494,6,1500,1448,1448,0,21,21741.571428571428,+Inf,NaN,True,False,45.614,6,1500,1448,1425,0,21,25638.571428571428,+Inf,NaN,189,1011,2776,2828,2776,2830,7,36,100,08-12-2026 09:25:10,08-12-2026 09:26:13
Cable id,250,50,10,10,3,1,1,4,16,100,90,0.05,5,20,5,False,False,225.004,11,1500,1448,1448,0,36,22430.666666666668,476,881,False,False,44.400,11,1500,1448,1425,0,36,28680.083333333332,45,468,68,834,2774,2827,2775,2829,2,29,35,08-12-2026 07:59:11,08-12-2026 08:00:44
Cable id,250,50,10,10,3,1,1,4,16,100,90,0.05,5,20,5,True,False,226.660,6,1500,1448,1448,0,21,21777.14285714286,+Inf,NaN,True,False,45.697,6,1500,1448,1424,0,21,25748.14285714286,+Inf,NaN,194,1006,2772,2849,2771,2852,7,35,11,08-12-2026 07:27:48,08-12-2026 07:28:51
Cable id,250,50,10,10,3,1,1,4,16,100,90,0.05,5,20,5,True,False,226.692,6,1500,1448,1448,0,21,21889.714285714286,+Inf,NaN,True,False,45.492,6,1500,1448,1424,0,21,25086,+Inf,NaN,221,1074,2777,2853,2777,2856,8,38,94,08-12-2026 09:17:34,08-12-2026 09:18:37
Cable id,250,50,10,10,3,1,1,4,16,100,90,0.05,5,20,5,False,False,224.952,11,1500,1448,1448,0,36,22532.333333333332,481,870,False,False,44.409,11,1500,1448,1425,0,36,29154.916666666668,43,429,63,837,2776,2839,2776,2844,2,29,87,08-12-2026 09:08:07,08-12-2026 09:09:40
Cable id,250,50,10,10,3,1,1,4,16,100,90,0.05,5,20,5,True,False,226.582,6,1500,1448,1448,0,21,21711.714285714286,+Inf,NaN,True,False,45.242,6,1500,1448,1425,0,21,25161.714285714286,+Inf,NaN,233,968,2776,2859,2777,2862,8,34,90,08-12-2026 09:12:10,08-12-2026 09:13:13
Cable id,250,50,10,10,3,1,1,4,16,100,90,0.05,5,20,5,True,False,226.536,6,1500,1448,1448,0,21,21899.85714285714,+Inf,NaN,False,False,44.541,11,1500,1448,1425,0,36,28738.916666666668,41,439,45,804,2774,2833,2772,2835,2,28,6,08-12-2026 07:20:48,08-12-2026 07:22:06
Cable id,250,50,10,10,3,1,1,4,16,100,90,0.05,5,20,5,True,False,226.496,6,1500,1448,1448,0,21,21678.571428571428,+Inf,NaN,False,False,45.075,11,1500,1448,1425,0,36,28783.833333333332,53,454,59,820,2773,2837,2773,2834,2,29,25,08-12-2026 07:46:11,08-12-2026 07:47:29
Cable id,250,50,10,10,3,1,1,4,16,100,90,0.05,5,20,5,True,False,226.690,6,1500,1448,1448,0,21,21867,+Inf,NaN,False,False,44.573,11,1500,1448,1425,0,36,28822.583333333332,47,460,52,806,2775,2848,2776,2852,2,28,65,08-12-2026 08:39:56,08-12-2026 08:41:14
Cable id,250,50,10,10,3,1,1,4,16,100,90,0.05,5,20,5,True,False,226.626,6,1500,1448,1448,0,21,21785.428571428572,+Inf,NaN,True,False,45.911,6,1500,1448,1424,0,21,25809.85714285714,+Inf,NaN,178,940,2772,2851,2770,2851,6,33,54,08-12-2026 08:25:35,08-12-2026 08:26:38
Cable id,250,50,10,10,3,1,1,4,16,100,90,0.05,5,20,5,False,False,224.991,11,1500,1448,1448,0,36,22498,471,910,False,False,44.540,11,1500,1448,1424,0,36,29271.166666666668,40,455,58,853,2776,2834,2776,2835,2,30,39,08-12-2026 08:04:35,08-12-2026 08:06:08
Cable id,250,50,10,10,3,1,1,4,16,100,90,0.05,5,20,5,True,False,226.659,6,1500,1448,1448,0,21,21757.571428571428,+Inf,NaN,False,False,44.500,11,1500,1448,1424,0,36,28668.166666666668,28,490,33,838,2772,2846,2773,2850,1,29,3,08-12-2026 07:17:15,08-12-2026 07:18:33
Cable id,250,50,10,10,3,1,1,4,16,100,90,0.05,5,20,5,True,False,226.562,6,1500,1448,1448,0,21,21892.285714285714,+Inf,NaN,True,False,45.652,6,1500,1448,1424,0,21,25071.571428571428,+Inf,NaN,206,918,2771,2833,2767,2830,7,32,97,08-12-2026 09:21:22,08-12-2026 09:22:25
Cable id,250,50,10,10,3,1,1,4,16,100,90,0.05,5,20,5,True,False,226.783,6,1500,1448,1448,0,21,22281.571428571428,+Inf,NaN,True,False,44.985,6,1500,1448,1424,0,21,25870.714285714286,+Inf,NaN,197,1016,2773,2838,2771,2837,7,36,33,08-12-2026 07:56:59,08-12-2026 07:58:02
Cable id,250,50,10,10,3,1,1,4,16,100,90,0.05,5,20,5,True,False,226.644,6,1500,1448,1448,0,21,22138.85714285714,+Inf,NaN,True,False,45.454,6,1500,1448,1424,0,21,25286.571428571428,+Inf,NaN,191,1082,2773,2843,2774,2841,7,38,47,08-12-2026 08:15:53,08-12-2026 08:16:56
Cable id,250,50,10,10,3,1,1,4,16,100,90,0.05,5,20,5,True,False,226.643,6,1500,1448,1448,0,21,21708.428571428572,+Inf,NaN,False,False,44.747,11,1500,1448,1424,0,36,29282.083333333332,44,467,48,843,2775,2827,2776,2825,2,30,96,08-12-2026 09:20:01,08-12-2026 09:21:19
Cable id,250,50,10,10,3,1,1,4,16,100,90,0.05,5,20,5,False,False,224.995,11,1500,1448,1448,0,36,22579.083333333332,483,895,True,False,45.612,6,1500,1448,1424,0,21,25289.571428571428,+Inf,NaN,447,891,2775,2827,2776,2831,16,31,72,08-12-2026 08:49:23,08-12-2026 08:50:41
Cable id,250,50,10,10,3,1,1,4,16,100,90,0.05,5,20,5,True,False,226.703,6,1500,1448,1448,0,21,22291.14285714286,+Inf,NaN,False,False,44.198,11,1500,1448,1425,0,36,28959.666666666668,42,432,46,704,2776,2859,2774,2858,2,25,16,08-12-2026 07:34:02,08-12-2026 07:35:21
Cable id,250,50,10,10,3,1,1,4,16,100,90,0.05,5,20,5,False,False,225.080,11,1500,1448,1448,0,36,22579.333333333332,470,828,False,False,44.072,11,1500,1448,1424,0,36,28766,50,475,79,797,2773,2853,2770,2851,3,28,8,08-12-2026 07:23:30,08-12-2026 07:25:03
Cable id,250,50,10,10,3,1,1,4,16,100,90,0.05,5,20,5,False,False,225.109,11,1500,1448,1448,0,36,22324.666666666668,509,902,False,False,45.498,11,1500,1448,1424,0,36,28971.833333333332,48,441,68,858,2777,2844,2776,2846,2,30,14,08-12-2026 07:31:05,08-12-2026 07:32:39
Cable id,250,50,10,10,3,1,1,4,16,100,90,0.05,5,20,5,True,False,226.652,6,1500,1448,1448,0,21,21942.428571428572,+Inf,NaN,True,False,45.074,6,1500,1448,1425,0,21,25534.85714285714,+Inf,NaN,188,938,2779,2866,2778,2855,7,33,82,08-12-2026 09:02:07,08-12-2026 09:03:10
Cable id,250,50,10,10,3,1,1,4,16,100,90,0.05,5,20,5,True,False,226.779,6,1500,1448,1448,0,21,22281.285714285714,+Inf,NaN,False,False,44.321,11,1500,1448,1424,0,36,29050.833333333332,38,451,43,736,2773,2847,2774,2850,2,26,45,08-12-2026 08:13:11,08-12-2026 08:14:29
Cable id,250,50,10,10,3,1,1,4,16,100,90,0.05,5,20,5,True,False,226.705,6,1500,1448,1448,0,21,21850.285714285714,+Inf,NaN,False,False,44.415,11,1500,1448,1425,0,36,28889,41,480,46,828,2773,2828,2771,2832,2,29,43,08-12-2026 08:10:29,08-12-2026 08:11:47
Cable id,250,50,10,10,3,1,1,4,16,100,90,0.05,5,20,5,True,False,226.628,6,1500,1448,1448,0,21,22333,+Inf,NaN,True,False,45.579,6,1500,1448,1424,0,21,25877.714285714286,+Inf,NaN,197,1006,2777,2871,2777,2871,7,35,83,08-12-2026 09:03:13,08-12-2026 09:04:16
Cable id,250,50,10,10,3,1,1,4,16,100,90,0.05,5,20,5,False,False,225.028,11,1500,1448,1448,0,36,22821.083333333332,425,977,True,False,45.197,6,1500,1448,1425,0,21,25821,+Inf,NaN,407,986,2774,2828,2773,2831,15,35,63,08-12-2026 08:37:14,08-12-2026 08:38:32
Cable id,250,50,10,10,3,1,1,4,16,100,90,0.05,5,20,5,True,False,226.763,6,1500,1448,1448,0,21,21886.714285714286,+Inf,NaN,True,False,45.325,6,1500,1448,1424,0,23,25582.714285714286,+Inf,NaN,189,925,2777,2836,2777,2831,7,33,80,08-12-2026 08:59:55,08-12-2026 09:00:58
Cable id,250,50,10,10,3,1,1,4,16,100,90,0.05,5,20,5,False,False,224.932,11,1500,1448,1448,0,36,22332.166666666668,513,895,False,False,44.573,11,1500,1448,1425,0,36,28688.333333333332,48,491,89,847,2774,2849,2773,2839,3,30,59,08-12-2026 08:31:35,08-12-2026 08:33:08
Cable id,250,50,10,10,3,1,1,4,16,100,90,0.05,5,20,5,True,False,226.619,6,1500,1448,1448,0,21,21949.714285714286,+Inf,NaN,False,False,44.498,11,1500,1448,1424,0,36,28503.666666666668,43,446,49,800,2777,2857,2777,2859,2,28,15,08-12-2026 07:32:42,08-12-2026 07:34:00
Cable id,250,50,10,10,3,1,1,4,16,100,90,0.05,5,20,5,True,False,226.580,6,1500,1448,1448,0,21,21869.14285714286,+Inf,NaN,False,False,44.073,11,1500,1448,1425,0,36,28380.166666666668,40,475,45,782,2779,2854,2779,2850,2,27,71,08-12-2026 08:48:02,08-12-2026 08:49:20
Cable id,250,50,10,10,3,1,1,4,16,100,90,0.05,5,20,5,True,False,226.563,6,1500,1448,1448,0,21,21926.14285714286,+Inf,NaN,False,False,44.912,11,1500,1448,1424,0,36,28317.5,37,453,42,780,2774,2841,2773,2843,1,27,42,08-12-2026 08:09:08,08-12-2026 08:10:26
Cable id,250,50,10,10,3,1,1,4,16,100,90,0.05,5,20,5,True,False,226.669,6,1500,1448,1448,0,21,22073.285714285714,+Inf,NaN,False,False,44.293,11,1500,1448,1424,0,36,28745.333333333332,31,481,33,781,2777,2829,2777,2835,1,28,51,08-12-2026 08:21:32,08-12-2026 08:22:50
Cable id,250,50,10,10,3,1,1,4,16,100,90,0.05,5,20,5,True,False,226.741,6,1500,1448,1448,0,21,22324.85714285714,+Inf,NaN,True,False,45.289,6,1500,1448,1425,0,21,25519.571428571428,+Inf,NaN,191,1109,2774,2836,2774,2838,7,39,57,08-12-2026 08:29:23,08-12-2026 08:30:26
Cable id,250,50,10,10,3,1,1,4,16,100,90,0.05,5,20,5,True,False,226.745,6,1500,1448,1448,0,21,22252.714285714286,+Inf,NaN,True,False,45.031,6,1500,1448,1424,0,21,25732.714285714286,+Inf,NaN,170,1132,2774,2844,2775,2847,6,40,88,08-12-2026 09:09:43,08-12-2026 09:10:46
Cable id,250,50,10,10,3,1,1,4,16,100,90,0.05,5,20,5,True,False,226.540,6,1500,1448,1448,0,21,21783.571428571428,+Inf,NaN,True,False,45.991,6,1500,1448,1424,0,21,25559.14285714286,+Inf,NaN,173,952,2774,2834,2773,2829,6,34,4,08-12-2026 07:18:36,08-12-2026 07:19:39
Cable id,250,50,10,10,3,1,1,4,16,100,90,0.05,5,20,5,True,False,226.564,6,1500,1448,1448,0,21,21721.714285714286,+Inf,NaN,True,False,45.610,6,1500,1448,1424,0,21,25400.285714285714,+Inf,NaN,181,1016,2773,2820,2772,2819,7,36,12,08-12-2026 07:28:54,08-12-2026 07:29:57
Cable id,250,50,10,10,1,1,1,4,16,100,90,0.05,5,20,5,True,True,225.410,16,1500,1448,1448,0,48,22900.875,368,682,True,False,44.457,16,1500,1448,1424,0,48,31760.375,83,401,87,630,2768,2827,2766,2830,3,22,79,08-12-2026 05:07:28,08-12-2026 05:08:20
Cable id,250,50,10,10,1,1,1,4,16,100,90,0.05,5,20,5,True,True,225.260,16,1500,1448,1448,0,48,22875.5,379,699,True,False,45.738,16,1500,1448,1424,0,48,31100.625,76,387,50,614,2771,2853,2765,2859,2,21,50,08-12-2026 04:41:07,08-12-2026 04:41:59
Cable id,250,50,10,10,1,1,1,4,16,100,90,0.05,5,20,5,True,False,225.109,16,1500,1448,1448,0,48,23309.375,352,732,True,False,43.345,16,1500,1448,1424,0,48,31471.8125,64,408,71,807,2772,2833,2772,2840,3,28,23,08-12-2026 04:16:27,08-12-2026 04:17:20
Cable id,250,50,10,10,1,1,1,4,16,100,90,0.05,5,20,5,True,False,225.002,16,1500,1448,1448,0,48,22969.9375,389,737,True,False,44.969,16,1500,1448,1425,0,48,31363.8125,62,385,64,741,2775,2819,2774,2822,2,26,68,08-12-2026 04:57:24,08-12-2026 04:58:17
Cable id,250,50,10,10,1,1,1,4,16,100,90,0.05,5,20,5,True,True,225.123,14,1500,1448,1448,0,42,22895.5,411,908,True,False,43.705,16,1500,1448,1425,0,48,31377.75,65,427,66,718,2746,2839,2744,2830,2,25,92,08-12-2026 05:19:07,08-12-2026 05:19:54
Cable id,250,50,10,10,1,1,1,4,16,100,90,0.05,5,20,5,True,True,224.730,16,1500,1448,1448,0,48,22808.9375,385,706,True,False,43.373,16,1500,1448,1425,0,48,30907.875,73,392,83,626,2776,2866,2777,2870,3,22,95,08-12-2026 05:21:45,08-12-2026 05:22:37
Cable id,250,50,10,10,1,1,1,4,16,100,90,0.05,5,20,5,True,False,225.297,16,1500,1448,1448,0,48,22751.8125,378,703,True,False,43.848,16,1500,1448,1425,0,48,31709.875,62,411,94,686,2769,2811,2758,2814,3,24,46,08-12-2026 04:37:25,08-12-2026 04:38:18
Cable id,250,50,10,10,1,1,1,4,16,100,90,0.05,5,20,5,True,True,224.992,16,1500,1448,1448,0,48,22850.9375,407,753,True,False,44.584,16,1500,1448,1424,0,48,30704.8125,58,391,68,643,2743,2820,2738,2826,2,23,93,08-12-2026 05:19:57,08-12-2026 05:20:46
Cable id,250,50,10,10,1,1,1,4,16,100,90,0.05,5,20,5,True,True,225.122,16,1500,1448,1448,0,48,22918.0625,438,710,True,False,43.094,16,1500,1448,1425,0,48,31388.6875,56,441,51,640,2768,2816,2762,2811,2,23,17,08-12-2026 04:11:05,08-12-2026 04:11:54
Cable id,250,50,10,10,1,1,1,4,16,100,90,0.05,5,20,5,True,False,224.581,16,1500,1448,1448,0,48,22964.125,372,690,True,False,44.987,16,1500,1448,1424,0,48,31472.5625,64,391,88,685,2772,2850,2772,2855,3,24,29,08-12-2026 04:21:56,08-12-2026 04:22:49
Cable id,250,50,10,10,1,1,1,4,16,100,90,0.05,5,20,5,True,False,225.058,16,1500,1448,1448,0,48,22995.375,374,683,True,False,43.618,16,1500,1448,1425,0,48,31450.9375,77,410,87,763,2757,2823,2750,2829,3,27,20,08-12-2026 04:13:48,08-12-2026 04:14:41
Cable id,250,50,10,10,1,1,1,4,16,100,90,0.05,5,20,5,True,True,225.116,16,1500,1448,1448,0,48,23470,342,756,True,False,45.232,16,1500,1448,1424,0,48,31548.625,94,431,69,671,2770,2848,2763,2852,2,24,31,08-12-2026 04:23:48,08-12-2026 04:24:39
Cable id,250,50,10,10,1,1,1,4,16,100,90,0.05,5,20,5,True,True,225.119,16,1500,1448,1448,0,48,22955.8125,394,702,True,False,45.847,16,1500,1448,1424,0,48,31202.375,82,396,79,628,2772,2831,2772,2834,3,22,84,08-12-2026 05:11:54,08-12-2026 05:12:44
Cable id,250,50,10,10,1,1,1,4,16,100,90,0.05,5,20,5,True,True,224.492,14,1500,1448,1448,0,42,22947.64285714286,398,813,True,False,44.475,16,1500,1448,1424,0,48,30886.875,86,381,97,745,2775,2864,2775,2867,4,26,13,08-12-2026 04:07:36,08-12-2026 04:08:23
Cable id,250,50,10,10,1,1,1,4,16,100,90,0.05,5,20,5,True,True,224.927,15,1500,1448,1448,0,48,23278.9375,373,807,True,False,45.717,16,1500,1448,1425,0,48,31079.875,114,405,51,682,2767,2844,2764,2847,2,24,62,08-12-2026 04:51:59,08-12-2026 04:52:48
Cable id,250,50,10,10,1,1,1,4,16,100,90,0.05,5,20,5,True,True,225.099,16,1500,1448,1448,0,48,22866.375,372,687,True,False,44.014,16,1500,1448,1424,0,48,31289,82,417,74,608,2778,2856,2777,2858,3,21,75,08-12-2026 05:03:51,08-12-2026 05:04:43
Cable id,250,50,10,10,1,1,1,4,16,100,90,0.05,5,20,5,True,False,225.341,16,1500,1448,1448,0,48,23359.0625,350,689,True,False,44.728,16,1500,1448,1425,0,48,31173.3125,115,388,94,765,2776,2840,2776,2842,3,27,9,08-12-2026 04:03:54,08-12-2026 04:04:47
Cable id,250,50,10,10,1,1,1,4,16,100,90,0.05,5,20,5,True,False,225.254,16,1500,1448,1448,0,48,22875.25,395,713,True,False,42.322,16,1500,1448,1424,0,48,30990.8125,74,424,77,757,2771,2844,2763,2847,3,27,44,08-12-2026 04:35:34,08-12-2026 04:36:27
Cable id,250,50,10,10,1,1,1,4,16,100,90,0.05,5,20,5,True,False,225.394,16,1500,1448,1448,0,48,23537.75,351,768,True,False,44.119,16,1500,1448,1425,0,48,31069.25,75,413,93,814,2775,2849,2772,2853,3,29,48,08-12-2026 04:39:15,08-12-2026 04:40:08
Cable id,250,50,10,10,1,1,1,4,16,100,90,0.05,5,20,5,True,True,225.172,16,1500,1448,1448,0,48,22811.25,410,736,True,False,43.090,16,1500,1448,1425,0,48,31000.125,85,402,106,660,2764,2850,2755,2853,4,23,99,08-12-2026 05:25:15,08-12-2026 05:26:04
Cable id,250,50,10,10,1,1,1,4,16,100,90,0.05,5,20,5,True,True,225.361,16,1500,1448,1448,0,48,23158.3125,357,776,True,False,45.342,16,1500,1448,1425,0,48,31240,71,454,57,674,2775,2840,2773,2844,2,24,56,08-12-2026 04:46:38,08-12-2026 04:47:29
Cable id,250,50,10,10,1,1,1,4,16,100,90,0.05,5,20,5,True,True,225.085,16,1500,1448,1448,0,48,22884.125,389,710,True,False,45.112,16,1500,1448,1424,0,48,31446.25,87,420,56,632,2775,2849,2774,2852,2,22,32,08-12-2026 04:24:42,08-12-2026 04:25:33
Cable id,250,50,10,10,1,1,1,4,16,100,90,0.05,5,20,5,True,True,224.731,15,1500,1448,1448,0,45,22894,424,777,True,False,45.718,16,1500,1448,1424,0,48,31192.1875,81,404,61,673,2763,2823,2754,2816,2,24,78,08-12-2026 05:06:37,08-12-2026 05:07:25
Cable id,250,50,10,10,1,1,1,4,16,100,90,0.05,5,20,5,True,True,224.880,16,1500,1448,1448,0,48,23295.125,350,688,True,False,45.114,16,1500,1448,1425,0,48,31054.875,70,398,82,622,2769,2833,2759,2837,3,22,38,08-12-2026 04:30:10,08-12-2026 04:31:02
Cable id,250,50,10,10,1,1,1,4,16,100,90,0.05,5,20,5,True,True,225.140,16,1500,1448,1448,0,48,22820.8125,373,686,True,False,42.703,16,1500,1448,1424,0,48,31371.9375,90,419,50,604,2776,2844,2776,2848,2,21,26,08-12-2026 04:19:15,08-12-2026 04:20:07
Cable id,250,50,10,10,1,1,1,4,16,100,90,0.05,5,20,5,True,False,224.925,16,1500,1448,1448,0,48,22860.625,388,700,True,False,44.235,16,1500,1448,1424,0,48,31580.375,75,400,100,777,2775,2854,2775,2856,4,27,69,08-12-2026 04:58:20,08-12-2026 04:59:13
Cable id,250,50,10,10,1,1,1,4,16,100,90,0.05,5,20,5,True,False,224.989,16,1500,1448,1448,0,48,22820.625,387,683,True,False,46.126,16,1500,1448,1424,0,48,31499.5625,77,376,84,632,2768,2826,2767,2832,3,22,34,08-12-2026 04:26:29,08-12-2026 04:27:22
Cable id,250,50,10,10,1,1,1,4,16,100,90,0.05,5,20,5,True,False,225.330,16,1500,1448,1448,0,48,22791.25,386,673,True,False,43.248,16,1500,1448,1425,0,48,31593.25,80,401,93,710,2757,2824,2752,2828,3,25,58,08-12-2026 04:48:27,08-12-2026 04:49:20
Cable id,250,50,10,10,1,1,1,4,16,100,90,0.05,5,20,5,True,False,225.121,16,1500,1448,1448,0,48,23031.9375,356,651,True,False,43.386,16,1500,1448,1425,0,48,31241.5,81,387,115,698,2750,2842,2744,2841,4,25,30,08-12-2026 04:22:52,08-12-2026 04:23:45
Cable id,250,50,10,10,1,1,1,4,16,100,90,0.05,5,20,5,True,False,225.239,16,1500,1448,1448,0,48,23306.5625,362,720,True,False,43.465,16,1500,1448,1424,0,48,31277.6875,74,377,85,744,2770,2826,2765,2831,3,26,70,08-12-2026 04:59:16,08-12-2026 05:00:09
Cable id,250,50,10,10,1,1,1,4,16,100,90,0.05,5,20,5,True,False,224.856,16,1500,1448,1448,0,48,22930.125,381,695,True,False,43.995,16,1500,1448,1425,0,48,30664.9375,52,381,64,682,2777,2827,2777,2833,2,24,24,08-12-2026 04:17:23,08-12-2026 04:18:16
Cable id,250,50,10,10,1,1,1,4,16,100,90,0.05,5,20,5,True,False,224.988,16,1500,1448,1448,0,48,22693,397,578,True,False,42.998,16,1500,1448,1425,0,48,31739.375,60,382,67,734,2775,2851,2776,2859,2,26,52,08-12-2026 04:42:56,08-12-2026 04:43:49
Cable id,250,50,10,10,1,1,1,4,16,100,90,0.05,5,20,5,True,True,224.858,16,1500,1448,1448,0,48,22843.4375,383,684,True,False,43.236,16,1500,1448,1425,0,48,30900,72,411,58,620,2771,2831,2762,2835,2,22,36,08-12-2026 04:28:21,08-12-2026 04:29:12
Cable id,250,50,10,10,1,1,1,4,16,100,90,0.05,5,20,5,True,True,225.157,15,1500,1448,1448,0,45,22766,415,788,True,False,44.747,16,1500,1448,1425,0,48,31377.5,67,394,90,703,2775,2848,2771,2855,3,25,2,08-12-2026 03:57:39,08-12-2026 03:58:27
Cable id,250,50,10,10,1,1,1,4,16,100,90,0.05,5,20,5,True,True,225.349,16,1500,1448,1448,0,48,22753,382,693,True,False,43.346,16,1500,1448,1424,0,48,31556.25,62,383,74,619,2771,2844,2769,2848,3,22,5,08-12-2026 04:00:21,08-12-2026 04:01:13
Cable id,250,50,10,10,1,1,1,4,16,100,90,0.05,5,20,5,True,True,224.919,16,1500,1448,1448,0,48,22792.6875,369,679,True,False,43.125,16,1500,1448,1425,0,48,31596.6875,80,374,70,615,2772,2855,2765,2858,3,22,89,08-12-2026 05:16:27,08-12-2026 05:17:19
Cable id,250,50,10,10,1,1,1,4,16,100,90,0.05,5,20,5,True,False,225.238,16,1500,1448,1448,0,48,22787.5,370,674,True,False,42.959,16,1500,1448,1424,0,48,31858.375,73,405,90,774,2771,2851,2758,2854,3,27,74,08-12-2026 05:02:55,08-12-2026 05:03:48
Cable id,250,50,10,10,1,1,1,4,16,100,90,0.05,5,20,5,True,True,225.116,16,1500,1448,1448,0,48,23297.6875,389,786,True,False,46.108,16,1500,1448,1424,0,48,30781.5,78,415,75,700,2745,2821,2770,2825,3,25,91,08-12-2026 05:18:15,08-12-2026 05:19:04
Cable id,250,50,10,10,1,1,1,4,16,100,90,0.05,5,20,5,True,True,224.997,16,1500,1448,1448,0,48,23179.875,354,758,True,False,44.476,16,1500,1448,1425,0,48,31051.875,73,382,65,656,2749,2842,2748,2847,2,23,53,08-12-2026 04:43:52,08-12-2026 04:44:44
Cable id,250,50,10,10,1,1,1,4,16,100,90,0.05,5,20,5,True,True,225.128,15,1500,1448,1448,0,45,22813.466666666667,421,718,True,False,43.716,16,1500,1448,1425,0,48,31505.5625,52,442,54,640,2770,2853,2769,2851,2,22,21,08-12-2026 04:14:44,08-12-2026 04:15:32
Cable id,250,50,10,10,1,1,1,4,16,100,90,0.05,5,20,5,True,True,224.929,16,1500,1448,1448,0,48,23487.375,352,713,True,False,42.869,16,1500,1448,1425,0,48,31154.25,67,405,52,643,2770,2850,2768,2854,2,23,55,08-12-2026 04:45:43,08-12-2026 04:46:35
Cable id,250,50,10,10,1,1,1,4,16,100,90,0.05,5,20,5,True,True,224.991,16,1500,1448,1448,0,48,23260,365,769,True,False,44.612,16,1500,1448,1425,0,48,31508.125,68,394,65,682,2770,2850,2769,2854,2,24,27,08-12-2026 04:20:09,08-12-2026 04:21:00
Cable id,250,50,10,10,1,1,1,4,16,100,90,0.05,5,20,5,True,False,225.246,16,1500,1448,1448,0,48,23227.625,361,758,True,False,43.232,16,1500,1448,1424,0,48,31015.375,74,424,84,772,2772,2834,2772,2840,3,27,77,08-12-2026 05:05:41,08-12-2026 05:06:34
Cable id,250,50,10,10,1,1,1,4,16,100,90,0.05,5,20,5,True,True,225.050,16,1500,1448,1448,0,48,22826.6875,412,701,True,False,44.603,16,1500,1448,1425,0,48,31820.25,58,402,46,631,2770,2842,2769,2846,2,22,85,08-12-2026 05:12:47,08-12-2026 05:13:36
Cable id,250,50,10,10,1,1,1,4,16,100,90,0.05,5,20,5,True,False,225.802,16,1500,1448,1448,0,48,22950.625,382,675,True,False,43.742,16,1500,1448,1425,0,48,31342,63,363,101,786,2770,2856,2770,2851,4,28,86,08-12-2026 05:13:39,08-12-2026 05:14:32
Cable id,250,50,10,10,1,1,1,4,16,100,90,0.05,5,20,5,True,False,225.103,16,1500,1448,1448,0,48,22931.875,380,649,True,False,45.370,16,1500,1448,1424,0,48,30941.6875,66,371,134,767,2772,2846,2768,2849,5,27,18,08-12-2026 04:11:57,08-12-2026 04:12:50
Cable id,250,50,10,10,1,1,1,4,16,100,90,0.05,5,20,5,True,True,225.099,16,1500,1448,1448,0,48,22837.4375,416,744,True,False,44.375,16,1500,1448,1425,0,48,31620.5,102,368,79,656,2769,2853,2767,2858,3,23,22,08-12-2026 04:15:35,08-12-2026 04:16:24
Cable id,250,50,10,10,1,1,1,4,16,100,90,0.05,5,20,5,True,False,225.036,16,1500,1448,1448,0,48,22994.125,367,681,True,False,45.843,16,1500,1448,1425,0,48,31528.625,83,376,97,639,2774,2863,2768,2864,4,22,81,08-12-2026 05:09:11,08-12-2026 05:10:04
Cable id,250,50,10,10,1,1,1,4,16,100,90,0.05,5,20,5,True,True,224.983,16,1500,1448,1448,0,48,23355.5,369,757,True,False,44.838,16,1500,1448,1424,0,48,31029.6875,70,401,76,666,2773,2838,2775,2845,3,23,64,08-12-2026 04:53:46,08-12-2026 04:54:38
Cable id,250,50,10,10,1,1,1,4,16,100,90,0.05,5,20,5,True,True,225.114,12,1500,1448,1448,0,36,22490.75,462,974,True,False,44.620,16,1500,1448,1424,0,48,31488.1875,64,386,61,794,2768,2827,2764,2828,2,28,7,08-12-2026 04:02:12,08-12-2026 04:02:57
Cable id,250,50,10,10,1,1,1,4,16,100,90,0.05,5,20,5,True,True,225.219,16,1500,1448,1448,0,48,22780.5,381,668,True,False,45.110,16,1500,1448,1424,0,48,31569.5,81,421,51,613,2774,2849,2773,2852,2,22,76,08-12-2026 05:04:46,08-12-2026 05:05:38
Cable id,250,50,10,10,1,1,1,4,16,100,90,0.05,5,20,5,True,True,225.328,16,1500,1448,1448,0,48,22829.6875,392,720,True,False,43.368,16,1500,1448,1425,0,48,31202.3125,56,387,67,604,2775,2846,2775,2853,2,21,98,08-12-2026 05:24:21,08-12-2026 05:25:12
Cable id,250,50,10,10,1,1,1,4,16,100,90,0.05,5,20,5,True,True,225.247,16,1500,1448,1448,0,48,23229.125,359,723,True,False,45.723,16,1500,1448,1425,0,48,31503.5,61,406,55,622,2776,2856,2776,2860,2,22,19,08-12-2026 04:12:53,08-12-2026 04:13:45
Cable id,250,50,10,10,1,1,1,4,16,100,90,0.05,5,20,5,True,True,225.246,16,1500,1448,1448,0,48,22888,391,733,True,False,44.079,16,1500,1448,1424,0,48,31608.875,55,394,58,639,2771,2835,2768,2844,2,22,28,08-12-2026 04:21:02,08-12-2026 04:21:53
Cable id,250,50,10,10,1,1,1,4,16,100,90,0.05,5,20,5,True,True,225.124,16,1500,1448,1448,0,48,22790.8125,402,705,True,False,44.371,16,1500,1448,1425,0,48,31119.25,73,399,75,633,2768,2808,2762,2810,3,23,67,08-12-2026 04:56:31,08-12-2026 04:57:21
Cable id,250,50,10,10,1,1,1,4,16,100,90,0.05,5,20,5,True,True,224.873,15,1500,1448,1448,0,45,22803.4,419,816,True,False,44.367,16,1500,1448,1424,0,48,31321.3125,74,365,62,702,2758,2855,2759,2855,2,25,61,08-12-2026 04:51:08,08-12-2026 04:51:56
Cable id,250,50,10,10,1,1,1,4,16,100,90,0.05,5,20,5,True,True,225.457,16,1500,1448,1448,0,48,23156.875,366,780,True,False,43.115,16,1500,1448,1425,0,48,31881.1875,87,390,88,672,2776,2843,2776,2849,3,24,1,08-12-2026 03:56:44,08-12-2026 03:57:36
Cable id,250,50,10,10,1,1,1,4,16,100,90,0.05,5,20,5,True,True,224.984,16,1500,1448,1448,0,48,22810.4375,380,656,True,False,43.469,16,1500,1448,1425,0,48,31488.75,66,399,80,608,2774,2827,2774,2833,3,21,66,08-12-2026 04:55:36,08-12-2026 04:56:28
Cable id,250,50,10,10,1,1,1,4,16,100,90,0.05,5,20,5,True,False,224.798,16,1500,1448,1448,0,48,23331.4375,349,735,True,False,43.624,16,1500,1448,1425,0,48,31154.5,100,431,99,681,2741,2820,2740,2816,4,24,40,08-12-2026 04:31:52,08-12-2026 04:32:45
Cable id,250,50,10,10,1,1,1,4,16,100,90,0.05,5,20,5,True,False,225.372,16,1500,1448,1448,0,48,23329.0625,351,743,True,False,43.108,16,1500,1448,1425,0,48,31325.1875,60,369,88,822,2772,2809,2768,2812,3,29,73,08-12-2026 05:01:59,08-12-2026 05:02:52
Cable id,250,50,10,10,1,1,1,4,16,100,90,0.05,5,20,5,True,False,225.537,16,1500,1448,1448,0,48,22798.5625,386,678,True,False,45.238,16,1500,1448,1424,0,48,31494.6875,57,426,81,627,2772,2853,2770,2856,3,22,49,08-12-2026 04:40:11,08-12-2026 04:41:04
Cable id,250,50,10,10,1,1,1,4,16,100,90,0.05,5,20,5,True,True,225.348,14,1500,1448,1448,0,42,22744,430,883,True,False,43.356,16,1500,1448,1425,0,48,31117.5625,96,403,87,704,2769,2830,2764,2830,3,25,60,08-12-2026 04:50:18,08-12-2026 04:51:05
Cable id,250,50,10,10,1,1,1,4,16,100,90,0.05,5,20,5,True,False,225.242,16,1500,1448,1448,0,48,22999.3125,375,655,True,False,44.969,16,1500,1448,1424,0,48,31248.875,79,418,89,641,2776,2839,2775,2843,3,23,41,08-12-2026 04:32:48,08-12-2026 04:33:41
Cable id,250,50,10,10,1,1,1,4,16,100,90,0.05,5,20,5,True,True,224.840,16,1500,1448,1448,0,48,22962.625,373,671,True,False,41.950,16,1500,1448,1424,0,48,30869.4375,63,391,66,609,2776,2851,2774,2854,2,21,10,08-12-2026 04:04:50,08-12-2026 04:05:42
Cable id,250,50,10,10,1,1,1,4,16,100,90,0.05,5,20,5,True,True,225.401,16,1500,1448,1448,0,48,22935.875,375,668,True,False,44.225,16,1500,1448,1425,0,48,31597.6875,92,369,94,618,2746,2820,2745,2824,3,22,37,08-12-2026 04:29:15,08-12-2026 04:30:07
Cable id,250,50,10,10,1,1,1,4,16,100,90,0.05,5,20,5,True,True,224.805,16,1500,1448,1448,0,48,22819.375,381,684,True,False,45.509,16,1500,1448,1425,0,48,31524.6875,65,386,59,617,2753,2851,2749,2855,2,22,100,08-12-2026 05:26:07,08-12-2026 05:26:59
Cable id,250,50,10,10,1,1,1,4,16,100,90,0.05,5,20,5,True,False,225.116,16,1500,1448,1448,0,48,23415.4375,356,724,True,False,43.108,16,1500,1448,1425,0,48,31205.875,54,397,81,813,2753,2834,2752,2841,3,29,35,08-12-2026 04:27:25,08-12-2026 04:28:18
Cable id,250,50,10,10,1,1,1,4,16,100,90,0.05,5,20,5,True,True,225.111,16,1500,1448,1448,0,48,23416.125,367,742,True,False,44.475,16,1500,1448,1425,0,48,30847.6875,65,399,84,656,2774,2832,2774,2834,3,23,11,08-12-2026 04:05:45,08-12-2026 04:06:37
Cable id,250,50,10,10,1,1,1,4,16,100,90,0.05,5,20,5,True,False,224.826,16,1500,1448,1448,0,48,22759.1875,384,662,True,False,43.981,16,1500,1448,1425,0,48,31011.5625,104,367,61,609,2773,2842,2773,2848,2,21,94,08-12-2026 05:20:49,08-12-2026 05:21:42
Cable id,250,50,10,10,1,1,1,4,16,100,90,0.05,5,20,5,True,False,225.092,16,1500,1448,1448,0,48,22736.3125,377,716,True,False,45.746,16,1500,1448,1425,0,48,30960.6875,55,396,90,767,2774,2822,2772,2827,3,27,87,08-12-2026 05:14:35,08-12-2026 05:15:28
Cable id,250,50,10,10,1,1,1,4,16,100,90,0.05,5,20,5,True,True,225.103,16,1500,1448,1448,0,48,22806.375,403,756,True,False,42.737,16,1500,1448,1424,0,48,31316.0625,74,401,73,656,2770,2815,2764,2817,3,23,90,08-12-2026 05:17:22,08-12-2026 05:18:12
Cable id,250,50,10,10,1,1,1,4,16,100,90,0.05,5,20,5,True,False,225.078,16,1500,1448,1448,0,48,22803.625,386,679,True,False,44.994,16,1500,1448,1424,0,48,31218.3125,68,396,84,695,2749,2837,2746,2842,3,24,6,08-12-2026 04:01:16,08-12-2026 04:02:09
Cable id,250,50,10,10,1,1,1,4,16,100,90,0.05,5,20,5,True,False,224.750,16,1500,1448,1448,0,48,22953.9375,398,696,True,False,45.970,16,1500,1448,1425,0,48,31186,61,388,78,768,2772,2847,2772,2852,3,27,25,08-12-2026 04:18:19,08-12-2026 04:19:12
Cable id,250,50,10,10,1,1,1,4,16,100,90,0.05,5,20,5,True,True,225.363,16,1500,1448,1448,0,48,22743.25,381,705,True,False,43.214,16,1500,1448,1424,0,48,31424.25,109,392,50,634,2776,2821,2774,2820,2,22,65,08-12-2026 04:54:41,08-12-2026 04:55:33
Cable id,250,50,10,10,1,1,1,4,16,100,90,0.05,5,20,5,True,False,225.244,16,1500,1448,1448,0,48,22812.625,386,689,True,False,42.614,16,1500,1448,1424,0,48,31546.625,54,378,65,759,2770,2847,2760,2854,2,27,54,08-12-2026 04:44:47,08-12-2026 04:45:40
Cable id,250,50,10,10,1,1,1,4,16,100,90,0.05,5,20,5,True,True,225.110,11,1500,1448,1448,0,33,22029,555,987,True,False,45.226,16,1500,1448,1425,0,48,31231.25,82,383,92,875,2773,2827,2773,2833,3,31,39,08-12-2026 04:31:05,08-12-2026 04:31:49
Cable id,250,50,10,10,1,1,1,4,16,100,90,0.05,5,20,5,True,False,225.598,16,1500,1448,1448,0,48,23229.375,359,719,True,False,44.347,16,1500,1448,1424,0,48,31162.75,72,417,73,731,2769,2831,2777,2837,3,26,3,08-12-2026 03:58:30,08-12-2026 03:59:23
Cable id,250,50,10,10,1,1,1,4,16,100,90,0.05,5,20,5,True,True,225.134,15,1500,1448,1448,0,45,22792,417,728,True,False,45.588,16,1500,1448,1425,0,48,30623.4375,104,416,51,632,2777,2831,2776,2838,2,22,97,08-12-2026 05:23:30,08-12-2026 05:24:18
Cable id,250,50,10,10,1,1,1,4,16,100,90,0.05,5,20,5,True,True,224.985,16,1500,1448,1448,0,48,23232.5,370,742,True,False,42.736,16,1500,1448,1425,0,48,31623.5625,71,382,76,656,2748,2853,2746,2858,3,23,33,08-12-2026 04:25:36,08-12-2026 04:26:26
Cable id,250,50,10,10,1,1,1,4,16,100,90,0.05,5,20,5,True,True,224.862,16,1500,1448,1448,0,48,22822.75,397,703,True,False,43.833,16,1500,1448,1424,0,48,31279.4375,64,404,43,640,2771,2850,2766,2851,2,22,47,08-12-2026 04:38:21,08-12-2026 04:39:12
Cable id,250,50,10,10,1,1,1,4,16,100,90,0.05,5,20,5,True,True,224.975,14,1500,1448,1448,0,42,22738.714285714286,433,770,True,False,44.238,16,1500,1448,1424,0,48,31553.3125,102,381,48,662,2752,2831,2750,2837,2,23,96,08-12-2026 05:22:40,08-12-2026 05:23:27
Cable id,250,50,10,10,1,1,1,4,16,100,90,0.05,5,20,5,True,True,224.991,16,1500,1448,1448,0,48,22920.8125,406,734,True,False,43.987,16,1500,1448,1424,0,48,31288.25,82,376,82,656,2768,2840,2757,2836,3,23,72,08-12-2026 05:01:06,08-12-2026 05:01:56
Cable id,250,50,10,10,1,1,1,4,16,100,90,0.05,5,20,5,True,True,225.115,15,1500,1448,1448,0,45,22904.933333333334,410,839,True,False,43.493,16,1500,1448,1424,0,48,31514.6875,69,447,50,704,2770,2821,2768,2825,2,25,16,08-12-2026 04:10:14,08-12-2026 04:11:02
Cable id,250,50,10,10,1,1,1,4,16,100,90,0.05,5,20,5,True,True,224.955,16,1500,1448,1448,0,48,22753.1875,383,721,True,False,45.350,16,1500,1448,1425,0,48,31485.125,98,393,86,635,2772,2853,2769,2856,3,22,8,08-12-2026 04:03:00,08-12-2026 04:03:51
Cable id,250,50,10,10,1,1,1,4,16,100,90,0.05,5,20,5,True,True,224.863,16,1500,1448,1448,0,48,23038,386,708,True,False,45.971,16,1500,1448,1424,0,48,31047.75,50,393,55,643,2769,2832,2761,2813,2,23,14,08-12-2026 04:08:26,08-12-2026 04:09:15
Cable id,250,50,10,10,1,1,1,4,16,100,90,0.05,5,20,5,True,True,225.229,15,1500,1448,1448,0,45,23093,402,893,True,False,43.248,16,1500,1448,1424,0,48,31062.3125,56,395,56,730,2766,2851,2758,2836,2,26,82,08-12-2026 05:10:07,08-12-2026 05:10:55
Cable id,250,50,10,10,1,1,1,4,16,100,90,0.05,5,20,5,True,True,225.381,16,1500,1448,1448,0,48,23207.5,355,750,True,False,44.733,16,1500,1448,1424,0,48,31550.75,90,416,82,656,2774,2846,2775,2843,3,23,45,08-12-2026 04:36:30,08-12-2026 04:37:22
Cable id,250,50,10,10,1,1,1,4,16,100,90,0.05,5,20,5,True,True,224.989,16,1500,1448,1448,0,48,23346.625,353,758,True,False,45.120,16,1500,1448,1424,0,48,31606.5625,63,395,92,686,2770,2858,2768,2860,3,24,43,08-12-2026 04:34:39,08-12-2026 04:35:31
Cable id,250,50,10,10,1,1,1,4,16,100,90,0.05,5,20,5,True,False,225.118,16,1500,1448,1448,0,48,22774.1875,376,683,True,False,44.104,16,1500,1448,1424,0,48,30913.8125,70,394,83,760,2773,2834,2772,2839,3,27,83,08-12-2026 05:10:58,08-12-2026 05:11:51
Cable id,250,50,10,10,1,1,1,4,16,100,90,0.05,5,20,5,True,True,225.233,16,1500,1448,1448,0,48,23205.875,364,768,True,False,44.229,16,1500,1448,1425,0,48,30824.1875,69,448,69,650,2745,2821,2748,2826,2,23,63,08-12-2026 04:52:51,08-12-2026 04:53:43
Cable id,250,50,10,10,1,1,1,4,16,100,90,0.05,5,20,5,True,True,224.977,12,1500,1448,1448,0,36,22795.083333333332,425,985,True,False,42.235,16,1500,1448,1424,0,48,31208.1875,99,399,45,801,2770,2822,2774,2827,2,28,80,08-12-2026 05:08:23,08-12-2026 05:09:08
Cable id,250,50,10,10,1,1,1,4,16,100,90,0.05,5,20,5,True,True,224.985,16,1500,1448,1448,0,48,22817.375,400,693,True,False,43.235,16,1500,1448,1425,0,48,31221.25,74,395,80,601,2772,2841,2773,2842,3,21,59,08-12-2026 04:49:23,08-12-2026 04:50:15
Cable id,250,50,10,10,1,1,1,4,16,100,90,0.05,5,20,5,True,False,225.219,16,1500,1448,1448,0,48,23203.3125,336,738,True,False,43.839,16,1500,1448,1425,0,48,31794.625,114,416,89,792,2775,2828,2774,2831,3,28,15,08-12-2026 04:09:18,08-12-2026 04:10:11
Cable id,250,50,10,10,1,1,1,4,16,100,90,0.05,5,20,5,True,True,224.969,16,1500,1448,1448,0,48,23329.375,357,706,True,False,44.698,16,1500,1448,1425,0,48,31573.0625,54,405,60,652,2780,2853,2779,2856,2,23,71,08-12-2026 05:00:11,08-12-2026 05:01:04
Cable id,250,50,10,10,1,1,1,4,16,100,90,0.05,5,20,5,True,True,224.855,16,1500,1448,1448,0,48,23248.75,353,715,True,False,42.348,16,1500,1448,1424,0,48,31313.625,75,443,62,639,2774,2815,2774,2815,2,23,42,08-12-2026 04:33:44,08-12-2026 04:34:36
Cable id,250,50,10,10,1,1,1,4,16,100,90,0.05,5,20,5,True,True,225.136,16,1500,1448,1448,0,48,22743.3125,395,672,True,False,45.367,16,1500,1448,1424,0,48,31176.9375,66,399,86,617,2773,2855,2772,2859,3,22,51,08-12-2026 04:42:02,08-12-2026 04:42:53
Cable id,250,50,10,10,1,1,1,4,16,100,90,0.05,5,20,5,True,True,224.963,16,1500,1448,1448,0,48,23015.8125,366,665,True,False,43.340,16,1500,1448,1424,0,48,31739.5625,65,397,72,606,2776,2847,2773,2844,3,21,57,08-12-2026 04:47:32,08-12-2026 04:48:24
Cable id,250,50,10,10,1,1,1,4,16,100,90,0.05,5,20,5,True,False,225.132,16,1500,1448,1448,0,48,22953.125,386,699,True,False,43.343,16,1500,1448,1424,0,48,31261.5625,74,422,81,669,2749,2848,2745,2854,3,23,88,08-12-2026 05:15:31,08-12-2026 05:16:24
Cable id,250,50,10,10,1,1,1,4,16,100,90,0.05,5,20,5,True,True,225.221,16,1500,1448,1448,0,48,22799.3125,383,669,True,False,43.854,16,1500,1448,1424,0,48,31513.375,65,383,75,614,2778,2857,2778,2859,3,21,4,08-12-2026 03:59:26,08-12-2026 04:00:18
Cable id,250,50,10,10,1,1,1,4,16,100,90,0.05,5,20,5,True,False,224.851,16,1500,1448,1448,0,48,23304.6875,340,712,True,False,43.853,16,1500,1448,1424,0,48,31507.125,79,399,82,693,2762,2829,2755,2831,3,24,12,08-12-2026 04:06:40,08-12-2026 04:07:33
Cable id,250,50,10,10,2,1,1,4,16,100,90,0.05,5,20,5,True,False,225.082,9,1500,1448,1448,0,30,22423.5,467,1076,True,False,44.686,9,1500,1448,1424,0,30,27491.1,80,498,169,1037,2778,2838,2777,2831,6,37,79,08-12-2026 06:51:13,08-12-2026 06:52:11
Cable id,250,50,10,10,2,1,1,4,16,100,90,0.05,5,20,5,True,False,225.279,9,1500,1448,1448,0,30,22577,465,1038,True,False,45.105,9,1500,1448,1424,0,30,27310.8,73,507,98,971,2774,2841,2774,2845,4,34,50,08-12-2026 06:20:15,08-12-2026 06:21:13
Cable id,250,50,10,10,2,1,1,4,16,100,90,0.05,5,20,5,True,False,225.056,9,1500,1448,1448,0,30,22145.9,549,959,False,False,44.118,16,1500,1448,1425,0,48,31775.375,51,389,73,884,2772,2832,2772,2830,3,31,23,08-12-2026 05:51:23,08-12-2026 05:52:36
Cable id,250,50,10,10,2,1,1,4,16,100,90,0.05,5,20,5,True,False,225.176,9,1500,1448,1448,0,30,22569.5,452,1110,True,False,44.979,9,1500,1448,1425,0,30,27870.3,63,515,116,1021,2774,2813,2772,2816,4,36,68,08-12-2026 06:39:32,08-12-2026 06:40:30
Cable id,250,50,10,10,2,1,1,4,16,100,90,0.05,5,20,5,True,False,225.185,9,1500,1448,1448,0,30,22277.9,538,948,False,False,44.683,16,1500,1448,1424,0,48,30798.125,39,377,56,842,2775,2829,2775,2832,2,30,92,08-12-2026 07:05:24,08-12-2026 07:06:37
Cable id,250,50,10,10,2,1,1,4,16,100,90,0.05,5,20,5,True,False,225.182,9,1500,1448,1448,0,30,22496.2,508,1096,True,False,44.116,9,1500,1448,1425,0,30,27360.7,70,502,103,1005,2775,2845,2774,2847,4,35,95,08-12-2026 07:08:42,08-12-2026 07:09:40
Cable id,250,50,10,10,2,1,1,4,16,100,90,0.05,5,20,5,True,False,225.053,9,1500,1448,1448,0,30,22201.1,538,906,True,False,44.056,9,1500,1448,1424,0,30,27797.3,53,506,95,864,2776,2845,2775,2844,3,30,46,08-12-2026 06:15:57,08-12-2026 06:16:55
Cable id,250,50,10,10,2,1,1,4,16,100,90,0.05,5,20,5,True,False,225.121,9,1500,1448,1448,0,30,22534.6,469,1101,True,False,44.491,9,1500,1448,1425,0,30,27621.7,89,466,131,1032,2775,2837,2776,2828,5,37,93,08-12-2026 07:06:40,08-12-2026 07:07:38
Cable id,250,50,10,10,2,1,1,4,16,100,90,0.05,5,20,5,False,False,225.103,16,1500,1448,1448,0,48,22843.5,401,634,True,False,44.249,9,1500,1448,1425,0,30,27827.7,82,494,163,676,2773,2832,2774,2833,6,24,17,08-12-2026 05:44:17,08-12-2026 05:45:30
Cable id,250,50,10,10,2,1,1,4,16,100,90,0.05,5,20,5,True,False,225.298,9,1500,1448,1448,0,30,22309.3,519,903,True,False,43.423,9,1500,1448,1425,0,30,27208.9,97,539,127,862,2771,2810,2770,2812,5,31,29,08-12-2026 05:58:11,08-12-2026 05:59:09
Cable id,250,50,10,10,2,1,1,4,16,100,90,0.05,5,20,5,False,False,224.871,16,1500,1448,1448,0,48,23181.0625,363,709,True,False,43.987,9,1500,1448,1424,0,30,27505.6,92,491,172,715,2775,2840,2775,2834,6,25,20,08-12-2026 05:47:50,08-12-2026 05:49:03
Cable id,250,50,10,10,2,1,1,4,16,100,90,0.05,5,20,5,True,False,225.242,9,1500,1448,1448,0,30,22497.3,456,1098,True,False,44.607,9,1500,1448,1425,0,30,27584.3,78,497,116,1032,2776,2852,2775,2855,4,36,31,08-12-2026 06:00:12,08-12-2026 06:01:10
Cable id,250,50,10,10,2,1,1,4,16,100,90,0.05,5,20,5,True,False,225.088,9,1500,1448,1448,0,30,22190.4,566,1021,False,False,44.373,16,1500,1448,1425,0,48,30433.75,52,411,63,878,2776,2849,2776,2852,2,31,84,08-12-2026 06:56:32,08-12-2026 06:57:45
Cable id,250,50,10,10,2,1,1,4,16,100,90,0.05,5,20,5,True,False,225.219,9,1500,1448,1448,0,30,22109.6,530,943,False,False,44.247,16,1500,1448,1424,0,48,31651.625,54,419,71,835,2775,2817,2774,2820,3,30,13,08-12-2026 05:39:43,08-12-2026 05:40:56
Cable id,250,50,10,10,2,1,1,4,16,100,90,0.05,5,20,5,True,False,225.180,9,1500,1448,1448,0,30,22607,473,1022,True,False,44.489,9,1500,1448,1425,0,30,27580.5,75,566,96,950,2774,2843,2773,2827,3,34,62,08-12-2026 06:32:57,08-12-2026 06:33:55
Cable id,250,50,10,10,2,1,1,4,16,100,90,0.05,5,20,5,True,False,225.057,9,1500,1448,1448,0,30,22019.4,537,959,True,False,44.689,9,1500,1448,1425,0,30,27521.9,93,464,174,915,2776,2826,2775,2830,6,32,75,08-12-2026 06:46:54,08-12-2026 06:47:52
Cable id,250,50,10,10,2,1,1,4,16,100,90,0.05,5,20,5,True,False,225.119,9,1500,1448,1448,0,30,22615.4,435,997,True,False,44.425,9,1500,1448,1425,0,30,27421,60,516,110,932,2774,2843,2772,2849,4,33,9,08-12-2026 05:35:24,08-12-2026 05:36:22
Cable id,250,50,10,10,2,1,1,4,16,100,90,0.05,5,20,5,True,False,225.114,9,1500,1448,1448,0,30,22081.5,563,995,True,False,44.936,9,1500,1448,1424,0,30,27334.9,60,516,128,939,2772,2819,2770,2823,5,33,44,08-12-2026 06:13:55,08-12-2026 06:14:53
Cable id,250,50,10,10,2,1,1,4,16,100,90,0.05,5,20,5,True,False,225.024,9,1500,1448,1448,0,30,22077.2,539,952,True,False,45.674,9,1500,1448,1424,0,30,27562,+Inf,NaN,352,926,2773,2850,2771,2851,13,32,48,08-12-2026 06:18:13,08-12-2026 06:19:11
Cable id,250,50,10,10,2,1,1,4,16,100,90,0.05,5,20,5,True,False,225.070,9,1500,1448,1448,0,30,21974.4,561,1013,True,False,45.121,9,1500,1448,1425,0,30,27055.2,65,478,84,914,2776,2846,2776,2849,3,32,99,08-12-2026 07:12:46,08-12-2026 07:13:44
Cable id,250,50,10,10,2,1,1,4,16,100,90,0.05,5,20,5,True,False,225.118,9,1500,1448,1448,0,30,22066.8,557,1008,True,False,43.993,9,1500,1448,1424,0,30,27339.6,75,466,126,938,2771,2854,2771,2858,5,33,56,08-12-2026 06:26:36,08-12-2026 06:27:34
Cable id,250,50,10,10,2,1,1,4,16,100,90,0.05,5,20,5,True,False,225.183,9,1500,1448,1448,0,30,22110.4,536,911,True,False,44.990,9,1500,1448,1424,0,30,27458.7,69,480,128,880,2774,2856,2773,2843,5,31,32,08-12-2026 06:01:13,08-12-2026 06:02:11
Cable id,250,50,10,10,2,1,1,4,16,100,90,0.05,5,20,5,True,False,225.248,9,1500,1448,1448,0,30,22502.1,452,958,True,False,45.051,9,1500,1448,1425,0,30,27458.3,68,515,95,814,2776,2860,2776,2862,3,28,78,08-12-2026 06:50:12,08-12-2026 06:51:10
Cable id,250,50,10,10,2,1,1,4,16,100,90,0.05,5,20,5,True,False,225.049,9,1500,1448,1448,0,30,22084.4,547,996,True,False,44.415,9,1500,1448,1425,0,31,27361.9,86,517,117,936,2772,2815,2769,2809,4,33,38,08-12-2026 06:07:19,08-12-2026 06:08:17
Cable id,250,50,10,10,2,1,1,4,16,100,90,0.05,5,20,5,True,False,225.115,9,1500,1448,1448,0,30,22136.9,559,932,True,False,44.043,9,1500,1448,1425,0,30,27703.3,80,491,115,900,2774,2834,2772,2829,4,32,26,08-12-2026 05:54:53,08-12-2026 05:55:51
Cable id,250,50,10,10,2,1,1,4,16,100,90,0.05,5,20,5,True,False,225.499,9,1500,1448,1448,0,30,22152.3,531,898,True,False,44.372,9,1500,1448,1425,0,30,27243.3,58,512,80,862,2774,2857,2773,2858,3,30,69,08-12-2026 06:40:33,08-12-2026 06:41:31
Cable id,250,50,10,10,2,1,1,4,16,100,90,0.05,5,20,5,True,False,225.185,9,1500,1448,1448,0,30,22184.5,517,930,True,False,44.872,9,1500,1448,1424,0,30,27224.9,65,486,108,868,2774,2847,2774,2848,4,30,34,08-12-2026 06:03:15,08-12-2026 06:04:13
Cable id,250,50,10,10,2,1,1,4,16,100,90,0.05,5,20,5,True,False,225.304,9,1500,1448,1448,0,30,22048.4,570,971,True,False,44.673,9,1500,1448,1425,0,30,27503.4,67,525,84,915,2776,2841,2775,2844,3,32,58,08-12-2026 06:28:38,08-12-2026 06:29:36
Cable id,250,50,10,10,2,1,1,4,16,100,90,0.05,5,20,5,True,False,225.189,9,1500,1448,1448,0,30,22096.5,549,1005,True,False,44.667,9,1500,1448,1424,0,30,27574.6,67,471,94,916,2772,2832,2770,2833,3,32,30,08-12-2026 05:59:11,08-12-2026 06:00:10
Cable id,250,50,10,10,2,1,1,4,16,100,90,0.05,5,20,5,True,False,225.118,9,1500,1448,1448,0,30,22268,514,1000,True,False,43.792,9,1500,1448,1424,0,30,27551,48,487,79,929,2776,2851,2776,2844,3,33,70,08-12-2026 06:41:34,08-12-2026 06:42:32
Cable id,250,50,10,10,2,1,1,4,16,100,90,0.05,5,20,5,False,True,224.929,16,1500,1448,1448,0,48,23006.3125,401,709,True,False,44.497,9,1500,1448,1425,0,30,27337.9,57,480,144,683,2772,2811,2771,2814,5,24,24,08-12-2026 05:52:39,08-12-2026 05:53:49
Cable id,250,50,10,10,2,1,1,4,16,100,90,0.05,5,20,5,True,False,225.025,9,1500,1448,1448,0,30,22043.3,536,964,True,False,43.732,9,1500,1448,1425,0,30,27340.8,54,527,92,908,2771,2850,2767,2850,3,32,52,08-12-2026 06:22:18,08-12-2026 06:23:16
Cable id,250,50,10,10,2,1,1,4,16,100,90,0.05,5,20,5,True,False,225.241,9,1500,1448,1448,0,30,22433.6,507,1060,True,False,44.914,9,1500,1448,1425,0,30,27256.3,66,534,101,973,2775,2829,2773,2834,4,34,36,08-12-2026 06:05:17,08-12-2026 06:06:15
Cable id,250,50,10,10,2,1,1,4,16,100,90,0.05,5,20,5,True,False,225.120,9,1500,1448,1448,0,30,22052.5,560,987,True,False,43.868,9,1500,1448,1425,0,30,27602.2,104,480,177,948,2771,2820,2771,2824,6,34,2,08-12-2026 05:28:03,08-12-2026 05:29:01
Cable id,250,50,10,10,2,1,1,4,16,100,90,0.05,5,20,5,True,False,225.117,9,1500,1448,1448,0,30,22155.8,545,997,True,False,44.679,9,1500,1448,1425,0,30,27243.1,87,469,109,909,2776,2848,2777,2847,4,32,5,08-12-2026 05:31:05,08-12-2026 05:32:03
Cable id,250,50,10,10,2,1,1,4,16,100,90,0.05,5,20,5,True,False,225.363,9,1500,1448,1448,0,30,22476.3,460,1023,False,False,43.931,16,1500,1448,1425,0,48,31676.25,45,419,67,871,2773,2836,2773,2837,2,31,89,08-12-2026 07:02:06,08-12-2026 07:03:19
Cable id,250,50,10,10,2,1,1,4,16,100,90,0.05,5,20,5,True,False,225.150,9,1500,1448,1448,0,30,22358.6,536,943,True,False,44.235,9,1500,1448,1425,0,30,27530.4,62,525,99,873,2775,2850,2775,2852,4,31,74,08-12-2026 06:45:53,08-12-2026 06:46:51
Cable id,250,50,10,10,2,1,1,4,16,100,90,0.05,5,20,5,True,False,225.181,9,1500,1448,1448,0,30,22567.8,461,1027,True,False,44.751,9,1500,1448,1425,0,30,27817.8,68,508,109,953,2769,2826,2770,2829,4,34,91,08-12-2026 07:04:23,08-12-2026 07:05:21
Cable id,250,50,10,10,2,1,1,4,16,100,90,0.05,5,20,5,True,False,225.050,9,1500,1448,1448,0,30,22739.7,447,1077,True,False,46.601,9,1500,1448,1425,0,30,27253,+Inf,NaN,335,1038,2750,2826,2748,2831,12,37,53,08-12-2026 06:23:19,08-12-2026 06:24:17
Cable id,250,50,10,10,2,1,1,4,16,100,90,0.05,5,20,5,False,False,225.190,16,1500,1448,1448,1,48,23763.5,355,734,True,False,44.373,9,1500,1448,1425,0,30,27018.4,77,457,108,772,2774,2839,2772,2840,4,27,21,08-12-2026 05:49:06,08-12-2026 05:50:19
Cable id,250,50,10,10,2,1,1,4,16,100,90,0.05,5,20,5,False,False,225.065,16,1500,1448,1448,0,48,23132.4375,364,700,True,False,44.229,9,1500,1448,1425,0,30,27738.6,121,519,300,693,2776,2820,2775,2820,11,25,55,08-12-2026 06:25:20,08-12-2026 06:26:34
Cable id,250,50,10,10,2,1,1,4,16,100,90,0.05,5,20,5,True,False,224.935,9,1500,1448,1448,0,30,22092.3,583,929,True,False,44.607,9,1500,1448,1425,0,30,27880.1,57,489,99,885,2770,2851,2772,2847,4,31,27,08-12-2026 05:55:54,08-12-2026 05:56:52
Cable id,250,50,10,10,2,1,1,4,16,100,90,0.05,5,20,5,True,False,225.366,9,1500,1448,1448,0,30,22103.7,534,955,True,False,45.563,9,1500,1448,1425,0,30,27853.8,65,494,89,891,2769,2848,2769,2852,3,31,77,08-12-2026 06:49:11,08-12-2026 06:50:09
Cable id,250,50,10,10,2,1,1,4,16,100,90,0.05,5,20,5,False,True,225.092,16,1500,1448,1448,0,48,22772.1875,417,702,True,False,43.806,9,1500,1448,1425,0,30,27266.8,94,489,116,675,2756,2826,2756,2828,4,24,85,08-12-2026 06:57:48,08-12-2026 06:59:01
Cable id,250,50,10,10,2,1,1,4,16,100,90,0.05,5,20,5,True,False,225.054,9,1500,1448,1448,0,30,22032,546,944,True,False,44.874,9,1500,1448,1424,0,30,28088.7,55,492,78,866,2775,2844,2776,2847,3,30,86,08-12-2026 06:59:03,08-12-2026 07:00:01
Cable id,250,50,10,10,2,1,1,4,16,100,90,0.05,5,20,5,False,False,225.066,16,1500,1448,1448,0,48,23310.5,342,727,True,False,44.617,9,1500,1448,1424,0,30,27343.4,64,476,116,758,2777,2862,2777,2863,4,26,18,08-12-2026 05:45:33,08-12-2026 05:46:46
Cable id,250,50,10,10,2,1,1,4,16,100,90,0.05,5,20,5,True,False,225.127,9,1500,1448,1448,0,30,22329.4,515,1084,True,False,44.235,9,1500,1448,1424,0,30,27673.8,67,519,138,1024,2776,2855,2777,2855,5,36,22,08-12-2026 05:50:22,08-12-2026 05:51:20
Cable id,250,50,10,10,2,1,1,4,16,100,90,0.05,5,20,5,False,False,225.192,16,1500,1448,1448,0,48,23201.8125,358,734,True,False,43.859,9,1500,1448,1424,0,30,27442.6,60,485,133,763,2778,2859,2778,2858,5,27,81,08-12-2026 06:53:15,08-12-2026 06:54:28
Cable id,250,50,10,10,2,1,1,4,16,100,90,0.05,5,20,5,False,False,224.811,16,1500,1448,1448,0,48,22821.5,391,722,True,False,44.937,9,1500,1448,1425,0,30,27899.4,70,501,103,724,2775,2843,2774,2843,4,25,64,08-12-2026 06:34:58,08-12-2026 06:36:12
Cable id,250,50,10,10,2,1,1,4,16,100,90,0.05,5,20,5,True,False,225.182,9,1500,1448,1448,0,30,22205.4,531,961,True,False,45.563,9,1500,1448,1425,0,30,26920.2,84,485,111,897,2777,2843,2774,2847,4,32,7,08-12-2026 05:33:07,08-12-2026 05:34:05
Cable id,250,50,10,10,2,1,1,4,16,100,90,0.05,5,20,5,False,False,225.058,16,1500,1448,1448,0,48,23291.6875,355,736,True,False,44.932,9,1500,1448,1424,0,30,27468.7,55,464,130,759,2774,2840,2774,2835,5,27,76,08-12-2026 06:47:55,08-12-2026 06:49:08
Cable id,250,50,10,10,2,1,1,4,16,100,90,0.05,5,20,5,True,False,225.090,9,1500,1448,1448,0,30,22368.3,511,1062,True,False,45.487,9,1500,1448,1425,0,30,27268.9,64,481,106,990,2773,2824,2769,2826,4,35,98,08-12-2026 07:11:45,08-12-2026 07:12:43
Cable id,250,50,10,10,2,1,1,4,16,100,90,0.05,5,20,5,True,False,225.061,9,1500,1448,1448,0,30,22207.3,564,991,True,False,44.352,9,1500,1448,1425,0,30,27426,52,506,112,928,2775,2814,2776,2816,4,33,19,08-12-2026 05:46:49,08-12-2026 05:47:47
Cable id,250,50,10,10,2,1,1,4,16,100,90,0.05,5,20,5,False,False,225.246,16,1500,1448,1448,0,48,22789.375,395,727,True,False,45.438,9,1500,1448,1425,0,30,27922.6,63,515,125,717,2776,2825,2776,2829,4,25,28,08-12-2026 05:56:55,08-12-2026 05:58:08
Cable id,250,50,10,10,2,1,1,4,16,100,90,0.05,5,20,5,True,False,225.189,9,1500,1448,1448,0,30,22479.3,459,1066,True,False,45.294,9,1500,1448,1425,0,30,26981.5,83,479,149,1007,2776,2841,2777,2844,5,35,67,08-12-2026 06:38:31,08-12-2026 06:39:29
Cable id,250,50,10,10,2,1,1,4,16,100,90,0.05,5,20,5,True,False,225.118,9,1500,1448,1448,0,30,22519.8,489,1096,False,False,43.917,16,1500,1448,1425,0,48,31154.625,39,388,77,977,2777,2853,2776,2830,3,35,61,08-12-2026 06:31:41,08-12-2026 06:32:54
Cable id,250,50,10,10,2,1,1,4,16,100,90,0.05,5,20,5,True,False,225.185,9,1500,1448,1448,0,30,22153.2,524,897,True,False,44.547,9,1500,1448,1425,0,30,27501.8,112,497,201,850,2777,2845,2776,2838,7,30,1,08-12-2026 05:27:02,08-12-2026 05:28:00
Cable id,250,50,10,10,2,1,1,4,16,100,90,0.05,5,20,5,True,False,225.248,9,1500,1448,1448,0,30,22000.8,577,961,False,False,44.305,16,1500,1448,1424,0,48,31657.375,43,417,65,857,2777,2858,2777,2852,2,30,66,08-12-2026 06:37:15,08-12-2026 06:38:28
Cable id,250,50,10,10,2,1,1,4,16,100,90,0.05,5,20,5,False,False,225.307,16,1500,1448,1448,0,48,23186.125,370,759,True,False,45.424,9,1500,1448,1424,0,30,27846.5,+Inf,NaN,358,800,2747,2817,2745,2819,13,28,40,08-12-2026 06:09:21,08-12-2026 06:10:34
Cable id,250,50,10,10,2,1,1,4,16,100,90,0.05,5,20,5,True,False,225.112,9,1500,1448,1448,0,30,22084.4,558,967,True,False,43.934,9,1500,1448,1424,0,30,27605.5,67,510,132,925,2776,2822,2776,2823,5,33,73,08-12-2026 06:44:52,08-12-2026 06:45:50
Cable id,250,50,10,10,2,1,1,4,16,100,90,0.05,5,20,5,True,False,225.167,9,1500,1448,1448,0,30,22210.6,513,1048,True,False,44.189,9,1500,1448,1425,0,30,27676.5,64,485,87,975,2778,2852,2777,2846,3,34,49,08-12-2026 06:19:14,08-12-2026 06:20:12
Cable id,250,50,10,10,2,1,1,4,16,100,90,0.05,5,20,5,True,False,225.496,9,1500,1448,1448,0,30,22114.5,532,941,True,False,44.302,9,1500,1448,1425,0,30,27306.3,56,516,92,890,2771,2828,2771,2832,3,31,60,08-12-2026 06:30:40,08-12-2026 06:31:38
Cable id,250,50,10,10,2,1,1,4,16,100,90,0.05,5,20,5,True,False,225.122,9,1500,1448,1448,0,30,22105.2,546,962,True,False,44.079,9,1500,1448,1425,0,30,27834,43,507,65,894,2763,2839,2769,2839,2,31,41,08-12-2026 06:10:37,08-12-2026 06:11:35
Cable id,250,50,10,10,2,1,1,4,16,100,90,0.05,5,20,5,True,False,225.056,9,1500,1448,1448,0,30,22184.4,522,925,True,False,44.673,9,1500,1448,1424,0,30,27237.5,99,524,179,884,2773,2849,2770,2851,6,31,10,08-12-2026 05:36:25,08-12-2026 05:37:23
Cable id,250,50,10,10,2,1,1,4,16,100,90,0.05,5,20,5,True,False,225.176,9,1500,1448,1448,0,30,22085.8,550,999,True,False,44.624,9,1500,1448,1425,0,30,27477.6,111,509,177,952,2775,2856,2774,2856,6,33,37,08-12-2026 06:06:18,08-12-2026 06:07:16
Cable id,250,50,10,10,2,1,1,4,16,100,90,0.05,5,20,5,True,False,224.992,9,1500,1448,1448,0,30,22554.2,495,831,True,False,44.436,9,1500,1448,1425,0,30,27214.6,61,490,88,784,2768,2835,2765,2823,3,28,100,08-12-2026 07:13:47,08-12-2026 07:14:45
Cable id,250,50,10,10,2,1,1,4,16,100,90,0.05,5,20,5,True,False,225.051,9,1500,1448,1448,0,30,22027.3,580,1019,True,False,45.424,9,1500,1448,1424,0,30,27663.1,119,433,193,983,2767,2832,2767,2834,7,35,35,08-12-2026 06:04:16,08-12-2026 06:05:14
Cable id,250,50,10,10,2,1,1,4,16,100,90,0.05,5,20,5,False,False,225.051,16,1500,1448,1448,0,48,22964.875,392,678,True,False,44.605,9,1500,1448,1425,0,30,27313,79,463,158,694,2775,2829,2773,2834,6,24,11,08-12-2026 05:37:26,08-12-2026 05:38:39
Cable id,250,50,10,10,2,1,1,4,16,100,90,0.05,5,20,5,True,False,226.685,9,1500,1448,1448,0,30,22594.7,+Inf,NaN,True,False,44.745,9,1500,1448,1424,0,30,27302.8,94,460,107,760,2776,2840,2776,2824,4,27,94,08-12-2026 07:07:41,08-12-2026 07:08:39
Cable id,250,50,10,10,2,1,1,4,16,100,90,0.05,5,20,5,True,False,225.181,9,1500,1448,1448,0,30,22280.1,517,889,True,False,46.546,9,1500,1448,1425,0,30,26862.8,+Inf,NaN,391,869,2774,2845,2773,2847,14,31,87,08-12-2026 07:00:04,08-12-2026 07:01:02
Cable id,250,50,10,10,2,1,1,4,16,100,90,0.05,5,20,5,True,False,224.938,9,1500,1448,1448,0,30,22656.5,464,1078,True,False,44.924,9,1500,1448,1424,0,30,27071.2,78,486,161,994,2776,2841,2775,2828,6,35,90,08-12-2026 07:03:22,08-12-2026 07:04:20
Cable id,250,50,10,10,2,1,1,4,16,100,90,0.05,5,20,5,True,False,225.090,9,1500,1448,1448,0,30,22181.6,573,1001,True,False,45.169,9,1500,1448,1424,0,30,27548.7,58,517,112,928,2772,2818,2770,2820,4,33,6,08-12-2026 05:32:06,08-12-2026 05:33:04
Cable id,250,50,10,10,2,1,1,4,16,100,90,0.05,5,20,5,True,False,225.120,9,1500,1448,1448,0,30,21806,621,882,True,False,44.939,9,1500,1448,1425,0,30,27721.2,69,458,89,857,2772,2857,2770,2840,3,30,25,08-12-2026 05:53:52,08-12-2026 05:54:50
Cable id,250,50,10,10,2,1,1,4,16,100,90,0.05,5,20,5,True,False,225.057,9,1500,1448,1448,0,30,22497.5,460,1093,True,False,45.112,9,1500,1448,1424,0,30,27640.7,67,524,106,988,2769,2856,2769,2858,4,35,65,08-12-2026 06:36:14,08-12-2026 06:37:12
Cable id,250,50,10,10,2,1,1,4,16,100,90,0.05,5,20,5,True,False,225.181,9,1500,1448,1448,0,30,22159.7,548,921,True,False,43.360,9,1500,1448,1424,0,30,27505.1,64,494,83,866,2774,2846,2771,2840,3,30,54,08-12-2026 06:24:20,08-12-2026 06:25:18
Cable id,250,50,10,10,2,1,1,4,16,100,90,0.05,5,20,5,True,False,225.345,9,1500,1448,1448,0,30,22153.9,520,977,True,False,44.243,9,1500,1448,1424,0,30,27332.7,70,504,133,901,2774,2856,2774,2855,5,32,39,08-12-2026 06:08:20,08-12-2026 06:09:18
Cable id,250,50,10,10,2,1,1,4,16,100,90,0.05,5,20,5,True,False,225.000,9,1500,1448,1448,0,30,22730.2,449,989,True,False,44.425,9,1500,1448,1425,0,30,27754.5,55,501,119,932,2775,2858,2774,2849,4,33,3,08-12-2026 05:29:03,08-12-2026 05:30:01
Cable id,250,50,10,10,2,1,1,4,16,100,90,0.05,5,20,5,True,False,225.251,9,1500,1448,1448,0,30,22457.3,488,1089,True,False,44.307,9,1500,1448,1425,0,30,27749.8,84,434,177,1035,2777,2857,2776,2848,6,36,97,08-12-2026 07:10:44,08-12-2026 07:11:42
Cable id,250,50,10,10,2,1,1,4,16,100,90,0.05,5,20,5,True,False,225.179,9,1500,1448,1448,0,30,22311,510,963,True,False,45.050,9,1500,1448,1424,0,30,27344.5,64,499,123,904,2778,2844,2777,2843,4,32,33,08-12-2026 06:02:14,08-12-2026 06:03:12
Cable id,250,50,10,10,2,1,1,4,16,100,90,0.05,5,20,5,True,False,225.185,9,1500,1448,1448,0,30,22192.4,525,919,False,False,44.364,16,1500,1448,1424,0,48,30526.25,44,406,68,832,2774,2839,2774,2841,2,29,47,08-12-2026 06:16:57,08-12-2026 06:18:10
Cable id,250,50,10,10,2,1,1,4,16,100,90,0.05,5,20,5,True,False,225.123,9,1500,1448,1448,0,30,22581,461,1087,True,False,45.854,9,1500,1448,1424,0,30,27743.8,+Inf,NaN,349,1055,2775,2818,2774,2820,13,37,96,08-12-2026 07:09:43,08-12-2026 07:10:41
Cable id,250,50,10,10,2,1,1,4,16,100,90,0.05,5,20,5,True,False,225.077,9,1500,1448,1448,0,30,22104.1,548,985,True,False,44.498,9,1500,1448,1424,0,30,27530.6,74,507,110,927,2774,2836,2773,2819,4,33,72,08-12-2026 06:43:51,08-12-2026 06:44:49
Cable id,250,50,10,10,2,1,1,4,16,100,90,0.05,5,20,5,True,False,225.057,9,1500,1448,1448,0,30,22291.2,523,930,True,False,43.865,9,1500,1448,1424,0,30,26788.8,49,500,75,881,2774,2854,2775,2850,3,31,16,08-12-2026 05:43:16,08-12-2026 05:44:14
Cable id,250,50,10,10,2,1,1,4,16,100,90,0.05,5,20,5,True,False,225.179,9,1500,1448,1448,0,30,22062.9,556,977,False,False,44.249,16,1500,1448,1424,0,48,31130.3125,71,404,96,867,2751,2854,2750,2855,3,30,8,08-12-2026 05:34:08,08-12-2026 05:35:21
Cable id,250,50,10,10,2,1,1,4,16,100,90,0.05,5,20,5,False,False,225.114,16,1500,1448,1448,0,48,23723.625,357,728,True,False,45.501,9,1500,1448,1424,0,30,27726.2,62,500,125,750,2770,2807,2773,2807,5,27,14,08-12-2026 05:40:59,08-12-2026 05:42:12
Cable id,250,50,10,10,2,1,1,4,16,100,90,0.05,5,20,5,True,False,225.184,9,1500,1448,1448,0,30,22285.3,508,1039,True,False,44.801,9,1500,1448,1424,0,30,27523.8,75,472,121,976,2754,2836,2751,2840,4,34,82,08-12-2026 06:54:31,08-12-2026 06:55:29
Cable id,250,50,10,10,2,1,1,4,16,100,90,0.05,5,20,5,True,False,225.116,9,1500,1448,1448,0,30,22260.9,538,956,True,False,44.062,9,1500,1448,1425,0,30,27551.2,73,496,99,873,2768,2843,2760,2842,4,31,45,08-12-2026 06:14:56,08-12-2026 06:15:54
Cable id,250,50,10,10,2,1,1,4,16,100,90,0.05,5,20,5,True,False,225.134,9,1500,1448,1448,0,30,22211.2,516,939,False,False,44.363,16,1500,1448,1424,0,48,31481.5625,45,394,69,856,2771,2841,2758,2837,3,30,43,08-12-2026 06:12:39,08-12-2026 06:13:52
Cable id,250,50,10,10,2,1,1,4,16,100,90,0.05,5,20,5,True,False,225.182,9,1500,1448,1448,0,30,22482.8,475,1117,True,False,44.235,9,1500,1448,1425,0,30,27563.3,54,532,90,1039,2776,2827,2776,2828,3,37,83,08-12-2026 06:55:31,08-12-2026 06:56:30
Cable id,250,50,10,10,2,1,1,4,16,100,90,0.05,5,20,5,True,False,224.991,9,1500,1448,1448,0,30,22125.7,561,998,True,False,45.239,9,1500,1448,1424,0,30,27451.9,52,498,99,920,2776,2851,2776,2854,4,32,63,08-12-2026 06:33:58,08-12-2026 06:34:56
Cable id,250,50,10,10,2,1,1,4,16,100,90,0.05,5,20,5,True,False,224.993,9,1500,1448,1448,0,30,22585,466,937,True,False,44.562,9,1500,1448,1424,0,30,27726.7,81,458,140,874,2775,2812,2774,2809,5,31,80,08-12-2026 06:52:14,08-12-2026 06:53:12
Cable id,250,50,10,10,2,1,1,4,16,100,90,0.05,5,20,5,True,False,225.179,9,1500,1448,1448,0,30,22224.9,526,953,True,False,45.615,9,1500,1448,1425,0,30,26999.2,118,529,197,916,2772,2851,2773,2854,7,32,59,08-12-2026 06:29:39,08-12-2026 06:30:37
Cable id,250,50,10,10,2,1,1,4,16,100,90,0.05,5,20,5,True,False,225.309,9,1500,1448,1448,0,30,22708.1,456,1042,True,False,44.056,9,1500,1448,1424,0,30,27787.1,81,512,110,972,2778,2851,2779,2851,4,34,15,08-12-2026 05:42:15,08-12-2026 05:43:13
Cable id,250,50,10,10,2,1,1,4,16,100,90,0.05,5,20,5,False,False,224.856,16,1500,1448,1448,0,48,22769.125,394,667,True,False,44.376,9,1500,1448,1425,0,30,27047.4,46,474,117,689,2773,2841,2773,2842,4,24,71,08-12-2026 06:42:35,08-12-2026 06:43:48
Cable id,250,50,10,10,2,1,1,4,16,100,90,0.05,5,20,5,True,False,225.244,9,1500,1448,1448,0,30,22581.1,469,1084,True,False,45.243,9,1500,1448,1425,0,30,27933,60,527,99,1008,2773,2818,2773,2822,4,36,42,08-12-2026 06:11:38,08-12-2026 06:12:36
Cable id,250,50,10,10,2,1,1,4,16,100,90,0.05,5,20,5,True,False,225.369,9,1500,1448,1448,0,30,22104.1,541,909,True,False,46.245,9,1500,1448,1425,0,30,27198.7,+Inf,NaN,223,860,2773,2852,2772,2825,8,30,51,08-12-2026 06:21:17,08-12-2026 06:22:15
Cable id,250,50,10,10,2,1,1,4,16,100,90,0.05,5,20,5,True,False,225.168,9,1500,1448,1448,0,30,22627.9,467,992,True,False,44.877,9,1500,1448,1424,0,30,27599,51,551,83,905,2771,2843,2769,2848,3,32,57,08-12-2026 06:27:37,08-12-2026 06:28:35
Cable id,250,50,10,10,2,1,1,4,16,100,90,0.05,5,20,5,True,False,225.183,9,1500,1448,1448,0,30,22607.4,490,998,True,False,44.685,9,1500,1448,1424,0,30,27493.6,74,516,92,927,2772,2833,2771,2838,3,33,88,08-12-2026 07:01:05,08-12-2026 07:02:03
Cable id,250,50,10,10,2,1,1,4,16,100,90,0.05,5,20,5,True,False,225.025,9,1500,1448,1448,0,30,22111.8,548,961,True,False,45.165,9,1500,1448,1425,0,30,27697.1,62,511,84,907,2776,2845,2775,2839,3,32,4,08-12-2026 05:30:04,08-12-2026 05:31:02
Cable id,250,50,10,10,2,1,1,4,16,100,90,0.05,5,20,5,True,False,225.185,9,1500,1448,1448,0,30,22646.4,445,1024,True,False,44.542,9,1500,1448,1424,0,30,27654,59,533,92,931,2776,2838,2775,2841,3,33,12,08-12-2026 05:38:42,08-12-2026 05:39:40
Cable id,250,50,10,10,4,1,1,4,16,100,90,0.05,5,20,5,False,False,225.090,8,1500,1448,1448,0,27,22031,585,1062,False,False,44.122,8,1500,1448,1425,0,27,27028.88888888889,36,494,53,993,2777,2840,2777,2844,2,35,79,08-12-2026 11:39:42,08-12-2026 11:41:20
Cable id,250,50,10,10,4,1,1,4,16,100,90,0.05,5,20,5,False,False,231.464,8,1500,1448,1448,6,27,23616.555555555555,181,736,False,False,42.934,8,1500,1448,1425,2,69,26891.222222222223,47,522,52,694,1435,2895,1395,2897,4,24,50,08-12-2026 10:50:05,08-12-2026 10:51:43
Cable id,250,50,10,10,4,1,1,4,16,100,90,0.05,5,20,5,False,False,225.055,8,1500,1448,1448,0,27,22062.666666666668,547,1038,False,False,44.334,8,1500,1448,1425,0,27,26728.222222222223,47,492,63,963,2773,2834,2774,2837,2,34,23,08-12-2026 10:03:20,08-12-2026 10:04:58
Cable id,250,50,10,10,4,1,1,4,16,100,90,0.05,5,20,5,False,False,224.902,8,1500,1448,1448,1,27,22589.222222222223,420,1063,False,False,44.712,8,1500,1448,1425,1,37,26852.222222222223,38,482,51,990,2759,2886,2748,2850,2,35,68,08-12-2026 11:21:02,08-12-2026 11:22:41
Cable id,250,50,10,10,4,1,1,4,16,100,90,0.05,5,20,5,False,False,225.053,8,1500,1448,1448,0,27,22615.11111111111,472,1096,False,False,44.500,8,1500,1448,1424,0,27,26603.333333333332,32,491,62,1029,2772,2844,2772,2844,2,36,92,08-12-2026 12:01:36,08-12-2026 12:03:14
Cable id,250,50,10,10,4,1,1,4,16,100,90,0.05,5,20,5,False,False,225.062,8,1500,1448,1448,0,27,22422,504,1181,False,False,44.311,8,1500,1448,1424,0,27,26729.88888888889,28,481,61,1091,2775,2837,2775,2841,2,38,95,08-12-2026 12:06:40,08-12-2026 12:08:18
Cable id,250,50,10,10,4,1,1,4,16,100,90,0.05,5,20,5,False,False,205.049,8,1500,1448,1448,0,27,23733.777777777777,537,966,False,False,44.300,8,1500,1448,1448,1,56,24145.11111111111,25,474,35,924,2839,2912,2830,2911,1,32,46,08-12-2026 10:42:06,08-12-2026 10:43:44
Cable id,250,50,10,10,4,1,1,4,16,100,90,0.05,5,20,5,False,False,224.996,8,1500,1448,1448,0,27,21840.777777777777,596,985,False,False,44.158,8,1500,1448,1424,0,27,27122.444444444445,29,485,53,947,2774,2835,2774,2834,2,33,93,08-12-2026 12:03:17,08-12-2026 12:04:55
Cable id,250,50,10,10,4,1,1,4,16,100,90,0.05,5,20,5,False,False,225.248,8,1500,1448,1448,0,27,21938.777777777777,598,1061,False,False,44.064,8,1500,1448,1425,0,27,26647.11111111111,33,500,50,983,2778,2845,2777,2845,2,35,17,08-12-2026 09:53:13,08-12-2026 09:54:51
Cable id,250,50,10,10,4,1,1,4,16,100,90,0.05,5,20,5,False,False,224.931,8,1500,1448,1448,0,27,21866.222222222223,603,959,False,False,44.370,8,1500,1448,1424,0,27,26847.555555555555,35,524,54,916,2771,2840,2771,2841,2,32,29,08-12-2026 10:13:27,08-12-2026 10:15:05
Cable id,250,50,10,10,4,1,1,4,16,100,90,0.05,5,20,5,False,False,225.045,8,1500,1448,1448,0,27,22161.777777777777,569,992,False,False,44.208,8,1500,1448,1424,0,27,26757.777777777777,36,497,57,930,2771,2860,2771,2862,2,32,20,08-12-2026 09:58:16,08-12-2026 09:59:55
Cable id,250,50,10,10,4,1,1,4,16,100,90,0.05,5,20,5,False,False,225.027,8,1500,1448,1448,0,27,22074.444444444445,574,1008,False,False,44.274,8,1500,1448,1424,0,27,26398.666666666668,44,498,56,956,2773,2841,2772,2836,2,34,31,08-12-2026 10:16:49,08-12-2026 10:18:27
Cable id,250,50,10,10,4,1,1,4,16,100,90,0.05,5,20,5,False,False,224.999,8,1500,1448,1448,0,27,21932.333333333332,579,1020,False,False,44.908,8,1500,1448,1425,0,27,26424,40,513,73,946,2770,2837,2771,2840,3,33,84,08-12-2026 11:48:08,08-12-2026 11:49:46
Cable id,250,50,10,10,4,1,1,4,16,100,90,0.05,5,20,5,False,False,225.090,8,1500,1448,1448,0,27,21951.222222222223,585,1008,False,False,44.402,8,1500,1448,1425,0,27,26594.333333333332,32,496,45,950,2776,2859,2775,2856,2,33,13,08-12-2026 09:46:29,08-12-2026 09:48:07
Cable id,250,50,10,10,4,1,1,4,16,100,90,0.05,5,20,5,False,False,225.100,8,1500,1448,1448,3,27,24528.333333333332,265,630,False,False,44.076,8,1500,1448,1448,2,34,26580.222222222223,36,497,62,605,478,2776,392,2776,16,22,62,08-12-2026 11:10:44,08-12-2026 11:12:22
Cable id,250,50,10,10,4,1,1,4,16,100,90,0.05,5,20,5,False,False,224.973,8,1500,1448,1448,0,27,22401.222222222223,467,1045,False,False,44.245,8,1500,1448,1424,0,27,26200.444444444445,33,520,48,974,2775,2853,2775,2856,2,34,75,08-12-2026 11:32:58,08-12-2026 11:34:36
Cable id,250,50,10,10,4,1,1,4,16,100,90,0.05,5,20,5,False,False,225.046,8,1500,1448,1448,0,27,22479.777777777777,484,1128,False,False,44.095,8,1500,1448,1425,0,27,27137.444444444445,27,536,46,1046,2775,2843,2775,2829,2,37,9,08-12-2026 09:39:45,08-12-2026 09:41:23
Cable id,250,50,10,10,4,1,1,4,16,100,90,0.05,5,20,5,False,False,224.998,8,1500,1448,1448,0,27,22022.444444444445,578,1043,False,False,43.281,8,1500,1448,1439,0,27,26505,37,460,65,992,2776,2841,2776,2843,2,35,44,08-12-2026 10:38:43,08-12-2026 10:40:22
Cable id,250,50,10,10,4,1,1,4,16,100,90,0.05,5,20,5,False,False,224.841,7,1500,1448,1448,1,24,21642.875,573,1039,False,False,44.992,8,1500,1448,1424,3,33,26895.555555555555,38,456,52,989,1325,2909,1319,2909,4,34,48,08-12-2026 10:46:07,08-12-2026 10:47:54
Cable id,250,50,10,10,4,1,1,4,16,100,90,0.05,5,20,5,False,False,225.060,8,1500,1448,1448,0,27,21997.777777777777,562,1028,False,False,44.467,8,1500,1448,1424,0,27,26843.555555555555,28,495,51,976,2780,2873,2781,2875,2,34,99,08-12-2026 12:13:25,08-12-2026 12:15:03
Cable id,250,50,10,10,4,1,1,4,16,100,90,0.05,5,20,5,False,False,225.024,8,1500,1448,1448,1,27,22333.777777777777,530,981,False,False,45.189,8,1500,1448,1424,0,27,27042.777777777777,44,513,62,926,1886,2901,1412,2901,4,32,56,08-12-2026 11:00:28,08-12-2026 11:02:06
Cable id,250,50,10,10,4,1,1,4,16,100,90,0.05,5,20,5,False,False,225.088,8,1500,1448,1448,0,27,21941,594,1070,False,False,44.183,8,1500,1448,1425,0,27,27031.88888888889,33,438,50,994,2774,2845,2775,2849,2,35,32,08-12-2026 10:18:30,08-12-2026 10:20:08
Cable id,250,50,10,10,4,1,1,4,16,100,90,0.05,5,20,5,False,False,225.011,8,1500,1448,1448,0,27,22296.444444444445,524,1009,False,False,44.494,8,1500,1448,1424,0,27,26510.222222222223,30,437,52,951,2775,2831,2774,2834,2,34,78,08-12-2026 11:38:01,08-12-2026 11:39:39
Cable id,250,50,10,10,4,1,1,4,16,100,90,0.05,5,20,5,False,False,225.029,8,1500,1448,1448,0,27,22164.444444444445,572,1022,False,False,44.222,8,1500,1448,1424,0,27,26769.88888888889,40,503,53,939,2776,2839,2776,2844,2,33,38,08-12-2026 10:28:37,08-12-2026 10:30:15
Cable id,250,50,10,10,4,1,1,4,16,100,90,0.05,5,20,5,False,False,225.058,8,1500,1448,1448,0,27,22248.11111111111,580,1035,False,False,44.959,8,1500,1448,1425,0,27,26679.88888888889,38,501,60,957,2772,2824,2770,2827,2,34,26,08-12-2026 10:08:23,08-12-2026 10:10:02
Cable id,250,50,10,10,4,1,1,4,16,100,90,0.05,5,20,5,False,False,225.311,8,1500,1448,1448,0,27,22238.666666666668,558,1001,False,False,44.531,8,1500,1448,1424,2,33,27209,29,500,49,962,2778,2899,2762,2889,2,33,69,08-12-2026 11:22:46,08-12-2026 11:24:24
Cable id,250,50,10,10,4,1,1,4,16,100,90,0.05,5,20,5,False,False,225.090,8,1500,1448,1448,0,27,22422.777777777777,505,1159,False,False,44.371,8,1500,1448,1424,0,27,26497.11111111111,29,529,50,1085,2776,2862,2776,2863,2,38,34,08-12-2026 10:21:52,08-12-2026 10:23:31
Cable id,250,50,10,10,4,1,1,4,16,100,90,0.05,5,20,5,False,False,225.650,8,1500,1448,1448,1,27,22773.444444444445,367,1060,False,False,44.619,8,1500,1448,1424,2,33,26945.333333333332,35,431,44,956,2376,2829,2382,2829,2,34,58,08-12-2026 11:03:53,08-12-2026 11:05:31
Cable id,250,50,10,10,4,1,1,4,16,100,90,0.05,5,20,5,False,False,225.000,8,1500,1448,1448,0,27,22619.777777777777,494,1153,False,False,44.928,8,1500,1448,1425,0,27,27098.11111111111,33,480,42,1064,2773,2823,2774,2826,2,38,30,08-12-2026 10:15:08,08-12-2026 10:16:46
Cable id,250,50,10,10,4,1,1,4,16,100,90,0.05,5,20,5,False,False,225.721,8,1500,1448,1448,0,27,22687.11111111111,510,995,False,False,44.870,8,1500,1448,1425,1,33,26437.444444444445,30,405,41,919,2792,2902,2788,2900,1,32,70,08-12-2026 11:24:27,08-12-2026 11:26:05
Cable id,250,50,10,10,4,1,1,4,16,100,90,0.05,5,20,5,False,False,225.174,8,1500,1448,1448,0,27,22478.88888888889,488,1144,False,False,44.247,8,1500,1448,1424,0,27,26919.88888888889,54,494,85,1068,2775,2849,2775,2853,3,37,24,08-12-2026 10:05:01,08-12-2026 10:06:39
Cable id,250,50,10,10,4,1,1,4,16,100,90,0.05,5,20,5,False,False,224.937,8,1500,1448,1448,1,27,23288.333333333332,356,996,False,False,23.421,8,1500,1448,1424,0,28,26474.11111111111,19,450,23,944,2349,2897,2115,2897,1,33,52,08-12-2026 10:53:29,08-12-2026 10:55:07
Cable id,250,50,10,10,4,1,1,4,16,100,90,0.05,5,20,5,False,False,225.059,8,1500,1448,1448,0,27,22602.333333333332,483,1145,False,False,44.720,8,1500,1448,1424,0,27,26646.222222222223,34,383,53,1067,2775,2848,2773,2850,2,37,36,08-12-2026 10:25:15,08-12-2026 10:26:53
Cable id,250,50,10,10,4,1,1,4,16,100,90,0.05,5,20,5,False,False,225.059,8,1500,1448,1448,0,27,21930.666666666668,591,1077,False,False,44.337,8,1500,1448,1424,0,27,26755.333333333332,32,471,54,996,2776,2843,2776,2828,2,35,2,08-12-2026 09:27:57,08-12-2026 09:29:35
Cable id,250,50,10,10,4,1,1,4,16,100,90,0.05,5,20,5,False,False,224.997,8,1500,1448,1448,0,27,22536.555555555555,474,1134,False,False,44.490,8,1500,1448,1424,0,27,26918.555555555555,35,471,54,1062,2778,2851,2778,2854,2,37,5,08-12-2026 09:33:00,08-12-2026 09:34:38
Cable id,250,50,10,10,4,1,1,4,16,100,90,0.05,5,20,5,False,False,224.998,8,1500,1448,1448,0,27,21921,594,1059,False,False,44.530,8,1500,1448,1425,0,27,27023,29,386,42,1007,2774,2860,2773,2862,2,35,89,08-12-2026 11:56:33,08-12-2026 11:58:11
Cable id,250,50,10,10,4,1,1,4,16,100,90,0.05,5,20,5,False,False,224.999,8,1500,1448,1448,0,27,21892.11111111111,591,1060,False,False,44.215,8,1500,1448,1425,0,27,26425.777777777777,33,471,54,1003,2774,2873,2774,2875,2,35,74,08-12-2026 11:31:17,08-12-2026 11:32:55
Cable id,250,50,10,10,4,1,1,4,16,100,90,0.05,5,20,5,False,False,224.992,8,1500,1448,1448,1,27,22369.444444444445,489,1145,False,False,44.497,8,1500,1448,1425,0,27,27270.88888888889,41,518,62,1063,2778,2868,2778,2868,2,37,91,08-12-2026 11:59:55,08-12-2026 12:01:33
Cable id,250,50,10,10,4,1,1,4,16,100,90,0.05,5,20,5,False,False,228.014,8,1500,1448,1448,1,27,24262.555555555555,198,951,False,False,44.900,8,1500,1448,1448,0,27,26656.222222222223,22,471,29,834,407,2842,533,2844,5,29,53,08-12-2026 10:55:15,08-12-2026 10:56:56
Cable id,250,50,10,10,4,1,1,4,16,100,90,0.05,5,20,5,False,False,225.017,8,1500,1448,1448,0,27,22156.88888888889,571,1017,False,False,44.594,8,1500,1448,1425,0,27,27190.11111111111,34,528,46,938,2777,2838,2776,2838,2,33,21,08-12-2026 09:59:58,08-12-2026 10:01:36
Cable id,250,50,10,10,4,1,1,4,16,100,90,0.05,5,20,5,False,False,174.761,8,1500,1448,1448,0,27,23333.777777777777,288,975,False,False,43.998,8,1500,1448,1425,1,33,27426.555555555555,29,449,47,908,1831,2884,2683,2876,2,32,55,08-12-2026 10:58:44,08-12-2026 11:00:23
Cable id,250,50,10,10,4,1,1,4,16,100,90,0.05,5,20,5,False,False,225.032,8,1500,1448,1448,0,27,21932,583,1002,False,False,44.279,8,1500,1448,1425,0,27,26860.666666666668,29,504,56,953,2774,2839,2773,2840,2,34,27,08-12-2026 10:10:05,08-12-2026 10:11:43
Cable id,250,50,10,10,4,1,1,4,16,100,90,0.05,5,20,5,False,False,224.936,8,1500,1448,1448,0,27,21842.777777777777,632,974,False,False,44.407,8,1500,1448,1425,0,27,26679.777777777777,31,515,56,930,2776,2853,2777,2856,2,33,77,08-12-2026 11:36:20,08-12-2026 11:37:58
Cable id,250,50,10,10,4,1,1,4,16,100,90,0.05,5,20,5,False,False,224.999,8,1500,1448,1448,0,27,22724.777777777777,443,1095,False,False,44.405,8,1500,1448,1425,0,27,27606.666666666668,32,476,49,1019,2777,2854,2777,2856,2,36,85,08-12-2026 11:49:49,08-12-2026 11:51:27
Cable id,250,50,10,10,4,1,1,4,16,100,90,0.05,5,20,5,False,False,225.061,8,1500,1448,1448,0,27,21950.444444444445,577,1055,False,False,44.495,8,1500,1448,1424,0,27,26498.555555555555,32,462,48,985,2776,2858,2776,2862,2,34,86,08-12-2026 11:51:30,08-12-2026 11:53:08
Cable id,250,50,10,10,4,1,1,4,16,100,90,0.05,5,20,5,False,False,224.997,8,1500,1448,1448,0,27,22019,594,1065,False,False,44.188,8,1500,1448,1424,0,27,26500,31,474,43,1015,2733,2878,2681,2880,2,35,18,08-12-2026 09:54:54,08-12-2026 09:56:32
Cable id,250,50,10,10,4,1,1,4,16,100,90,0.05,5,20,5,False,False,224.998,8,1500,1448,1448,0,27,21852.444444444445,606,1068,False,False,44.061,8,1500,1448,1425,0,27,26862,35,501,56,1001,2775,2844,2775,2844,2,35,22,08-12-2026 10:01:39,08-12-2026 10:03:17
Cable id,250,50,10,10,4,1,1,4,16,100,90,0.05,5,20,5,False,False,225.094,8,1500,1448,1448,0,27,22587.88888888889,487,1121,False,False,44.126,8,1500,1448,1425,0,27,27058.11111111111,37,451,62,1041,2772,2849,2772,2850,2,37,81,08-12-2026 11:43:04,08-12-2026 11:44:42
Cable id,250,50,10,10,4,1,1,4,16,100,90,0.05,5,20,5,False,False,224.936,8,1500,1448,1448,0,27,23432.11111111111,359,981,False,False,44.559,8,1500,1448,1425,1,30,26931.333333333332,28,421,35,912,2672,2902,2649,2900,1,31,64,08-12-2026 11:14:09,08-12-2026 11:15:47
Cable id,250,50,10,10,4,1,1,4,16,100,90,0.05,5,20,5,False,False,225.059,8,1500,1448,1448,0,27,22132.88888888889,567,1016,False,False,44.244,8,1500,1448,1424,0,27,26815.88888888889,29,505,69,949,2773,2836,2773,2841,2,33,7,08-12-2026 09:36:22,08-12-2026 09:38:00
Cable id,250,50,10,10,4,1,1,4,16,100,90,0.05,5,20,5,False,False,225.027,8,1500,1448,1448,0,27,22312.555555555555,524,1072,False,False,44.438,8,1500,1448,1425,0,27,26737.11111111111,28,544,49,993,2774,2848,2775,2849,2,35,76,08-12-2026 11:34:39,08-12-2026 11:36:17
Cable id,250,50,10,10,4,1,1,4,16,100,90,0.05,5,20,5,False,False,224.967,8,1500,1448,1448,0,27,21900.555555555555,611,1062,False,False,44.466,8,1500,1448,1424,0,27,26404.666666666668,47,470,63,993,2786,2904,2791,2905,2,34,98,08-12-2026 12:11:44,08-12-2026 12:13:22
Cable id,250,50,10,10,4,1,1,4,16,100,90,0.05,5,20,5,False,False,225.061,8,1500,1448,1448,0,27,22552.555555555555,482,1107,False,False,44.964,8,1500,1448,1424,0,27,27050.11111111111,34,432,66,1016,2774,2866,2776,2869,2,35,19,08-12-2026 09:56:35,08-12-2026 09:58:13
Cable id,250,50,10,10,4,1,1,4,16,100,90,0.05,5,20,5,False,False,225.144,8,1500,1448,1448,1,27,22639.555555555555,457,1110,False,False,44.493,8,1500,1448,1425,0,27,26495.444444444445,36,494,70,1036,2774,2851,2773,2851,3,36,28,08-12-2026 10:11:46,08-12-2026 10:13:24
Cable id,250,50,10,10,4,1,1,4,16,100,90,0.05,5,20,5,False,False,225.362,8,1500,1448,1448,5,27,24081.666666666668,178,829,False,False,44.374,8,1500,1448,1424,1,39,26877.666666666668,41,483,47,731,2744,2896,2709,2897,2,25,67,08-12-2026 11:19:20,08-12-2026 11:20:58
Cable id,250,50,10,10,4,1,1,4,16,100,90,0.05,5,20,5,False,False,216.550,8,1500,1448,1448,0,27,22429.333333333332,403,1019,False,False,44.117,8,1500,1448,1424,2,45,24256.88888888889,29,398,35,970,1682,2832,2367,2832,1,34,61,08-12-2026 11:09:02,08-12-2026 11:10:40
Cable id,250,50,10,10,4,1,1,4,16,100,90,0.05,5,20,5,False,False,225.000,8,1500,1448,1448,0,27,22066.555555555555,552,992,False,False,44.271,8,1500,1448,1424,0,27,27349,34,423,46,931,2777,2839,2777,2840,2,33,1,08-12-2026 09:26:16,08-12-2026 09:27:54
Cable id,250,50,10,10,4,1,1,4,16,100,90,0.05,5,20,5,False,False,225.312,8,1500,1448,1448,1,27,23310.666666666668,399,1008,False,False,42.598,8,1500,1448,1424,1,40,27035.666666666668,21,421,25,920,2230,2887,1576,2879,2,32,66,08-12-2026 11:17:38,08-12-2026 11:19:16
Cable id,250,50,10,10,4,1,1,4,16,100,90,0.05,5,20,5,False,False,225.059,8,1500,1448,1448,0,27,22599.222222222223,469,1145,False,False,44.463,8,1500,1448,1424,0,27,26903.88888888889,30,439,60,1071,2774,2840,2774,2844,2,38,40,08-12-2026 10:31:59,08-12-2026 10:33:37
Cable id,250,50,10,10,4,1,1,4,16,100,90,0.05,5,20,5,False,False,225.122,8,1500,1448,1448,0,27,22634.88888888889,466,1123,False,False,44.624,8,1500,1448,1424,0,27,26788,40,534,57,1046,2779,2873,2779,2876,2,36,73,08-12-2026 11:29:35,08-12-2026 11:31:14
Cable id,250,50,10,10,4,1,1,4,16,100,90,0.05,5,20,5,False,False,225.026,8,1500,1448,1448,1,27,22142.11111111111,426,1168,False,False,43.278,8,1500,1448,1424,2,46,26298.222222222223,21,502,27,1091,2842,2908,2836,2908,1,38,49,08-12-2026 10:48:10,08-12-2026 10:50:01
Cable id,250,50,10,10,4,1,1,4,16,100,90,0.05,5,20,5,False,False,225.030,8,1500,1448,1448,0,27,23754.777777777777,441,1118,False,False,44.730,8,1500,1448,1424,0,32,26382.11111111111,40,479,67,1033,2717,2883,2722,2884,2,36,60,08-12-2026 11:07:19,08-12-2026 11:08:57
Cable id,250,50,10,10,4,1,1,4,16,100,90,0.05,5,20,5,False,False,224.966,8,1500,1448,1448,0,27,22443.11111111111,481,1157,False,False,44.367,8,1500,1448,1424,0,27,26753.333333333332,43,462,69,1083,2774,2840,2773,2844,2,38,41,08-12-2026 10:33:40,08-12-2026 10:35:18
Cable id,250,50,10,10,4,1,1,4,16,100,90,0.05,5,20,5,False,False,225.076,8,1500,1448,1448,0,27,22890.444444444445,447,1052,False,False,44.240,8,1500,1448,1424,0,27,26762.222222222223,32,493,49,982,2773,2862,2774,2865,2,34,10,08-12-2026 09:41:26,08-12-2026 09:43:04
Cable id,250,50,10,10,4,1,1,4,16,100,90,0.05,5,20,5,False,False,225.061,8,1500,1448,1448,0,27,22079,566,1030,False,False,44.120,8,1500,1448,1424,0,27,26785.555555555555,34,505,56,965,2777,2853,2776,2855,2,34,37,08-12-2026 10:26:56,08-12-2026 10:28:34
Cable id,250,50,10,10,4,1,1,4,16,100,90,0.05,5,20,5,False,False,225.093,8,1500,1448,1448,0,27,22230.222222222223,513,1117,False,False,44.498,8,1500,1448,1425,0,27,26872.88888888889,44,509,62,1026,2768,2858,2766,2861,2,36,100,08-12-2026 12:15:06,08-12-2026 12:16:45
Cable id,250,50,10,10,4,1,1,4,16,100,90,0.05,5,20,5,False,False,224.983,8,1500,1448,1448,0,27,22101.555555555555,559,1016,False,False,44.463,8,1500,1448,1425,0,27,26566.555555555555,39,460,59,958,2772,2839,2772,2840,2,34,35,08-12-2026 10:23:34,08-12-2026 10:25:12
Cable id,250,50,10,10,4,1,1,4,16,100,90,0.05,5,20,5,False,False,224.936,8,1500,1448,1448,0,27,21882.777777777777,580,1011,False,False,44.591,8,1500,1448,1424,0,27,26313,30,485,58,963,2773,2853,2773,2855,2,34,11,08-12-2026 09:43:07,08-12-2026 09:44:45
Cable id,250,50,10,10,4,1,1,4,16,100,90,0.05,5,20,5,False,False,225.000,8,1500,1448,1448,0,27,21894.444444444445,604,1057,False,False,44.531,8,1500,1448,1425,0,27,26914.88888888889,34,511,50,1010,2775,2864,2774,2855,2,35,94,08-12-2026 12:04:58,08-12-2026 12:06:37
Cable id,250,50,10,10,4,1,1,4,16,100,90,0.05,5,20,5,False,False,225.060,8,1500,1448,1448,0,27,22257.222222222223,526,1116,False,False,44.312,8,1500,1448,1424,0,27,26780.333333333332,32,482,55,1044,2775,2843,2774,2826,2,37,87,08-12-2026 11:53:11,08-12-2026 11:54:49
Cable id,250,50,10,10,4,1,1,4,16,100,90,0.05,5,20,5,False,False,224.972,8,1500,1448,1448,0,27,22037.777777777777,563,1040,False,False,44.337,8,1500,1448,1424,0,27,26911.88888888889,44,500,65,978,2773,2851,2773,2841,2,34,90,08-12-2026 11:58:14,08-12-2026 11:59:52
Cable id,250,50,10,10,4,1,1,4,16,100,90,0.05,5,20,5,False,False,224.994,8,1500,1448,1448,0,27,22585.555555555555,473,1128,False,False,44.627,8,1500,1448,1425,0,27,26482.11111111111,32,518,55,1051,2775,2838,2775,2839,2,37,6,08-12-2026 09:34:41,08-12-2026 09:36:19
Cable id,250,50,10,10,4,1,1,4,16,100,90,0.05,5,20,5,False,False,225.061,8,1500,1448,1448,0,27,22035.555555555555,600,1058,False,False,44.307,8,1500,1448,1424,0,27,26935.333333333332,33,487,53,985,2775,2832,2775,2836,2,35,25,08-12-2026 10:06:42,08-12-2026 10:08:20
Cable id,250,50,10,10,4,1,1,4,16,100,90,0.05,5,20,5,False,False,224.838,8,1500,1448,1448,1,27,22379.88888888889,560,1050,False,False,45.105,8,1500,1448,1425,2,38,26964.11111111111,43,524,81,986,1660,2896,1010,2895,8,34,65,08-12-2026 11:15:54,08-12-2026 11:17:34
Cable id,250,50,10,10,4,1,1,4,16,100,90,0.05,5,20,5,False,False,211.777,8,1500,1448,1448,0,27,23235.333333333332,331,1129,False,False,44.895,8,1500,1448,1424,0,27,27425.666666666668,50,675,70,1051,2799,2901,2806,2901,2,36,54,08-12-2026 10:56:59,08-12-2026 10:58:37
Cable id,250,50,10,10,4,1,1,4,16,100,90,0.05,5,20,5,False,False,225.130,8,1500,1448,1448,0,27,22099.222222222223,545,1128,False,False,44.371,8,1500,1448,1425,0,27,26637.333333333332,38,524,54,1060,2775,2823,2774,2828,2,37,39,08-12-2026 10:30:18,08-12-2026 10:31:56
Cable id,250,50,10,10,4,1,1,4,16,100,90,0.05,5,20,5,False,False,224.964,8,1500,1448,1448,0,27,22008.222222222223,580,1022,False,False,44.774,8,1500,1448,1425,0,27,27275.88888888889,27,475,61,960,2774,2845,2774,2843,2,34,3,08-12-2026 09:29:38,08-12-2026 09:31:16
Cable id,250,50,10,10,4,1,1,4,16,100,90,0.05,5,20,5,False,False,225.063,8,1500,1448,1448,0,27,22073.11111111111,566,1049,False,False,44.743,8,1500,1448,1424,0,27,27045.222222222223,34,462,57,956,2775,2897,2775,2889,2,33,97,08-12-2026 12:10:02,08-12-2026 12:11:40
Cable id,250,50,10,10,4,1,1,4,16,100,90,0.05,5,20,5,False,False,225.030,8,1500,1448,1448,0,27,22048.88888888889,566,1015,False,False,44.123,8,1500,1448,1424,0,27,26909.11111111111,37,491,50,968,2776,2842,2775,2846,2,34,33,08-12-2026 10:20:11,08-12-2026 10:21:49
Cable id,250,50,10,10,4,1,1,4,16,100,90,0.05,5,20,5,False,False,183.576,7,1500,1448,1448,0,21,21985.14285714286,384,1262,False,False,44.875,6,1500,1448,1424,2,36,23266,65,541,122,1238,1214,2905,1214,2905,10,43,47,08-12-2026 10:43:47,08-12-2026 10:46:03
Cable id,250,50,10,10,4,1,1,4,16,100,90,0.05,5,20,5,False,False,225.063,8,1500,1448,1448,1,27,21962,601,1069,False,False,44.113,8,1500,1448,1424,0,27,26788,44,492,72,990,2776,2854,2775,2855,3,35,96,08-12-2026 12:08:21,08-12-2026 12:09:59
Cable id,250,50,10,10,4,1,1,4,16,100,90,0.05,5,20,5,False,False,224.998,8,1500,1448,1448,0,27,22139.666666666668,542,949,False,False,43.864,8,1500,1448,1425,0,27,27035.11111111111,39,460,49,900,2793,2897,2790,2898,2,31,72,08-12-2026 11:27:54,08-12-2026 11:29:32
Cable id,250,50,10,10,4,1,1,4,16,100,90,0.05,5,20,5,False,False,225.187,8,1500,1448,1448,0,27,22458.333333333332,506,1154,False,False,44.460,8,1500,1448,1424,0,27,27083.444444444445,36,488,66,1072,2773,2844,2773,2846,2,38,16,08-12-2026 09:51:32,08-12-2026 09:53:10
Cable id,250,50,10,10,4,1,1,4,16,100,90,0.05,5,20,5,False,False,225.091,8,1500,1448,1448,0,27,22463,479,1124,False,False,44.373,8,1500,1448,1425,0,27,26694.666666666668,33,514,81,1054,2777,2847,2777,2844,3,37,8,08-12-2026 09:38:03,08-12-2026 09:39:41
Cable id,250,50,10,10,4,1,1,4,16,100,90,0.05,5,20,5,False,False,224.966,8,1500,1448,1448,0,27,22074.666666666668,577,1058,False,False,44.497,8,1500,1448,1425,0,27,26686.11111111111,36,491,52,980,2775,2830,2775,2832,2,35,14,08-12-2026 09:48:10,08-12-2026 09:49:48
Cable id,250,50,10,10,4,1,1,4,16,100,90,0.05,5,20,5,False,False,224.985,8,1500,1448,1448,0,27,22507.222222222223,465,1036,False,False,44.157,8,1500,1448,1425,0,27,27113.88888888889,35,499,46,969,2773,2850,2773,2851,2,34,82,08-12-2026 11:44:45,08-12-2026 11:46:23
Cable id,250,50,10,10,4,1,1,4,16,100,90,0.05,5,20,5,False,False,224.561,8,1500,1448,1448,0,27,22242.777777777777,513,1159,False,False,44.128,8,1500,1448,1424,1,27,26736,31,481,52,1085,2774,2845,2775,2843,2,38,45,08-12-2026 10:40:24,08-12-2026 10:42:03
Cable id,250,50,10,10,4,1,1,4,16,100,90,0.05,5,20,5,False,False,225.093,8,1500,1448,1448,0,27,22176.444444444445,531,1116,False,False,44.482,8,1500,1448,1425,0,27,27129.555555555555,28,443,45,1045,2775,2831,2774,2837,2,37,43,08-12-2026 10:37:02,08-12-2026 10:38:40
Cable id,250,50,10,10,4,1,1,4,16,100,90,0.05,5,20,5,False,False,225.154,8,1500,1448,1448,0,27,22565.444444444445,468,1107,False,False,44.497,8,1500,1448,1424,0,27,26861.666666666668,42,524,64,1029,2775,2832,2775,2833,2,36,83,08-12-2026 11:46:26,08-12-2026 11:48:05
Cable id,250,50,10,10,4,1,1,4,16,100,90,0.05,5,20,5,False,False,225.677,8,1500,1448,1448,1,27,23716.11111111111,420,964,False,False,45.061,8,1500,1448,1425,2,40,27908.222222222223,44,489,59,882,2495,2888,2471,2888,2,31,63,08-12-2026 11:12:26,08-12-2026 11:14:04
Cable id,250,50,10,10,4,1,1,4,16,100,90,0.05,5,20,5,False,False,225.088,8,1500,1448,1448,0,27,22208.88888888889,532,948,False,False,44.368,8,1500,1448,1425,0,27,26922.88888888889,42,455,59,901,2774,2841,2775,2844,2,32,80,08-12-2026 11:41:23,08-12-2026 11:43:01
Cable id,250,50,10,10,4,1,1,4,16,100,90,0.05,5,20,5,False,False,225.251,8,1500,1448,1448,0,27,23345,366,667,False,False,44.296,8,1500,1448,1448,5,69,27791.88888888889,43,461,80,640,2787,2901,2804,2902,3,22,59,08-12-2026 11:05:36,08-12-2026 11:07:14
Cable id,250,50,10,10,4,1,1,4,16,100,90,0.05,5,20,5,False,False,225.095,8,1500,1448,1448,0,27,22459.666666666668,487,1115,False,False,44.273,8,1500,1448,1424,0,27,26711.11111111111,27,501,48,1051,2775,2845,2776,2821,2,37,15,08-12-2026 09:49:51,08-12-2026 09:51:29
Cable id,250,50,10,10,4,1,1,4,16,100,90,0.05,5,20,5,False,False,224.932,8,1500,1448,1448,0,27,22354.222222222223,503,1025,False,False,44.494,8,1500,1448,1424,0,27,27128,27,442,40,965,2364,2873,2364,2874,2,34,71,08-12-2026 11:26:11,08-12-2026 11:27:49
Cable id,250,50,10,10,4,1,1,4,16,100,90,0.05,5,20,5,False,False,224.995,8,1500,1448,1448,0,27,22495.333333333332,472,1113,False,False,44.467,8,1500,1448,1424,0,27,26489.666666666668,29,504,39,1046,2773,2849,2774,2849,1,37,42,08-12-2026 10:35:21,08-12-2026 10:36:59
Cable id,250,50,10,10,4,1,1,4,16,100,90,0.05,5,20,5,False,False,199.404,8,1500,1448,1448,2,30,24018.11111111111,282,922,False,False,44.687,8,1500,1448,1424,1,32,27497.555555555555,39,476,52,848,1143,2839,1114,2840,5,30,51,08-12-2026 10:51:47,08-12-2026 10:53:25
Cable id,250,50,10,10,4,1,1,4,16,100,90,0.05,5,20,5,False,False,224.940,8,1500,1448,1448,0,27,22386.555555555555,480,1160,False,False,44.564,8,1500,1448,1424,1,32,26815.222222222223,37,542,73,1085,2539,2877,2505,2879,3,38,57,08-12-2026 11:02:09,08-12-2026 11:03:48
Cable id,250,50,10,10,4,1,1,4,16,100,90,0.05,5,20,5,False,False,224.875,8,1500,1448,1448,0,27,22062.333333333332,578,1002,False,False,44.397,8,1500,1448,1425,0,27,27015.777777777777,42,481,55,961,2773,2848,2773,2852,2,34,88,08-12-2026 11:54:52,08-12-2026 11:56:30
Cable id,250,50,10,10,4,1,1,4,16,100,90,0.05,5,20,5,False,False,224.968,8,1500,1448,1448,0,27,22083.444444444445,577,995,False,False,44.468,8,1500,1448,1424,0,27,27583.222222222223,32,509,43,947,2777,2849,2776,2851,2,33,4,08-12-2026 09:31:19,08-12-2026 09:32:57
Cable id,250,50,10,10,4,1,1,4,16,100,90,0.05,5,20,5,False,False,225.051,8,1500,1448,1448,0,27,22531.333333333332,476,1100,False,False,44.118,8,1500,1448,1425,0,27,27295,36,451,53,1024,2773,2842,2772,2842,2,36,12,08-12-2026 09:44:48,08-12-2026 09:46:26
