exp_parameters,dl_capacity,ul_capacity,dl_delay,ul_delay,id,inc,inp,mad,mnp,mps,p,ptc,sdt,timeout,tmp,dl_stable_throughput,dl_stable_responsiveness,dl_throughput,dl_connections,dl_max_path_mtu,dl_max_send_mss,dl_max_recv_mss,dl_retransmissions,dl_reorder,dl_avg_rtt,dl_rpm_p,dl_rpm_trimmed,ul_stable_throughput,ul_stable_responsiveness,ul_throughput,ul_connections,ul_max_path_mtu,ul_max_send_mss,ul_max_recv_mss,ul_retransmissions,ul_reorder,ul_avg_rtt,ul_rpm_p,ul_rpm_trimmed,final_rpm_p,final_rpm_trimmed,ub_base_rpm_p,ub_base_rpm_trimmed,base_rpm_p,base_rpm_trimmed,wc_effect_p,wc_effect_trimmed,iteration,start_time,end_time
VDSL mps,100,40,5,5,1,1,1,4,16,60,90,0.05,5,20,5,True,False,89.624,16,1500,1448,1448,0,48,15174,354,674,True,False,34.874,16,1500,1448,1424,268,48,23918.9375,117,497,145,629,5414,5555,5422,5557,3,11,79,07-25-202623:58:58,07-25-202623:59:51
VDSL mps,100,40,5,5,1,1,1,4,16,60,90,0.05,5,20,5,True,True,89.873,15,1500,1448,1448,0,48,15136.25,365,799,True,False,35.216,16,1500,1448,1424,99,48,24511.8125,147,473,140,714,5413,5548,5413,5548,3,13,50,07-25-202623:33:45,07-25-202623:34:34
VDSL mps,100,40,5,5,1,1,1,4,16,60,90,0.05,5,20,5,True,True,89.747,16,1500,1448,1448,0,48,15011.4375,390,808,True,False,35.114,16,1500,1448,1424,266,48,23999.0625,132,464,160,717,5443,5571,5443,5573,3,13,23,07-25-202623:10:47,07-25-202623:11:36
VDSL mps,100,40,5,5,1,1,1,4,16,60,90,0.05,5,20,5,True,True,89.492,14,1500,1448,1448,0,42,14163.42857142857,458,875,True,False,35.994,16,1500,1448,1425,186,48,24353.9375,152,546,153,781,5438,5545,5443,5546,3,14,68,07-25-202623:49:18,07-25-202623:50:05
VDSL mps,100,40,5,5,1,1,1,4,16,60,90,0.05,5,20,5,True,True,89.624,16,1500,1448,1448,0,48,15197.3125,402,765,True,False,35.975,16,1500,1448,1424,235,48,23991.875,111,487,149,700,5436,5570,5439,5561,3,13,92,07-26-202600:10:10,07-26-202600:10:59
VDSL mps,100,40,5,5,1,1,1,4,16,60,90,0.05,5,20,5,True,True,89.620,16,1500,1448,1448,0,48,15444.1875,370,740,True,False,36.244,16,1500,1448,1425,209,48,23100.875,94,508,143,683,5448,5568,5455,5572,3,12,95,07-26-202600:12:52,07-26-202600:13:43
VDSL mps,100,40,5,5,1,1,1,4,16,60,90,0.05,5,20,5,True,True,89.367,13,1500,1448,1448,0,39,14240.538461538461,466,845,True,False,36.250,16,1500,1448,1424,298,48,23472.25,146,425,146,784,5424,5577,5431,5581,3,14,46,07-25-202623:30:29,07-25-202623:31:15
VDSL mps,100,40,5,5,1,1,1,4,16,60,90,0.05,5,20,5,True,True,89.870,16,1500,1448,1448,0,48,15164.5625,360,769,True,False,35.746,16,1500,1448,1425,199,48,23882.125,113,462,160,715,5434,5574,5437,5575,3,13,93,07-26-202600:11:02,07-26-202600:11:52
VDSL mps,100,40,5,5,1,1,1,4,16,60,90,0.05,5,20,5,True,True,89.747,16,1500,1448,1448,0,48,15049.9375,346,710,True,False,35.871,16,1500,1448,1425,249,49,23792.875,105,507,142,654,5401,5546,5407,5551,3,12,17,07-25-202623:05:34,07-25-202623:06:25
VDSL mps,100,40,5,5,1,1,1,4,16,60,90,0.05,5,20,5,True,True,89.368,13,1500,1448,1448,0,42,14796.357142857143,436,862,True,False,35.841,16,1500,1448,1424,255,48,24102.3125,132,460,161,774,5416,5562,5417,5564,3,14,29,07-25-202623:15:52,07-25-202623:16:39
VDSL mps,100,40,5,5,1,1,1,4,16,60,90,0.05,5,20,5,True,True,89.499,15,1500,1448,1448,0,45,14883.933333333332,375,823,True,False,35.220,16,1500,1448,1425,125,48,23955.5,114,512,152,746,5435,5557,5435,5554,3,13,20,07-25-202623:08:12,07-25-202623:09:00
VDSL mps,100,40,5,5,1,1,1,4,16,60,90,0.05,5,20,5,True,True,89.870,16,1500,1448,1448,0,48,15146.125,366,748,True,False,36.593,16,1500,1448,1424,255,48,24054.75,144,471,165,687,5431,5574,5440,5579,3,12,31,07-25-202623:17:34,07-25-202623:18:25
VDSL mps,100,40,5,5,1,1,1,4,16,60,90,0.05,5,20,5,True,True,89.371,15,1500,1448,1448,0,45,14946.866666666667,388,777,True,False,35.873,16,1500,1448,1425,32,48,23727.0625,145,489,154,720,5431,5552,5433,5555,3,13,84,07-26-202600:03:09,07-26-202600:03:57
VDSL mps,100,40,5,5,1,1,1,4,16,60,90,0.05,5,20,5,True,True,89.240,10,1500,1448,1448,0,33,14083.181818181818,515,917,True,False,35.094,16,1500,1448,1424,238,48,22987.125,134,466,142,847,5434,5557,5438,5559,3,15,13,07-25-202623:02:08,07-25-202623:02:52
VDSL mps,100,40,5,5,1,1,1,4,16,60,90,0.05,5,20,5,True,True,89.365,16,1500,1448,1448,0,48,15158.9375,358,785,True,False,36.229,16,1500,1448,1425,276,48,24562.375,116,517,159,700,5425,5572,5437,5575,3,13,62,07-25-202623:44:10,07-25-202623:45:01
VDSL mps,100,40,5,5,1,1,1,4,16,60,90,0.05,5,20,5,True,True,89.618,11,1500,1448,1448,0,36,14303.75,486,927,True,False,36.468,16,1500,1448,1424,80,48,23628.5625,148,424,155,828,5412,5554,5419,5556,3,15,75,07-25-202623:55:34,07-25-202623:56:19
VDSL mps,100,40,5,5,1,1,1,4,16,60,90,0.05,5,20,5,True,True,89.741,16,1500,1448,1448,0,48,15049.4375,373,729,True,False,35.230,16,1500,1448,1425,260,48,24117.6875,119,469,148,664,5421,5556,5425,5559,3,12,9,07-25-202622:58:49,07-25-202622:59:39
VDSL mps,100,40,5,5,1,1,1,4,16,60,90,0.05,5,20,5,True,True,89.868,16,1500,1448,1448,0,48,15388.625,364,722,True,False,36.246,16,1500,1448,1425,304,48,24316.0625,129,497,135,672,5435,5566,5435,5568,2,12,44,07-25-202623:28:45,07-25-202623:29:36
VDSL mps,100,40,5,5,1,1,1,4,16,60,90,0.05,5,20,5,True,True,89.734,11,1500,1448,1448,0,33,14019.181818181818,507,972,True,False,35.348,16,1500,1448,1424,171,48,23970.125,110,514,151,862,5433,5570,5446,5572,3,15,48,07-25-202623:32:09,07-25-202623:32:53
VDSL mps,100,40,5,5,1,1,1,4,16,60,90,0.05,5,20,5,True,True,89.621,16,1500,1448,1448,0,48,15311.9375,328,719,True,False,36.495,16,1500,1448,1425,261,48,24079.1875,121,468,169,680,5431,5557,5436,5560,3,12,99,07-26-202600:16:19,07-26-202600:17:11
VDSL mps,100,40,5,5,1,1,1,4,16,60,90,0.05,5,20,5,True,True,89.498,13,1500,1448,1448,0,39,14640.384615384615,438,829,True,False,35.845,16,1500,1448,1425,129,54,24338.8125,76,522,122,785,5445,5561,5448,5563,2,14,56,07-25-202623:39:01,07-25-202623:39:47
VDSL mps,100,40,5,5,1,1,1,4,16,60,90,0.05,5,20,5,True,True,89.615,16,1500,1448,1448,0,48,15237.5,352,718,True,False,36.369,16,1500,1448,1425,143,48,23626.3125,105,466,162,679,5422,5551,5432,5554,3,12,32,07-25-202623:18:28,07-25-202623:19:18
VDSL mps,100,40,5,5,1,1,1,4,16,60,90,0.05,5,20,5,True,True,89.371,14,1500,1448,1448,0,42,14652.285714285714,389,832,True,False,35.738,16,1500,1448,1425,125,48,23337.0625,122,489,170,764,5447,5568,5449,5571,3,14,78,07-25-202623:58:08,07-25-202623:58:55
VDSL mps,100,40,5,5,1,1,1,4,16,60,90,0.05,5,20,5,True,True,89.374,16,1500,1448,1448,0,48,15145.0625,332,706,True,False,35.234,16,1500,1448,1425,254,48,23570.8125,159,534,169,699,5432,5562,5431,5559,3,13,38,07-25-202623:23:38,07-25-202623:24:29
VDSL mps,100,40,5,5,1,1,1,4,16,60,90,0.05,5,20,5,True,True,89.488,13,1500,1448,1448,0,39,14452.153846153846,471,953,True,False,35.727,16,1500,1448,1424,112,48,23391.3125,120,478,109,815,5430,5572,5457,5576,2,15,26,07-25-202623:13:19,07-25-202623:14:05
VDSL mps,100,40,5,5,1,1,1,4,16,60,90,0.05,5,20,5,True,True,89.743,16,1500,1448,1448,0,48,15035.5625,353,693,True,False,36.117,16,1500,1448,1425,246,48,24391.0625,134,492,149,653,5423,5551,5424,5554,3,12,69,07-25-202623:50:08,07-25-202623:51:00
VDSL mps,100,40,5,5,1,1,1,4,16,60,90,0.05,5,20,5,True,True,89.619,16,1500,1448,1448,0,48,15233.125,354,764,True,False,34.613,16,1500,1448,1424,207,48,23720.125,95,503,143,690,5445,5568,5445,5572,3,12,34,07-25-202623:20:12,07-25-202623:21:01
VDSL mps,100,40,5,5,1,1,1,4,16,60,90,0.05,5,20,5,True,True,89.385,16,1500,1448,1448,0,48,14821.5,345,742,True,False,35.550,16,1500,1448,1425,325,48,23851.25,121,465,129,693,5431,5563,5439,5562,2,12,58,07-25-202623:40:42,07-25-202623:41:33
VDSL mps,100,40,5,5,1,1,1,4,16,60,90,0.05,5,20,5,True,True,89.370,16,1500,1448,1448,0,48,15313.25,352,780,True,False,35.344,16,1500,1448,1425,215,48,24659.0625,107,463,127,719,5436,5576,5440,5562,2,13,30,07-25-202623:16:42,07-25-202623:17:31
VDSL mps,100,40,5,5,1,1,1,4,16,60,90,0.05,5,20,5,True,False,89.497,16,1500,1448,1448,0,48,15276.3125,348,704,True,False,35.496,16,1500,1448,1425,255,48,23395.0625,113,510,184,846,5430,5556,5442,5559,3,15,70,07-25-202623:51:04,07-25-202623:51:57
VDSL mps,100,40,5,5,1,1,1,4,16,60,90,0.05,5,20,5,True,True,89.493,16,1500,1448,1448,0,48,15137.5,376,755,True,False,35.986,16,1500,1448,1424,191,48,23091.6875,146,489,177,693,5409,5545,5413,5546,3,12,24,07-25-202623:11:39,07-25-202623:12:28
VDSL mps,100,40,5,5,1,1,1,4,16,60,90,0.05,5,20,5,True,True,89.619,16,1500,1448,1448,0,48,15117.3125,365,719,True,False,35.838,16,1500,1448,1425,317,48,22814.9375,126,470,166,663,5429,5578,5429,5582,3,12,52,07-25-202623:35:27,07-25-202623:36:17
VDSL mps,100,40,5,5,1,1,1,4,16,60,90,0.05,5,20,5,True,True,89.747,16,1500,1448,1448,0,48,15196.5,385,780,True,True,35.711,16,1500,1448,1425,187,48,23660.25,144,464,187,732,5426,5561,5427,5562,3,13,36,07-25-202623:21:56,07-25-202623:22:43
VDSL mps,100,40,5,5,1,1,1,4,16,60,90,0.05,5,20,5,True,True,89.406,12,1500,1448,1448,0,39,14336.076923076924,476,883,True,False,34.879,16,1500,1448,1425,43,48,23622.1875,121,472,147,793,5442,5560,5445,5561,3,14,2,07-25-202622:52:58,07-25-202622:53:44
VDSL mps,100,40,5,5,1,1,1,4,16,60,90,0.05,5,20,5,True,False,89.368,16,1500,1448,1448,0,48,15186.3125,362,666,True,False,35.517,16,1500,1448,1424,248,48,24151.125,97,445,184,834,5432,5559,5434,5555,3,15,5,07-25-202622:55:19,07-25-202622:56:12
VDSL mps,100,40,5,5,1,1,1,4,16,60,90,0.05,5,20,5,True,False,89.620,16,1500,1448,1448,0,48,15211.625,338,706,True,False,36.112,16,1500,1448,1424,247,48,23184.6875,104,502,145,740,5421,5566,5421,5568,3,13,89,07-26-202600:07:33,07-26-202600:08:26
VDSL mps,100,40,5,5,1,1,1,4,16,60,90,0.05,5,20,5,True,True,89.116,16,1500,1448,1448,0,48,15019.3125,365,768,True,False,36.236,16,1500,1448,1425,328,48,24213.4375,126,500,143,709,5426,5555,5432,5555,3,13,74,07-25-202623:54:41,07-25-202623:55:31
VDSL mps,100,40,5,5,1,1,1,4,16,60,90,0.05,5,20,5,True,True,89.366,14,1500,1448,1448,0,42,14600.57142857143,429,813,True,False,35.110,16,1500,1448,1424,151,48,23240.6875,112,426,134,752,5420,5557,5425,5555,2,14,91,07-26-202600:09:20,07-26-202600:10:07
VDSL mps,100,40,5,5,1,1,1,4,16,60,90,0.05,5,20,5,True,True,89.491,16,1500,1448,1448,0,48,15099.5,364,744,True,False,35.001,16,1500,1448,1425,243,48,23827.625,116,531,165,695,5417,5547,5417,5550,3,13,53,07-25-202623:36:21,07-25-202623:37:11
VDSL mps,100,40,5,5,1,1,1,4,16,60,90,0.05,5,20,5,True,False,89.849,16,1500,1448,1448,0,48,15050.5625,329,689,True,False,35.621,16,1500,1448,1424,347,48,23764.3125,110,441,182,809,5413,5553,5426,5555,3,15,21,07-25-202623:09:03,07-25-202623:09:56
VDSL mps,100,40,5,5,1,1,1,4,16,60,90,0.05,5,20,5,True,True,90.120,16,1500,1448,1448,0,48,15066.9375,347,734,True,False,35.116,16,1500,1448,1425,290,48,23772.25,115,459,139,683,5436,5553,5449,5550,3,12,55,07-25-202623:38:06,07-25-202623:38:58
VDSL mps,100,40,5,5,1,1,1,4,16,60,90,0.05,5,20,5,True,True,89.489,16,1500,1448,1448,0,48,15108.25,354,686,True,True,36.607,12,1500,1448,1425,0,39,22135.23076923077,155,641,189,676,5430,5566,5437,5569,3,12,27,07-25-202623:14:08,07-25-202623:14:53
VDSL mps,100,40,5,5,1,1,1,4,16,60,90,0.05,5,20,5,True,True,89.677,13,1500,1448,1448,0,42,14621.42857142857,428,822,True,False,36.219,16,1500,1448,1424,86,48,24597.8125,133,466,153,747,5430,5580,5437,5584,3,13,77,07-25-202623:57:18,07-25-202623:58:05
VDSL mps,100,40,5,5,1,1,1,4,16,60,90,0.05,5,20,5,True,True,89.617,16,1500,1448,1448,0,48,15031.3125,347,737,True,False,36.126,16,1500,1448,1424,235,48,23988.6875,125,494,174,678,5427,5579,5432,5582,3,12,85,07-26-202600:04:00,07-26-202600:04:52
VDSL mps,100,40,5,5,1,1,1,4,16,60,90,0.05,5,20,5,True,False,89.871,16,1500,1448,1448,0,48,15182.375,349,673,True,False,36.105,16,1500,1448,1424,363,48,23139.625,101,442,170,828,5445,5560,5448,5553,3,15,86,07-26-202600:04:55,07-26-202600:05:48
VDSL mps,100,40,5,5,1,1,1,4,16,60,90,0.05,5,20,5,True,True,89.088,15,1500,1448,1448,0,48,15212.6875,361,770,True,False,35.731,16,1500,1448,1425,182,48,23419.125,106,502,141,707,5442,5557,5454,5560,3,13,18,07-25-202623:06:28,07-25-202623:07:17
VDSL mps,100,40,5,5,1,1,1,4,16,60,90,0.05,5,20,5,True,True,89.738,12,1500,1448,1448,0,36,14228.083333333334,461,969,True,False,36.244,16,1500,1448,1424,57,48,24440,129,467,133,840,5421,5549,5434,5551,2,15,22,07-25-202623:09:59,07-25-202623:10:44
VDSL mps,100,40,5,5,1,1,1,4,16,60,90,0.05,5,20,5,True,True,89.491,13,1500,1448,1448,0,39,14332.076923076924,457,875,True,False,35.722,16,1500,1448,1425,80,48,23480.4375,96,502,159,753,5434,5565,5438,5568,3,14,81,07-26-202600:00:36,07-26-202600:01:22
VDSL mps,100,40,5,5,1,1,1,4,16,60,90,0.05,5,20,5,True,True,89.743,16,1500,1448,1448,0,48,14769.125,348,777,True,False,34.988,16,1500,1448,1425,147,49,23926.8125,146,475,183,712,5429,5562,5439,5566,3,13,64,07-25-202623:45:59,07-25-202623:46:50
VDSL mps,100,40,5,5,1,1,1,4,16,60,90,0.05,5,20,5,True,True,89.484,16,1500,1448,1448,0,48,15437.375,333,694,True,False,36.965,16,1500,1448,1424,302,48,23792.0625,113,474,130,652,5419,5562,5427,5565,2,12,7,07-25-202622:57:05,07-25-202622:57:56
VDSL mps,100,40,5,5,1,1,1,4,16,60,90,0.05,5,20,5,True,True,89.868,16,1500,1448,1448,0,48,14976.5,333,702,True,False,37.088,16,1500,1448,1424,187,48,23762.125,135,518,150,686,5419,5563,5423,5566,3,12,76,07-25-202623:56:23,07-25-202623:57:15
VDSL mps,100,40,5,5,1,1,1,4,16,60,90,0.05,5,20,5,True,True,89.744,14,1500,1448,1448,0,42,14332.285714285714,457,868,True,False,35.493,16,1500,1448,1424,125,48,24366.625,127,531,156,786,5444,5582,5445,5586,3,14,98,07-26-202600:15:29,07-26-202600:16:16
VDSL mps,100,40,5,5,1,1,1,4,16,60,90,0.05,5,20,5,True,True,89.374,15,1500,1448,1448,0,45,14881,391,801,True,False,35.618,16,1500,1448,1424,163,48,23600.625,130,517,161,732,5428,5543,5436,5545,3,13,19,07-25-202623:07:20,07-25-202623:08:08
VDSL mps,100,40,5,5,1,1,1,4,16,60,90,0.05,5,20,5,True,False,89.368,16,1500,1448,1448,0,48,15426.4375,319,699,True,False,35.232,16,1500,1448,1425,286,48,23798.375,139,456,201,831,5427,5567,5431,5572,4,15,28,07-25-202623:14:56,07-25-202623:15:49
VDSL mps,100,40,5,5,1,1,1,4,16,60,90,0.05,5,20,5,True,True,89.496,13,1500,1448,1448,0,39,14575.384615384615,447,853,True,False,36.106,16,1500,1448,1424,101,48,24459,140,457,131,765,5434,5566,5444,5569,2,14,67,07-25-202623:48:29,07-25-202623:49:15
VDSL mps,100,40,5,5,1,1,1,4,16,60,90,0.05,5,20,5,True,True,89.749,13,1500,1448,1448,0,39,14019,464,913,True,False,35.500,16,1500,1448,1425,149,48,23816.9375,95,448,148,835,5417,5577,5419,5581,3,15,61,07-25-202623:43:21,07-25-202623:44:07
VDSL mps,100,40,5,5,1,1,1,4,16,60,90,0.05,5,20,5,True,True,89.366,14,1500,1448,1448,0,42,14680.285714285714,431,844,True,False,37.348,16,1500,1448,1424,138,48,23567.125,80,488,151,741,5444,5558,5445,5561,3,13,1,07-25-202622:52:08,07-25-202622:52:55
VDSL mps,100,40,5,5,1,1,1,4,16,60,90,0.05,5,20,5,True,True,89.389,13,1500,1448,1448,0,39,14503.923076923076,435,879,True,False,35.236,16,1500,1448,1425,215,48,23403.3125,106,468,131,792,5427,5566,5435,5566,2,14,66,07-25-202623:47:40,07-25-202623:48:26
VDSL mps,100,40,5,5,1,1,1,4,16,60,90,0.05,5,20,5,True,True,89.555,11,1500,1448,1448,0,33,14127.09090909091,507,937,True,False,35.251,16,1500,1448,1425,169,48,24103.1875,128,505,190,847,5424,5552,5427,5553,3,15,40,07-25-202623:25:26,07-25-202623:26:10
VDSL mps,100,40,5,5,1,1,1,4,16,60,90,0.05,5,20,5,True,True,89.742,16,1500,1448,1448,0,48,14618.3125,381,829,True,False,36.245,16,1500,1448,1424,16,48,24358.9375,131,494,132,731,5427,5564,5429,5566,2,13,73,07-25-202623:53:48,07-25-202623:54:38
VDSL mps,100,40,5,5,1,1,1,4,16,60,90,0.05,5,20,5,True,True,89.877,12,1500,1448,1448,0,39,14463.23076923077,463,917,True,False,35.626,16,1500,1448,1425,39,48,24232.875,120,492,159,804,5425,5570,5425,5571,3,14,49,07-25-202623:32:56,07-25-202623:33:42
VDSL mps,100,40,5,5,1,1,1,4,16,60,90,0.05,5,20,5,True,True,89.745,15,1500,1448,1448,0,45,14891.2,398,817,True,False,35.601,16,1500,1448,1425,106,48,23448.5,157,493,147,731,5424,5557,5427,5561,3,13,60,07-25-202623:42:30,07-25-202623:43:18
VDSL mps,100,40,5,5,1,1,1,4,16,60,90,0.05,5,20,5,True,True,89.370,16,1500,1448,1448,0,48,15031.6875,390,797,True,False,35.115,16,1500,1448,1425,151,48,23653.125,112,464,168,712,5446,5561,5446,5563,3,13,41,07-25-202623:26:13,07-25-202623:27:02
VDSL mps,100,40,5,5,1,1,1,4,16,60,90,0.05,5,20,5,True,True,89.795,14,1500,1448,1448,0,45,14718.6,393,807,True,True,36.967,11,1500,1448,1424,0,36,20745.583333333332,148,650,204,760,5438,5556,5440,5557,4,14,10,07-25-202622:59:43,07-25-202623:00:23
VDSL mps,100,40,5,5,1,1,1,4,16,60,90,0.05,5,20,5,True,True,89.735,16,1500,1448,1448,0,48,15276.8125,404,716,True,False,36.223,16,1500,1448,1425,58,48,23527.6875,126,482,147,693,5426,5559,5427,5554,3,12,37,07-25-202623:22:46,07-25-202623:23:35
VDSL mps,100,40,5,5,1,1,1,4,16,60,90,0.05,5,20,5,True,True,89.864,16,1500,1448,1448,0,48,15103.5,373,789,True,False,36.728,16,1500,1448,1424,389,48,23008.125,122,436,159,716,5417,5563,5426,5568,3,13,100,07-26-202600:17:14,07-26-202600:18:04
VDSL mps,100,40,5,5,1,1,1,4,16,60,90,0.05,5,20,5,True,True,89.358,15,1500,1448,1448,0,48,14877.125,393,799,True,False,35.498,16,1500,1448,1424,165,48,24558.1875,128,459,164,735,5418,5564,5418,5567,3,13,35,07-25-202623:21:04,07-25-202623:21:53
VDSL mps,100,40,5,5,1,1,1,4,16,60,90,0.05,5,20,5,True,True,89.490,16,1500,1448,1448,0,48,15061.25,384,767,True,False,36.472,16,1500,1448,1424,207,48,23710.9375,149,458,178,723,5448,5549,5452,5552,3,13,11,07-25-202623:00:26,07-25-202623:01:15
VDSL mps,100,40,5,5,1,1,1,4,16,60,90,0.05,5,20,5,True,False,89.625,16,1500,1448,1448,0,48,15309,334,703,True,False,35.476,16,1500,1448,1425,209,48,23494.625,122,463,143,669,5425,5565,5431,5568,3,12,94,07-26-202600:11:56,07-26-202600:12:49
VDSL mps,100,40,5,5,1,1,1,4,16,60,90,0.05,5,20,5,True,True,89.619,14,1500,1448,1448,0,42,14581,435,835,True,False,35.478,16,1500,1448,1425,110,48,23346.1875,142,481,161,743,5430,5563,5431,5564,3,13,87,07-26-202600:05:51,07-26-202600:06:38
VDSL mps,100,40,5,5,1,1,1,4,16,60,90,0.05,5,20,5,True,True,89.230,15,1500,1448,1448,0,45,14757.2,415,797,True,False,35.602,16,1500,1448,1424,105,48,23165.9375,170,500,178,734,5432,5572,5433,5573,3,13,90,07-26-202600:08:29,07-26-202600:09:17
VDSL mps,100,40,5,5,1,1,1,4,16,60,90,0.05,5,20,5,True,True,89.621,14,1500,1448,1448,0,42,14277.57142857143,445,879,True,False,35.084,16,1500,1448,1425,197,48,22611.875,122,521,152,773,5443,5560,5456,5556,3,14,6,07-25-202622:56:15,07-25-202622:57:02
VDSL mps,100,40,5,5,1,1,1,4,16,60,90,0.05,5,20,5,True,True,89.871,16,1500,1448,1448,0,48,15667.4375,366,737,True,True,35.340,15,1500,1448,1425,0,45,23365,133,583,174,704,5425,5575,5429,5578,3,13,25,07-25-202623:12:31,07-25-202623:13:15
VDSL mps,100,40,5,5,1,1,1,4,16,60,90,0.05,5,20,5,True,True,89.366,11,1500,1448,1448,0,33,13998.636363636364,519,946,True,False,35.468,16,1500,1448,1424,73,48,24370.9375,125,497,146,834,5427,5568,5440,5571,3,15,65,07-25-202623:46:53,07-25-202623:47:37
VDSL mps,100,40,5,5,1,1,1,4,16,60,90,0.05,5,20,5,True,True,89.352,15,1500,1448,1448,0,48,14960.375,364,771,True,False,34.977,16,1500,1448,1425,273,48,23614.75,137,514,171,719,5413,5563,5414,5565,3,13,54,07-25-202623:37:14,07-25-202623:38:03
VDSL mps,100,40,5,5,1,1,1,4,16,60,90,0.05,5,20,5,True,True,89.857,16,1500,1448,1448,0,48,14744.125,353,785,True,False,36.845,16,1500,1448,1425,279,48,24520.8125,125,443,153,721,5410,5547,5431,5545,3,13,39,07-25-202623:24:32,07-25-202623:25:22
VDSL mps,100,40,5,5,1,1,1,4,16,60,90,0.05,5,20,5,True,True,89.122,14,1500,1448,1448,0,42,14554.57142857143,412,851,True,False,35.495,16,1500,1448,1424,187,48,23602,104,523,149,770,5417,5558,5439,5559,3,14,3,07-25-202622:53:47,07-25-202622:54:35
VDSL mps,100,40,5,5,1,1,1,4,16,60,90,0.05,5,20,5,True,True,89.620,14,1500,1448,1448,0,42,14492.714285714286,438,830,True,False,35.232,16,1500,1448,1424,30,48,23737.8125,104,475,140,764,5440,5568,5443,5573,3,14,97,07-26-202600:14:39,07-26-202600:15:26
VDSL mps,100,40,5,5,1,1,1,4,16,60,90,0.05,5,20,5,True,True,89.493,14,1500,1448,1448,0,42,14253.357142857143,424,848,True,False,35.976,16,1500,1448,1424,78,48,24166.625,112,464,156,776,5439,5551,5452,5553,3,14,33,07-25-202623:19:21,07-25-202623:20:08
VDSL mps,100,40,5,5,1,1,1,4,16,60,90,0.05,5,20,5,True,True,89.368,13,1500,1448,1448,0,42,14673.5,417,853,True,False,35.224,16,1500,1448,1425,64,48,24198.625,148,495,159,756,5442,5564,5443,5568,3,14,47,07-25-202623:31:18,07-25-202623:32:05
VDSL mps,100,40,5,5,1,1,1,4,16,60,90,0.05,5,20,5,True,True,89.738,16,1500,1448,1448,0,48,15082.25,374,753,True,False,35.851,16,1500,1448,1424,188,48,23313.125,93,505,135,705,5438,5566,5442,5570,2,13,96,07-26-202600:13:46,07-26-202600:14:36
VDSL mps,100,40,5,5,1,1,1,4,16,60,90,0.05,5,20,5,True,True,89.742,16,1500,1448,1448,0,48,15024.4375,384,752,True,False,36.374,16,1500,1448,1424,244,48,23483.8125,140,524,152,708,5433,5559,5441,5562,3,13,72,07-25-202623:52:55,07-25-202623:53:45
VDSL mps,100,40,5,5,1,1,1,4,16,60,90,0.05,5,20,5,True,True,89.625,16,1500,1448,1448,0,48,15212,348,702,True,False,35.742,16,1500,1448,1424,318,48,23398.8125,136,463,163,693,5421,5564,5423,5562,3,12,16,07-25-202623:04:41,07-25-202623:05:31
VDSL mps,100,40,5,5,1,1,1,4,16,60,90,0.05,5,20,5,True,True,89.617,14,1500,1448,1448,0,42,14489.285714285714,421,841,True,False,35.482,16,1500,1448,1424,197,48,23939.5625,97,475,125,763,5425,5565,5427,5566,2,14,8,07-25-202622:57:59,07-25-202622:58:46
VDSL mps,100,40,5,5,1,1,1,4,16,60,90,0.05,5,20,5,True,True,89.616,15,1500,1448,1448,0,45,14857.6,407,803,True,False,35.229,16,1500,1448,1424,206,48,24707.0625,145,496,168,730,5432,5562,5436,5566,3,13,14,07-25-202623:02:56,07-25-202623:03:44
VDSL mps,100,40,5,5,1,1,1,4,16,60,90,0.05,5,20,5,True,True,89.866,16,1500,1448,1448,0,48,14898.25,368,731,True,True,36.472,13,1500,1448,1425,0,42,22839.071428571428,160,569,215,700,5447,5575,5449,5580,4,13,82,07-26-202600:01:25,07-26-202600:02:10
VDSL mps,100,40,5,5,1,1,1,4,16,60,90,0.05,5,20,5,True,True,89.490,13,1500,1448,1448,0,39,14504.923076923076,432,928,True,False,35.486,16,1500,1448,1425,123,48,23210.5625,105,491,178,812,5433,5565,5437,5568,3,15,45,07-25-202623:29:40,07-25-202623:30:26
VDSL mps,100,40,5,5,1,1,1,4,16,60,90,0.05,5,20,5,True,True,89.246,14,1500,1448,1448,0,42,14538.285714285714,433,852,True,False,36.362,16,1500,1448,1424,235,48,23589.4375,117,518,150,753,5430,5558,5439,5558,3,14,43,07-25-202623:27:55,07-25-202623:28:42
VDSL mps,100,40,5,5,1,1,1,4,16,60,90,0.05,5,20,5,True,True,89.995,16,1500,1448,1448,0,48,15223.3125,345,734,True,False,34.717,16,1500,1448,1425,342,48,23889.875,129,437,172,689,5439,5558,5445,5560,3,12,83,07-26-202600:02:13,07-26-202600:03:05
VDSL mps,100,40,5,5,1,1,1,4,16,60,90,0.05,5,20,5,True,True,89.373,16,1500,1448,1448,0,48,15045,342,754,True,False,35.246,16,1500,1448,1425,320,48,23853.5625,117,504,146,695,5444,5553,5452,5555,3,13,63,07-25-202623:45:05,07-25-202623:45:56
VDSL mps,100,40,5,5,1,1,1,4,16,60,90,0.05,5,20,5,True,True,89.246,14,1500,1448,1448,0,42,14733.285714285714,420,857,True,True,36.601,11,1500,1448,1425,0,36,20566.5,180,703,221,823,5442,5576,5442,5581,4,15,80,07-25-202623:59:54,07-26-202600:00:33
VDSL mps,100,40,5,5,1,1,1,4,16,60,90,0.05,5,20,5,True,True,89.616,16,1500,1448,1448,0,48,15515.625,356,731,True,False,36.478,16,1500,1448,1425,283,48,23283.1875,104,499,154,672,5403,5576,5403,5572,3,12,59,07-25-202623:41:36,07-25-202623:42:27
VDSL mps,100,40,5,5,1,1,1,4,16,60,90,0.05,5,20,5,True,True,89.614,16,1500,1448,1448,0,48,15113.875,348,720,True,False,36.493,16,1500,1448,1424,298,48,24038.0625,116,450,143,662,5429,5556,5437,5557,3,12,15,07-25-202623:03:47,07-25-202623:04:38
VDSL mps,100,40,5,5,1,1,1,4,16,60,90,0.05,5,20,5,True,True,89.495,16,1500,1448,1448,0,48,15161.0625,336,719,True,False,35.107,16,1500,1448,1424,513,48,24186.75,112,424,140,681,5429,5572,5434,5575,3,12,71,07-25-202623:52:00,07-25-202623:52:52
VDSL mps,100,40,5,5,1,1,1,4,16,60,90,0.05,5,20,5,True,True,89.493,13,1500,1448,1448,0,42,14534.785714285714,428,902,True,False,36.228,16,1500,1448,1424,128,48,23818.375,86,465,142,786,5438,5564,5447,5568,3,14,42,07-25-202623:27:05,07-25-202623:27:52
VDSL mps,100,40,5,5,1,1,1,4,16,60,90,0.05,5,20,5,True,True,89.759,13,1500,1448,1448,0,42,14486.214285714286,432,836,True,False,35.462,16,1500,1448,1425,218,48,24961.9375,+Inf,NaN,406,832,5432,5565,5430,5569,7,15,51,07-25-202623:34:37,07-25-202623:35:24
VDSL mps,100,40,5,5,1,1,1,4,16,60,90,0.05,5,20,5,True,True,89.240,15,1500,1448,1448,0,45,14712,406,800,True,False,35.110,16,1500,1448,1424,211,48,23994.5625,132,448,144,735,5416,5573,5418,5578,3,13,57,07-25-202623:39:50,07-25-202623:40:38
VDSL mps,100,40,5,5,1,1,1,4,16,60,90,0.05,5,20,5,True,True,89.620,15,1500,1448,1448,0,45,15023.266666666666,389,814,True,False,36.742,16,1500,1448,1425,104,48,24773.125,88,509,150,737,5418,5568,5417,5574,3,13,88,07-26-202600:06:41,07-26-202600:07:29
VDSL mps,100,40,5,5,1,1,1,4,16,60,90,0.05,5,20,5,True,True,89.501,13,1500,1448,1448,0,42,14734,389,848,True,True,35.494,10,1500,1448,1425,0,33,20121.454545454544,223,734,265,817,5438,5568,5440,5572,5,15,4,07-25-202622:54:38,07-25-202622:55:16
VDSL mps,100,40,5,5,1,1,1,4,16,60,90,0.05,5,20,5,True,True,89.624,14,1500,1448,1448,0,42,14582.07142857143,415,864,True,False,35.958,16,1500,1448,1425,115,48,23229.6875,115,513,158,791,5422,5559,5433,5563,3,14,12,07-25-202623:01:18,07-25-202623:02:05
VDSL mps,100,40,5,5,1,1,1,4,16,80,90,0.05,5,20,5,True,True,89.369,16,1500,1448,1448,0,48,15215.6875,349,760,True,False,34.961,16,1500,1448,1425,106,48,23698.75,89,479,87,675,5439,5579,5440,5582,2,12,79,07-26-202601:26:37,07-26-202601:27:27
VDSL mps,100,40,5,5,1,1,1,4,16,80,90,0.05,5,20,5,True,True,89.122,16,1500,1448,1448,0,48,15201.4375,345,736,True,False,35.118,16,1500,1448,1424,355,48,24204.125,60,447,77,684,5430,5554,5396,5557,1,12,50,07-26-202601:00:55,07-26-202601:01:46
VDSL mps,100,40,5,5,1,1,1,4,16,80,90,0.05,5,20,5,True,True,89.108,16,1500,1448,1448,0,48,15265.1875,358,736,True,False,36.252,16,1500,1448,1425,345,48,23691.875,77,505,79,678,5429,5575,5427,5577,1,12,23,07-26-202600:37:22,07-26-202600:38:13
VDSL mps,100,40,5,5,1,1,1,4,16,80,90,0.05,5,20,5,True,True,89.490,16,1500,1448,1448,0,48,15187,360,727,True,False,36.868,16,1500,1448,1425,375,48,23941,85,456,88,669,5440,5568,5434,5571,2,12,68,07-26-202601:16:41,07-26-202601:17:33
VDSL mps,100,40,5,5,1,1,1,4,16,80,90,0.05,5,20,5,True,True,89.237,16,1500,1448,1448,0,48,15289.4375,336,727,True,False,36.880,16,1500,1448,1424,422,48,23232,89,450,105,696,5439,5577,5441,5578,2,12,92,07-26-202601:38:06,07-26-202601:38:58
VDSL mps,100,40,5,5,1,1,1,4,16,80,90,0.05,5,20,5,True,True,89.870,16,1500,1448,1448,0,48,15308.5625,347,730,True,False,35.465,16,1500,1448,1425,299,48,22744.1875,81,425,95,671,5429,5557,5417,5557,2,12,95,07-26-202601:40:41,07-26-202601:41:32
VDSL mps,100,40,5,5,1,1,1,4,16,80,90,0.05,5,20,5,True,False,88.998,16,1500,1448,1448,0,48,15335.625,350,712,True,False,37.216,16,1500,1448,1425,445,48,24959.75,61,375,115,830,5412,5566,5416,5570,2,15,46,07-26-202600:57:20,07-26-202600:58:13
VDSL mps,100,40,5,5,1,1,1,4,16,80,90,0.05,5,20,5,True,True,88.871,15,1500,1448,1448,0,45,14976.133333333333,415,776,True,False,35.475,16,1500,1448,1424,289,48,23120.9375,56,478,77,710,5442,5577,5441,5581,1,13,93,07-26-202601:39:01,07-26-202601:39:49
VDSL mps,100,40,5,5,1,1,1,4,16,80,90,0.05,5,20,5,True,True,88.865,15,1500,1448,1448,0,45,14853.2,405,834,True,False,36.483,16,1500,1448,1425,371,48,23283.0625,102,411,133,785,5449,5571,5449,5574,2,14,17,07-26-202600:32:14,07-26-202600:33:02
VDSL mps,100,40,5,5,1,1,1,4,16,80,90,0.05,5,20,5,True,True,88.999,13,1500,1448,1448,0,39,14545.76923076923,449,859,True,False,34.112,16,1500,1448,1424,251,48,23248.375,82,453,96,778,5430,5567,5422,5567,2,14,29,07-26-202600:42:49,07-26-202600:43:35
VDSL mps,100,40,5,5,1,1,1,4,16,80,90,0.05,5,20,5,True,True,89.121,16,1500,1448,1448,0,48,14859.5,361,740,True,False,35.236,16,1500,1448,1424,216,48,23847.25,80,469,96,680,5454,5570,5454,5569,2,12,20,07-26-202600:34:49,07-26-202600:35:40
VDSL mps,100,40,5,5,1,1,1,4,16,80,90,0.05,5,20,5,True,False,89.620,16,1500,1448,1448,0,48,15377.5,336,716,True,False,35.091,16,1500,1448,1425,320,48,22867.1875,55,467,99,822,5450,5581,5448,5578,2,15,31,07-26-202600:44:26,07-26-202600:45:20
VDSL mps,100,40,5,5,1,1,1,4,16,80,90,0.05,5,20,5,True,True,89.239,15,1500,1448,1448,0,45,14931.2,387,794,True,False,34.744,16,1500,1448,1424,289,48,22716.125,55,457,71,724,5434,5579,5446,5583,1,13,84,07-26-202601:30:58,07-26-202601:31:46
VDSL mps,100,40,5,5,1,1,1,4,16,80,90,0.05,5,20,5,True,True,89.621,16,1500,1448,1448,0,48,15274.25,382,758,True,False,34.842,16,1500,1448,1424,212,48,22811.9375,55,467,76,700,5432,5569,5411,5571,1,13,13,07-26-202600:28:46,07-26-202600:29:35
VDSL mps,100,40,5,5,1,1,1,4,16,80,90,0.05,5,20,5,True,True,89.496,16,1500,1448,1448,0,48,15098.5,341,717,True,False,36.469,16,1500,1448,1425,405,48,24106.5,99,479,98,668,5442,5564,5442,5568,2,12,62,07-26-202601:11:18,07-26-202601:12:09
VDSL mps,100,40,5,5,1,1,1,4,16,80,90,0.05,5,20,5,True,True,88.745,16,1500,1448,1448,0,48,15095.875,361,703,True,False,36.101,16,1500,1448,1425,208,48,23450.5625,57,450,64,671,5418,5574,5412,5575,1,12,75,07-26-202601:22:57,07-26-202601:23:49
VDSL mps,100,40,5,5,1,1,1,4,16,80,90,0.05,5,20,5,True,True,89.244,16,1500,1448,1448,0,48,15082,375,778,True,False,35.616,16,1500,1448,1424,385,48,22474.1875,65,444,72,731,5442,5577,5433,5580,1,13,9,07-26-202600:25:23,07-26-202600:26:13
VDSL mps,100,40,5,5,1,1,1,4,16,80,90,0.05,5,20,5,True,True,89.122,13,1500,1448,1448,0,39,14668.461538461539,417,858,True,False,36.249,16,1500,1448,1425,263,48,22770.125,91,454,123,799,5434,5575,5431,5579,2,14,44,07-26-202600:55:36,07-26-202600:56:22
VDSL mps,100,40,5,5,1,1,1,4,16,80,90,0.05,5,20,5,True,True,88.745,15,1500,1448,1448,0,45,14982.4,368,806,True,False,35.620,16,1500,1448,1424,293,48,23620.8125,65,441,102,738,5449,5580,5444,5577,2,13,48,07-26-202600:59:12,07-26-202601:00:00
VDSL mps,100,40,5,5,1,1,1,4,16,80,90,0.05,5,20,5,True,True,89.245,14,1500,1448,1448,0,42,14778.92857142857,431,820,True,False,36.109,16,1500,1448,1425,241,48,23829.625,55,427,68,748,5441,5575,5436,5577,1,13,99,07-26-202601:44:04,07-26-202601:44:51
VDSL mps,100,40,5,5,1,1,1,4,16,80,90,0.05,5,20,5,True,True,89.244,16,1500,1448,1448,0,48,15300,367,739,True,False,35.351,16,1500,1448,1424,366,48,23004.1875,78,439,105,680,5442,5582,5435,5584,2,12,56,07-26-202601:06:12,07-26-202601:07:01
VDSL mps,100,40,5,5,1,1,1,4,16,80,90,0.05,5,20,5,True,True,89.238,11,1500,1448,1448,0,33,14113.90909090909,517,980,True,False,36.345,16,1500,1448,1424,238,48,23811.4375,88,501,115,888,5416,5582,5397,5573,2,16,32,07-26-202600:45:23,07-26-202600:46:07
VDSL mps,100,40,5,5,1,1,1,4,16,80,90,0.05,5,20,5,True,True,89.738,16,1500,1448,1448,0,48,15194.25,361,720,True,False,35.367,16,1500,1448,1425,233,48,23351.6875,88,488,102,663,5439,5564,5434,5568,2,12,78,07-26-202601:25:43,07-26-202601:26:34
VDSL mps,100,40,5,5,1,1,1,4,16,80,90,0.05,5,20,5,True,True,88.874,15,1500,1448,1448,0,45,15027.733333333334,409,784,True,False,35.355,16,1500,1448,1424,324,48,23121.5625,53,501,73,722,5440,5560,5440,5561,1,13,38,07-26-202600:50:26,07-26-202600:51:14
VDSL mps,100,40,5,5,1,1,1,4,16,80,90,0.05,5,20,5,True,True,89.623,16,1500,1448,1448,0,48,15413.1875,359,749,True,False,35.100,16,1500,1448,1424,290,48,23449.75,86,478,89,697,5430,5560,5425,5563,2,13,26,07-26-202600:40:03,07-26-202600:40:53
VDSL mps,100,40,5,5,1,1,1,4,16,80,90,0.05,5,20,5,True,True,89.494,16,1500,1448,1448,0,48,15314.625,328,745,True,False,35.620,16,1500,1448,1425,384,48,23702.5,70,465,70,654,5448,5574,5445,5579,1,12,69,07-26-202601:17:36,07-26-202601:18:28
VDSL mps,100,40,5,5,1,1,1,4,16,80,90,0.05,5,20,5,True,True,89.246,16,1500,1448,1448,0,48,15218.25,374,788,True,False,36.467,16,1500,1448,1424,269,48,23071.875,63,451,70,697,5446,5570,5438,5573,1,13,34,07-26-202600:47:04,07-26-202600:47:53
VDSL mps,100,40,5,5,1,1,1,4,16,80,90,0.05,5,20,5,True,True,89.376,14,1500,1448,1448,0,42,14398.57142857143,394,847,True,False,35.741,16,1500,1448,1425,192,48,23809.6875,64,466,91,758,5417,5568,5404,5572,2,14,58,07-26-202601:07:59,07-26-202601:08:46
VDSL mps,100,40,5,5,1,1,1,4,16,80,90,0.05,5,20,5,True,True,88.997,12,1500,1448,1448,0,36,13914.666666666666,477,937,True,False,34.975,16,1500,1448,1424,181,48,23073.3125,84,451,101,848,5419,5573,5400,5573,2,15,30,07-26-202600:43:38,07-26-202600:44:23
VDSL mps,100,40,5,5,1,1,1,4,16,80,90,0.05,5,20,5,True,False,89.492,16,1500,1448,1448,0,48,15029.0625,363,726,True,False,34.493,16,1500,1448,1424,430,48,24319.1875,63,398,123,845,5453,5566,5459,5568,2,15,70,07-26-202601:18:31,07-26-202601:19:24
VDSL mps,100,40,5,5,1,1,1,4,16,80,90,0.05,5,20,5,True,True,89.114,16,1500,1448,1448,0,48,15239.8125,350,688,True,False,34.977,16,1500,1448,1424,382,48,23335.1875,57,476,92,660,5453,5589,5452,5591,2,12,24,07-26-202600:38:16,07-26-202600:39:08
VDSL mps,100,40,5,5,1,1,1,4,16,80,90,0.05,5,20,5,True,True,89.306,16,1500,1448,1448,0,48,15334.25,354,690,True,False,35.228,16,1500,1448,1424,367,48,23763.4375,124,567,108,652,5421,5557,5413,5555,2,12,52,07-26-202601:02:43,07-26-202601:03:38
VDSL mps,100,40,5,5,1,1,1,4,16,80,90,0.05,5,20,5,True,True,89.122,10,1500,1448,1448,0,33,13834.727272727272,518,997,True,False,35.882,16,1500,1448,1424,171,48,24899.75,74,521,126,901,5426,5573,5419,5575,2,16,36,07-26-202600:48:43,07-26-202600:49:27
VDSL mps,100,40,5,5,1,1,1,4,16,80,90,0.05,5,20,5,True,True,89.620,16,1500,1448,1448,0,48,15129.1875,345,696,True,False,35.862,16,1500,1448,1425,387,48,23252.625,66,448,87,657,5430,5568,5423,5563,2,12,2,07-26-202600:19:00,07-26-202600:19:52
VDSL mps,100,40,5,5,1,1,1,4,16,80,90,0.05,5,20,5,True,True,89.243,16,1500,1448,1448,0,48,15270.25,354,717,True,False,35.991,16,1500,1448,1425,300,48,22899.3125,89,440,78,675,5427,5573,5425,5576,1,12,5,07-26-202600:21:43,07-26-202600:22:34
VDSL mps,100,40,5,5,1,1,1,4,16,80,90,0.05,5,20,5,True,True,89.249,14,1500,1448,1448,0,42,14278.07142857143,446,867,True,False,35.738,16,1500,1448,1424,328,48,23010.25,76,508,112,781,5451,5582,5450,5586,2,14,89,07-26-202601:35:29,07-26-202601:36:16
VDSL mps,100,40,5,5,1,1,1,4,16,80,90,0.05,5,20,5,True,True,89.366,16,1500,1448,1448,0,48,15399.0625,310,746,True,False,34.863,16,1500,1448,1424,430,48,22859.5,55,457,76,653,5429,5551,5429,5553,1,12,74,07-26-202601:22:02,07-26-202601:22:54
VDSL mps,100,40,5,5,1,1,1,4,16,80,90,0.05,5,20,5,True,True,89.308,16,1500,1448,1448,0,48,15238.5,350,737,True,False,36.360,16,1500,1448,1425,396,48,23719.3125,64,566,84,689,5433,5569,5425,5572,2,12,91,07-26-202601:37:11,07-26-202601:38:03
VDSL mps,100,40,5,5,1,1,1,4,16,80,90,0.05,5,20,5,True,True,89.241,11,1500,1448,1448,0,33,14212.545454545454,486,997,True,False,35.988,16,1500,1448,1424,249,48,22675.125,95,450,89,861,5435,5581,5437,5560,2,15,53,07-26-202601:03:42,07-26-202601:04:30
VDSL mps,100,40,5,5,1,1,1,4,16,80,90,0.05,5,20,5,True,True,89.118,11,1500,1448,1448,0,33,14019.636363636364,525,909,True,False,36.245,16,1500,1448,1424,179,48,23434.8125,74,448,95,830,5428,5567,5424,5570,2,15,21,07-26-202600:35:43,07-26-202600:36:27
VDSL mps,100,40,5,5,1,1,1,4,16,80,90,0.05,5,20,5,True,True,88.746,13,1500,1448,1448,0,39,14045.692307692309,476,929,True,False,35.615,16,1500,1448,1424,223,48,24448.0625,103,416,99,800,5434,5582,5412,5585,2,14,55,07-26-202601:05:23,07-26-202601:06:09
VDSL mps,100,40,5,5,1,1,1,4,16,80,90,0.05,5,20,5,False,True,89.491,16,1500,1448,1448,0,48,15347.375,333,704,True,False,36.369,16,1500,1448,1424,150,48,23789.3125,68,443,101,643,5430,5569,5430,5572,2,12,27,07-26-202600:40:56,07-26-202600:41:54
VDSL mps,100,40,5,5,1,1,1,4,16,80,90,0.05,5,20,5,True,True,89.126,16,1500,1448,1448,0,48,14945.5,357,729,True,False,36.373,16,1500,1448,1424,411,48,23569.75,66,440,92,695,5431,5553,5424,5556,2,13,77,07-26-202601:24:49,07-26-202601:25:40
VDSL mps,100,40,5,5,1,1,1,4,16,80,90,0.05,5,20,5,True,False,89.247,16,1500,1448,1448,0,48,15310.5625,335,677,True,False,35.840,16,1500,1448,1424,415,48,22591.5,90,462,125,724,5446,5563,5442,5561,2,13,85,07-26-202601:31:50,07-26-202601:32:43
VDSL mps,100,40,5,5,1,1,1,4,16,80,90,0.05,5,20,5,True,False,89.247,16,1500,1448,1448,0,48,14551.5,324,778,True,False,35.237,16,1500,1448,1424,474,48,23428.25,53,455,89,857,5438,5569,5438,5568,2,15,86,07-26-202601:32:46,07-26-202601:33:39
VDSL mps,100,40,5,5,1,1,1,4,16,80,90,0.05,5,20,5,True,True,88.741,16,1500,1448,1448,0,48,15426.625,331,708,True,False,34.852,16,1500,1448,1424,387,48,23874.4375,84,423,124,651,5426,5564,5425,5566,2,12,18,07-26-202600:33:05,07-26-202600:33:57
VDSL mps,100,40,5,5,1,1,1,4,16,80,90,0.05,5,20,5,True,True,89.244,15,1500,1448,1448,0,48,15629.375,360,734,True,False,35.222,16,1500,1448,1425,356,48,23729.75,77,440,100,677,5426,5552,5412,5555,2,12,22,07-26-202600:36:30,07-26-202600:37:19
VDSL mps,100,40,5,5,1,1,1,4,16,80,90,0.05,5,20,5,True,True,88.998,12,1500,1448,1448,0,36,14216.416666666666,439,897,True,False,36.211,16,1500,1448,1425,284,48,24326.5625,81,418,95,810,5430,5567,5431,5551,2,15,81,07-26-202601:28:23,07-26-202601:29:12
VDSL mps,100,40,5,5,1,1,1,4,16,80,90,0.05,5,20,5,True,True,89.237,15,1500,1448,1448,0,48,15269.25,378,794,True,False,35.367,16,1500,1448,1425,400,48,22663.75,76,434,90,726,5430,5570,5428,5574,2,13,64,07-26-202601:13:02,07-26-202601:13:51
VDSL mps,100,40,5,5,1,1,1,4,16,80,90,0.05,5,20,5,True,False,89.617,16,1500,1448,1448,0,48,15085.9375,351,719,True,False,34.733,16,1500,1448,1424,286,48,23334.0625,86,443,124,845,5437,5561,5439,5564,2,15,7,07-26-202600:23:32,07-26-202600:24:25
VDSL mps,100,40,5,5,1,1,1,4,16,80,90,0.05,5,20,5,True,False,88.992,16,1500,1448,1448,0,48,15188.1875,336,720,True,False,35.341,16,1500,1448,1425,409,48,23142.625,68,501,134,830,5448,5573,5439,5575,2,15,76,07-26-202601:23:52,07-26-202601:24:45
VDSL mps,100,40,5,5,1,1,1,4,16,80,90,0.05,5,20,5,True,True,88.997,13,1500,1448,1448,0,39,14837.384615384615,417,833,True,False,34.248,16,1500,1448,1424,155,48,23439.4375,96,485,112,756,5445,5571,5434,5573,2,14,98,07-26-202601:43:15,07-26-202601:44:01
VDSL mps,100,40,5,5,1,1,1,4,16,80,90,0.05,5,20,5,True,True,89.120,12,1500,1448,1448,0,36,13790.916666666666,519,933,True,False,35.498,16,1500,1448,1425,289,48,24378.3125,69,501,88,846,5421,5593,5448,5596,2,15,19,07-26-202600:34:00,07-26-202600:34:45
VDSL mps,100,40,5,5,1,1,1,4,16,80,90,0.05,5,20,5,True,True,89.621,16,1500,1448,1448,0,48,15070.8125,390,814,True,False,35.747,16,1500,1448,1425,335,48,23386.125,80,448,79,730,5418,5567,5404,5568,1,13,28,07-26-202600:41:57,07-26-202600:42:46
VDSL mps,100,40,5,5,1,1,1,4,16,80,90,0.05,5,20,5,True,False,89.248,16,1500,1448,1448,0,48,15285.4375,329,707,True,False,35.872,16,1500,1448,1424,413,48,23478.3125,71,438,98,861,5433,5550,5434,5552,2,16,67,07-26-202601:15:45,07-26-202601:16:38
VDSL mps,100,40,5,5,1,1,1,4,16,80,90,0.05,5,20,5,True,True,88.992,13,1500,1448,1448,0,39,14442.76923076923,459,865,True,False,36.250,16,1500,1448,1424,132,48,24306,86,480,77,772,5438,5591,5438,5592,1,14,61,07-26-202601:10:29,07-26-202601:11:15
VDSL mps,100,40,5,5,1,1,1,4,16,80,90,0.05,5,20,5,True,True,89.245,16,1500,1448,1448,0,48,14750.625,358,771,True,False,35.604,16,1500,1448,1424,377,48,22946.75,80,477,85,688,5431,5582,5434,5586,2,12,1,07-26-202600:18:07,07-26-202600:18:57
VDSL mps,100,40,5,5,1,1,1,4,16,80,90,0.05,5,20,5,True,True,89.365,16,1500,1448,1448,0,48,15680.625,370,704,True,False,36.715,16,1500,1448,1424,289,48,24856.25,108,498,122,664,5410,5555,5410,5559,2,12,66,07-26-202601:14:50,07-26-202601:15:41
VDSL mps,100,40,5,5,1,1,1,4,16,80,90,0.05,5,20,5,True,True,89.368,15,1500,1448,1448,0,45,15142.933333333332,385,836,True,False,34.849,16,1500,1448,1425,270,48,23849.1875,84,484,115,757,5434,5562,5436,5564,2,14,40,07-26-202600:52:09,07-26-202600:52:57
VDSL mps,100,40,5,5,1,1,1,4,16,80,90,0.05,5,20,5,True,True,88.861,15,1500,1448,1448,0,45,14996,396,835,True,False,35.127,16,1500,1448,1424,394,48,23653.5,88,472,121,754,5428,5574,5423,5570,2,14,73,07-26-202601:21:11,07-26-202601:21:59
VDSL mps,100,40,5,5,1,1,1,4,16,80,90,0.05,5,20,5,True,True,89.497,16,1500,1448,1448,0,48,15264.625,377,787,True,False,36.486,16,1500,1448,1425,274,48,23201.75,78,505,112,727,5430,5575,5424,5569,2,13,49,07-26-202601:00:03,07-26-202601:00:52
VDSL mps,100,40,5,5,1,1,1,4,16,80,90,0.05,5,20,5,True,True,89.244,12,1500,1448,1448,0,36,13506.166666666666,502,988,True,False,35.717,16,1500,1448,1425,216,48,24011.6875,59,469,86,901,5446,5580,5438,5579,2,16,60,07-26-202601:09:41,07-26-202601:10:26
VDSL mps,100,40,5,5,1,1,1,4,16,80,90,0.05,5,20,5,True,True,89.368,14,1500,1448,1448,0,42,14723.785714285714,443,854,True,False,34.862,16,1500,1448,1424,289,48,24187.625,107,427,110,756,5425,5563,5424,5567,2,14,41,07-26-202600:53:00,07-26-202600:53:47
VDSL mps,100,40,5,5,1,1,1,4,16,80,90,0.05,5,20,5,True,True,89.124,16,1500,1448,1448,0,48,15028.125,395,784,True,False,34.999,16,1500,1448,1425,177,48,24293.0625,62,451,91,705,5453,5579,5444,5583,2,13,10,07-26-202600:26:17,07-26-202600:27:06
VDSL mps,100,40,5,5,1,1,1,4,16,80,90,0.05,5,20,5,True,True,89.244,16,1500,1448,1448,0,48,15179.125,344,661,True,False,35.466,16,1500,1448,1425,189,48,22644.125,84,465,95,632,5461,5596,5460,5598,2,11,37,07-26-202600:49:30,07-26-202600:50:22
VDSL mps,100,40,5,5,1,1,1,4,16,80,90,0.05,5,20,5,True,True,89.623,14,1500,1448,1448,0,42,14305.57142857143,431,851,True,False,36.746,16,1500,1448,1424,283,48,24028.75,81,489,110,793,5434,5554,5430,5556,2,14,100,07-26-202601:44:55,07-26-202601:45:42
VDSL mps,100,40,5,5,1,1,1,4,16,80,90,0.05,5,20,5,True,True,89.115,11,1500,1448,1448,0,33,13961.90909090909,530,988,True,False,35.746,16,1500,1448,1425,202,48,23386.25,85,474,87,886,5441,5579,5441,5584,2,16,35,07-26-202600:47:56,07-26-202600:48:40
VDSL mps,100,40,5,5,1,1,1,4,16,80,90,0.05,5,20,5,True,True,89.115,14,1500,1448,1448,0,42,14569.42857142857,436,809,True,False,34.732,16,1500,1448,1425,274,48,24554.5,100,428,94,744,5442,5584,5431,5587,2,13,11,07-26-202600:27:09,07-26-202600:27:56
VDSL mps,100,40,5,5,1,1,1,4,16,80,90,0.05,5,20,5,True,True,89.367,12,1500,1448,1448,0,36,14320.5,487,885,True,False,35.089,16,1500,1448,1424,190,48,24119.5,108,461,137,832,5435,5592,5430,5598,3,15,94,07-26-202601:39:53,07-26-202601:40:38
VDSL mps,100,40,5,5,1,1,1,4,16,80,90,0.05,5,20,5,True,True,89.121,16,1500,1448,1448,0,48,15097.8125,361,699,True,False,36.377,16,1500,1448,1425,284,48,23199,58,459,77,658,5428,5588,5429,5594,1,12,87,07-26-202601:33:42,07-26-202601:34:33
VDSL mps,100,40,5,5,1,1,1,4,16,80,90,0.05,5,20,5,True,True,89.363,16,1500,1448,1448,0,48,15328.5625,395,768,True,False,35.997,16,1500,1448,1424,233,48,22503.875,71,467,103,706,5415,5565,5409,5569,2,13,90,07-26-202601:36:19,07-26-202601:37:08
VDSL mps,100,40,5,5,1,1,1,4,16,80,90,0.05,5,20,5,True,True,89.245,16,1500,1448,1448,0,48,15366.125,346,681,True,False,35.349,16,1500,1448,1425,429,48,23806,46,436,81,659,5445,5571,5438,5574,1,12,6,07-26-202600:22:37,07-26-202600:23:29
VDSL mps,100,40,5,5,1,1,1,4,16,80,90,0.05,5,20,5,True,True,89.185,15,1500,1448,1448,0,45,14860.2,405,769,True,False,35.240,16,1500,1448,1424,239,48,24014.4375,80,485,131,717,5417,5554,5432,5556,2,13,25,07-26-202600:39:11,07-26-202600:39:59
VDSL mps,100,40,5,5,1,1,1,4,16,80,90,0.05,5,20,5,True,False,89.242,16,1500,1448,1448,0,48,15340.6875,344,700,True,False,35.603,16,1500,1448,1425,406,48,22490.625,115,471,124,807,5434,5575,5427,5579,2,14,65,07-26-202601:13:54,07-26-202601:14:47
VDSL mps,100,40,5,5,1,1,1,4,16,80,90,0.05,5,20,5,True,True,89.245,13,1500,1448,1448,0,42,14643.92857142857,434,871,True,False,35.253,16,1500,1448,1424,332,48,23329.75,93,447,82,770,5430,5566,5430,5566,2,14,54,07-26-202601:04:33,07-26-202601:05:20
VDSL mps,100,40,5,5,1,1,1,4,16,80,90,0.05,5,20,5,True,True,89.242,16,1500,1448,1448,0,48,15160.5625,386,777,True,False,35.593,16,1500,1448,1424,309,48,24175.8125,56,475,102,703,5441,5574,5436,5579,2,13,39,07-26-202600:51:17,07-26-202600:52:06
VDSL mps,100,40,5,5,1,1,1,4,16,80,90,0.05,5,20,5,True,True,89.622,16,1500,1448,1448,0,48,15096.375,365,774,True,False,33.100,16,1500,1448,1425,245,48,24928.375,54,457,72,686,5444,5575,5452,5577,1,12,3,07-26-202600:19:55,07-26-202600:20:45
VDSL mps,100,40,5,5,1,1,1,4,16,80,90,0.05,5,20,5,True,True,89.119,11,1500,1448,1448,0,33,14070.272727272728,498,956,True,False,35.495,16,1500,1448,1424,152,48,23675.4375,61,455,77,840,5434,5578,5430,5575,1,15,97,07-26-202601:42:28,07-26-202601:43:12
VDSL mps,100,40,5,5,1,1,1,4,16,80,90,0.05,5,20,5,True,True,89.244,16,1500,1448,1448,0,48,15160.625,367,760,True,False,35.477,16,1500,1448,1425,358,48,24208.8125,91,434,121,695,5444,5567,5439,5568,2,12,33,07-26-202600:46:10,07-26-202600:47:01
VDSL mps,100,40,5,5,1,1,1,4,16,80,90,0.05,5,20,5,True,True,89.123,16,1500,1448,1448,0,48,15120.4375,353,720,True,False,36.238,16,1500,1448,1424,423,48,22967.5625,69,482,73,665,5437,5567,5430,5565,1,12,47,07-26-202600:58:17,07-26-202600:59:09
VDSL mps,100,40,5,5,1,1,1,4,16,80,90,0.05,5,20,5,True,True,89.121,16,1500,1448,1448,0,48,15294.6875,355,766,True,False,36.244,16,1500,1448,1424,390,48,23703.625,74,459,102,696,5418,5565,5401,5566,2,13,96,07-26-202601:41:35,07-26-202601:42:25
VDSL mps,100,40,5,5,1,1,1,4,16,80,90,0.05,5,20,5,True,True,88.870,12,1500,1448,1448,0,36,14221.333333333334,483,875,True,False,35.121,16,1500,1448,1425,206,48,23964.25,78,459,95,796,5447,5571,5441,5572,2,14,72,07-26-202601:20:23,07-26-202601:21:08
VDSL mps,100,40,5,5,1,1,1,4,16,80,90,0.05,5,20,5,True,True,89.123,14,1500,1448,1448,0,42,14365.5,455,867,True,False,35.236,16,1500,1448,1425,335,48,24599.4375,105,448,123,778,5423,5574,5408,5574,2,14,16,07-26-202600:31:24,07-26-202600:32:11
VDSL mps,100,40,5,5,1,1,1,4,16,80,90,0.05,5,20,5,True,True,89.366,16,1500,1448,1448,0,48,15128.3125,341,674,True,False,34.341,16,1500,1448,1425,368,48,24342.8125,63,473,105,650,5433,5566,5432,5565,2,12,8,07-26-202600:24:28,07-26-202600:25:20
VDSL mps,100,40,5,5,1,1,1,4,16,80,90,0.05,5,20,5,True,True,89.238,13,1500,1448,1448,0,42,14876.714285714286,392,812,True,False,35.495,16,1500,1448,1425,199,48,23409.6875,78,472,80,735,5424,5562,5412,5565,1,13,14,07-26-202600:29:38,07-26-202600:30:25
VDSL mps,100,40,5,5,1,1,1,4,16,80,90,0.05,5,20,5,True,True,89.240,15,1500,1448,1448,0,45,15155.466666666667,369,836,True,False,35.118,16,1500,1448,1424,218,48,23430.5,81,460,93,748,5423,5571,5417,5574,2,13,82,07-26-202601:29:15,07-26-202601:30:03
VDSL mps,100,40,5,5,1,1,1,4,16,80,90,0.05,5,20,5,True,True,88.996,16,1500,1448,1448,0,48,15135.875,344,747,True,False,36.124,16,1500,1448,1424,376,48,22760.625,82,428,98,672,5416,5574,5415,5578,2,12,45,07-26-202600:56:25,07-26-202600:57:17
VDSL mps,100,40,5,5,1,1,1,4,16,80,90,0.05,5,20,5,True,True,88.999,15,1500,1448,1448,0,45,14578.8,427,825,True,False,36.097,16,1500,1448,1425,389,48,23061.9375,62,443,79,756,5439,5560,5430,5561,1,14,43,07-26-202600:54:45,07-26-202600:55:33
VDSL mps,100,40,5,5,1,1,1,4,16,80,90,0.05,5,20,5,True,True,89.347,16,1500,1448,1448,0,48,15238.3125,383,763,True,False,35.866,16,1500,1448,1425,417,48,23583.1875,93,463,93,703,5443,5571,5438,5573,2,13,83,07-26-202601:30:06,07-26-202601:30:55
VDSL mps,100,40,5,5,1,1,1,4,16,80,90,0.05,5,20,5,True,True,88.870,13,1500,1448,1448,0,39,14197,471,912,True,False,35.091,16,1500,1448,1425,289,48,24151.75,57,464,87,819,5432,5571,5407,5575,2,15,63,07-26-202601:12:13,07-26-202601:12:59
VDSL mps,100,40,5,5,1,1,1,4,16,80,90,0.05,5,20,5,True,True,89.121,16,1500,1448,1448,0,48,15299.625,381,773,True,False,36.360,16,1500,1448,1425,210,48,23443.3125,62,458,62,699,5423,5559,5423,5551,1,13,80,07-26-202601:27:30,07-26-202601:28:19
VDSL mps,100,40,5,5,1,1,1,4,16,80,90,0.05,5,20,5,True,True,89.362,11,1500,1448,1448,0,33,14038.636363636364,528,887,True,False,34.337,16,1500,1448,1425,205,48,23636.875,70,464,96,826,5434,5569,5438,5567,2,15,59,07-26-202601:08:50,07-26-202601:09:38
VDSL mps,100,40,5,5,1,1,1,4,16,80,90,0.05,5,20,5,True,True,89.365,16,1500,1448,1448,0,48,15527.25,318,681,True,False,35.718,16,1500,1448,1424,271,48,23376.1875,75,483,115,634,5450,5589,5438,5591,2,11,15,07-26-202600:30:28,07-26-202600:31:20
VDSL mps,100,40,5,5,1,1,1,4,16,80,90,0.05,5,20,5,True,True,89.367,16,1500,1448,1448,0,48,15749.3125,331,656,True,False,35.471,16,1500,1448,1425,381,48,22321.75,64,451,98,637,5425,5576,5425,5578,2,11,71,07-26-202601:19:27,07-26-202601:20:19
VDSL mps,100,40,5,5,1,1,1,4,16,80,90,0.05,5,20,5,True,True,89.371,16,1500,1448,1448,0,48,15159.8125,351,765,True,False,35.002,16,1500,1448,1424,410,48,23720.1875,94,454,105,685,5422,5563,5425,5567,2,12,42,07-26-202600:53:50,07-26-202600:54:42
VDSL mps,100,40,5,5,1,1,1,4,16,80,90,0.05,5,20,5,True,True,89.495,16,1500,1448,1448,0,48,15376.5625,372,718,True,False,36.600,16,1500,1448,1425,358,48,23226.375,83,459,101,669,5430,5572,5421,5573,2,12,51,07-26-202601:01:49,07-26-202601:02:40
VDSL mps,100,40,5,5,1,1,1,4,16,80,90,0.05,5,20,5,True,True,89.116,16,1500,1448,1448,0,48,15135.6875,354,732,True,False,34.868,16,1500,1448,1425,292,48,24223.75,85,482,111,669,5427,5572,5410,5568,2,12,57,07-26-202601:07:04,07-26-202601:07:56
VDSL mps,100,40,5,5,1,1,1,4,16,80,90,0.05,5,20,5,True,True,89.250,16,1500,1448,1448,0,48,15184.625,375,758,True,False,35.228,16,1500,1448,1424,156,48,23613.0625,80,462,92,699,5433,5563,5432,5562,2,13,88,07-26-202601:34:36,07-26-202601:35:25
VDSL mps,100,40,5,5,1,1,1,4,16,80,90,0.05,5,20,5,True,True,89.239,16,1500,1448,1448,0,48,15234.4375,365,761,True,False,34.728,16,1500,1448,1425,319,48,23710.6875,82,433,90,671,5437,5574,5436,5577,2,12,4,07-26-202600:20:48,07-26-202600:21:39
VDSL mps,100,40,5,5,1,1,1,4,16,80,90,0.05,5,20,5,True,True,89.184,11,1500,1448,1448,0,33,13734.636363636364,484,1052,True,False,34.868,16,1500,1448,1425,227,48,23645.75,91,473,104,928,5439,5560,5430,5562,2,17,12,07-26-202600:27:59,07-26-202600:28:43
VDSL mps,100,40,5,5,1,1,1,4,16,140,90,0.05,5,20,5,True,False,88.499,16,1500,1448,1448,0,48,15666.25,329,661,True,False,34.999,16,1500,1448,1424,537,48,23790.0625,38,179,48,835,5442,5581,5440,5584,1,15,79,07-26-202604:25:43,07-26-202604:26:36
VDSL mps,100,40,5,5,1,1,1,4,16,140,90,0.05,5,20,5,True,True,88.374,16,1500,1448,1448,0,48,15583.5625,350,687,True,False,34.598,16,1500,1448,1424,474,48,23110.0625,35,230,26,635,5440,5575,5427,5579,0,11,50,07-26-202603:59:35,07-26-202604:00:26
VDSL mps,100,40,5,5,1,1,1,4,16,140,90,0.05,5,20,5,True,False,88.622,16,1500,1448,1448,0,48,15427.9375,340,666,True,False,34.359,16,1500,1448,1424,615,48,23290.9375,32,270,30,744,5440,5574,5448,5558,1,13,23,07-26-202603:35:16,07-26-202603:36:14
VDSL mps,100,40,5,5,1,1,1,4,16,140,90,0.05,5,20,5,True,False,88.370,16,1500,1448,1448,0,48,15297.625,351,707,True,False,36.245,16,1500,1448,1425,548,48,23477.8125,32,508,32,780,5426,5586,5421,5590,1,14,68,07-26-202604:15:49,07-26-202604:16:42
VDSL mps,100,40,5,5,1,1,1,4,16,140,90,0.05,5,20,5,True,True,88.497,16,1500,1448,1448,0,48,15458.75,340,714,True,False,33.862,16,1500,1448,1424,464,48,23536.875,33,340,37,655,5437,5564,5432,5567,1,12,92,07-26-202604:37:35,07-26-202604:38:26
VDSL mps,100,40,5,5,1,1,1,4,16,140,90,0.05,5,20,5,True,False,88.365,16,1500,1448,1448,0,48,15481.0625,330,639,True,False,34.615,16,1500,1448,1424,441,48,23111.6875,41,393,35,811,5429,5563,5409,5567,1,15,95,07-26-202604:40:16,07-26-202604:41:09
VDSL mps,100,40,5,5,1,1,1,4,16,140,90,0.05,5,20,5,True,True,88.370,16,1500,1448,1448,0,48,15202.625,376,730,True,False,35.875,16,1500,1448,1424,426,48,23429.0625,35,277,25,667,5437,5581,5433,5585,0,12,46,07-26-202603:56:08,07-26-202603:56:57
VDSL mps,100,40,5,5,1,1,1,4,16,140,90,0.05,5,20,5,True,True,88.122,15,1500,1448,1448,0,48,15764.5625,383,738,True,False,33.737,16,1500,1448,1425,283,48,22784.0625,34,328,25,679,5419,5569,5415,5574,0,12,93,07-26-202604:38:29,07-26-202604:39:18
VDSL mps,100,40,5,5,1,1,1,4,16,140,90,0.05,5,20,5,True,False,88.621,16,1500,1448,1448,0,48,15244.1875,358,667,True,False,34.493,16,1500,1448,1425,540,48,23652.625,43,144,41,810,5441,5592,5435,5596,1,14,17,07-26-202603:29:45,07-26-202603:30:38
VDSL mps,100,40,5,5,1,1,1,4,16,140,90,0.05,5,20,5,True,True,88.375,13,1500,1448,1448,0,42,14630.642857142857,436,865,True,False,35.001,16,1500,1448,1425,303,48,23569.125,38,344,40,796,5440,5575,5435,5579,1,14,29,07-26-202603:40:53,07-26-202603:41:40
VDSL mps,100,40,5,5,1,1,1,4,16,140,90,0.05,5,20,5,True,True,88.009,15,1500,1448,1448,0,45,15270.866666666667,388,776,True,False,35.479,16,1500,1448,1425,460,48,23038.3125,34,309,34,714,5434,5580,5418,5584,1,13,20,07-26-202603:32:33,07-26-202603:33:22
VDSL mps,100,40,5,5,1,1,1,4,16,140,90,0.05,5,20,5,True,True,88.435,16,1500,1448,1448,0,48,15376,365,688,True,False,36.237,16,1500,1448,1425,542,48,23107.9375,41,331,27,641,5419,5573,5417,5576,0,11,31,07-26-202603:42:38,07-26-202603:43:30
VDSL mps,100,40,5,5,1,1,1,4,16,140,90,0.05,5,20,5,True,True,88.117,16,1500,1448,1448,0,48,15471.75,328,721,True,False,35.095,16,1500,1448,1424,494,48,24080.75,38,262,28,668,5440,5574,5435,5578,1,12,84,07-26-202604:30:14,07-26-202604:31:05
VDSL mps,100,40,5,5,1,1,1,4,16,140,90,0.05,5,20,5,True,False,88.487,16,1500,1448,1448,0,48,15601.0625,322,691,True,False,34.247,16,1500,1448,1425,414,48,23572.375,31,285,50,805,5425,5561,5415,5563,1,14,13,07-26-202603:26:01,07-26-202603:26:54
VDSL mps,100,40,5,5,1,1,1,4,16,140,90,0.05,5,20,5,True,True,88.486,16,1500,1448,1448,0,48,15380.125,345,714,True,False,34.736,16,1500,1448,1424,479,48,23849.125,42,302,27,666,5419,5559,5414,5562,0,12,62,07-26-202604:10:24,07-26-202604:11:16
VDSL mps,100,40,5,5,1,1,1,4,16,140,90,0.05,5,20,5,True,True,88.310,15,1500,1448,1448,0,45,15261,401,787,True,False,35.609,16,1500,1448,1424,427,48,23465.625,43,398,27,721,5434,5580,5434,5585,0,13,75,07-26-202604:22:07,07-26-202604:22:55
VDSL mps,100,40,5,5,1,1,1,4,16,140,90,0.05,5,20,5,True,True,88.248,16,1500,1448,1448,0,48,15303.25,378,764,True,False,36.086,16,1500,1448,1425,398,48,23838.75,38,307,40,705,5442,5571,5439,5573,1,13,9,07-26-202603:22:29,07-26-202603:23:18
VDSL mps,100,40,5,5,1,1,1,4,16,140,90,0.05,5,20,5,True,True,88.554,16,1500,1448,1448,0,48,15329.5,351,757,True,False,34.858,16,1500,1448,1424,322,48,23111.875,33,278,27,686,5428,5578,5423,5582,0,12,44,07-26-202603:54:20,07-26-202603:55:11
VDSL mps,100,40,5,5,1,1,1,4,16,140,90,0.05,5,20,5,True,True,88.117,14,1500,1448,1448,0,42,14966.357142857143,420,844,True,False,34.615,16,1500,1448,1425,215,48,23559.875,33,364,28,775,5435,5579,5436,5583,1,14,48,07-26-202603:57:54,07-26-202603:58:41
VDSL mps,100,40,5,5,1,1,1,4,16,140,90,0.05,5,20,5,True,True,88.500,16,1500,1448,1448,0,48,15398,340,659,True,False,35.853,16,1500,1448,1424,558,48,22681.8125,41,263,26,617,5434,5573,5434,5576,0,11,99,07-26-202604:43:55,07-26-202604:44:47
VDSL mps,100,40,5,5,1,1,1,4,16,140,90,0.05,5,20,5,True,True,88.130,16,1500,1448,1448,0,48,15538.75,362,726,True,False,35.805,16,1500,1448,1424,90,48,22793.5625,31,324,27,676,5423,5571,5396,5573,1,12,56,07-26-202604:04:59,07-26-202604:05:49
VDSL mps,100,40,5,5,1,1,1,4,16,140,90,0.05,5,20,5,True,True,88.612,16,1500,1448,1448,0,48,15374.4375,380,795,True,False,35.369,16,1500,1448,1424,486,48,23714.25,45,322,26,734,5426,5580,5423,5584,0,13,32,07-26-202603:43:34,07-26-202603:44:24
VDSL mps,100,40,5,5,1,1,1,4,16,140,90,0.05,5,20,5,True,False,87.746,16,1500,1448,1448,0,48,15562.1875,345,676,True,False,34.620,16,1500,1448,1424,619,48,23637.0625,33,200,37,806,5432,5568,5424,5566,1,14,78,07-26-202604:24:47,07-26-202604:25:40
VDSL mps,100,40,5,5,1,1,1,4,16,140,90,0.05,5,20,5,True,True,88.489,16,1500,1448,1448,0,48,15513.625,366,724,True,False,34.241,16,1500,1448,1425,411,48,22668.3125,34,270,37,674,5433,5575,5431,5579,1,12,38,07-26-202603:48:57,07-26-202603:49:47
VDSL mps,100,40,5,5,1,1,1,4,16,140,90,0.05,5,20,5,True,True,88.368,16,1500,1448,1448,0,48,15580.875,343,701,True,False,34.991,16,1500,1448,1424,556,48,22994.3125,38,460,27,648,5441,5581,5435,5584,0,12,26,07-26-202603:38:05,07-26-202603:38:57
VDSL mps,100,40,5,5,1,1,1,4,16,140,90,0.05,5,20,5,True,True,88.371,12,1500,1448,1448,0,39,14432.692307692309,449,872,True,False,34.985,16,1500,1448,1424,279,48,21811.75,36,131,39,814,5432,5588,5433,5591,1,15,69,07-26-202604:16:45,07-26-202604:17:31
VDSL mps,100,40,5,5,1,1,1,4,16,140,90,0.05,5,20,5,True,False,88.361,16,1500,1448,1448,0,48,15179.875,351,678,True,False,35.124,16,1500,1448,1425,415,48,23021.375,36,431,26,634,5446,5577,5442,5580,0,11,34,07-26-202603:45:20,07-26-202603:46:13
VDSL mps,100,40,5,5,1,1,1,4,16,140,90,0.05,5,20,5,True,True,87.926,13,1500,1448,1448,0,39,14698.692307692309,456,852,True,False,35.992,16,1500,1448,1425,436,48,23056.3125,40,406,26,786,5439,5582,5430,5585,0,14,58,07-26-202604:06:47,07-26-202604:07:33
VDSL mps,100,40,5,5,1,1,1,4,16,140,90,0.05,5,20,5,True,True,88.244,16,1500,1448,1448,0,48,15366.1875,356,670,True,False,34.110,16,1500,1448,1424,570,48,23862,52,293,24,626,5414,5563,5399,5564,0,11,30,07-26-202603:41:43,07-26-202603:42:35
VDSL mps,100,40,5,5,1,1,1,4,16,140,90,0.05,5,20,5,True,False,88.114,16,1500,1448,1448,0,48,15365.25,341,703,True,False,35.123,16,1500,1448,1425,543,48,23577.5625,55,419,40,850,5437,5583,5436,5586,1,15,70,07-26-202604:17:35,07-26-202604:18:28
VDSL mps,100,40,5,5,1,1,1,4,16,140,90,0.05,5,20,5,True,True,88.126,16,1500,1448,1448,0,48,15546.5,366,718,True,False,35.966,16,1500,1448,1424,357,48,24685.75,39,195,26,655,5431,5550,5426,5549,0,12,24,07-26-202603:36:17,07-26-202603:37:08
VDSL mps,100,40,5,5,1,1,1,4,16,140,90,0.05,5,20,5,True,True,88.673,16,1500,1448,1448,0,48,15586.4375,364,741,True,False,34.976,16,1500,1448,1425,417,48,23657.625,33,420,39,671,5431,5559,5431,5563,1,12,52,07-26-202604:01:25,07-26-202604:02:15
VDSL mps,100,40,5,5,1,1,1,4,16,140,90,0.05,5,20,5,True,True,88.119,15,1500,1448,1448,0,45,15253.133333333333,373,780,True,False,35.122,16,1500,1448,1424,47,48,23425.8125,44,408,29,719,5417,5564,5410,5554,1,13,36,07-26-202603:47:11,07-26-202603:47:59
VDSL mps,100,40,5,5,1,1,1,4,16,140,90,0.05,5,20,5,True,True,88.239,16,1500,1448,1448,0,48,15558.75,357,717,True,False,34.497,16,1500,1448,1424,367,48,22860.3125,33,449,32,672,5428,5573,5420,5577,1,12,2,07-26-202603:16:13,07-26-202603:17:03
VDSL mps,100,40,5,5,1,1,1,4,16,140,90,0.05,5,20,5,True,False,88.371,16,1500,1448,1448,0,48,15400.8125,343,675,True,False,35.750,16,1500,1448,1424,542,48,23054,50,263,37,842,5427,5583,5422,5587,1,15,5,07-26-202603:18:51,07-26-202603:19:44
VDSL mps,100,40,5,5,1,1,1,4,16,140,90,0.05,5,20,5,True,True,88.244,16,1500,1448,1448,0,48,15481.5,356,735,True,False,33.866,16,1500,1448,1425,429,48,22325.0625,55,523,29,662,5424,5582,5417,5586,1,12,89,07-26-202604:34:50,07-26-202604:35:40
VDSL mps,100,40,5,5,1,1,1,4,16,140,90,0.05,5,20,5,True,True,88.374,16,1500,1448,1448,0,48,15388.1875,354,722,True,False,35.604,16,1500,1448,1424,299,48,23295,35,332,28,678,5429,5567,5429,5570,1,12,74,07-26-202604:21:13,07-26-202604:22:03
VDSL mps,100,40,5,5,1,1,1,4,16,140,90,0.05,5,20,5,True,False,88.501,16,1500,1448,1448,0,48,15526.5,323,676,True,False,34.364,16,1500,1448,1424,536,48,23513.1875,42,400,33,806,5443,5567,5433,5570,1,14,91,07-26-202604:36:39,07-26-202604:37:32
VDSL mps,100,40,5,5,1,1,1,4,16,140,90,0.05,5,20,5,True,True,88.491,16,1500,1448,1448,0,48,15585.625,341,670,True,False,34.132,16,1500,1448,1425,521,48,22729.8125,32,400,32,619,5435,5565,5430,5570,1,11,53,07-26-202604:02:19,07-26-202604:03:11
VDSL mps,100,40,5,5,1,1,1,4,16,140,90,0.05,5,20,5,True,True,88.125,16,1500,1448,1448,0,48,15585.6875,355,647,True,False,34.982,16,1500,1448,1424,461,48,23088.125,35,311,27,602,5430,5557,5420,5553,0,11,21,07-26-202603:33:25,07-26-202603:34:17
VDSL mps,100,40,5,5,1,1,1,4,16,140,90,0.05,5,20,5,True,True,88.373,13,1500,1448,1448,0,39,14799.307692307691,446,857,True,False,35.860,16,1500,1448,1425,38,48,22994.125,41,263,30,796,5421,5556,5410,5561,1,14,55,07-26-202604:04:09,07-26-202604:04:56
VDSL mps,100,40,5,5,1,1,1,4,16,140,90,0.05,5,20,5,True,False,88.621,16,1500,1448,1448,0,48,15472.4375,348,653,True,False,35.224,16,1500,1448,1425,493,48,24101.375,64,194,38,813,5439,5580,5439,5585,1,15,27,07-26-202603:39:00,07-26-202603:39:53
VDSL mps,100,40,5,5,1,1,1,4,16,140,90,0.05,5,20,5,True,True,88.621,16,1500,1448,1448,0,48,15483.5,388,718,True,False,35.353,16,1500,1448,1425,448,48,23435.3125,38,376,24,669,5423,5567,5400,5563,0,12,77,07-26-202604:23:55,07-26-202604:24:44
VDSL mps,100,40,5,5,1,1,1,4,16,140,90,0.05,5,20,5,True,False,88.373,16,1500,1448,1448,0,48,15557.5625,331,687,True,False,35.088,16,1500,1448,1424,357,48,23292.75,39,278,58,659,5420,5561,5396,5559,1,12,85,07-26-202604:31:08,07-26-202604:32:01
VDSL mps,100,40,5,5,1,1,1,4,16,140,90,0.05,5,20,5,True,False,88.243,16,1500,1448,1448,0,48,15514.625,336,641,True,False,35.730,16,1500,1448,1424,476,48,23641.6875,47,396,37,817,5428,5574,5420,5569,1,15,86,07-26-202604:32:05,07-26-202604:32:58
VDSL mps,100,40,5,5,1,1,1,4,16,140,90,0.05,5,20,5,True,False,88.622,16,1500,1448,1448,0,48,15577,345,665,True,False,35.479,16,1500,1448,1425,540,48,22742.75,39,303,46,831,5432,5569,5422,5572,1,15,18,07-26-202603:30:42,07-26-202603:31:35
VDSL mps,100,40,5,5,1,1,1,4,16,140,90,0.05,5,20,5,True,False,88.491,16,1500,1448,1448,0,48,15489.375,321,650,True,False,35.367,16,1500,1448,1425,560,48,23401.5,40,274,40,828,5429,5574,5429,5577,1,15,22,07-26-202603:34:20,07-26-202603:35:13
VDSL mps,100,40,5,5,1,1,1,4,16,140,90,0.05,5,20,5,True,True,88.122,15,1500,1448,1448,0,45,15147.133333333333,391,749,True,False,34.500,16,1500,1448,1424,442,48,23749.25,35,329,26,696,5431,5570,5431,5573,0,12,81,07-26-202604:27:31,07-26-202604:28:19
VDSL mps,100,40,5,5,1,1,1,4,16,140,90,0.05,5,20,5,True,True,88.122,16,1500,1448,1448,0,48,15465.4375,358,758,True,False,34.990,16,1500,1448,1425,587,48,22696.8125,44,242,24,688,5434,5556,5424,5555,0,12,64,07-26-202604:12:16,07-26-202604:13:07
VDSL mps,100,40,5,5,1,1,1,4,16,140,90,0.05,5,20,5,True,True,88.588,16,1500,1448,1448,0,48,15470.375,351,701,True,False,35.240,16,1500,1448,1425,488,48,24303.8125,32,411,36,660,5423,5582,5421,5588,1,12,7,07-26-202603:20:43,07-26-202603:21:34
VDSL mps,100,40,5,5,1,1,1,4,16,140,90,0.05,5,20,5,True,False,88.370,16,1500,1448,1448,0,48,15497.625,338,679,True,False,35.475,16,1500,1448,1424,359,48,23400.0625,37,300,33,679,5433,5582,5429,5585,1,12,76,07-26-202604:22:58,07-26-202604:23:51
VDSL mps,100,40,5,5,1,1,1,4,16,140,90,0.05,5,20,5,True,False,88.363,16,1500,1448,1448,0,48,15539.75,324,656,True,False,35.115,16,1500,1448,1425,552,48,23786.9375,34,360,54,830,5430,5593,5423,5588,1,15,98,07-26-202604:42:59,07-26-202604:43:52
VDSL mps,100,40,5,5,1,1,1,4,16,140,90,0.05,5,20,5,True,True,87.989,16,1500,1448,1448,0,48,15467.125,348,686,True,False,35.617,16,1500,1448,1424,283,48,23959.3125,51,389,26,639,5429,5566,5424,5570,0,11,19,07-26-202603:31:38,07-26-202603:32:30
VDSL mps,100,40,5,5,1,1,1,4,16,140,90,0.05,5,20,5,True,False,88.601,16,1500,1448,1448,0,48,15490.1875,335,700,True,False,34.481,16,1500,1448,1424,433,48,23236.8125,36,296,29,725,5440,5569,5437,5572,1,13,28,07-26-202603:39:56,07-26-202603:40:49
VDSL mps,100,40,5,5,1,1,1,4,16,140,90,0.05,5,20,5,True,True,88.237,16,1500,1448,1448,0,48,15523.625,383,735,True,False,35.591,16,1500,1448,1424,411,48,23544.1875,44,469,27,678,5438,5582,5438,5581,1,12,67,07-26-202604:14:56,07-26-202604:15:46
VDSL mps,100,40,5,5,1,1,1,4,16,140,90,0.05,5,20,5,True,False,88.495,16,1500,1448,1448,0,48,15371.875,336,627,True,False,35.618,16,1500,1448,1425,554,48,22734.5625,33,241,36,854,5421,5570,5425,5575,1,15,61,07-26-202604:09:28,07-26-202604:10:21
VDSL mps,100,40,5,5,1,1,1,4,16,140,90,0.05,5,20,5,True,True,88.365,16,1500,1448,1448,0,48,15518,331,685,True,False,35.102,16,1500,1448,1424,439,48,23187.0625,34,335,27,643,5419,5565,5411,5566,0,12,1,07-26-202603:15:18,07-26-202603:16:10
VDSL mps,100,40,5,5,1,1,1,4,16,140,90,0.05,5,20,5,True,False,88.115,16,1500,1448,1448,0,48,15584.875,332,688,True,False,34.875,16,1500,1448,1424,352,48,23349.4375,38,390,27,638,5431,5571,5425,5567,1,11,66,07-26-202604:14:00,07-26-202604:14:53
VDSL mps,100,40,5,5,1,1,1,4,16,140,90,0.05,5,20,5,True,True,88.118,16,1500,1448,1448,0,48,15478.4375,332,663,True,False,35.842,16,1500,1448,1424,513,48,22969.875,43,204,26,609,5430,5581,5427,5586,0,11,40,07-26-202603:50:41,07-26-202603:51:33
VDSL mps,100,40,5,5,1,1,1,4,16,140,90,0.05,5,20,5,True,True,88.372,15,1500,1448,1448,0,45,15252.8,407,796,True,False,35.968,16,1500,1448,1425,247,48,22260.9375,43,330,24,737,5440,5567,5433,5570,0,13,73,07-26-202604:20:22,07-26-202604:21:10
VDSL mps,100,40,5,5,1,1,1,4,16,140,90,0.05,5,20,5,True,True,87.989,13,1500,1448,1448,0,42,14834.07142857143,432,818,True,False,33.359,16,1500,1448,1425,385,48,23221.6875,32,400,25,763,5428,5578,5421,5580,0,14,49,07-26-202603:58:45,07-26-202603:59:32
VDSL mps,100,40,5,5,1,1,1,4,16,140,90,0.05,5,20,5,True,False,88.363,16,1500,1448,1448,0,48,15840.25,312,646,True,False,36.245,16,1500,1448,1425,580,48,24249.375,51,287,39,816,5429,5577,5420,5581,1,15,60,07-26-202604:08:31,07-26-202604:09:25
VDSL mps,100,40,5,5,1,1,1,4,16,140,90,0.05,5,20,5,True,False,88.372,16,1500,1448,1448,0,48,15937.8125,302,649,True,False,34.234,16,1500,1448,1424,579,48,22834.625,33,168,43,821,5425,5573,5423,5576,1,15,41,07-26-202603:51:36,07-26-202603:52:29
VDSL mps,100,40,5,5,1,1,1,4,16,140,90,0.05,5,20,5,True,True,88.370,14,1500,1448,1448,0,45,15478.866666666667,379,794,True,False,35.506,16,1500,1448,1425,439,48,23981.125,35,377,26,737,5433,5567,5421,5570,0,13,10,07-26-202603:23:21,07-26-202603:24:09
VDSL mps,100,40,5,5,1,1,1,4,16,140,90,0.05,5,20,5,True,True,88.742,16,1500,1448,1448,0,48,15578.5,320,668,True,False,33.724,16,1500,1448,1425,529,48,23680.5625,36,188,29,640,5421,5560,5429,5562,1,12,37,07-26-202603:48:02,07-26-202603:48:54
VDSL mps,100,40,5,5,1,1,1,4,16,140,90,0.05,5,20,5,True,True,87.867,16,1500,1448,1448,0,48,15525.5625,362,711,True,False,34.965,16,1500,1448,1424,435,48,22852.1875,33,288,26,667,5449,5577,5442,5582,0,12,100,07-26-202604:44:51,07-26-202604:45:41
VDSL mps,100,40,5,5,1,1,1,4,16,140,90,0.05,5,20,5,True,True,88.625,16,1500,1448,1448,0,48,15571.9375,359,674,True,False,34.969,16,1500,1448,1424,480,48,23750.0625,55,258,26,645,5423,5568,5411,5568,0,12,35,07-26-202603:46:16,07-26-202603:47:07
VDSL mps,100,40,5,5,1,1,1,4,16,140,90,0.05,5,20,5,True,True,88.621,16,1500,1448,1448,0,48,15655.5625,335,724,True,False,35.124,16,1500,1448,1424,425,48,23537.25,40,461,27,659,5427,5584,5423,5587,0,12,11,07-26-202603:24:13,07-26-202603:25:05
VDSL mps,100,40,5,5,1,1,1,4,16,140,90,0.05,5,20,5,True,True,88.360,16,1500,1448,1448,0,48,15578.625,341,686,True,False,35.475,16,1500,1448,1424,408,48,22581.5625,52,396,26,638,5434,5575,5436,5575,0,11,94,07-26-202604:39:22,07-26-202604:40:13
VDSL mps,100,40,5,5,1,1,1,4,16,140,90,0.05,5,20,5,True,True,88.739,16,1500,1448,1448,0,48,15550.625,352,712,True,False,35.338,16,1500,1448,1425,534,48,23911.375,39,460,28,658,5439,5575,5431,5577,1,12,87,07-26-202604:33:01,07-26-202604:33:52
VDSL mps,100,40,5,5,1,1,1,4,16,140,90,0.05,5,20,5,True,True,88.105,16,1500,1448,1448,0,48,15465.4375,346,744,True,False,33.876,16,1500,1448,1424,461,48,23585.625,29,369,35,691,5416,5559,5405,5560,1,12,90,07-26-202604:35:43,07-26-202604:36:35
VDSL mps,100,40,5,5,1,1,1,4,16,140,90,0.05,5,20,5,True,False,88.110,16,1500,1448,1448,0,48,15153.125,355,672,True,False,35.964,16,1500,1448,1424,558,48,23289,33,377,39,831,5431,5577,5423,5581,1,15,6,07-26-202603:19:47,07-26-202603:20:40
VDSL mps,100,40,5,5,1,1,1,4,16,140,90,0.05,5,20,5,True,True,88.132,16,1500,1448,1448,0,48,16285.25,297,617,True,False,34.860,16,1500,1448,1425,361,48,22684.1875,64,375,101,597,5426,5581,5422,5586,2,11,25,07-26-202603:37:11,07-26-202603:38:01
VDSL mps,100,40,5,5,1,1,1,4,16,140,90,0.05,5,20,5,True,True,88.510,13,1500,1448,1448,0,39,14827.384615384615,422,810,True,False,34.494,16,1500,1448,1424,406,48,24117.5625,39,243,25,756,5427,5564,5424,5560,0,14,65,07-26-202604:13:10,07-26-202604:13:56
VDSL mps,100,40,5,5,1,1,1,4,16,140,90,0.05,5,20,5,True,True,88.616,16,1500,1448,1448,0,48,15514.5,345,689,True,False,34.481,16,1500,1448,1424,586,48,23082.9375,41,308,28,642,5433,5579,5428,5584,1,11,54,07-26-202604:03:14,07-26-202604:04:06
VDSL mps,100,40,5,5,1,1,1,4,16,140,90,0.05,5,20,5,True,True,88.243,14,1500,1448,1448,0,42,14873.714285714286,424,798,True,False,34.370,16,1500,1448,1424,433,48,23285.5,38,484,24,748,5445,5582,5440,5581,0,13,39,07-26-202603:49:51,07-26-202603:50:38
VDSL mps,100,40,5,5,1,1,1,4,16,140,90,0.05,5,20,5,True,False,88.216,16,1500,1448,1448,0,48,15493.3125,320,658,True,False,36.095,16,1500,1448,1424,477,48,23186.875,32,177,34,702,5448,5577,5438,5579,1,13,3,07-26-202603:17:06,07-26-202603:17:59
VDSL mps,100,40,5,5,1,1,1,4,16,140,90,0.05,5,20,5,True,True,88.622,16,1500,1448,1448,0,48,15460.9375,341,692,True,False,34.212,16,1500,1448,1425,406,48,23356.3125,39,158,47,655,5427,5563,5412,5566,1,12,97,07-26-202604:42:06,07-26-202604:42:56
VDSL mps,100,40,5,5,1,1,1,4,16,140,90,0.05,5,20,5,True,True,88.119,16,1500,1448,1448,0,48,15134.125,376,815,True,False,34.222,16,1500,1448,1424,356,48,23553.9375,41,253,54,765,5435,5562,5425,5561,1,14,33,07-26-202603:44:27,07-26-202603:45:17
VDSL mps,100,40,5,5,1,1,1,4,16,140,90,0.05,5,20,5,True,True,88.118,16,1500,1448,1448,0,48,15687.1875,340,701,True,False,35.353,16,1500,1448,1424,509,48,22644.5,41,436,42,652,5435,5573,5428,5575,1,12,47,07-26-202603:57:00,07-26-202603:57:51
VDSL mps,100,40,5,5,1,1,1,4,16,140,90,0.05,5,20,5,True,True,88.311,16,1500,1448,1448,0,48,15463.125,357,739,True,False,35.486,16,1500,1448,1424,494,48,22513.6875,35,204,27,666,5432,5585,5422,5586,0,12,96,07-26-202604:41:12,07-26-202604:42:02
VDSL mps,100,40,5,5,1,1,1,4,16,140,90,0.05,5,20,5,True,False,88.242,16,1500,1448,1448,0,48,15331.0625,348,700,True,False,34.248,16,1500,1448,1425,512,48,23431.75,38,414,38,838,5422,5565,5414,5564,1,15,72,07-26-202604:19:25,07-26-202604:20:18
VDSL mps,100,40,5,5,1,1,1,4,16,140,90,0.05,5,20,5,True,False,88.492,16,1500,1448,1448,0,48,15631.875,339,686,True,False,34.487,16,1500,1448,1425,502,48,23017.6875,35,417,32,724,5424,5566,5405,5567,1,13,16,07-26-202603:28:49,07-26-202603:29:42
VDSL mps,100,40,5,5,1,1,1,4,16,140,90,0.05,5,20,5,True,True,87.871,15,1500,1448,1448,0,45,15311.8,403,792,True,False,34.229,16,1500,1448,1424,220,48,24024.4375,44,229,26,736,5436,5574,5421,5574,0,13,8,07-26-202603:21:38,07-26-202603:22:26
VDSL mps,100,40,5,5,1,1,1,4,16,140,90,0.05,5,20,5,True,True,88.373,16,1500,1448,1448,0,48,15536.9375,345,677,True,False,35.471,16,1500,1448,1424,302,48,22508,35,154,39,639,5428,5567,5423,5571,1,11,14,07-26-202603:26:57,07-26-202603:27:49
VDSL mps,100,40,5,5,1,1,1,4,16,140,90,0.05,5,20,5,True,True,88.615,16,1500,1448,1448,0,48,15506.9375,329,700,True,False,33.981,16,1500,1448,1424,497,48,22849.9375,33,252,28,643,5431,5586,5425,5588,1,12,82,07-26-202604:28:22,07-26-202604:29:14
VDSL mps,100,40,5,5,1,1,1,4,16,140,90,0.05,5,20,5,True,True,88.247,16,1500,1448,1448,0,48,15496.5,356,752,True,False,35.853,16,1500,1448,1425,294,48,23364,36,484,31,682,5433,5566,5430,5567,1,12,45,07-26-202603:55:14,07-26-202603:56:05
VDSL mps,100,40,5,5,1,1,1,4,16,140,90,0.05,5,20,5,True,True,88.372,16,1500,1448,1448,0,48,15426.4375,346,686,True,False,35.857,16,1500,1448,1424,520,48,23947.625,33,388,28,640,5430,5572,5418,5577,1,11,43,07-26-202603:53:25,07-26-202603:54:17
VDSL mps,100,40,5,5,1,1,1,4,16,140,90,0.05,5,20,5,True,False,88.247,16,1500,1448,1448,0,48,15369.6875,334,705,True,False,34.869,16,1500,1448,1425,496,48,23160.25,38,385,33,805,5419,5573,5410,5579,1,14,83,07-26-202604:29:18,07-26-202604:30:11
VDSL mps,100,40,5,5,1,1,1,4,16,140,90,0.05,5,20,5,True,False,88.490,16,1500,1448,1448,0,48,15495.6875,331,641,True,False,36.235,16,1500,1448,1425,539,48,23755.125,47,218,78,833,5431,5580,5428,5573,1,15,63,07-26-202604:11:20,07-26-202604:12:13
VDSL mps,100,40,5,5,1,1,1,4,16,140,90,0.05,5,20,5,True,True,87.992,15,1500,1448,1448,0,45,15338.333333333334,405,793,True,False,35.348,16,1500,1448,1425,449,48,23907.75,38,392,32,739,5421,5563,5417,5555,1,13,80,07-26-202604:26:40,07-26-202604:27:28
VDSL mps,100,40,5,5,1,1,1,4,16,140,90,0.05,5,20,5,True,True,87.994,16,1500,1448,1448,0,48,15599.9375,374,686,True,False,34.468,16,1500,1448,1425,549,48,23459.1875,38,331,29,636,5428,5591,5429,5592,1,11,59,07-26-202604:07:36,07-26-202604:08:28
VDSL mps,100,40,5,5,1,1,1,4,16,140,90,0.05,5,20,5,True,False,88.610,16,1500,1448,1448,0,48,15424.5625,346,710,True,False,34.602,16,1500,1448,1425,456,48,22752.4375,36,272,32,759,5440,5583,5433,5587,1,14,15,07-26-202603:27:53,07-26-202603:28:46
VDSL mps,100,40,5,5,1,1,1,4,16,140,90,0.05,5,20,5,True,True,88.372,16,1500,1448,1448,0,48,15453.5625,352,747,True,False,34.719,16,1500,1448,1424,450,48,22691.8125,40,487,26,680,5422,5573,5412,5576,0,12,71,07-26-202604:18:31,07-26-202604:19:22
VDSL mps,100,40,5,5,1,1,1,4,16,140,90,0.05,5,20,5,True,True,87.744,16,1500,1448,1448,0,48,15287.6875,386,741,True,False,34.583,16,1500,1448,1425,536,48,23345.75,32,183,35,678,5428,5574,5417,5568,1,12,42,07-26-202603:52:33,07-26-202603:53:22
VDSL mps,100,40,5,5,1,1,1,4,16,140,90,0.05,5,20,5,True,False,88.431,16,1500,1448,1448,0,48,15527.8125,331,682,True,False,34.489,16,1500,1448,1424,573,48,23042.0625,39,207,37,850,5438,5570,5438,5576,1,15,51,07-26-202604:00:29,07-26-202604:01:22
VDSL mps,100,40,5,5,1,1,1,4,16,140,90,0.05,5,20,5,True,True,88.623,16,1500,1448,1448,0,48,15216.625,346,726,True,False,35.231,16,1500,1448,1424,566,48,23048.4375,34,347,32,673,5431,5564,5411,5567,1,12,57,07-26-202604:05:52,07-26-202604:06:44
VDSL mps,100,40,5,5,1,1,1,4,16,140,90,0.05,5,20,5,True,True,88.341,16,1500,1448,1448,0,48,15350.3125,328,725,True,False,34.849,16,1500,1448,1424,409,48,23472,37,149,27,665,5437,5575,5422,5575,1,12,88,07-26-202604:33:55,07-26-202604:34:46
VDSL mps,100,40,5,5,1,1,1,4,16,140,90,0.05,5,20,5,True,True,87.871,12,1500,1448,1448,0,36,14231.416666666666,490,916,True,False,35.470,16,1500,1448,1424,340,48,24522.0625,33,408,37,856,5437,5593,5430,5593,1,15,4,07-26-202603:18:03,07-26-202603:18:48
VDSL mps,100,40,5,5,1,1,1,4,16,140,90,0.05,5,20,5,True,True,88.232,16,1500,1448,1448,0,48,15601.5,342,717,True,False,34.495,16,1500,1448,1425,306,48,23328.75,46,231,29,657,5434,5581,5426,5580,1,12,12,07-26-202603:25:08,07-26-202603:25:58
VDSL mps,100,40,5,5,1,1,1,4,16,40,90,0.05,5,20,5,True,True,89.989,14,1500,1448,1448,0,42,14558.857142857143,419,864,True,True,37.341,12,1500,1448,1424,0,39,21767.846153846152,182,601,230,824,5432,5567,5436,5569,4,15,79,07-25-202622:33:54,07-25-202622:34:34
VDSL mps,100,40,5,5,1,1,1,4,16,40,90,0.05,5,20,5,True,True,89.744,12,1500,1448,1448,0,36,14054.833333333334,489,871,True,False,35.723,16,1500,1448,1424,147,48,24196.9375,135,475,196,807,5411,5560,5413,5564,4,15,50,07-25-202622:09:12,07-25-202622:09:57
VDSL mps,100,40,5,5,1,1,1,4,16,40,90,0.05,5,20,5,True,True,90.113,13,1500,1448,1448,0,42,14537.714285714286,411,880,True,True,36.098,12,1500,1448,1425,0,39,21302.23076923077,238,647,277,831,5421,5546,5421,5546,5,15,23,07-25-202621:47:10,07-25-202621:47:50
VDSL mps,100,40,5,5,1,1,1,4,16,40,90,0.05,5,20,5,True,True,89.746,12,1500,1448,1448,0,36,14088.916666666666,473,904,True,False,35.375,16,1500,1448,1425,252,48,22912.625,181,566,215,822,5441,5565,5441,5562,4,15,68,07-25-202622:24:11,07-25-202622:24:56
VDSL mps,100,40,5,5,1,1,1,4,16,40,90,0.05,5,20,5,True,True,89.874,16,1500,1448,1448,0,48,15047.5,382,875,True,False,34.367,16,1500,1448,1424,222,48,22426.75,139,455,190,738,5439,5553,5437,5542,3,13,92,07-25-202622:44:43,07-25-202622:45:33
VDSL mps,100,40,5,5,1,1,1,4,16,40,90,0.05,5,20,5,True,True,89.994,13,1500,1448,1448,0,39,14378.615384615385,464,840,True,False,36.245,16,1500,1448,1425,122,48,22641.9375,166,484,215,782,5438,5557,5438,5560,4,14,95,07-25-202622:47:12,07-25-202622:47:58
VDSL mps,100,40,5,5,1,1,1,4,16,40,90,0.05,5,20,5,True,True,89.994,12,1500,1448,1448,0,36,14090.166666666666,495,875,True,False,35.493,16,1500,1448,1425,142,48,24354.5625,107,514,193,787,5430,5565,5426,5570,4,14,46,07-25-202622:05:53,07-25-202622:06:38
VDSL mps,100,40,5,5,1,1,1,4,16,40,90,0.05,5,20,5,True,False,90.366,16,1500,1448,1448,0,48,15631.1875,393,720,True,True,36.465,12,1500,1448,1424,0,39,21908.76923076923,195,642,244,682,5419,5575,5419,5579,4,12,93,07-25-202622:45:36,07-25-202622:46:22
VDSL mps,100,40,5,5,1,1,1,4,16,40,90,0.05,5,20,5,True,True,89.866,16,1500,1448,1448,0,48,15028.625,358,685,True,False,36.377,16,1500,1448,1424,260,48,23603.25,169,486,199,676,5419,5544,5416,5541,4,12,17,07-25-202621:42:14,07-25-202621:43:06
VDSL mps,100,40,5,5,1,1,1,4,16,40,90,0.05,5,20,5,True,True,89.871,16,1500,1448,1448,0,48,14930.75,359,693,True,False,35.844,16,1500,1448,1424,185,48,23480.875,175,527,205,706,5392,5528,5397,5530,4,13,29,07-25-202621:51:58,07-25-202621:52:48
VDSL mps,100,40,5,5,1,1,1,4,16,40,90,0.05,5,20,5,True,True,89.867,16,1500,1448,1448,0,48,14984.125,385,722,True,False,35.866,16,1500,1448,1425,225,48,24827.3125,134,495,187,669,5452,5561,5470,5562,3,12,20,07-25-202621:44:36,07-25-202621:45:27
VDSL mps,100,40,5,5,1,1,1,4,16,40,90,0.05,5,20,5,True,True,89.862,12,1500,1448,1448,0,36,13833.416666666666,495,921,True,False,35.208,16,1500,1448,1425,108,48,23302.375,174,479,202,831,5423,5537,5423,5538,4,15,31,07-25-202621:53:38,07-25-202621:54:23
VDSL mps,100,40,5,5,1,1,1,4,16,40,90,0.05,5,20,5,True,True,89.627,15,1500,1448,1448,0,48,15085.5,370,759,True,False,36.491,16,1500,1448,1424,248,48,24357.0625,150,483,198,710,5408,5548,5406,5545,4,13,84,07-25-202622:38:14,07-25-202622:39:03
VDSL mps,100,40,5,5,1,1,1,4,16,40,90,0.05,5,20,5,True,True,89.620,16,1500,1448,1448,0,48,14771.3125,412,829,True,False,36.366,16,1500,1448,1424,98,48,23435.0625,163,477,197,758,5432,5551,5432,5552,4,14,13,07-25-202621:38:59,07-25-202621:39:48
VDSL mps,100,40,5,5,1,1,1,4,16,40,90,0.05,5,20,5,True,True,89.871,12,1500,1448,1448,0,36,14133.083333333334,482,946,True,True,36.345,13,1500,1448,1424,0,42,22628.928571428572,185,609,230,906,5419,5569,5413,5572,4,16,62,07-25-202622:19:21,07-25-202622:20:00
VDSL mps,100,40,5,5,1,1,1,4,16,40,90,0.05,5,20,5,True,True,89.745,12,1500,1448,1448,0,36,14134.416666666666,495,943,False,False,36.372,16,1500,1448,1424,402,48,23268.375,186,481,181,794,5415,5559,5427,5562,3,14,75,07-25-202622:30:20,07-25-202622:31:20
VDSL mps,100,40,5,5,1,1,1,4,16,40,90,0.05,5,20,5,True,True,89.744,14,1500,1448,1448,0,42,14581.285714285714,427,847,True,True,36.100,12,1500,1448,1424,0,39,20868.153846153848,199,659,255,799,5422,5557,5435,5559,5,14,9,07-25-202621:35:59,07-25-202621:36:39
VDSL mps,100,40,5,5,1,1,1,4,16,40,90,0.05,5,20,5,True,True,89.968,15,1500,1448,1448,0,48,15383.9375,415,768,True,False,36.974,16,1500,1448,1424,242,48,23307.0625,131,475,203,714,5418,5548,5418,5549,4,13,44,07-25-202622:04:20,07-25-202622:05:09
VDSL mps,100,40,5,5,1,1,1,4,16,40,90,0.05,5,20,5,True,True,89.981,15,1500,1448,1448,0,45,14668.466666666667,398,836,True,True,36.465,13,1500,1448,1424,0,42,22900.071428571428,209,644,260,773,5431,5552,5434,5553,5,14,48,07-25-202622:07:34,07-25-202622:08:16
VDSL mps,100,40,5,5,1,1,1,4,16,40,90,0.05,5,20,5,True,True,89.857,16,1500,1448,1448,0,48,14984.5625,356,753,True,False,37.106,16,1500,1448,1425,180,48,24727.6875,188,516,212,698,5433,5565,5433,5568,4,13,99,07-25-202622:50:27,07-25-202622:51:17
VDSL mps,100,40,5,5,1,1,1,4,16,40,90,0.05,5,20,5,True,True,89.994,13,1500,1448,1448,0,42,14482.642857142857,447,867,True,False,35.985,16,1500,1448,1424,57,48,22823.875,179,513,204,789,5426,5550,5421,5552,4,14,56,07-25-202622:14:09,07-25-202622:14:56
VDSL mps,100,40,5,5,1,1,1,4,16,40,90,0.05,5,20,5,True,False,89.742,16,1500,1448,1448,0,48,15189.9375,345,711,True,False,35.971,16,1500,1448,1425,214,48,23599.5625,133,492,222,824,5425,5545,5423,5541,4,15,32,07-25-202621:54:26,07-25-202621:55:19
VDSL mps,100,40,5,5,1,1,1,4,16,40,90,0.05,5,20,5,True,True,89.749,11,1500,1448,1448,0,33,13923,527,1035,True,False,35.498,16,1500,1448,1424,61,48,23934.0625,137,518,188,924,5432,5551,5432,5553,3,17,78,07-25-202622:33:07,07-25-202622:33:51
VDSL mps,100,40,5,5,1,1,1,4,16,40,90,0.05,5,20,5,True,True,89.992,14,1500,1448,1448,0,42,14487.42857142857,413,831,True,True,36.248,13,1500,1448,1424,0,39,22108.846153846152,201,726,247,813,5427,5559,5422,5560,5,15,38,07-25-202621:59:22,07-25-202622:00:02
VDSL mps,100,40,5,5,1,1,1,4,16,40,90,0.05,5,20,5,True,True,89.871,11,1500,1448,1448,0,33,13903.90909090909,528,923,True,False,34.840,16,1500,1448,1424,82,48,22809.875,179,545,212,837,5422,5555,5422,5556,4,15,26,07-25-202621:49:23,07-25-202621:50:07
VDSL mps,100,40,5,5,1,1,1,4,16,40,90,0.05,5,20,5,True,True,90.111,16,1500,1448,1448,0,48,14653.1875,320,777,True,False,36.218,16,1500,1448,1425,186,48,24240.8125,159,505,193,693,5420,5556,5427,5558,4,12,69,07-25-202622:24:59,07-25-202622:25:51
VDSL mps,100,40,5,5,1,1,1,4,16,40,90,0.05,5,20,5,True,True,90.057,11,1500,1448,1448,0,33,13883.363636363636,508,948,True,False,35.862,16,1500,1448,1424,7,48,23418.6875,188,486,210,853,5405,5557,5402,5559,4,15,34,07-25-202621:56:09,07-25-202621:56:53
VDSL mps,100,40,5,5,1,1,1,4,16,40,90,0.05,5,20,5,True,True,89.864,15,1500,1448,1448,0,45,14918.6,427,796,True,False,35.975,16,1500,1448,1425,48,48,24275.9375,167,489,213,746,5422,5554,5420,5553,4,13,58,07-25-202622:15:52,07-25-202622:16:40
VDSL mps,100,40,5,5,1,1,1,4,16,40,90,0.05,5,20,5,True,True,89.870,16,1500,1448,1448,0,48,15014.375,389,810,True,True,36.750,14,1500,1448,1424,0,45,22427.6,178,599,240,765,5425,5528,5425,5529,4,14,30,07-25-202621:52:51,07-25-202621:53:35
VDSL mps,100,40,5,5,1,1,1,4,16,40,90,0.05,5,20,5,True,True,89.744,11,1500,1448,1448,0,36,14151.75,504,881,True,False,35.497,16,1500,1448,1424,69,48,23668.375,173,446,201,823,5438,5555,5433,5548,4,15,70,07-25-202622:25:55,07-25-202622:26:40
VDSL mps,100,40,5,5,1,1,1,4,16,40,90,0.05,5,20,5,True,True,89.997,11,1500,1448,1448,0,33,13818.636363636364,514,900,True,True,36.738,14,1500,1448,1425,0,45,22638.533333333333,184,609,232,851,5422,5554,5423,5556,4,15,24,07-25-202621:47:53,07-25-202621:48:32
VDSL mps,100,40,5,5,1,1,1,4,16,40,90,0.05,5,20,5,True,True,89.617,13,1500,1448,1448,0,42,14471.92857142857,456,869,True,True,36.850,12,1500,1448,1425,0,39,20976.23076923077,194,672,227,819,5420,5548,5421,5551,4,15,52,07-25-202622:10:54,07-25-202622:11:34
VDSL mps,100,40,5,5,1,1,1,4,16,40,90,0.05,5,20,5,True,True,89.872,15,1500,1448,1448,0,45,14989.666666666666,398,781,True,False,36.740,16,1500,1448,1425,108,48,24032.875,164,495,182,723,5417,5562,5425,5566,3,13,36,07-25-202621:57:44,07-25-202621:58:32
VDSL mps,100,40,5,5,1,1,1,4,16,40,90,0.05,5,20,5,True,True,89.989,12,1500,1448,1448,0,36,14172.833333333334,489,944,True,False,36.123,16,1500,1448,1425,108,48,25351.6875,182,501,191,843,5412,5533,5414,5534,4,15,2,07-25-202621:30:21,07-25-202621:31:06
VDSL mps,100,40,5,5,1,1,1,4,16,40,90,0.05,5,20,5,True,True,89.743,16,1500,1448,1448,0,48,15198.375,374,742,True,False,36.469,16,1500,1448,1425,175,48,23531.4375,135,454,216,720,5449,5555,5450,5556,4,13,5,07-25-202621:32:47,07-25-202621:33:36
VDSL mps,100,40,5,5,1,1,1,4,16,40,90,0.05,5,20,5,True,True,89.624,11,1500,1448,1448,0,33,13912.454545454546,503,944,True,False,36.125,16,1500,1448,1425,42,48,23751.8125,111,472,197,836,5442,5557,5440,5560,4,15,89,07-25-202622:42:20,07-25-202622:43:04
VDSL mps,100,40,5,5,1,1,1,4,16,40,90,0.05,5,20,5,True,True,90.112,16,1500,1448,1448,0,48,15116.875,362,703,True,False,35.112,16,1500,1448,1424,158,48,24380.375,181,482,197,652,5409,5554,5412,5557,4,12,74,07-25-202622:29:25,07-25-202622:30:16
VDSL mps,100,40,5,5,1,1,1,4,16,40,90,0.05,5,20,5,True,True,89.992,12,1500,1448,1448,0,36,14056.25,490,869,True,False,35.841,16,1500,1448,1424,119,48,24519,173,478,189,791,5429,5547,5428,5548,3,14,91,07-25-202622:43:55,07-25-202622:44:40
VDSL mps,100,40,5,5,1,1,1,4,16,40,90,0.05,5,20,5,True,True,89.993,15,1500,1448,1448,0,45,14781,378,785,True,False,35.992,16,1500,1448,1425,86,48,23998.75,161,502,208,729,5399,5544,5399,5543,4,13,53,07-25-202622:11:37,07-25-202622:12:25
VDSL mps,100,40,5,5,1,1,1,4,16,40,90,0.05,5,20,5,True,True,89.875,15,1500,1448,1448,0,45,14976.2,426,800,True,False,36.236,16,1500,1448,1425,143,48,24211.375,158,491,184,739,5422,5541,5419,5539,3,13,21,07-25-202621:45:30,07-25-202621:46:18
VDSL mps,100,40,5,5,1,1,1,4,16,40,90,0.05,5,20,5,True,True,89.998,12,1500,1448,1448,0,36,14122.333333333334,491,899,True,False,34.725,16,1500,1448,1425,102,49,23685.375,149,444,180,819,5403,5552,5418,5554,3,15,55,07-25-202622:13:21,07-25-202622:14:06
VDSL mps,100,40,5,5,1,1,1,4,16,40,90,0.05,5,20,5,True,True,89.749,15,1500,1448,1448,0,45,14724.733333333334,401,855,True,False,37.336,16,1500,1448,1425,246,48,24827.875,152,435,216,749,5424,5541,5425,5541,4,14,27,07-25-202621:50:10,07-25-202621:50:58
VDSL mps,100,40,5,5,1,1,1,4,16,40,90,0.05,5,20,5,True,True,89.870,16,1500,1448,1448,0,48,15184.8125,351,742,True,False,36.223,16,1500,1448,1424,172,48,23055.0625,156,487,181,683,5438,5562,5440,5564,3,12,77,07-25-202622:32:14,07-25-202622:33:04
VDSL mps,100,40,5,5,1,1,1,4,16,40,90,0.05,5,20,5,True,True,89.622,11,1500,1448,1448,0,33,13637,530,1055,True,False,36.730,16,1500,1448,1424,100,48,24360.9375,162,520,201,918,5421,5552,5421,5557,4,17,85,07-25-202622:39:06,07-25-202622:39:50
VDSL mps,100,40,5,5,1,1,1,4,16,40,90,0.05,5,20,5,True,True,89.742,11,1500,1448,1448,0,33,13991.272727272728,510,979,True,False,36.101,16,1500,1448,1425,50,48,24641.375,168,501,220,850,5401,5539,5400,5540,4,15,86,07-25-202622:39:54,07-25-202622:40:38
VDSL mps,100,40,5,5,1,1,1,4,16,40,90,0.05,5,20,5,True,True,89.992,11,1500,1448,1448,0,33,13761.818181818182,503,1031,True,True,37.115,12,1500,1448,1425,0,36,20559.5,239,703,299,964,5437,5571,5432,5574,6,17,18,07-25-202621:43:09,07-25-202621:43:45
VDSL mps,100,40,5,5,1,1,1,4,16,40,90,0.05,5,20,5,True,True,89.865,12,1500,1448,1448,0,36,14184.166666666666,500,915,True,False,36.506,16,1500,1448,1424,95,48,23698.75,133,518,202,827,5431,5575,5433,5575,4,15,22,07-25-202621:46:21,07-25-202621:47:06
VDSL mps,100,40,5,5,1,1,1,4,16,40,90,0.05,5,20,5,True,False,89.743,16,1500,1448,1448,0,48,14679.1875,354,713,True,False,35.981,16,1500,1448,1425,155,48,24138.25,192,483,198,671,5416,5549,5416,5547,4,12,81,07-25-202622:35:34,07-25-202622:36:27
VDSL mps,100,40,5,5,1,1,1,4,16,40,90,0.05,5,20,5,True,True,89.610,12,1500,1448,1448,0,39,14447.76923076923,453,891,True,True,37.115,12,1500,1448,1424,0,39,21988.153846153848,216,671,282,858,5437,5548,5443,5550,5,15,64,07-25-202622:20:57,07-25-202622:21:36
VDSL mps,100,40,5,5,1,1,1,4,16,40,90,0.05,5,20,5,True,True,89.868,14,1500,1448,1448,0,42,14611.714285714286,399,817,True,True,35.613,14,1500,1448,1425,0,45,23779.266666666666,184,530,240,782,5427,5546,5421,5549,4,14,7,07-25-202621:34:24,07-25-202621:35:06
VDSL mps,100,40,5,5,1,1,1,4,16,40,90,0.05,5,20,5,True,True,89.750,15,1500,1448,1448,0,45,14934.933333333332,376,768,True,False,36.606,16,1500,1448,1424,254,48,24015.75,133,501,198,722,5413,5525,5407,5528,4,13,76,07-25-202622:31:23,07-25-202622:32:11
VDSL mps,100,40,5,5,1,1,1,4,16,40,90,0.05,5,20,5,True,True,89.745,15,1500,1448,1448,0,45,14875.666666666666,386,788,True,False,36.106,16,1500,1448,1424,83,48,24018.3125,168,522,210,731,5443,5547,5443,5546,4,13,98,07-25-202622:49:36,07-25-202622:50:24
VDSL mps,100,40,5,5,1,1,1,4,16,40,90,0.05,5,20,5,True,True,89.747,12,1500,1448,1448,0,36,14073.416666666666,480,927,True,False,36.366,16,1500,1448,1424,45,48,23696.125,162,469,181,841,5413,5567,5416,5571,3,15,19,07-25-202621:43:48,07-25-202621:44:33
VDSL mps,100,40,5,5,1,1,1,4,16,40,90,0.05,5,20,5,True,False,89.796,16,1500,1448,1448,0,48,14551,338,677,True,False,36.485,16,1500,1448,1425,113,48,23980.125,155,503,230,759,5431,5554,5439,5557,4,14,28,07-25-202621:51:02,07-25-202621:51:55
VDSL mps,100,40,5,5,1,1,1,4,16,40,90,0.05,5,20,5,True,True,89.748,14,1500,1448,1448,0,42,14729.785714285714,419,880,True,False,34.861,16,1500,1448,1425,111,48,23634.3125,99,470,187,770,5436,5559,5434,5562,3,14,67,07-25-202622:23:21,07-25-202622:24:08
VDSL mps,100,40,5,5,1,1,1,4,16,40,90,0.05,5,20,5,True,True,90.118,16,1500,1448,1448,0,48,15101.1875,355,732,True,False,36.249,16,1500,1448,1425,201,48,23368.5625,127,512,176,675,5418,5553,5414,5556,3,12,61,07-25-202622:18:27,07-25-202622:19:18
VDSL mps,100,40,5,5,1,1,1,4,16,40,90,0.05,5,20,5,True,True,89.865,16,1500,1448,1448,0,48,15134.8125,350,772,True,True,37.494,12,1500,1448,1424,0,39,20886.615384615383,231,649,286,727,5431,5540,5428,5544,5,13,1,07-25-202621:29:34,07-25-202621:30:18
VDSL mps,100,40,5,5,1,1,1,4,16,40,90,0.05,5,20,5,True,True,89.992,12,1500,1448,1448,0,36,14303.083333333334,464,941,True,False,35.705,16,1500,1448,1424,250,48,23960.3125,151,482,203,827,5412,5566,5413,5568,4,15,66,07-25-202622:22:33,07-25-202622:23:18
VDSL mps,100,40,5,5,1,1,1,4,16,40,90,0.05,5,20,5,True,True,90.125,16,1500,1448,1448,0,48,15000.875,354,765,True,False,36.479,16,1500,1448,1424,188,48,24214.5,149,462,189,722,5389,5547,5398,5552,4,13,40,07-25-202622:00:56,07-25-202622:01:46
VDSL mps,100,40,5,5,1,1,1,4,16,40,90,0.05,5,20,5,True,False,89.993,16,1500,1448,1448,0,48,15133.6875,322,718,True,False,34.368,16,1500,1448,1425,254,48,23717.75,129,488,221,887,5443,5560,5446,5561,4,16,73,07-25-202622:28:29,07-25-202622:29:22
VDSL mps,100,40,5,5,1,1,1,4,16,40,90,0.05,5,20,5,True,True,89.868,16,1500,1448,1448,0,48,15442.0625,351,786,True,False,36.357,16,1500,1448,1425,103,48,23364.0625,163,488,210,692,5429,5546,5420,5547,4,12,49,07-25-202622:08:19,07-25-202622:09:09
VDSL mps,100,40,5,5,1,1,1,4,16,40,90,0.05,5,20,5,True,True,89.935,16,1500,1448,1448,0,48,15223.1875,367,702,True,False,36.877,16,1500,1448,1424,159,48,23777,185,528,211,671,5430,5553,5430,5557,4,12,60,07-25-202622:17:33,07-25-202622:18:24
VDSL mps,100,40,5,5,1,1,1,4,16,40,90,0.05,5,20,5,True,True,89.752,13,1500,1448,1448,0,39,14451,456,924,True,False,36.361,16,1500,1448,1425,72,48,23358.375,170,492,194,805,5435,5575,5437,5577,4,14,41,07-25-202622:01:50,07-25-202622:02:36
VDSL mps,100,40,5,5,1,1,1,4,16,40,90,0.05,5,20,5,True,True,89.734,12,1500,1448,1448,0,36,14285.333333333334,480,954,True,False,36.485,16,1500,1448,1425,40,48,24522.625,167,465,206,848,5448,5564,5440,5567,4,15,10,07-25-202621:36:42,07-25-202621:37:27
VDSL mps,100,40,5,5,1,1,1,4,16,40,90,0.05,5,20,5,True,True,89.747,11,1500,1448,1448,0,33,14065.727272727272,518,1006,True,False,35.246,16,1500,1448,1424,151,48,24111,174,466,193,865,5427,5571,5435,5573,4,16,37,07-25-202621:58:35,07-25-202621:59:19
VDSL mps,100,40,5,5,1,1,1,4,16,40,90,0.05,5,20,5,True,True,89.997,12,1500,1448,1448,0,36,14105.25,485,859,True,False,35.851,16,1500,1448,1424,33,48,23231.9375,135,490,188,795,5426,5555,5433,5558,3,14,100,07-25-202622:51:20,07-25-202622:52:05
VDSL mps,100,40,5,5,1,1,1,4,16,40,90,0.05,5,20,5,True,True,90.244,11,1500,1448,1448,0,33,13850.636363636364,506,982,True,False,35.865,16,1500,1448,1425,243,48,23115.375,148,465,176,872,5422,5548,5416,5550,3,16,35,07-25-202621:56:57,07-25-202621:57:41
VDSL mps,100,40,5,5,1,1,1,4,16,40,90,0.05,5,20,5,True,True,90.119,14,1500,1448,1448,0,42,14606.07142857143,445,775,True,True,35.345,16,1500,1448,1425,60,48,24189.25,171,545,208,744,5423,5552,5431,5554,4,13,11,07-25-202621:37:30,07-25-202621:38:14
VDSL mps,100,40,5,5,1,1,1,4,16,40,90,0.05,5,20,5,True,True,89.865,11,1500,1448,1448,0,33,13842.454545454546,517,924,True,False,35.614,16,1500,1448,1425,117,48,24460.625,148,535,204,831,5439,5560,5440,5561,4,15,94,07-25-202622:46:25,07-25-202622:47:09
VDSL mps,100,40,5,5,1,1,1,4,16,40,90,0.05,5,20,5,True,True,90.024,16,1500,1448,1448,0,48,15397.75,352,747,True,False,37.337,16,1500,1448,1425,100,48,24268.3125,171,465,205,692,5433,5545,5428,5547,4,12,87,07-25-202622:40:41,07-25-202622:41:30
VDSL mps,100,40,5,5,1,1,1,4,16,40,90,0.05,5,20,5,True,True,89.744,13,1500,1448,1448,0,42,14523.142857142857,432,818,True,True,35.491,16,1500,1448,1425,35,48,24310.9375,181,537,224,781,5420,5537,5415,5540,4,14,90,07-25-202622:43:07,07-25-202622:43:51
VDSL mps,100,40,5,5,1,1,1,4,16,40,90,0.05,5,20,5,True,True,89.550,12,1500,1448,1448,0,36,14065.916666666666,490,893,True,True,36.995,15,1500,1448,1424,9,48,24295.5625,176,525,207,846,5436,5560,5442,5561,4,15,6,07-25-202621:33:40,07-25-202621:34:21
VDSL mps,100,40,5,5,1,1,1,4,16,40,90,0.05,5,20,5,True,True,89.865,11,1500,1448,1448,0,36,14140,429,853,True,False,36.646,16,1500,1448,1424,121,48,23918.5,143,521,191,794,5407,5542,5407,5542,4,14,25,07-25-202621:48:35,07-25-202621:49:20
VDSL mps,100,40,5,5,1,1,1,4,16,40,90,0.05,5,20,5,True,True,89.749,16,1500,1448,1448,0,48,14641.6875,358,756,True,False,35.473,16,1500,1448,1425,60,48,23925.75,128,525,191,711,5425,5549,5418,5549,4,13,65,07-25-202622:21:39,07-25-202622:22:30
VDSL mps,100,40,5,5,1,1,1,4,16,40,90,0.05,5,20,5,True,True,90.121,16,1500,1448,1448,0,48,15135.3125,357,754,True,False,35.853,16,1500,1448,1425,207,48,23817.875,141,474,185,695,5405,5563,5405,5564,3,12,54,07-25-202622:12:28,07-25-202622:13:18
VDSL mps,100,40,5,5,1,1,1,4,16,40,90,0.05,5,20,5,True,True,89.867,15,1500,1448,1448,0,45,14764.866666666667,368,795,True,False,34.854,16,1500,1448,1424,107,48,23567.5,140,447,180,738,5424,5535,5425,5536,3,13,39,07-25-202622:00:05,07-25-202622:00:53
VDSL mps,100,40,5,5,1,1,1,4,16,40,90,0.05,5,20,5,True,True,89.873,12,1500,1448,1448,0,36,14141.5,492,896,True,False,35.976,16,1500,1448,1425,22,48,23079,162,499,216,816,5431,5547,5434,5551,4,15,3,07-25-202621:31:09,07-25-202621:31:54
VDSL mps,100,40,5,5,1,1,1,4,16,40,90,0.05,5,20,5,True,True,89.989,16,1500,1448,1448,0,48,14953.9375,367,778,True,True,35.501,13,1500,1448,1425,0,42,22946.785714285714,204,612,256,729,5435,5564,5441,5567,5,13,97,07-25-202622:48:48,07-25-202622:49:33
VDSL mps,100,40,5,5,1,1,1,4,16,40,90,0.05,5,20,5,True,True,89.489,15,1500,1448,1448,0,45,14958.866666666667,389,843,True,True,35.741,15,1500,1448,1424,67,48,24853.1875,174,564,229,795,5415,5545,5420,5544,4,14,33,07-25-202621:55:22,07-25-202621:56:06
VDSL mps,100,40,5,5,1,1,1,4,16,40,90,0.05,5,20,5,True,True,89.993,16,1500,1448,1448,0,48,15075,344,747,True,False,36.091,16,1500,1448,1424,77,48,24237.375,166,492,204,698,5418,5556,5428,5557,4,13,47,07-25-202622:06:41,07-25-202622:07:31
VDSL mps,100,40,5,5,1,1,1,4,16,40,90,0.05,5,20,5,True,True,89.870,15,1500,1448,1448,0,48,15143.5,372,756,True,True,34.989,13,1500,1448,1425,0,42,22950.428571428572,205,626,256,721,5418,5548,5411,5550,5,13,96,07-25-202622:48:01,07-25-202622:48:44
VDSL mps,100,40,5,5,1,1,1,4,16,40,90,0.05,5,20,5,True,True,89.745,15,1500,1448,1448,0,45,14730.866666666667,417,796,True,False,36.470,16,1500,1448,1425,156,48,23376.875,123,509,183,723,5417,5556,5442,5561,3,13,72,07-25-202622:27:38,07-25-202622:28:26
VDSL mps,100,40,5,5,1,1,1,4,16,40,90,0.05,5,20,5,True,True,89.369,12,1500,1448,1448,0,36,14215.75,483,987,True,False,36.245,16,1500,1448,1424,216,48,23518.5,150,488,197,853,5419,5527,5419,5529,4,15,16,07-25-202621:41:25,07-25-202621:42:10
VDSL mps,100,40,5,5,1,1,1,4,16,40,90,0.05,5,20,5,True,True,89.873,13,1500,1448,1448,0,39,14227.461538461539,445,845,True,False,36.113,16,1500,1448,1424,66,48,23812.5625,164,481,201,776,5409,5562,5406,5565,4,14,8,07-25-202621:35:09,07-25-202621:35:55
VDSL mps,100,40,5,5,1,1,1,4,16,40,90,0.05,5,20,5,True,True,89.873,12,1500,1448,1448,0,36,13866.916666666666,494,932,True,True,36.868,12,1500,1448,1425,0,39,21737.53846153846,215,723,260,904,5422,5551,5420,5542,5,16,14,07-25-202621:39:51,07-25-202621:40:29
VDSL mps,100,40,5,5,1,1,1,4,16,40,90,0.05,5,20,5,True,True,89.871,14,1500,1448,1448,0,42,14491,432,866,True,False,35.250,16,1500,1448,1424,104,48,23512.875,177,517,192,766,5410,5521,5410,5520,4,14,82,07-25-202622:36:30,07-25-202622:37:17
VDSL mps,100,40,5,5,1,1,1,4,16,40,90,0.05,5,20,5,True,True,89.744,12,1500,1448,1448,0,36,13838,468,934,True,True,36.103,11,1500,1448,1425,0,36,20880.333333333332,231,715,270,894,5417,5548,5430,5550,5,16,45,07-25-202622:05:12,07-25-202622:05:50
VDSL mps,100,40,5,5,1,1,1,4,16,40,90,0.05,5,20,5,True,True,89.997,16,1500,1448,1448,0,48,15290.125,350,752,True,False,35.245,16,1500,1448,1424,152,48,23566.3125,181,506,202,702,5412,5536,5404,5533,4,13,43,07-25-202622:03:28,07-25-202622:04:17
VDSL mps,100,40,5,5,1,1,1,4,16,40,90,0.05,5,20,5,True,True,90.117,16,1500,1448,1448,0,48,15797.6875,287,696,True,False,35.113,16,1500,1448,1424,86,48,24043.625,188,542,206,630,5435,5549,5440,5552,4,11,83,07-25-202622:37:20,07-25-202622:38:11
VDSL mps,100,40,5,5,1,1,1,4,16,40,90,0.05,5,20,5,True,True,89.870,16,1500,1448,1448,0,48,14970.5625,367,739,True,False,36.869,16,1500,1448,1425,172,48,23569.6875,160,486,201,692,5442,5557,5440,5559,4,12,63,07-25-202622:20:03,07-25-202622:20:53
VDSL mps,100,40,5,5,1,1,1,4,16,40,90,0.05,5,20,5,True,False,89.870,16,1500,1448,1448,0,48,15160.5,349,672,True,False,35.586,16,1500,1448,1425,281,48,23291.125,146,519,252,819,5415,5536,5407,5539,5,15,80,07-25-202622:34:38,07-25-202622:35:31
VDSL mps,100,40,5,5,1,1,1,4,16,40,90,0.05,5,20,5,True,True,89.997,16,1500,1448,1448,0,48,15446.9375,370,739,True,True,35.983,16,1500,1448,1424,35,48,23599,191,560,231,687,5425,5556,5420,5558,4,12,59,07-25-202622:16:43,07-25-202622:17:30
VDSL mps,100,40,5,5,1,1,1,4,16,40,90,0.05,5,20,5,True,True,89.869,16,1500,1448,1448,0,48,14799.25,380,801,True,False,36.350,16,1500,1448,1424,202,48,23541.6875,168,476,201,736,5408,5545,5410,5548,4,13,15,07-25-202621:40:32,07-25-202621:41:22
VDSL mps,100,40,5,5,1,1,1,4,16,40,90,0.05,5,20,5,True,True,90.119,16,1500,1448,1448,0,48,15189.0625,347,700,True,False,36.114,16,1500,1448,1425,67,48,23772.375,162,514,202,680,5426,5566,5431,5570,4,12,71,07-25-202622:26:43,07-25-202622:27:35
VDSL mps,100,40,5,5,1,1,1,4,16,40,90,0.05,5,20,5,True,True,89.850,12,1500,1448,1448,0,39,14336.461538461539,453,846,True,False,36.118,16,1500,1448,1424,68,48,23872.0625,172,511,196,791,5435,5571,5435,5574,4,14,42,07-25-202622:02:39,07-25-202622:03:25
VDSL mps,100,40,5,5,1,1,1,4,16,40,90,0.05,5,20,5,True,True,89.995,16,1500,1448,1448,0,48,15136.125,355,740,True,False,35.864,16,1500,1448,1425,85,48,23714.0625,111,465,181,690,5422,5542,5423,5535,3,12,51,07-25-202622:10:01,07-25-202622:10:51
VDSL mps,100,40,5,5,1,1,1,4,16,40,90,0.05,5,20,5,True,False,89.735,16,1500,1448,1448,0,48,14967.875,340,692,True,True,36.363,15,1500,1448,1425,0,48,23124.375,179,509,285,865,5420,5550,5409,5552,5,16,57,07-25-202622:14:59,07-25-202622:15:48
VDSL mps,100,40,5,5,1,1,1,4,16,40,90,0.05,5,20,5,True,True,90.120,10,1500,1448,1448,0,33,13901,526,973,True,False,35.961,16,1500,1448,1424,103,48,23491.5,171,518,194,873,5430,5556,5430,5560,4,16,88,07-25-202622:41:33,07-25-202622:42:17
VDSL mps,100,40,5,5,1,1,1,4,16,40,90,0.05,5,20,5,True,True,89.997,14,1500,1448,1448,0,42,14179.285714285714,440,848,True,False,36.842,16,1500,1448,1424,211,48,24214.0625,147,493,177,770,5412,5560,5410,5564,3,14,4,07-25-202621:31:57,07-25-202621:32:44
VDSL mps,100,40,5,5,1,1,1,4,16,40,90,0.05,5,20,5,True,True,89.734,13,1500,1448,1448,0,42,14540.57142857143,403,848,True,True,36.108,11,1500,1448,1425,0,36,20819.416666666668,182,692,234,808,5434,5558,5435,5562,4,15,12,07-25-202621:38:17,07-25-202621:38:56
VDSL mps,100,40,5,5,1,1,1,4,16,120,90,0.05,5,20,5,True,True,88.373,15,1500,1448,1448,0,45,14985.666666666666,383,833,True,False,35.211,16,1500,1448,1424,53,48,23753.5625,38,400,40,751,5454,5593,5470,5597,1,13,79,07-26-202602:55:40,07-26-202602:56:28
VDSL mps,100,40,5,5,1,1,1,4,16,120,90,0.05,5,20,5,True,True,88.369,16,1500,1448,1448,0,48,15472.1875,344,674,True,False,34.992,16,1500,1448,1424,500,48,24062.9375,41,463,37,635,5428,5552,5434,5555,1,11,50,07-26-202602:30:05,07-26-202602:30:57
VDSL mps,100,40,5,5,1,1,1,4,16,120,90,0.05,5,20,5,True,False,88.613,16,1500,1448,1448,0,48,15375.875,333,686,True,False,35.483,16,1500,1448,1424,410,48,24376,39,341,48,720,5427,5577,5431,5581,1,13,23,07-26-202602:05:43,07-26-202602:06:36
VDSL mps,100,40,5,5,1,1,1,4,16,120,90,0.05,5,20,5,True,True,88.872,16,1500,1448,1448,0,48,15414.625,333,705,True,False,35.251,16,1500,1448,1424,459,48,22472.0625,42,423,32,667,5442,5575,5447,5577,1,12,68,07-26-202602:46:02,07-26-202602:46:54
VDSL mps,100,40,5,5,1,1,1,4,16,120,90,0.05,5,20,5,True,True,88.366,16,1500,1448,1448,0,48,15184.3125,349,670,True,False,34.984,16,1500,1448,1425,553,48,22964.5,45,329,36,635,5448,5586,5449,5589,1,11,92,07-26-202603:07:11,07-26-202603:08:03
VDSL mps,100,40,5,5,1,1,1,4,16,120,90,0.05,5,20,5,True,True,88.747,16,1500,1448,1448,0,48,15503.75,336,688,True,False,35.975,16,1500,1448,1425,548,48,23540.6875,35,417,45,646,5441,5566,5448,5566,1,12,95,07-26-202603:09:54,07-26-202603:10:46
VDSL mps,100,40,5,5,1,1,1,4,16,120,90,0.05,5,20,5,True,True,88.863,16,1500,1448,1448,0,48,15548.9375,368,748,True,False,34.874,16,1500,1448,1424,365,48,23615.25,40,239,48,693,5436,5561,5436,5563,1,12,46,07-26-202602:26:27,07-26-202602:27:16
VDSL mps,100,40,5,5,1,1,1,4,16,120,90,0.05,5,20,5,True,True,88.849,16,1500,1448,1448,0,48,15161.0625,367,725,True,False,35.125,16,1500,1448,1425,408,48,22972.75,39,393,40,665,5436,5581,5439,5583,1,12,93,07-26-202603:08:06,07-26-202603:08:57
VDSL mps,100,40,5,5,1,1,1,4,16,120,90,0.05,5,20,5,True,True,88.867,16,1500,1448,1448,0,48,15467.5625,346,706,True,False,34.469,16,1500,1448,1425,331,48,23145.375,49,485,38,629,5449,5584,5446,5568,1,11,17,07-26-202602:00:10,07-26-202602:01:02
VDSL mps,100,40,5,5,1,1,1,4,16,120,90,0.05,5,20,5,True,False,88.868,16,1500,1448,1448,0,48,15236.625,348,668,True,False,35.117,16,1500,1448,1424,536,48,22920.5,41,503,40,815,5440,5564,5442,5564,1,15,29,07-26-202602:11:03,07-26-202602:11:56
VDSL mps,100,40,5,5,1,1,1,4,16,120,90,0.05,5,20,5,True,False,88.613,16,1500,1448,1448,0,48,15275,354,690,True,False,34.997,16,1500,1448,1424,437,48,23973.125,39,394,46,808,5427,5588,5436,5592,1,14,20,07-26-202602:02:54,07-26-202602:03:47
VDSL mps,100,40,5,5,1,1,1,4,16,120,90,0.05,5,20,5,True,True,88.618,16,1500,1448,1448,0,48,15106.8125,347,743,True,False,35.873,16,1500,1448,1425,444,48,22896.8125,40,460,47,693,5438,5578,5439,5579,1,12,31,07-26-202602:12:52,07-26-202602:13:43
VDSL mps,100,40,5,5,1,1,1,4,16,120,90,0.05,5,20,5,True,True,88.624,13,1500,1448,1448,0,39,14587.846153846154,459,827,True,False,35.227,16,1500,1448,1425,344,48,22798.0625,39,420,33,757,5431,5573,5444,5577,1,14,84,07-26-202603:00:05,07-26-202603:00:51
VDSL mps,100,40,5,5,1,1,1,4,16,120,90,0.05,5,20,5,True,False,88.746,16,1500,1448,1448,0,48,14782.1875,331,758,True,False,35.105,16,1500,1448,1424,425,48,23429.8125,38,480,33,672,5437,5560,5448,5563,1,12,13,07-26-202601:56:31,07-26-202601:57:24
VDSL mps,100,40,5,5,1,1,1,4,16,120,90,0.05,5,20,5,True,True,88.614,16,1500,1448,1448,0,48,15467.375,338,725,True,False,36.240,16,1500,1448,1424,443,48,23416.4375,46,380,36,651,5436,5573,5436,5575,1,12,62,07-26-202602:40:48,07-26-202602:41:40
VDSL mps,100,40,5,5,1,1,1,4,16,120,90,0.05,5,20,5,True,True,88.619,11,1500,1448,1448,0,33,14292.09090909091,463,885,True,False,35.229,16,1500,1448,1424,406,48,23198.4375,39,394,43,813,5435,5563,5435,5566,1,15,75,07-26-202602:52:14,07-26-202602:52:58
VDSL mps,100,40,5,5,1,1,1,4,16,120,90,0.05,5,20,5,True,True,88.249,16,1500,1448,1448,0,48,15446.625,409,730,True,False,34.870,16,1500,1448,1424,349,48,23584.5625,44,414,35,682,5451,5573,5453,5573,1,12,9,07-26-202601:52:55,07-26-202601:53:44
VDSL mps,100,40,5,5,1,1,1,4,16,120,90,0.05,5,20,5,True,True,88.744,16,1500,1448,1448,0,48,15358.1875,343,731,True,False,35.354,16,1500,1448,1425,406,48,24008.125,37,418,32,661,5439,5566,5438,5570,1,12,44,07-26-202602:24:40,07-26-202602:25:32
VDSL mps,100,40,5,5,1,1,1,4,16,120,90,0.05,5,20,5,True,False,88.496,16,1500,1448,1448,0,48,15642,336,679,True,False,35.616,16,1500,1448,1425,509,48,23566.6875,41,405,45,830,5434,5570,5430,5560,1,15,48,07-26-202602:28:13,07-26-202602:29:07
VDSL mps,100,40,5,5,1,1,1,4,16,120,90,0.05,5,20,5,True,True,88.370,15,1500,1448,1448,0,48,15458.375,379,748,True,False,35.113,16,1500,1448,1424,300,48,23632.75,42,462,36,694,5452,5584,5454,5588,1,12,99,07-26-202603:13:36,07-26-202603:14:25
VDSL mps,100,40,5,5,1,1,1,4,16,120,90,0.05,5,20,5,True,True,89.118,16,1500,1448,1448,0,48,15696.75,386,729,True,False,35.609,16,1500,1448,1425,277,48,23486.3125,86,403,152,716,5432,5577,5436,5581,3,13,56,07-26-202602:35:29,07-26-202602:36:18
VDSL mps,100,40,5,5,1,1,1,4,16,120,90,0.05,5,20,5,True,False,88.745,16,1500,1448,1448,0,48,15247.5,342,674,True,False,34.624,16,1500,1448,1424,419,48,22925.75,49,444,44,816,5435,5587,5446,5589,1,15,32,07-26-202602:13:47,07-26-202602:14:40
VDSL mps,100,40,5,5,1,1,1,4,16,120,90,0.05,5,20,5,True,True,88.996,16,1500,1448,1448,0,48,15288.6875,353,685,True,False,35.713,16,1500,1448,1425,446,48,22992.375,36,484,32,640,5436,5564,5445,5566,1,11,78,07-26-202602:54:44,07-26-202602:55:36
VDSL mps,100,40,5,5,1,1,1,4,16,120,90,0.05,5,20,5,True,True,88.739,16,1500,1448,1448,0,48,15225.1875,349,673,True,False,34.606,16,1500,1448,1425,198,48,22941.875,38,359,33,634,5430,5568,5434,5572,1,11,38,07-26-202602:19:14,07-26-202602:20:06
VDSL mps,100,40,5,5,1,1,1,4,16,120,90,0.05,5,20,5,True,True,88.747,15,1500,1448,1448,0,45,14976.4,401,803,True,False,34.748,16,1500,1448,1425,292,48,23387.5,55,276,59,728,5437,5571,5437,5575,1,13,26,07-26-202602:08:29,07-26-202602:09:17
VDSL mps,100,40,5,5,1,1,1,4,16,120,90,0.05,5,20,5,True,True,88.875,16,1500,1448,1448,0,48,15459.5625,374,782,True,False,36.718,16,1500,1448,1425,328,48,23546.5,35,494,31,710,5444,5602,5451,5604,1,13,69,07-26-202602:46:57,07-26-202602:47:46
VDSL mps,100,40,5,5,1,1,1,4,16,120,90,0.05,5,20,5,True,False,88.731,16,1500,1448,1448,0,48,15156.125,337,735,True,False,35.480,16,1500,1448,1425,540,48,23297.0625,36,442,41,832,5433,5558,5434,5560,1,15,34,07-26-202602:15:36,07-26-202602:16:29
VDSL mps,100,40,5,5,1,1,1,4,16,120,90,0.05,5,20,5,True,True,88.750,16,1500,1448,1448,0,48,15356,351,715,True,False,35.478,16,1500,1448,1425,336,48,22724.4375,45,328,43,664,5437,5566,5447,5567,1,12,58,07-26-202602:37:15,07-26-202602:38:06
VDSL mps,100,40,5,5,1,1,1,4,16,120,90,0.05,5,20,5,True,True,88.499,16,1500,1448,1448,0,48,15435.625,351,783,True,False,34.740,16,1500,1448,1425,364,48,22491.3125,41,385,35,722,5435,5567,5438,5564,1,13,30,07-26-202602:11:59,07-26-202602:12:49
VDSL mps,100,40,5,5,1,1,1,4,16,120,90,0.05,5,20,5,True,True,88.745,13,1500,1448,1448,0,39,14687.923076923076,441,864,True,False,35.103,16,1500,1448,1425,176,48,22869,39,424,45,794,5446,5590,5443,5589,1,14,70,07-26-202602:47:49,07-26-202602:48:36
VDSL mps,100,40,5,5,1,1,1,4,16,120,90,0.05,5,20,5,True,True,88.749,16,1500,1448,1448,0,48,15141,339,706,True,False,34.240,16,1500,1448,1425,442,48,22937.375,34,350,36,653,5441,5577,5441,5581,1,12,24,07-26-202602:06:39,07-26-202602:07:31
VDSL mps,100,40,5,5,1,1,1,4,16,120,90,0.05,5,20,5,True,False,88.465,16,1500,1448,1448,0,48,15382.5,355,725,True,False,34.722,16,1500,1448,1424,322,48,23461.625,48,424,54,703,5444,5597,5448,5601,1,13,52,07-26-202602:31:56,07-26-202602:32:49
VDSL mps,100,40,5,5,1,1,1,4,16,120,90,0.05,5,20,5,True,True,88.623,16,1500,1448,1448,0,48,15115.8125,360,707,True,False,34.117,16,1500,1448,1424,402,48,23747.25,43,385,33,629,5448,5584,5457,5587,1,11,36,07-26-202602:17:26,07-26-202602:18:18
VDSL mps,100,40,5,5,1,1,1,4,16,120,90,0.05,5,20,5,True,False,88.742,16,1500,1448,1448,0,48,15373.9375,345,681,True,False,34.865,16,1500,1448,1424,515,48,23239.125,38,350,51,828,5444,5569,5439,5571,1,15,2,07-26-202601:46:40,07-26-202601:47:33
VDSL mps,100,40,5,5,1,1,1,4,16,120,90,0.05,5,20,5,True,True,88.741,16,1500,1448,1448,0,48,15241.0625,363,766,True,False,34.991,16,1500,1448,1424,327,48,22494.5625,40,436,30,691,5442,5570,5445,5573,1,12,5,07-26-202601:49:20,07-26-202601:50:10
VDSL mps,100,40,5,5,1,1,1,4,16,120,90,0.05,5,20,5,True,True,88.495,13,1500,1448,1448,0,42,14932.785714285714,388,812,True,False,35.974,16,1500,1448,1424,318,48,22883.1875,37,411,40,748,5440,5564,5447,5567,1,13,89,07-26-202603:04:33,07-26-202603:05:21
VDSL mps,100,40,5,5,1,1,1,4,16,120,90,0.05,5,20,5,True,True,88.623,16,1500,1448,1448,0,48,15510.9375,367,722,True,False,34.838,16,1500,1448,1424,479,48,23135.5625,46,404,31,664,5433,5570,5431,5576,1,12,74,07-26-202602:51:20,07-26-202602:52:10
VDSL mps,100,40,5,5,1,1,1,4,16,120,90,0.05,5,20,5,True,True,88.740,16,1500,1448,1448,0,48,15472.875,338,688,True,False,35.469,16,1500,1448,1425,565,48,23415.375,35,409,31,638,5444,5572,5453,5575,1,11,91,07-26-202603:06:16,07-26-202603:07:08
VDSL mps,100,40,5,5,1,1,1,4,16,120,90,0.05,5,20,5,True,True,88.747,13,1500,1448,1448,0,39,14557.23076923077,454,892,True,False,35.979,16,1500,1448,1425,401,48,23753.8125,41,333,31,798,5421,5568,5427,5570,1,14,53,07-26-202602:32:53,07-26-202602:33:39
VDSL mps,100,40,5,5,1,1,1,4,16,120,90,0.05,5,20,5,True,False,88.749,16,1500,1448,1448,0,48,15322.6875,330,674,True,False,34.961,16,1500,1448,1425,510,48,23223,43,312,58,809,5438,5571,5440,5574,1,15,21,07-26-202602:03:50,07-26-202602:04:43
VDSL mps,100,40,5,5,1,1,1,4,16,120,90,0.05,5,20,5,True,True,88.614,14,1500,1448,1448,0,42,14622.5,427,889,True,False,34.619,16,1500,1448,1424,304,48,23329.5,42,353,29,781,5431,5565,5436,5568,1,14,55,07-26-202602:34:38,07-26-202602:35:25
VDSL mps,100,40,5,5,1,1,1,4,16,120,90,0.05,5,20,5,True,True,88.613,15,1500,1448,1448,0,45,15170.533333333333,384,843,True,False,35.989,16,1500,1448,1425,360,48,24062.5625,42,335,48,744,5429,5581,5430,5585,1,13,27,07-26-202602:09:20,07-26-202602:10:08
VDSL mps,100,40,5,5,1,1,1,4,16,120,90,0.05,5,20,5,True,True,88.489,16,1500,1448,1448,0,48,15236.4375,361,752,True,False,35.593,16,1500,1448,1425,366,48,22954.25,38,481,31,682,5428,5567,5438,5566,1,12,77,07-26-202602:53:51,07-26-202602:54:41
VDSL mps,100,40,5,5,1,1,1,4,16,120,90,0.05,5,20,5,True,True,88.611,16,1500,1448,1448,0,48,15071.6875,349,724,True,False,35.005,16,1500,1448,1424,391,48,22906.0625,55,430,28,670,5435,5570,5437,5574,1,12,85,07-26-202603:00:54,07-26-202603:01:46
VDSL mps,100,40,5,5,1,1,1,4,16,120,90,0.05,5,20,5,True,False,88.747,16,1500,1448,1448,0,48,15416.8125,336,700,True,False,35.501,16,1500,1448,1424,436,48,23583.625,33,319,36,834,5438,5568,5445,5572,1,15,86,07-26-202603:01:50,07-26-202603:02:43
VDSL mps,100,40,5,5,1,1,1,4,16,120,90,0.05,5,20,5,True,True,89.249,16,1500,1448,1448,0,48,15072.875,355,745,True,False,33.999,16,1500,1448,1424,385,48,22844.75,39,438,43,681,5443,5573,5443,5574,1,12,18,07-26-202602:01:05,07-26-202602:01:56
VDSL mps,100,40,5,5,1,1,1,4,16,120,90,0.05,5,20,5,True,False,88.834,16,1500,1448,1448,0,48,15608.5625,336,650,True,False,34.976,16,1500,1448,1425,521,48,22748.375,38,452,38,811,5443,5582,5440,5575,1,15,22,07-26-202602:04:46,07-26-202602:05:39
VDSL mps,100,40,5,5,1,1,1,4,16,120,90,0.05,5,20,5,True,True,88.991,16,1500,1448,1448,0,48,15428.3125,335,708,True,False,34.592,16,1500,1448,1425,279,48,23575.75,36,406,31,650,5432,5572,5443,5577,1,12,81,07-26-202602:57:27,07-26-202602:58:18
VDSL mps,100,40,5,5,1,1,1,4,16,120,90,0.05,5,20,5,True,True,88.624,16,1500,1448,1448,0,48,15253.375,347,688,True,False,34.238,16,1500,1448,1424,430,48,24064.0625,41,391,36,638,5429,5576,5428,5576,1,11,64,07-26-202602:42:39,07-26-202602:43:31
VDSL mps,100,40,5,5,1,1,1,4,16,120,90,0.05,5,20,5,True,True,88.624,14,1500,1448,1448,0,42,14800.07142857143,430,829,True,False,35.998,16,1500,1448,1425,458,48,23397.0625,45,332,40,748,5434,5577,5444,5581,1,13,7,07-26-202601:51:09,07-26-202601:51:56
VDSL mps,100,40,5,5,1,1,1,4,16,120,90,0.05,5,20,5,True,True,88.382,14,1500,1448,1448,0,42,14652.714285714286,424,816,True,False,36.730,16,1500,1448,1424,259,48,23227.125,52,375,40,744,5436,5576,5437,5567,1,13,76,07-26-202602:53:01,07-26-202602:53:48
VDSL mps,100,40,5,5,1,1,1,4,16,120,90,0.05,5,20,5,True,True,89.260,16,1500,1448,1448,0,48,15355.3125,347,724,True,False,34.486,16,1500,1448,1424,425,48,23427.4375,35,422,32,658,5425,5562,5439,5565,1,12,98,07-26-202603:12:41,07-26-202603:13:33
VDSL mps,100,40,5,5,1,1,1,4,16,120,90,0.05,5,20,5,True,True,89.118,16,1500,1448,1448,0,48,15304.4375,344,736,True,False,34.853,16,1500,1448,1424,372,48,23529.8125,42,380,29,670,5451,5573,5456,5577,1,12,19,07-26-202602:02:00,07-26-202602:02:51
VDSL mps,100,40,5,5,1,1,1,4,16,120,90,0.05,5,20,5,True,True,88.740,15,1500,1448,1448,0,45,14960.266666666666,399,812,True,False,35.097,16,1500,1448,1424,388,48,23368.125,44,511,35,729,5432,5565,5438,5569,1,13,28,07-26-202602:10:12,07-26-202602:11:00
VDSL mps,100,40,5,5,1,1,1,4,16,120,90,0.05,5,20,5,True,True,88.498,15,1500,1448,1448,0,48,15567.3125,374,763,True,False,35.493,16,1500,1448,1424,338,48,23655.75,61,432,43,709,5429,5587,5432,5591,1,13,67,07-26-202602:45:10,07-26-202602:45:59
VDSL mps,100,40,5,5,1,1,1,4,16,120,90,0.05,5,20,5,True,True,88.494,13,1500,1448,1448,0,42,14772.57142857143,413,847,True,False,35.614,16,1500,1448,1425,193,48,23376.5,39,348,35,775,5429,5570,5443,5574,1,14,61,07-26-202602:39:58,07-26-202602:40:45
VDSL mps,100,40,5,5,1,1,1,4,16,120,90,0.05,5,20,5,True,True,88.473,16,1500,1448,1448,0,48,14847,348,724,True,False,35.499,16,1500,1448,1424,497,48,24385,45,494,31,670,5417,5569,5420,5571,1,12,1,07-26-202601:45:45,07-26-202601:46:37
VDSL mps,100,40,5,5,1,1,1,4,16,120,90,0.05,5,20,5,True,True,88.505,12,1500,1448,1448,0,36,14275.083333333334,485,861,True,False,35.363,16,1500,1448,1425,425,48,24562.5625,42,299,38,801,5430,5551,5433,5553,1,14,66,07-26-202602:44:21,07-26-202602:45:06
VDSL mps,100,40,5,5,1,1,1,4,16,120,90,0.05,5,20,5,True,False,88.745,16,1500,1448,1448,0,48,15313.875,357,714,True,False,35.870,16,1500,1448,1425,424,48,23467.5625,37,385,37,735,5429,5565,5431,5567,1,13,40,07-26-202602:21:02,07-26-202602:21:55
VDSL mps,100,40,5,5,1,1,1,4,16,120,90,0.05,5,20,5,True,True,88.616,15,1500,1448,1448,0,45,15059.933333333332,410,747,True,False,36.239,16,1500,1448,1424,364,48,23884.5625,35,380,37,694,5440,5570,5440,5565,1,12,73,07-26-202602:50:29,07-26-202602:51:17
VDSL mps,100,40,5,5,1,1,1,4,16,120,90,0.05,5,20,5,True,True,89.118,16,1500,1448,1448,0,48,15438.25,321,698,True,False,35.125,16,1500,1448,1425,484,48,23643.25,36,456,31,634,5423,5564,5421,5560,1,11,49,07-26-202602:29:10,07-26-202602:30:02
VDSL mps,100,40,5,5,1,1,1,4,16,120,90,0.05,5,20,5,True,True,88.372,16,1500,1448,1448,0,48,15160.9375,355,722,True,False,35.999,16,1500,1448,1424,396,48,23692.75,58,354,72,684,5450,5578,5456,5581,1,12,60,07-26-202602:39:04,07-26-202602:39:55
VDSL mps,100,40,5,5,1,1,1,4,16,120,90,0.05,5,20,5,True,False,88.744,16,1500,1448,1448,0,48,15251.5,340,678,True,False,34.751,16,1500,1448,1425,443,48,23459.25,35,428,37,661,5449,5565,5448,5566,1,12,41,07-26-202602:21:58,07-26-202602:22:51
VDSL mps,100,40,5,5,1,1,1,4,16,120,90,0.05,5,20,5,True,True,88.619,15,1500,1448,1448,0,48,15448.125,365,741,True,False,34.737,16,1500,1448,1424,329,48,24218.1875,48,384,36,686,5443,5597,5443,5602,1,12,10,07-26-202601:53:47,07-26-202601:54:36
VDSL mps,100,40,5,5,1,1,1,4,16,120,90,0.05,5,20,5,True,True,88.498,15,1500,1448,1448,0,48,15315.375,385,768,True,False,34.357,16,1500,1448,1425,414,48,23585.375,48,381,31,705,5442,5564,5444,5566,1,13,37,07-26-202602:18:21,07-26-202602:19:10
VDSL mps,100,40,5,5,1,1,1,4,16,120,90,0.05,5,20,5,True,True,88.492,13,1500,1448,1448,0,39,14455.538461538461,461,853,True,False,35.368,16,1500,1448,1424,314,48,23584.3125,41,342,35,766,5438,5550,5443,5552,1,14,100,07-26-202603:14:28,07-26-202603:15:14
VDSL mps,100,40,5,5,1,1,1,4,16,120,90,0.05,5,20,5,True,True,88.747,16,1500,1448,1448,0,48,15363.375,363,722,True,False,36.218,16,1500,1448,1425,487,48,22902.8125,43,389,36,665,5436,5563,5436,5565,1,12,35,07-26-202602:16:33,07-26-202602:17:23
VDSL mps,100,40,5,5,1,1,1,4,16,120,90,0.05,5,20,5,True,True,88.741,16,1500,1448,1448,0,48,15028.6875,350,711,True,False,35.997,16,1500,1448,1424,410,48,23210.875,42,381,34,660,5437,5561,5438,5563,1,12,11,07-26-202601:54:39,07-26-202601:55:31
VDSL mps,100,40,5,5,1,1,1,4,16,120,90,0.05,5,20,5,True,True,88.869,16,1500,1448,1448,0,48,15288.6875,360,709,True,False,34.488,16,1500,1448,1424,355,48,22929.75,40,462,35,655,5433,5570,5435,5573,1,12,94,07-26-202603:09:01,07-26-202603:09:51
VDSL mps,100,40,5,5,1,1,1,4,16,120,90,0.05,5,20,5,True,True,88.365,16,1500,1448,1448,0,48,15261.25,364,724,True,False,34.740,16,1500,1448,1425,270,48,23240.9375,41,259,35,683,5450,5578,5453,5582,1,12,87,07-26-202603:02:46,07-26-202603:03:36
VDSL mps,100,40,5,5,1,1,1,4,16,120,90,0.05,5,20,5,True,True,88.249,16,1500,1448,1448,0,48,15380.6875,365,736,True,False,35.611,16,1500,1448,1425,345,48,22190.6875,36,453,33,673,5425,5574,5433,5577,1,12,90,07-26-202603:05:24,07-26-202603:06:13
VDSL mps,100,40,5,5,1,1,1,4,16,120,90,0.05,5,20,5,True,False,88.747,16,1500,1448,1448,0,48,15212.5,350,707,True,False,35.875,16,1500,1448,1424,412,48,23110.4375,44,405,46,702,5431,5580,5434,5574,1,13,6,07-26-202601:50:13,07-26-202601:51:06
VDSL mps,100,40,5,5,1,1,1,4,16,120,90,0.05,5,20,5,True,True,88.622,16,1500,1448,1448,0,48,15413.3125,338,726,True,False,34.355,16,1500,1448,1425,544,48,22580.25,39,444,39,658,5430,5570,5436,5573,1,12,25,07-26-202602:07:34,07-26-202602:08:26
VDSL mps,100,40,5,5,1,1,1,4,16,120,90,0.05,5,20,5,True,True,88.619,11,1500,1448,1448,0,33,14105.818181818182,531,946,True,False,34.977,16,1500,1448,1424,390,48,22899.0625,35,316,37,873,5439,5557,5447,5560,1,16,65,07-26-202602:43:34,07-26-202602:44:18
VDSL mps,100,40,5,5,1,1,1,4,16,120,90,0.05,5,20,5,True,False,88.613,16,1500,1448,1448,0,48,14987.3125,343,712,True,False,34.228,16,1500,1448,1425,423,48,22847.1875,50,435,54,850,5428,5577,5428,5573,1,15,54,07-26-202602:33:42,07-26-202602:34:35
VDSL mps,100,40,5,5,1,1,1,4,16,120,90,0.05,5,20,5,True,True,88.240,16,1500,1448,1448,0,48,15263.1875,344,763,True,False,35.729,16,1500,1448,1424,486,48,23381.875,41,423,35,699,5436,5556,5448,5559,1,13,39,07-26-202602:20:09,07-26-202602:20:59
VDSL mps,100,40,5,5,1,1,1,4,16,120,90,0.05,5,20,5,True,True,88.368,11,1500,1448,1448,0,33,14416.09090909091,484,891,True,False,35.866,16,1500,1448,1424,332,48,22962.4375,39,346,50,835,5448,5564,5449,5567,1,15,3,07-26-202601:47:36,07-26-202601:48:20
VDSL mps,100,40,5,5,1,1,1,4,16,120,90,0.05,5,20,5,True,False,88.868,16,1500,1448,1448,0,48,15306.4375,349,688,True,False,35.245,16,1500,1448,1425,407,48,23845.125,37,339,57,837,5425,5585,5437,5588,1,15,97,07-26-202603:11:45,07-26-202603:12:38
VDSL mps,100,40,5,5,1,1,1,4,16,120,90,0.05,5,20,5,True,True,88.492,16,1500,1448,1448,0,48,15364.8125,342,731,True,False,34.227,16,1500,1448,1424,233,48,24171.8125,33,378,30,670,5434,5562,5432,5566,1,12,33,07-26-202602:14:43,07-26-202602:15:33
VDSL mps,100,40,5,5,1,1,1,4,16,120,90,0.05,5,20,5,True,True,88.746,16,1500,1448,1448,0,48,15468.125,325,726,True,False,35.237,16,1500,1448,1424,384,48,23446.875,42,369,34,660,5444,5578,5444,5581,1,12,47,07-26-202602:27:19,07-26-202602:28:10
VDSL mps,100,40,5,5,1,1,1,4,16,120,90,0.05,5,20,5,True,True,88.992,16,1500,1448,1448,0,48,14863.5,345,721,True,False,34.862,16,1500,1448,1425,337,48,23763.0625,37,279,32,668,5433,5582,5429,5587,1,12,96,07-26-202603:10:49,07-26-202603:11:41
VDSL mps,100,40,5,5,1,1,1,4,16,120,90,0.05,5,20,5,True,True,88.868,16,1500,1448,1448,0,48,14970.625,355,736,True,False,35.357,16,1500,1448,1424,425,48,23866.3125,34,546,33,677,5446,5565,5446,5568,1,12,72,07-26-202602:49:34,07-26-202602:50:26
VDSL mps,100,40,5,5,1,1,1,4,16,120,90,0.05,5,20,5,True,True,88.870,16,1500,1448,1448,0,48,15497.25,344,685,True,False,34.864,16,1500,1448,1425,367,48,23193.9375,34,392,29,647,5440,5572,5441,5575,1,12,16,07-26-202601:59:16,07-26-202602:00:07
VDSL mps,100,40,5,5,1,1,1,4,16,120,90,0.05,5,20,5,True,True,88.745,16,1500,1448,1448,0,48,15571.875,341,703,True,False,36.836,16,1500,1448,1425,435,48,23022.6875,39,311,39,641,5442,5582,5441,5582,1,11,8,07-26-202601:51:59,07-26-202601:52:51
VDSL mps,100,40,5,5,1,1,1,4,16,120,90,0.05,5,20,5,True,False,88.621,16,1500,1448,1448,0,48,15274.8125,341,682,True,False,35.149,16,1500,1448,1424,537,48,23454.1875,44,384,41,822,5442,5586,5445,5591,1,15,14,07-26-202601:57:27,07-26-202601:58:20
VDSL mps,100,40,5,5,1,1,1,4,16,120,90,0.05,5,20,5,True,False,88.724,16,1500,1448,1448,0,48,15485.375,339,683,True,False,34.359,16,1500,1448,1425,414,48,23399.3125,41,435,44,826,5437,5586,5438,5587,1,15,82,07-26-202602:58:21,07-26-202602:59:15
VDSL mps,100,40,5,5,1,1,1,4,16,120,90,0.05,5,20,5,True,True,88.494,15,1500,1448,1448,0,45,15068.866666666667,379,845,True,False,36.722,16,1500,1448,1425,295,48,22733.5,39,427,32,750,5443,5567,5443,5570,1,13,45,07-26-202602:25:36,07-26-202602:26:24
VDSL mps,100,40,5,5,1,1,1,4,16,120,90,0.05,5,20,5,True,True,88.498,12,1500,1448,1448,0,39,14565,458,854,True,False,36.251,16,1500,1448,1425,436,48,23179.0625,35,428,34,784,5446,5586,5449,5589,1,14,43,07-26-202602:23:51,07-26-202602:24:37
VDSL mps,100,40,5,5,1,1,1,4,16,120,90,0.05,5,20,5,True,True,88.742,11,1500,1448,1448,0,33,14194.90909090909,490,985,True,False,35.732,16,1500,1448,1424,374,48,23999.8125,45,391,33,886,5431,5574,5435,5577,1,16,83,07-26-202602:59:18,07-26-202603:00:02
VDSL mps,100,40,5,5,1,1,1,4,16,120,90,0.05,5,20,5,True,True,88.618,16,1500,1448,1448,0,48,15403.9375,336,699,True,False,33.980,16,1500,1448,1424,436,48,23183.1875,39,293,41,637,5437,5579,5436,5579,1,11,63,07-26-202602:41:44,07-26-202602:42:36
VDSL mps,100,40,5,5,1,1,1,4,16,120,90,0.05,5,20,5,True,False,88.615,16,1500,1448,1448,0,48,15552.1875,332,696,True,False,34.623,16,1500,1448,1425,500,48,22878.0625,50,455,56,842,5424,5564,5428,5568,1,15,80,07-26-202602:56:31,07-26-202602:57:24
VDSL mps,100,40,5,5,1,1,1,4,16,120,90,0.05,5,20,5,True,True,88.615,16,1500,1448,1448,0,48,15268.5625,358,725,True,False,35.487,16,1500,1448,1424,426,48,23065.875,43,319,44,652,5440,5577,5443,5581,1,12,59,07-26-202602:38:10,07-26-202602:39:01
VDSL mps,100,40,5,5,1,1,1,4,16,120,90,0.05,5,20,5,True,True,87.996,16,1500,1448,1448,0,48,15152.25,402,787,True,False,35.230,16,1500,1448,1425,384,48,23211.75,36,365,41,727,5445,5583,5448,5587,1,13,15,07-26-202601:58:23,07-26-202601:59:12
VDSL mps,100,40,5,5,1,1,1,4,16,120,90,0.05,5,20,5,True,True,88.624,16,1500,1448,1448,0,48,15192.8125,335,726,True,False,34.359,16,1500,1448,1424,471,48,23016.0625,44,258,27,653,5433,5576,5435,5580,1,12,71,07-26-202602:48:39,07-26-202602:49:30
VDSL mps,100,40,5,5,1,1,1,4,16,120,90,0.05,5,20,5,True,False,88.870,16,1500,1448,1448,0,48,15156.125,347,677,True,False,35.226,16,1500,1448,1424,360,48,23368.5625,36,369,47,816,5441,5570,5443,5574,1,15,42,07-26-202602:22:55,07-26-202602:23:48
VDSL mps,100,40,5,5,1,1,1,4,16,120,90,0.05,5,20,5,True,False,88.496,16,1500,1448,1448,0,48,15564.125,331,617,True,False,35.625,16,1500,1448,1424,500,48,23593.5,36,405,38,785,5439,5565,5446,5567,1,14,51,07-26-202602:31:00,07-26-202602:31:53
VDSL mps,100,40,5,5,1,1,1,4,16,120,90,0.05,5,20,5,True,True,88.624,16,1500,1448,1448,0,48,15163.75,354,715,True,False,35.622,16,1500,1448,1424,411,48,23098.875,33,286,32,649,5425,5571,5435,5574,1,12,57,07-26-202602:36:21,07-26-202602:37:12
VDSL mps,100,40,5,5,1,1,1,4,16,120,90,0.05,5,20,5,True,True,88.873,16,1500,1448,1448,0,48,15034.5,342,782,True,False,35.991,16,1500,1448,1424,438,48,23052.875,39,365,41,711,5434,5580,5441,5585,1,13,88,07-26-202603:03:39,07-26-202603:04:30
VDSL mps,100,40,5,5,1,1,1,4,16,120,90,0.05,5,20,5,True,False,88.738,16,1500,1448,1448,0,48,15419.1875,355,696,True,False,35.249,16,1500,1448,1424,347,48,23054.75,41,303,49,678,5448,5567,5448,5569,1,12,4,07-26-202601:48:23,07-26-202601:49:16
VDSL mps,100,40,5,5,1,1,1,4,16,120,90,0.05,5,20,5,True,False,88.751,16,1500,1448,1448,0,48,15361.625,347,714,True,False,37.472,16,1500,1448,1425,356,48,22864.875,40,395,41,850,5447,5575,5456,5576,1,15,12,07-26-202601:55:35,07-26-202601:56:28
VDSL,100,40,5,5,1,1,1,4,16,100,90,0.05,5,20,5,False,False,88.848,6,1500,1448,1448,1,21,13490.142857142857,591,972,False,False,35.325,6,1500,1448,1424,0,21,16812.428571428572,34,690,51,916,5427,5534,5427,5536,1,17,79,07-25-202620:52:24,07-25-202620:54:02
VDSL,100,40,5,5,1,1,1,4,16,100,90,0.05,5,20,5,False,False,88.848,6,1500,1448,1448,0,21,13152.42857142857,613,981,False,False,35.217,6,1500,1448,1424,0,21,16559,27,486,42,949,5429,5536,5427,5540,1,17,50,07-25-202620:03:23,07-25-202620:05:01
VDSL,100,40,5,5,1,1,1,4,16,100,90,0.05,5,20,5,False,False,88.869,6,1500,1448,1448,0,21,13062.714285714286,610,1054,False,False,35.222,6,1500,1448,1425,0,21,16475.428571428572,32,573,51,970,5424,5544,5428,5546,1,17,23,07-25-202619:17:46,07-25-202619:19:24
VDSL,100,40,5,5,1,1,1,4,16,100,90,0.05,5,20,5,False,False,88.849,6,1500,1448,1448,0,21,13076.285714285714,620,1094,False,False,35.218,6,1500,1448,1424,0,21,16885.14285714286,25,494,42,1010,5429,5542,5425,5546,1,18,68,07-25-202620:33:48,07-25-202620:35:26
VDSL,100,40,5,5,1,1,1,4,16,100,90,0.05,5,20,5,False,False,88.875,6,1500,1448,1448,0,21,13147,604,1073,False,False,35.171,6,1500,1448,1425,0,21,16852.714285714286,26,618,44,994,5432,5540,5430,5538,1,18,92,07-25-202621:14:22,07-25-202621:16:00
VDSL,100,40,5,5,1,1,1,4,16,100,90,0.05,5,20,5,False,False,88.873,6,1500,1448,1448,0,21,13304.57142857143,613,1035,False,False,35.298,6,1500,1448,1425,0,21,16810.428571428572,32,562,49,970,5430,5535,5430,5538,1,18,95,07-25-202621:19:26,07-25-202621:21:04
VDSL,100,40,5,5,1,1,1,4,16,100,90,0.05,5,20,5,False,False,88.875,6,1500,1448,1448,0,21,13316,607,1027,False,False,35.344,6,1500,1448,1424,0,21,16638.571428571428,32,533,41,964,5431,5534,5428,5535,1,17,46,07-25-202619:56:37,07-25-202619:58:15
VDSL,100,40,5,5,1,1,1,4,16,100,90,0.05,5,20,5,False,False,88.824,6,1500,1448,1448,0,21,13239.42857142857,609,1004,False,False,35.422,6,1500,1448,1424,0,21,16476.285714285714,31,634,44,936,5437,5544,5436,5539,1,17,93,07-25-202621:16:03,07-25-202621:17:41
VDSL,100,40,5,5,1,1,1,4,16,100,90,0.05,5,20,5,False,False,88.799,6,1500,1448,1448,0,21,13289.57142857143,597,1001,False,False,35.323,6,1500,1448,1425,0,21,16767,27,552,45,962,5428,5545,5420,5535,1,17,17,07-25-202619:07:38,07-25-202619:09:16
VDSL,100,40,5,5,1,1,1,4,16,100,90,0.05,5,20,5,False,False,88.849,6,1500,1448,1448,0,21,13662.142857142857,611,1019,False,False,35.224,6,1500,1448,1425,0,21,16109.285714285714,29,560,54,983,5429,5536,5429,5537,1,18,29,07-25-202619:27:54,07-25-202619:29:32
VDSL,100,40,5,5,1,1,1,4,16,100,90,0.05,5,20,5,False,False,88.823,6,1500,1448,1448,0,21,13321.857142857143,612,1007,False,False,35.475,6,1500,1448,1425,0,21,17048.285714285714,27,649,52,959,5439,5537,5436,5538,1,17,20,07-25-202619:12:42,07-25-202619:14:20
VDSL,100,40,5,5,1,1,1,4,16,100,90,0.05,5,20,5,False,False,88.823,6,1500,1448,1448,0,21,13156,615,1009,False,False,35.369,6,1500,1448,1424,0,21,16953.85714285714,29,468,41,955,5432,5539,5432,5544,1,17,31,07-25-202619:31:17,07-25-202619:32:55
VDSL,100,40,5,5,1,1,1,4,16,100,90,0.05,5,20,5,False,False,88.850,6,1500,1448,1448,0,21,12755.142857142857,664,1086,False,False,35.343,6,1500,1448,1424,0,21,16662,31,585,46,1039,5432,5543,5424,5541,1,19,84,07-25-202621:00:51,07-25-202621:02:29
VDSL,100,40,5,5,1,1,1,4,16,100,90,0.05,5,20,5,False,False,88.861,6,1500,1448,1448,0,21,13275.142857142857,642,1034,False,False,35.346,6,1500,1448,1425,0,21,16388,31,583,48,989,5432,5542,5432,5544,1,18,13,07-25-202619:00:53,07-25-202619:02:31
VDSL,100,40,5,5,1,1,1,4,16,100,90,0.05,5,20,5,False,False,88.875,6,1500,1448,1448,0,21,13417.142857142857,617,996,False,False,35.147,6,1500,1448,1425,0,21,16275.285714285714,23,575,46,964,5435,5543,5429,5541,1,17,62,07-25-202620:23:40,07-25-202620:25:18
VDSL,100,40,5,5,1,1,1,4,16,100,90,0.05,5,20,5,False,False,88.823,6,1500,1448,1448,0,21,13182.42857142857,609,1042,False,False,35.198,6,1500,1448,1424,0,21,17231.428571428572,29,507,46,989,5433,5534,5429,5534,1,18,75,07-25-202620:45:38,07-25-202620:47:16
VDSL,100,40,5,5,1,1,1,4,16,100,90,0.05,5,20,5,False,False,88.824,6,1500,1448,1448,1,21,13321.285714285714,584,974,False,False,35.244,6,1500,1448,1424,0,21,16447,29,607,44,933,5433,5535,5434,5537,1,17,9,07-25-202618:54:07,07-25-202618:55:45
VDSL,100,40,5,5,1,1,1,4,16,100,90,0.05,5,20,5,False,False,88.876,6,1500,1448,1448,0,21,13359.285714285714,619,1099,False,False,35.324,6,1500,1448,1424,0,21,16827,31,532,45,1001,5427,5535,5431,5535,1,18,44,07-25-202619:53:15,07-25-202619:54:53
VDSL,100,40,5,5,1,1,1,4,16,100,90,0.05,5,20,5,False,False,88.823,6,1500,1448,1448,0,21,13416.42857142857,613,1068,False,False,35.544,6,1500,1448,1425,0,21,16985.285714285714,32,475,43,1010,5432,5548,5426,5548,1,18,48,07-25-202620:00:00,07-25-202620:01:38
VDSL,100,40,5,5,1,1,1,4,16,100,90,0.05,5,20,5,False,False,88.899,6,1500,1448,1448,0,21,13103.142857142857,599,1047,False,False,35.220,6,1500,1448,1425,0,21,17136.285714285714,25,611,49,974,5437,5539,5439,5541,1,18,99,07-25-202621:26:12,07-25-202621:27:50
VDSL,100,40,5,5,1,1,1,4,16,100,90,0.05,5,20,5,False,False,88.899,6,1500,1448,1448,0,21,13263.714285714286,627,1045,False,False,35.349,6,1500,1448,1424,0,21,17008.285714285714,27,515,41,999,5420,5537,5418,5540,1,18,56,07-25-202620:13:31,07-25-202620:15:09
VDSL,100,40,5,5,1,1,1,4,16,100,90,0.05,5,20,5,False,False,88.873,6,1500,1448,1448,0,21,13662.42857142857,583,1100,False,False,35.270,6,1500,1448,1425,0,21,17029,24,651,41,997,5420,5527,5422,5528,1,18,32,07-25-202619:32:58,07-25-202619:34:36
VDSL,100,40,5,5,1,1,1,4,16,100,90,0.05,5,20,5,False,False,88.874,6,1500,1448,1448,0,21,12948.857142857143,614,1159,False,False,35.400,6,1500,1448,1425,1,23,16792.428571428572,28,461,44,1064,5429,5551,5432,5554,1,19,78,07-25-202620:50:42,07-25-202620:52:20
VDSL,100,40,5,5,1,1,1,4,16,100,90,0.05,5,20,5,False,False,88.800,6,1500,1448,1448,0,21,13311.714285714286,625,1053,False,False,35.449,6,1500,1448,1425,0,21,17141.14285714286,29,564,43,991,5427,5536,5423,5535,1,18,38,07-25-202619:43:06,07-25-202619:44:45
VDSL,100,40,5,5,1,1,1,4,16,100,90,0.05,5,20,5,False,False,88.798,6,1500,1448,1448,0,21,13274,602,1055,False,False,35.623,6,1500,1448,1424,0,21,16611.14285714286,34,522,45,962,5423,5534,5420,5535,1,17,26,07-25-202619:22:50,07-25-202619:24:28
VDSL,100,40,5,5,1,1,1,4,16,100,90,0.05,5,20,5,False,False,88.824,6,1500,1448,1448,0,21,13151.42857142857,626,1112,False,False,35.222,6,1500,1448,1424,0,21,17209.285714285714,24,538,38,1031,5440,5540,5436,5537,1,19,69,07-25-202620:35:29,07-25-202620:37:07
VDSL,100,40,5,5,1,1,1,4,16,100,90,0.05,5,20,5,False,False,88.899,6,1500,1448,1448,0,21,13042.142857142857,611,974,False,False,35.400,6,1500,1448,1425,0,21,16280.42857142857,32,516,56,944,5438,5546,5439,5550,1,17,34,07-25-202619:36:21,07-25-202619:37:59
VDSL,100,40,5,5,1,1,1,4,16,100,90,0.05,5,20,5,False,False,88.899,6,1500,1448,1448,0,21,13254.285714285714,611,1028,False,False,35.444,6,1500,1448,1425,0,21,17210,26,515,43,959,5424,5535,5426,5538,1,17,58,07-25-202620:16:54,07-25-202620:18:32
VDSL,100,40,5,5,1,1,1,4,16,100,90,0.05,5,20,5,False,False,88.864,6,1500,1448,1448,0,21,13595.714285714286,599,1044,False,False,35.524,6,1500,1448,1424,0,21,17001,28,567,38,975,5436,5546,5434,5547,1,18,30,07-25-202619:29:35,07-25-202619:31:13
VDSL,100,40,5,5,1,1,1,4,16,100,90,0.05,5,20,5,False,False,88.847,6,1500,1448,1448,0,21,13499,569,1069,False,False,35.372,6,1500,1448,1425,0,21,16859.85714285714,27,570,37,973,5434,5535,5432,5537,1,18,70,07-25-202620:37:11,07-25-202620:38:49
VDSL,100,40,5,5,1,1,1,4,16,100,90,0.05,5,20,5,False,False,88.824,6,1500,1448,1448,0,21,13117.142857142857,575,1007,False,False,35.271,6,1500,1448,1425,0,21,16693.571428571428,40,389,49,930,5434,5547,5431,5547,1,17,24,07-25-202619:19:27,07-25-202619:21:05
VDSL,100,40,5,5,1,1,1,4,16,100,90,0.05,5,20,5,False,False,88.845,6,1500,1448,1448,0,21,13212.714285714286,626,1048,False,False,35.346,6,1500,1448,1425,0,21,16621.85714285714,30,574,51,978,5433,5539,5429,5541,1,18,52,07-25-202620:06:46,07-25-202620:08:24
VDSL,100,40,5,5,1,1,1,4,16,100,90,0.05,5,20,5,False,False,88.850,6,1500,1448,1448,0,21,13212.857142857143,612,1021,False,False,35.196,6,1500,1448,1425,0,21,16711,27,548,40,935,5433,5532,5428,5531,1,17,36,07-25-202619:39:44,07-25-202619:41:22
VDSL,100,40,5,5,1,1,1,4,16,100,90,0.05,5,20,5,False,False,88.824,6,1500,1448,1448,0,21,13225,594,1094,False,False,35.274,6,1500,1448,1425,0,21,16727.714285714286,28,539,54,1001,5432,5548,5435,5547,1,18,2,07-25-202618:42:17,07-25-202618:43:56
VDSL,100,40,5,5,1,1,1,4,16,100,90,0.05,5,20,5,False,False,88.875,6,1500,1448,1448,0,21,13081.57142857143,594,1083,False,False,35.246,6,1500,1448,1425,0,21,16814,30,681,63,1004,5431,5546,5427,5547,1,18,5,07-25-202618:47:22,07-25-202618:49:00
VDSL,100,40,5,5,1,1,1,4,16,100,90,0.05,5,20,5,False,False,88.848,6,1500,1448,1448,0,21,13169.42857142857,613,1096,False,False,35.272,6,1500,1448,1424,0,21,16685.14285714286,29,605,39,1024,5436,5545,5437,5546,1,18,89,07-25-202621:09:18,07-25-202621:10:56
VDSL,100,40,5,5,1,1,1,4,16,100,90,0.05,5,20,5,False,False,88.798,6,1500,1448,1448,0,21,13182.57142857143,584,992,False,False,35.448,6,1500,1448,1425,0,21,16555.14285714286,30,500,41,937,5424,5537,5425,5540,1,17,74,07-25-202620:43:57,07-25-202620:45:35
VDSL,100,40,5,5,1,1,1,4,16,100,90,0.05,5,20,5,False,False,88.848,6,1500,1448,1448,0,21,13059.42857142857,622,1135,False,False,35.197,6,1500,1448,1424,0,21,17398.428571428572,24,485,42,1050,5432,5544,5430,5546,1,19,91,07-25-202621:12:41,07-25-202621:14:19
VDSL,100,40,5,5,1,1,1,4,16,100,90,0.05,5,20,5,False,False,88.850,6,1500,1448,1448,0,21,13174.285714285714,641,1034,False,False,35.396,6,1500,1448,1424,0,21,16212.42857142857,34,640,52,984,5419,5552,5427,5555,1,18,53,07-25-202620:08:27,07-25-202620:10:05
VDSL,100,40,5,5,1,1,1,4,16,100,90,0.05,5,20,5,False,False,88.824,6,1500,1448,1448,1,21,13192.142857142857,612,1062,False,False,35.349,6,1500,1448,1424,0,21,16601.285714285714,32,630,63,991,5431,5540,5431,5541,1,18,21,07-25-202619:14:23,07-25-202619:16:01
VDSL,100,40,5,5,1,1,1,4,16,100,90,0.05,5,20,5,False,False,88.924,7,1500,1448,1448,0,21,13011.714285714286,653,1101,False,False,35.469,6,1500,1448,1425,0,21,16975.85714285714,26,637,40,1039,5418,5529,5411,5532,1,19,55,07-25-202620:11:50,07-25-202620:13:28
VDSL,100,40,5,5,1,1,1,4,16,100,90,0.05,5,20,5,False,False,88.823,6,1500,1448,1448,0,21,13203.285714285714,620,980,False,False,35.221,6,1500,1448,1425,0,21,17058.571428571428,26,432,42,943,5442,5543,5439,5543,1,17,27,07-25-202619:24:31,07-25-202619:26:09
VDSL,100,40,5,5,1,1,1,4,16,100,90,0.05,5,20,5,False,False,88.872,6,1500,1448,1448,0,21,13161,624,1048,False,False,35.300,6,1500,1448,1425,0,21,16943.285714285714,31,632,46,977,5434,5548,5428,5546,1,18,77,07-25-202620:49:01,07-25-202620:50:39
VDSL,100,40,5,5,1,1,1,4,16,100,90,0.05,5,20,5,False,False,88.799,6,1500,1448,1448,0,21,13074.57142857143,594,1055,False,False,35.197,6,1500,1448,1424,0,21,17121.714285714286,26,550,41,985,5427,5535,5421,5534,1,18,85,07-25-202621:02:32,07-25-202621:04:11
VDSL,100,40,5,5,1,1,1,4,16,100,90,0.05,5,20,5,False,False,88.944,6,1500,1448,1448,0,21,12767,696,1070,False,False,34.969,6,1500,1448,1425,0,21,17567.85714285714,37,527,52,1021,5438,5542,5436,5543,1,18,86,07-25-202621:04:14,07-25-202621:05:52
VDSL,100,40,5,5,1,1,1,4,16,100,90,0.05,5,20,5,False,False,88.848,6,1500,1448,1448,0,21,13061.857142857143,641,996,False,False,35.472,6,1500,1448,1425,0,21,16899.571428571428,26,618,37,971,5435,5547,5430,5548,1,18,18,07-25-202619:09:19,07-25-202619:10:57
VDSL,100,40,5,5,1,1,1,4,16,100,90,0.05,5,20,5,False,False,88.849,6,1500,1448,1448,0,21,12936.57142857143,674,1094,False,False,35.222,6,1500,1448,1424,0,21,17134.14285714286,27,525,43,1068,5432,5544,5430,5545,1,19,22,07-25-202619:16:05,07-25-202619:17:43
VDSL,100,40,5,5,1,1,1,4,16,100,90,0.05,5,20,5,False,False,88.796,6,1500,1448,1448,0,21,13122.42857142857,619,1074,False,False,35.245,6,1500,1448,1425,0,21,16932.14285714286,28,533,37,986,5425,5529,5428,5531,1,18,81,07-25-202620:55:47,07-25-202620:57:25
VDSL,100,40,5,5,1,1,1,4,16,100,90,0.05,5,20,5,False,False,88.846,6,1500,1448,1448,0,21,13307.42857142857,601,1033,False,False,35.094,6,1500,1448,1424,0,21,17566.428571428572,24,575,44,957,5434,5537,5433,5538,1,17,64,07-25-202620:27:03,07-25-202620:28:41
VDSL,100,40,5,5,1,1,1,4,16,100,90,0.05,5,20,5,False,False,88.898,7,1500,1448,1448,0,21,13359.42857142857,580,1011,False,False,35.198,6,1500,1448,1424,0,21,17181.85714285714,28,599,49,972,5418,5537,5416,5540,1,18,7,07-25-202618:50:44,07-25-202618:52:22
VDSL,100,40,5,5,1,1,1,4,16,100,90,0.05,5,20,5,False,False,88.849,6,1500,1448,1448,0,21,12914.142857142857,674,1080,False,False,35.342,6,1500,1448,1425,0,21,16799.85714285714,33,565,40,1037,5433,5539,5432,5541,1,19,76,07-25-202620:47:19,07-25-202620:48:58
VDSL,100,40,5,5,1,1,1,4,16,100,90,0.05,5,20,5,False,False,88.849,6,1500,1448,1448,0,21,13374.714285714286,607,999,False,False,35.195,6,1500,1448,1424,0,21,17022.285714285714,21,607,41,934,5434,5546,5430,5544,1,17,98,07-25-202621:24:30,07-25-202621:26:08
VDSL,100,40,5,5,1,1,1,4,16,100,90,0.05,5,20,5,False,False,88.824,6,1500,1448,1448,0,21,13264.57142857143,610,1099,False,False,35.324,6,1500,1448,1424,0,21,17698.428571428572,25,505,36,1023,5429,5555,5424,5547,1,18,19,07-25-202619:11:01,07-25-202619:12:39
VDSL,100,40,5,5,1,1,1,4,16,100,90,0.05,5,20,5,False,False,88.825,6,1500,1448,1448,0,21,13427.142857142857,591,1054,False,False,35.293,6,1500,1448,1424,0,21,16905,30,520,49,967,5420,5532,5417,5536,1,17,28,07-25-202619:26:13,07-25-202619:27:51
VDSL,100,40,5,5,1,1,1,4,16,100,90,0.05,5,20,5,False,False,88.875,6,1500,1448,1448,0,21,13487.57142857143,604,1002,False,False,35.621,6,1500,1448,1424,0,21,17593.14285714286,25,508,38,952,5422,5540,5419,5540,1,17,67,07-25-202620:32:07,07-25-202620:33:45
VDSL,100,40,5,5,1,1,1,4,16,100,90,0.05,5,20,5,False,False,88.874,6,1500,1448,1448,0,21,13282.42857142857,602,1062,False,False,35.247,6,1500,1448,1424,0,21,16717.285714285714,28,567,43,978,5435,5558,5434,5560,1,18,61,07-25-202620:21:58,07-25-202620:23:36
VDSL,100,40,5,5,1,1,1,4,16,100,90,0.05,5,20,5,False,False,88.849,6,1500,1448,1448,0,21,13312.285714285714,593,1036,False,False,35.643,6,1500,1448,1424,0,21,16789.571428571428,32,548,45,978,5431,5538,5431,5541,1,18,1,07-25-202618:40:36,07-25-202618:42:14
VDSL,100,40,5,5,1,1,1,4,16,100,90,0.05,5,20,5,False,False,88.849,6,1500,1448,1448,0,21,13151.857142857143,583,1056,False,False,35.295,6,1500,1448,1425,0,21,16782.285714285714,28,695,47,983,5425,5540,5423,5544,1,18,66,07-25-202620:30:25,07-25-202620:32:03
VDSL,100,40,5,5,1,1,1,4,16,100,90,0.05,5,20,5,False,False,88.824,6,1500,1448,1448,0,21,12852.42857142857,683,1133,False,False,35.223,6,1500,1448,1425,0,21,16910.285714285714,23,600,31,1074,5434,5538,5426,5533,1,19,40,07-25-202619:46:29,07-25-202619:48:07
VDSL,100,40,5,5,1,1,1,4,16,100,90,0.05,5,20,5,False,False,88.842,6,1500,1448,1448,0,21,13491,622,1000,False,False,35.569,6,1500,1448,1424,0,21,17507.428571428572,25,523,41,959,5421,5530,5421,5531,1,17,73,07-25-202620:42:15,07-25-202620:43:53
VDSL,100,40,5,5,1,1,1,4,16,100,90,0.05,5,20,5,False,False,88.819,6,1500,1448,1448,0,21,13665.42857142857,609,986,False,False,35.324,6,1500,1448,1425,0,21,16815.714285714286,24,506,35,947,5440,5542,5434,5540,1,17,49,07-25-202620:01:42,07-25-202620:03:20
VDSL,100,40,5,5,1,1,1,4,16,100,90,0.05,5,20,5,False,False,88.825,6,1500,1448,1448,0,21,13307,623,997,False,False,35.271,6,1500,1448,1425,0,21,17553.571428571428,29,605,42,943,5426,5542,5422,5544,1,17,60,07-25-202620:20:17,07-25-202620:21:55
VDSL,100,40,5,5,1,1,1,4,16,100,90,0.05,5,20,5,False,False,88.849,6,1500,1448,1448,0,21,13208.142857142857,576,1015,False,False,35.243,6,1500,1448,1424,0,21,17131.285714285714,26,536,44,988,5430,5537,5426,5536,1,18,41,07-25-202619:48:11,07-25-202619:49:49
VDSL,100,40,5,5,1,1,1,4,16,100,90,0.05,5,20,5,False,False,88.823,6,1500,1448,1448,0,21,13305.285714285714,587,1034,False,False,35.345,6,1500,1448,1425,0,21,16444.14285714286,28,582,41,988,5432,5553,5427,5539,1,18,10,07-25-202618:55:48,07-25-202618:57:26
VDSL,100,40,5,5,1,1,1,4,16,100,90,0.05,5,20,5,False,False,88.849,6,1500,1448,1448,0,21,13254.57142857143,603,939,False,False,35.224,6,1500,1448,1425,0,21,16907.428571428572,32,479,42,909,5420,5537,5425,5542,1,16,37,07-25-202619:41:25,07-25-202619:43:03
VDSL,100,40,5,5,1,1,1,4,16,100,90,0.05,5,20,5,False,False,88.849,6,1500,1448,1448,0,21,13316,601,1006,False,False,35.320,6,1500,1448,1424,0,21,16602.428571428572,29,642,47,933,5431,5534,5431,5534,1,17,100,07-25-202621:27:53,07-25-202621:29:31
VDSL,100,40,5,5,1,1,1,4,16,100,90,0.05,5,20,5,False,False,88.848,6,1500,1448,1448,0,21,13366.285714285714,594,1032,False,False,35.423,6,1500,1448,1425,0,21,17125.714285714286,27,546,39,968,5418,5534,5412,5536,1,17,35,07-25-202619:38:02,07-25-202619:39:40
VDSL,100,40,5,5,1,1,1,4,16,100,90,0.05,5,20,5,False,False,88.906,6,1500,1448,1448,0,21,13210.714285714286,597,1057,False,False,35.300,6,1500,1448,1424,0,21,15964.714285714286,30,616,39,983,5434,5548,5431,5552,1,18,11,07-25-202618:57:30,07-25-202618:59:08
VDSL,100,40,5,5,1,1,1,4,16,100,90,0.05,5,20,5,False,False,88.833,6,1500,1448,1448,0,21,13363.857142857143,587,1073,False,False,35.494,6,1500,1448,1425,0,21,17048.714285714286,30,535,46,995,5421,5529,5423,5532,1,18,94,07-25-202621:17:45,07-25-202621:19:23
VDSL,100,40,5,5,1,1,1,4,16,100,90,0.05,5,20,5,False,False,88.900,6,1500,1448,1448,0,21,13230,604,1047,False,False,35.399,6,1500,1448,1425,0,21,16653.428571428572,28,568,45,972,5430,5539,5423,5541,1,18,87,07-25-202621:05:55,07-25-202621:07:33
VDSL,100,40,5,5,1,1,1,4,16,100,90,0.05,5,20,5,False,False,88.798,6,1500,1448,1448,0,21,13199.142857142857,594,1012,False,False,35.194,6,1500,1448,1425,0,21,17130.14285714286,27,645,47,956,5439,5551,5434,5550,1,17,90,07-25-202621:10:59,07-25-202621:12:37
VDSL,100,40,5,5,1,1,1,4,16,100,90,0.05,5,20,5,False,False,88.823,6,1500,1448,1448,0,21,13172.142857142857,591,1079,False,False,35.194,6,1500,1448,1424,0,21,17318.714285714286,26,655,38,984,5424,5540,5418,5543,1,18,6,07-25-202618:49:03,07-25-202618:50:41
VDSL,100,40,5,5,1,1,1,4,16,100,90,0.05,5,20,5,False,False,88.849,6,1500,1448,1448,0,21,13157.857142857143,597,999,False,False,35.326,6,1500,1448,1424,0,21,17382,27,510,38,940,5432,5551,5430,5553,1,17,25,07-25-202619:21:09,07-25-202619:22:47
VDSL,100,40,5,5,1,1,1,4,16,100,90,0.05,5,20,5,False,False,88.849,6,1500,1448,1448,0,21,13093.714285714286,595,1120,False,False,35.248,6,1500,1448,1424,0,21,17033.714285714286,35,581,46,1021,5434,5542,5433,5543,1,18,65,07-25-202620:28:44,07-25-202620:30:22
VDSL,100,40,5,5,1,1,1,4,16,100,90,0.05,5,20,5,False,False,88.874,6,1500,1448,1448,0,21,13174.285714285714,591,1020,False,False,35.349,6,1500,1448,1425,0,21,17378.714285714286,31,535,41,996,5437,5548,5438,5550,1,18,54,07-25-202620:10:08,07-25-202620:11:46
VDSL,100,40,5,5,1,1,1,4,16,100,90,0.05,5,20,5,False,False,88.849,6,1500,1448,1448,0,21,13489.285714285714,608,1034,False,False,35.274,6,1500,1448,1424,0,21,16500.571428571428,33,648,53,959,5436,5545,5435,5544,1,17,39,07-25-202619:44:48,07-25-202619:46:26
VDSL,100,40,5,5,1,1,1,4,16,100,90,0.05,5,20,5,False,False,88.890,6,1500,1448,1448,0,21,13629.857142857143,579,1049,False,False,35.397,6,1500,1448,1424,0,21,16748.714285714286,27,614,56,986,5422,5541,5420,5545,1,18,3,07-25-202618:43:59,07-25-202618:45:37
VDSL,100,40,5,5,1,1,1,4,16,100,90,0.05,5,20,5,False,False,88.848,6,1500,1448,1448,0,21,13480.42857142857,581,943,False,False,35.374,6,1500,1448,1424,0,21,16489.14285714286,26,519,35,910,5434,5535,5429,5536,1,16,97,07-25-202621:22:49,07-25-202621:24:27
VDSL,100,40,5,5,1,1,1,4,16,100,90,0.05,5,20,5,False,False,88.872,6,1500,1448,1448,0,21,13153,604,1035,False,False,35.320,6,1500,1448,1424,0,21,17171.14285714286,26,519,38,977,5424,5537,5432,5541,1,18,33,07-25-202619:34:40,07-25-202619:36:18
VDSL,100,40,5,5,1,1,1,4,16,100,90,0.05,5,20,5,False,False,88.849,6,1500,1448,1448,0,21,13387.714285714286,607,1017,False,False,35.424,6,1500,1448,1425,0,21,16727.285714285714,33,402,43,954,5421,5535,5417,5540,1,17,47,07-25-202619:58:19,07-25-202619:59:57
VDSL,100,40,5,5,1,1,1,4,16,100,90,0.05,5,20,5,False,False,88.849,6,1500,1448,1448,0,21,13100.42857142857,585,1028,False,False,35.400,6,1500,1448,1425,0,21,16519.428571428572,25,637,35,956,5419,5536,5420,5540,1,17,96,07-25-202621:21:07,07-25-202621:22:46
VDSL,100,40,5,5,1,1,1,4,16,100,90,0.05,5,20,5,False,False,88.850,6,1500,1448,1448,0,21,13148.714285714286,612,1089,False,False,35.399,6,1500,1448,1425,0,21,16666.14285714286,28,438,43,999,5439,5544,5437,5542,1,18,72,07-25-202620:40:34,07-25-202620:42:12
VDSL,100,40,5,5,1,1,1,4,16,100,90,0.05,5,20,5,False,False,88.823,6,1500,1448,1448,0,21,13282.142857142857,619,1027,False,False,35.569,6,1500,1448,1425,0,21,16903,32,636,45,968,5432,5544,5437,5545,1,17,16,07-25-202619:05:57,07-25-202619:07:35
VDSL,100,40,5,5,1,1,1,4,16,100,90,0.05,5,20,5,False,False,88.823,6,1500,1448,1448,0,21,13202.285714285714,607,1005,False,False,35.173,6,1500,1448,1425,0,21,17278.285714285714,26,500,42,957,5431,5539,5424,5541,1,17,8,07-25-202618:52:26,07-25-202618:54:04
VDSL,100,40,5,5,1,1,1,4,16,100,90,0.05,5,20,5,False,False,88.849,6,1500,1448,1448,0,21,13323.857142857143,576,1082,False,False,35.224,6,1500,1448,1425,0,21,16803.428571428572,36,662,44,979,5435,5538,5431,5540,1,18,14,07-25-202619:02:34,07-25-202619:04:12
VDSL,100,40,5,5,1,1,1,4,16,100,90,0.05,5,20,5,False,False,88.824,6,1500,1448,1448,0,21,13293.857142857143,593,1020,False,False,35.225,6,1500,1448,1424,0,21,16961.571428571428,30,485,39,948,5424,5531,5426,5536,1,17,82,07-25-202620:57:28,07-25-202620:59:07
VDSL,100,40,5,5,1,1,1,4,16,100,90,0.05,5,20,5,False,False,88.848,6,1500,1448,1448,0,21,12712.857142857143,621,1054,False,False,35.243,6,1500,1448,1425,0,21,16598.285714285714,29,558,41,1011,5430,5544,5427,5546,1,18,45,07-25-202619:54:56,07-25-202619:56:34
VDSL,100,40,5,5,1,1,1,4,16,100,90,0.05,5,20,5,False,False,88.873,6,1500,1448,1448,0,21,13684.857142857143,609,1112,False,False,35.421,6,1500,1448,1425,0,21,16898.571428571428,26,611,36,1007,5429,5534,5426,5537,1,18,43,07-25-202619:51:34,07-25-202619:53:12
VDSL,100,40,5,5,1,1,1,4,16,100,90,0.05,5,20,5,False,False,88.849,6,1500,1448,1448,0,21,13340.142857142857,607,1021,False,False,35.319,6,1500,1448,1425,0,21,16154.714285714286,26,500,40,945,5428,5545,5427,5546,1,17,83,07-25-202620:59:10,07-25-202621:00:48
VDSL,100,40,5,5,1,1,1,4,16,100,90,0.05,5,20,5,False,False,88.849,6,1500,1448,1448,0,21,12901.42857142857,677,1126,False,False,35.347,6,1500,1448,1424,0,21,16959.285714285714,26,445,38,1060,5429,5542,5424,5544,1,19,63,07-25-202620:25:21,07-25-202620:26:59
VDSL,100,40,5,5,1,1,1,4,16,100,90,0.05,5,20,5,False,False,88.933,6,1500,1448,1448,0,21,13203.285714285714,618,1031,False,False,35.350,6,1500,1448,1425,0,21,17152.285714285714,23,622,34,966,5431,5544,5424,5546,1,17,80,07-25-202620:54:05,07-25-202620:55:43
VDSL,100,40,5,5,1,1,1,4,16,100,90,0.05,5,20,5,False,False,88.823,6,1500,1448,1448,0,21,12734.285714285714,666,1104,False,False,35.274,6,1500,1448,1425,0,21,17710.85714285714,28,505,37,1041,5429,5539,5428,5542,1,19,59,07-25-202620:18:35,07-25-202620:20:14
VDSL,100,40,5,5,1,1,1,4,16,100,90,0.05,5,20,5,False,False,88.898,6,1500,1448,1448,0,21,13322.142857142857,592,955,False,False,35.221,6,1500,1448,1425,0,21,17966,29,466,46,912,5420,5533,5415,5531,1,16,15,07-25-202619:04:15,07-25-202619:05:53
VDSL,100,40,5,5,1,1,1,4,16,100,90,0.05,5,20,5,False,False,88.848,6,1500,1448,1448,0,21,13292.57142857143,589,1057,False,False,35.399,6,1500,1448,1425,0,21,17200.571428571428,29,427,52,991,5425,5531,5422,5530,1,18,71,07-25-202620:38:52,07-25-202620:40:30
VDSL,100,40,5,5,1,1,1,4,16,100,90,0.05,5,20,5,False,False,88.824,6,1500,1448,1448,0,21,12753.285714285714,696,1144,False,False,35.342,6,1500,1448,1424,0,21,17494.85714285714,33,566,41,1081,5439,5543,5439,5545,1,19,42,07-25-202619:49:52,07-25-202619:51:30
VDSL,100,40,5,5,1,1,1,4,16,100,90,0.05,5,20,5,False,False,88.898,6,1500,1448,1448,0,21,13163.285714285714,598,1012,False,False,35.198,6,1500,1448,1425,0,21,16609.571428571428,33,468,44,939,5424,5528,5423,5531,1,17,51,07-25-202620:05:04,07-25-202620:06:42
VDSL,100,40,5,5,1,1,1,4,16,100,90,0.05,5,20,5,False,False,88.874,6,1500,1448,1448,0,21,13269.285714285714,603,992,False,False,35.548,6,1500,1448,1425,0,21,17473.571428571428,29,545,43,920,5433,5547,5427,5543,1,17,57,07-25-202620:15:13,07-25-202620:16:51
VDSL,100,40,5,5,1,1,1,4,16,100,90,0.05,5,20,5,False,False,88.845,6,1500,1448,1448,0,21,13291.42857142857,605,1056,False,False,35.323,6,1500,1448,1425,0,21,17111.285714285714,30,552,38,999,5428,5542,5425,5544,1,18,88,07-25-202621:07:37,07-25-202621:09:15
VDSL,100,40,5,5,1,1,1,4,16,100,90,0.05,5,20,5,False,False,88.874,6,1500,1448,1448,0,21,13522,586,966,False,False,35.596,6,1500,1448,1425,0,21,17147,29,535,39,937,5427,5543,5432,5543,1,17,4,07-25-202618:45:40,07-25-202618:47:18
VDSL,100,40,5,5,1,1,1,4,16,100,90,0.05,5,20,5,False,False,88.798,6,1500,1448,1448,0,21,12909.142857142857,675,1088,False,False,35.421,6,1500,1448,1424,0,21,17167,28,580,48,1037,5427,5537,5426,5541,1,19,12,07-25-202618:59:11,07-25-202619:00:49
VDSL mnp,100,40,5,5,1,1,1,4,12,100,90,0.05,5,20,5,True,True,88.875,12,1500,1448,1448,0,36,14354.166666666666,429,843,True,False,34.735,12,1500,1448,1425,0,36,20693.416666666668,54,491,54,761,5407,5555,5390,5556,1,14,79,07-26-202608:33:47,07-26-202608:34:33
VDSL mnp,100,40,5,5,1,1,1,4,12,100,90,0.05,5,20,5,True,True,88.621,12,1500,1448,1448,0,36,14403.416666666666,418,792,True,False,34.481,12,1500,1448,1424,0,36,20857.5,42,467,43,733,5412,5542,5412,5544,1,13,50,07-26-202608:08:56,07-26-202608:09:44
VDSL mnp,100,40,5,5,1,1,1,4,12,100,90,0.05,5,20,5,True,True,89.116,12,1500,1448,1448,0,36,14187.916666666666,432,801,True,False,35.587,12,1500,1448,1424,0,36,20814.333333333332,43,566,49,733,5427,5554,5426,5556,1,13,23,07-26-202607:45:49,07-26-202607:46:37
VDSL mnp,100,40,5,5,1,1,1,4,12,100,90,0.05,5,20,5,True,True,88.622,12,1500,1448,1448,0,36,13978,436,880,True,False,35.337,12,1500,1448,1425,0,36,21128.083333333332,37,464,41,786,5439,5551,5435,5551,1,14,68,07-26-202608:24:27,07-26-202608:25:14
VDSL mnp,100,40,5,5,1,1,1,4,12,100,90,0.05,5,20,5,True,True,88.742,12,1500,1448,1448,0,36,14574.416666666666,453,820,True,False,35.610,12,1500,1448,1425,0,36,20950.166666666668,46,509,45,748,5406,5545,5343,5547,1,13,92,07-26-202608:44:54,07-26-202608:45:40
VDSL mnp,100,40,5,5,1,1,1,4,12,100,90,0.05,5,20,5,True,True,88.994,12,1500,1448,1448,0,36,14443.083333333334,406,860,True,False,35.125,12,1500,1448,1425,0,36,20906.666666666668,46,429,50,761,5419,5543,5421,5543,1,14,95,07-26-202608:47:28,07-26-202608:48:15
VDSL mnp,100,40,5,5,1,1,1,4,12,100,90,0.05,5,20,5,True,True,88.867,12,1500,1448,1448,0,36,14472.25,409,791,True,False,35.724,12,1500,1448,1424,0,36,21006.833333333332,51,434,38,731,5409,5551,5409,5554,1,13,46,07-26-202608:05:33,07-26-202608:06:21
VDSL mnp,100,40,5,5,1,1,1,4,12,100,90,0.05,5,20,5,True,True,88.990,12,1500,1448,1448,0,36,14325.75,402,746,True,False,35.621,12,1500,1448,1424,0,36,20991.75,44,559,48,679,5415,5546,5406,5550,1,12,93,07-26-202608:45:43,07-26-202608:46:32
VDSL mnp,100,40,5,5,1,1,1,4,12,100,90,0.05,5,20,5,True,True,89.117,12,1500,1448,1448,0,36,14291,418,811,True,False,35.115,12,1500,1448,1424,0,36,20573.916666666668,44,507,66,747,5420,5546,5412,5540,1,13,17,07-26-202607:40:46,07-26-202607:41:35
VDSL mnp,100,40,5,5,1,1,1,4,12,100,90,0.05,5,20,5,True,True,88.992,12,1500,1448,1448,0,36,14437.916666666666,411,786,True,False,35.495,12,1500,1448,1424,0,36,20495.25,53,508,59,731,5409,5547,5409,5549,1,13,29,07-26-202607:50:57,07-26-202607:51:46
VDSL mnp,100,40,5,5,1,1,1,4,12,100,90,0.05,5,20,5,True,True,88.741,12,1500,1448,1448,0,36,14480.916666666666,404,817,True,False,35.967,12,1500,1448,1424,0,36,21380.916666666668,44,531,71,741,5425,5543,5407,5542,1,13,20,07-26-202607:43:20,07-26-202607:44:09
VDSL mnp,100,40,5,5,1,1,1,4,12,100,90,0.05,5,20,5,True,True,88.997,12,1500,1448,1448,0,36,14266.75,401,818,True,False,36.490,12,1500,1448,1425,0,36,20809.666666666668,52,433,50,748,5435,5558,5429,5559,1,13,31,07-26-202607:52:41,07-26-202607:53:30
VDSL mnp,100,40,5,5,1,1,1,4,12,100,90,0.05,5,20,5,True,True,88.602,12,1500,1448,1448,0,36,14351.583333333334,434,828,True,False,35.604,12,1500,1448,1424,0,36,20990.916666666668,54,468,59,757,5419,5547,5412,5542,1,14,84,07-26-202608:38:00,07-26-202608:38:47
VDSL mnp,100,40,5,5,1,1,1,4,12,100,90,0.05,5,20,5,True,True,88.977,12,1500,1448,1448,0,36,14474.666666666666,420,845,True,False,35.493,12,1500,1448,1425,0,36,21101.5,42,493,49,765,5412,5540,5404,5542,1,14,13,07-26-202607:37:25,07-26-202607:38:13
VDSL mnp,100,40,5,5,1,1,1,4,12,100,90,0.05,5,20,5,True,True,89.120,12,1500,1448,1448,0,36,14248.5,412,774,True,False,34.492,12,1500,1448,1425,0,36,21246.583333333332,40,546,52,716,5418,5530,5420,5533,1,13,62,07-26-202608:19:13,07-26-202608:20:05
VDSL mnp,100,40,5,5,1,1,1,4,12,100,90,0.05,5,20,5,True,True,88.998,12,1500,1448,1448,0,36,14353.75,403,794,True,False,35.994,12,1500,1448,1425,0,36,21206.166666666668,34,510,46,728,5421,5537,5417,5541,1,13,75,07-26-202608:30:23,07-26-202608:31:12
VDSL mnp,100,40,5,5,1,1,1,4,12,100,90,0.05,5,20,5,True,True,89.121,12,1500,1448,1448,0,36,14413.083333333334,405,808,True,False,35.114,12,1500,1448,1425,0,36,21307.583333333332,46,403,45,739,5428,5555,5433,5558,1,13,9,07-26-202607:34:05,07-26-202607:34:54
VDSL mnp,100,40,5,5,1,1,1,4,12,100,90,0.05,5,20,5,True,True,89.115,12,1500,1448,1448,0,36,14294.333333333334,411,790,True,False,35.105,12,1500,1448,1425,0,36,21395.166666666668,71,448,63,721,5428,5553,5421,5551,1,13,44,07-26-202608:03:50,07-26-202608:04:38
VDSL mnp,100,40,5,5,1,1,1,4,12,100,90,0.05,5,20,5,True,True,89.248,12,1500,1448,1448,0,36,14342.583333333334,410,838,True,False,35.369,12,1500,1448,1424,0,36,21195.333333333332,46,472,59,770,5414,5539,5414,5541,1,14,48,07-26-202608:07:15,07-26-202608:08:04
VDSL mnp,100,40,5,5,1,1,1,4,12,100,90,0.05,5,20,5,True,True,89.241,12,1500,1448,1448,0,36,14340.666666666666,417,794,True,False,34.119,12,1500,1448,1425,0,36,21264.25,49,465,56,711,5434,5553,5421,5554,1,13,99,07-26-202608:50:51,07-26-202608:51:41
VDSL mnp,100,40,5,5,1,1,1,4,12,100,90,0.05,5,20,5,True,True,89.001,12,1500,1448,1448,0,36,14272.25,422,792,True,False,34.844,12,1500,1448,1424,0,36,20880.75,41,530,50,736,5435,5556,5415,5558,1,13,56,07-26-202608:14:03,07-26-202608:14:51
VDSL mnp,100,40,5,5,1,1,1,4,12,100,90,0.05,5,20,5,True,True,88.988,12,1500,1448,1448,0,36,14305.25,414,780,True,False,35.230,12,1500,1448,1425,0,36,20871.333333333332,48,302,50,711,5418,5545,5411,5527,1,13,32,07-26-202607:53:33,07-26-202607:54:25
VDSL mnp,100,40,5,5,1,1,1,4,12,100,90,0.05,5,20,5,True,True,88.614,12,1500,1448,1448,0,36,14262.583333333334,424,872,True,False,36.367,12,1500,1448,1425,0,36,21407.75,57,262,72,783,5433,5557,5432,5556,1,14,78,07-26-202608:32:57,07-26-202608:33:44
VDSL mnp,100,40,5,5,1,1,1,4,12,100,90,0.05,5,20,5,True,True,88.749,12,1500,1448,1448,0,36,14417.916666666666,424,790,True,False,35.618,12,1500,1448,1425,0,36,20435.833333333332,41,325,44,729,5423,5547,5405,5544,1,13,38,07-26-202607:58:41,07-26-202607:59:29
VDSL mnp,100,40,5,5,1,1,1,4,12,100,90,0.05,5,20,5,True,True,88.989,12,1500,1448,1448,0,36,14381.833333333334,407,810,True,False,35.713,12,1500,1448,1425,0,36,21190,51,535,49,756,5439,5557,5431,5558,1,14,26,07-26-202607:48:22,07-26-202607:49:11
VDSL mnp,100,40,5,5,1,1,1,4,12,100,90,0.05,5,20,5,True,True,88.740,12,1500,1448,1448,0,36,14241.75,402,797,True,False,35.087,12,1500,1448,1425,0,36,21284.5,48,457,45,731,5431,5552,5430,5554,1,13,69,07-26-202608:25:17,07-26-202608:26:05
VDSL mnp,100,40,5,5,1,1,1,4,12,100,90,0.05,5,20,5,True,True,89.236,12,1500,1448,1448,0,36,14463.916666666666,400,787,True,False,36.092,12,1500,1448,1425,0,36,20605.416666666668,62,482,75,735,5422,5548,5411,5551,1,13,34,07-26-202607:55:19,07-26-202607:56:08
VDSL mnp,100,40,5,5,1,1,1,4,12,100,90,0.05,5,20,5,True,True,88.839,12,1500,1448,1448,0,36,14287.333333333334,405,788,True,False,35.246,12,1500,1448,1425,0,36,21155.75,41,526,57,736,5410,5542,5406,5546,1,13,58,07-26-202608:15:48,07-26-202608:16:37
VDSL mnp,100,40,5,5,1,1,1,4,12,100,90,0.05,5,20,5,True,True,89.249,12,1500,1448,1448,0,36,14030.5,447,838,True,False,35.244,12,1500,1448,1424,0,36,21031,62,447,51,752,5421,5542,5416,5545,1,14,30,07-26-202607:51:49,07-26-202607:52:37
VDSL mnp,100,40,5,5,1,1,1,4,12,100,90,0.05,5,20,5,True,True,88.988,12,1500,1448,1448,0,36,13939.666666666666,450,857,True,False,34.596,12,1500,1448,1425,0,36,21068.666666666668,35,425,42,770,5436,5538,5434,5538,1,14,70,07-26-202608:26:08,07-26-202608:26:55
VDSL mnp,100,40,5,5,1,1,1,4,12,100,90,0.05,5,20,5,True,True,88.765,12,1500,1448,1448,0,36,14388.916666666666,428,827,True,False,35.245,12,1500,1448,1425,0,36,21226.083333333332,52,468,59,747,5418,5544,5414,5541,1,13,24,07-26-202607:46:41,07-26-202607:47:29
VDSL mnp,100,40,5,5,1,1,1,4,12,100,90,0.05,5,20,5,True,True,88.990,12,1500,1448,1448,0,36,14279.5,412,847,True,False,35.874,12,1500,1448,1425,0,36,20946.083333333332,49,454,53,751,5409,5529,5410,5532,1,14,52,07-26-202608:10:39,07-26-202608:11:28
VDSL mnp,100,40,5,5,1,1,1,4,12,100,90,0.05,5,20,5,True,True,88.992,12,1500,1448,1448,0,36,14343.083333333334,427,795,True,False,35.717,12,1500,1448,1424,0,36,20532.5,39,552,42,729,5436,5546,5431,5546,1,13,36,07-26-202607:56:58,07-26-202607:57:46
VDSL mnp,100,40,5,5,1,1,1,4,12,100,90,0.05,5,20,5,True,True,88.992,12,1500,1448,1448,0,36,14455.416666666666,386,792,True,False,35.359,12,1500,1448,1425,0,36,21557.166666666668,42,464,50,744,5436,5542,5433,5543,1,13,2,07-26-202607:28:04,07-26-202607:28:52
VDSL mnp,100,40,5,5,1,1,1,4,12,100,90,0.05,5,20,5,True,True,88.993,12,1500,1448,1448,0,36,14250.583333333334,410,760,True,False,35.485,12,1500,1448,1425,0,36,20862.416666666668,44,415,41,706,5409,5554,5407,5557,1,13,5,07-26-202607:30:36,07-26-202607:31:25
VDSL mnp,100,40,5,5,1,1,1,4,12,100,90,0.05,5,20,5,True,False,88.994,12,1500,1448,1448,0,36,14335.083333333334,403,811,True,False,35.090,12,1500,1448,1424,0,36,21039.5,44,498,49,730,5403,5551,5396,5554,1,13,89,07-26-202608:42:16,07-26-202608:43:10
VDSL mnp,100,40,5,5,1,1,1,4,12,100,90,0.05,5,20,5,True,True,88.994,12,1500,1448,1448,0,36,14287.833333333334,411,848,True,False,35.120,12,1500,1448,1425,0,36,20766.166666666668,49,436,55,761,5414,5553,5412,5558,1,14,74,07-26-202608:29:31,07-26-202608:30:20
VDSL mnp,100,40,5,5,1,1,1,4,12,100,90,0.05,5,20,5,True,True,88.992,12,1500,1448,1448,0,36,14274.166666666666,431,843,True,False,35.856,12,1500,1448,1424,0,36,20869.416666666668,37,520,51,767,5418,5551,5408,5555,1,14,91,07-26-202608:44:04,07-26-202608:44:51
VDSL mnp,100,40,5,5,1,1,1,4,12,100,90,0.05,5,20,5,True,True,88.870,12,1500,1448,1448,0,36,14386.083333333334,434,894,True,False,34.355,12,1500,1448,1424,0,36,20618,51,474,48,799,5418,5539,5386,5540,1,14,53,07-26-202608:11:31,07-26-202608:12:17
VDSL mnp,100,40,5,5,1,1,1,4,12,100,90,0.05,5,20,5,True,True,89.247,12,1500,1448,1448,0,36,14036.083333333334,448,843,True,False,35.738,12,1500,1448,1425,0,36,21006.666666666668,44,502,52,763,5422,5543,5411,5544,1,14,21,07-26-202607:44:12,07-26-202607:44:59
VDSL mnp,100,40,5,5,1,1,1,4,12,100,90,0.05,5,20,5,True,True,88.871,12,1500,1448,1448,0,36,14402.083333333334,411,852,True,False,35.717,12,1500,1448,1425,0,36,20455.75,51,388,50,756,5413,5560,5405,5565,1,14,55,07-26-202608:13:13,07-26-202608:14:00
VDSL mnp,100,40,5,5,1,1,1,4,12,100,90,0.05,5,20,5,True,True,89.242,12,1500,1448,1448,0,36,14292.666666666666,425,813,True,False,34.740,12,1500,1448,1425,0,36,21088.5,45,512,46,757,5414,5556,5384,5560,1,14,27,07-26-202607:49:14,07-26-202607:50:01
VDSL mnp,100,40,5,5,1,1,1,4,12,100,90,0.05,5,20,5,True,True,88.733,12,1500,1448,1448,0,36,14348.583333333334,407,819,True,False,35.089,12,1500,1448,1425,0,36,21271.083333333332,53,384,49,740,5402,5531,5390,5532,1,13,77,07-26-202608:32:05,07-26-202608:32:54
VDSL mnp,100,40,5,5,1,1,1,4,12,100,90,0.05,5,20,5,True,True,88.993,12,1500,1448,1448,0,36,14012.916666666666,434,837,True,False,35.240,12,1500,1448,1425,0,36,20974.666666666668,66,385,92,784,5425,5556,5419,5552,2,14,85,07-26-202608:38:50,07-26-202608:39:39
VDSL mnp,100,40,5,5,1,1,1,4,12,100,90,0.05,5,20,5,True,True,88.969,12,1500,1448,1448,0,36,14001.75,421,842,True,False,35.863,12,1500,1448,1425,1,36,21324.666666666668,65,476,51,762,5420,5549,5407,5551,1,14,86,07-26-202608:39:43,07-26-202608:40:32
VDSL mnp,100,40,5,5,1,1,1,4,12,100,90,0.05,5,20,5,True,True,88.865,12,1500,1448,1448,0,36,14278.416666666666,408,794,True,False,34.984,12,1500,1448,1425,0,36,20805.416666666668,35,468,64,737,5436,5556,5432,5559,1,13,18,07-26-202607:41:38,07-26-202607:42:27
VDSL mnp,100,40,5,5,1,1,1,4,12,100,90,0.05,5,20,5,True,True,88.872,11,1500,1448,1448,0,33,14104.818181818182,523,946,True,False,34.849,12,1500,1448,1424,0,36,21217.416666666668,56,451,61,857,5422,5547,5406,5540,1,15,22,07-26-202607:45:02,07-26-202607:45:46
VDSL mnp,100,40,5,5,1,1,1,4,12,100,90,0.05,5,20,5,True,True,88.737,12,1500,1448,1448,0,36,14386.5,412,806,True,False,35.621,12,1500,1448,1425,0,36,21107.083333333332,36,505,33,753,5417,5551,5411,5557,1,14,81,07-26-202608:35:28,07-26-202608:36:16
VDSL mnp,100,40,5,5,1,1,1,4,12,100,90,0.05,5,20,5,True,True,89.119,12,1500,1448,1448,0,36,14347.916666666666,406,820,True,False,36.117,12,1500,1448,1425,0,36,21434,46,508,54,743,5424,5552,5422,5555,1,13,64,07-26-202608:21:04,07-26-202608:21:52
VDSL mnp,100,40,5,5,1,1,1,4,12,100,90,0.05,5,20,5,True,False,88.819,12,1500,1448,1448,0,36,14372.5,401,764,True,False,35.235,12,1500,1448,1424,0,36,20917.25,41,468,45,708,5424,5556,5417,5558,1,13,7,07-26-202607:32:18,07-26-202607:33:11
VDSL mnp,100,40,5,5,1,1,1,4,12,100,90,0.05,5,20,5,True,True,88.742,12,1500,1448,1448,0,36,14337.083333333334,457,899,True,False,35.506,12,1500,1448,1424,0,36,21166.666666666668,40,512,49,800,5420,5539,5408,5541,1,14,76,07-26-202608:31:15,07-26-202608:32:01
VDSL mnp,100,40,5,5,1,1,1,4,12,100,90,0.05,5,20,5,True,True,88.618,12,1500,1448,1448,0,36,14307.333333333334,438,875,True,False,35.112,12,1500,1448,1425,0,36,20853.416666666668,48,392,63,794,5410,5539,5411,5542,1,14,98,07-26-202608:50:02,07-26-202608:50:48
VDSL mnp,100,40,5,5,1,1,1,4,12,100,90,0.05,5,20,5,True,True,88.614,12,1500,1448,1448,0,36,14363.75,425,829,True,False,35.091,12,1500,1448,1424,0,36,20709.583333333332,47,499,66,780,5419,5535,5417,5538,1,14,19,07-26-202607:42:30,07-26-202607:43:17
VDSL mnp,100,40,5,5,1,1,1,4,12,100,90,0.05,5,20,5,True,True,89.122,12,1500,1448,1448,0,36,14362.25,429,793,True,False,35.746,12,1500,1448,1425,0,36,20785.666666666668,38,592,42,726,5434,5550,5432,5551,1,13,28,07-26-202607:50:05,07-26-202607:50:54
VDSL mnp,100,40,5,5,1,1,1,4,12,100,90,0.05,5,20,5,True,True,88.992,12,1500,1448,1448,0,36,14474.5,414,841,True,False,34.463,12,1500,1448,1425,0,36,20890.916666666668,53,514,42,769,5425,5536,5412,5539,1,14,67,07-26-202608:23:36,07-26-202608:24:23
VDSL mnp,100,40,5,5,1,1,1,4,12,100,90,0.05,5,20,5,True,True,88.744,12,1500,1448,1448,0,36,14260.25,414,857,True,False,35.236,12,1500,1448,1425,0,36,21475.75,47,369,55,785,5428,5544,5408,5544,1,14,61,07-26-202608:18:21,07-26-202608:19:09
VDSL mnp,100,40,5,5,1,1,1,4,12,100,90,0.05,5,20,5,True,True,88.747,12,1500,1448,1448,0,36,14474.166666666666,437,805,True,False,34.355,12,1500,1448,1425,0,36,21355,59,393,64,724,5425,5554,5419,5557,1,13,1,07-26-202607:27:12,07-26-202607:28:01
VDSL mnp,100,40,5,5,1,1,1,4,12,100,90,0.05,5,20,5,True,True,88.738,12,1500,1448,1448,0,36,14171.25,438,834,True,False,34.860,12,1500,1448,1425,0,36,20875.416666666668,34,374,51,757,5423,5542,5424,5543,1,14,66,07-26-202608:22:45,07-26-202608:23:33
VDSL mnp,100,40,5,5,1,1,1,4,12,100,90,0.05,5,20,5,True,True,88.492,12,1500,1448,1448,0,36,14178.166666666666,431,820,True,False,36.000,12,1500,1448,1425,0,37,20784.916666666668,49,566,55,757,5426,5553,5432,5556,1,14,40,07-26-202608:00:25,07-26-202608:01:15
VDSL mnp,100,40,5,5,1,1,1,4,12,100,90,0.05,5,20,5,True,True,89.116,12,1500,1448,1448,0,36,14340.916666666666,418,816,True,False,34.735,12,1500,1448,1423,0,36,21261.166666666668,53,444,54,745,5400,5539,5379,5540,1,13,73,07-26-202608:28:41,07-26-202608:29:28
VDSL mnp,100,40,5,5,1,1,1,4,12,100,90,0.05,5,20,5,True,True,88.870,12,1500,1448,1448,0,36,14264.75,497,914,True,False,35.495,12,1500,1448,1425,0,36,20880.166666666668,39,510,53,823,5428,5556,5428,5559,1,15,49,07-26-202608:08:07,07-26-202608:08:52
VDSL mnp,100,40,5,5,1,1,1,4,12,100,90,0.05,5,20,5,True,True,89.113,12,1500,1448,1448,0,36,14307.5,417,863,True,False,34.869,12,1500,1448,1424,0,36,21233,58,457,67,777,5441,5539,5433,5540,1,14,60,07-26-202608:17:31,07-26-202608:18:18
VDSL mnp,100,40,5,5,1,1,1,4,12,100,90,0.05,5,20,5,True,True,88.747,12,1500,1448,1448,0,36,14487.25,408,830,True,False,35.473,12,1500,1448,1424,0,36,20706.25,52,320,50,750,5423,5541,5397,5543,1,14,41,07-26-202608:01:18,07-26-202608:02:05
VDSL mnp,100,40,5,5,1,1,1,4,12,100,90,0.05,5,20,5,True,True,88.997,12,1500,1448,1448,0,36,13853.25,473,877,True,False,36.249,12,1500,1448,1425,0,36,20903.833333333332,50,481,51,776,5426,5553,5424,5556,1,14,10,07-26-202607:34:57,07-26-202607:35:44
VDSL mnp,100,40,5,5,1,1,1,4,12,100,90,0.05,5,20,5,True,True,89.108,12,1500,1448,1448,0,36,14439.833333333334,411,815,True,False,34.974,12,1500,1448,1424,0,36,20635.333333333332,43,474,57,743,5428,5556,5410,5552,1,13,37,07-26-202607:57:49,07-26-202607:58:38
VDSL mnp,100,40,5,5,1,1,1,4,12,100,90,0.05,5,20,5,True,True,89.310,12,1500,1448,1448,0,36,14317.583333333334,434,819,True,False,35.104,12,1500,1448,1425,0,36,20937.083333333332,57,488,75,763,5419,5543,5411,5545,1,14,100,07-26-202608:51:44,07-26-202608:52:31
VDSL mnp,100,40,5,5,1,1,1,4,12,100,90,0.05,5,20,5,True,True,88.868,11,1500,1448,1448,0,33,13861.454545454546,522,1009,True,False,35.115,12,1500,1448,1424,0,36,21124.083333333332,46,546,45,878,5436,5560,5431,5562,1,16,35,07-26-202607:56:11,07-26-202607:56:55
VDSL mnp,100,40,5,5,1,1,1,4,12,100,90,0.05,5,20,5,True,True,88.616,12,1500,1448,1448,0,36,14161.083333333334,442,838,True,False,35.371,12,1500,1448,1424,0,36,20856.666666666668,82,495,52,776,5428,5542,5421,5542,1,14,11,07-26-202607:35:47,07-26-202607:36:34
VDSL mnp,100,40,5,5,1,1,1,4,12,100,90,0.05,5,20,5,True,True,89.121,12,1500,1448,1448,0,36,14346.833333333334,407,814,True,False,35.099,12,1500,1448,1425,0,36,21241.916666666668,38,452,41,735,5425,5537,5415,5537,1,13,94,07-26-202608:46:36,07-26-202608:47:25
VDSL mnp,100,40,5,5,1,1,1,4,12,100,90,0.05,5,20,5,True,True,88.872,12,1500,1448,1448,0,36,14714.333333333334,427,823,True,False,35.233,12,1500,1448,1424,0,36,20825.333333333332,58,369,71,760,5412,5538,5408,5541,1,14,87,07-26-202608:40:35,07-26-202608:41:23
VDSL mnp,100,40,5,5,1,1,1,4,12,100,90,0.05,5,20,5,True,True,89.487,12,1500,1448,1448,0,36,14330.75,416,846,True,False,35.613,12,1500,1448,1424,0,36,21185.666666666668,37,490,42,774,5401,5540,5375,5543,1,14,90,07-26-202608:43:13,07-26-202608:44:01
VDSL mnp,100,40,5,5,1,1,1,4,12,100,90,0.05,5,20,5,True,True,88.993,12,1500,1448,1448,0,36,14386.916666666666,416,873,True,False,35.123,12,1500,1448,1424,0,36,20815,53,401,64,778,5412,5542,5410,5539,1,14,6,07-26-202607:31:28,07-26-202607:32:15
VDSL mnp,100,40,5,5,1,1,1,4,12,100,90,0.05,5,20,5,True,True,88.873,12,1500,1448,1448,0,36,14302.166666666666,448,831,True,False,35.368,12,1500,1448,1425,0,36,21062.666666666668,55,512,61,758,5432,5553,5427,5555,1,14,25,07-26-202607:47:32,07-26-202607:48:19
VDSL mnp,100,40,5,5,1,1,1,4,12,100,90,0.05,5,20,5,True,True,89.003,12,1500,1448,1448,0,36,14341.75,441,842,True,False,34.999,12,1500,1448,1424,0,36,21000.25,40,433,41,761,5419,5552,5422,5556,1,14,65,07-26-202608:21:55,07-26-202608:22:42
VDSL mnp,100,40,5,5,1,1,1,4,12,100,90,0.05,5,20,5,True,True,89.120,12,1500,1448,1448,0,36,14307.083333333334,411,815,True,False,35.352,12,1500,1448,1424,0,36,21123.166666666668,68,406,78,746,5415,5547,5397,5549,1,13,54,07-26-202608:12:21,07-26-202608:13:10
VDSL mnp,100,40,5,5,1,1,1,4,12,100,90,0.05,5,20,5,True,True,88.739,12,1500,1448,1448,0,36,14458.25,408,738,True,False,35.871,12,1500,1448,1425,0,36,21108.833333333332,43,471,43,696,5422,5547,5418,5550,1,13,39,07-26-202607:59:32,07-26-202608:00:21
VDSL mnp,100,40,5,5,1,1,1,4,12,100,90,0.05,5,20,5,True,True,88.998,12,1500,1448,1448,0,36,14324.5,406,789,True,False,34.625,12,1500,1448,1425,0,36,21038,45,468,44,730,5411,5560,5368,5564,1,13,3,07-26-202607:28:55,07-26-202607:29:43
VDSL mnp,100,40,5,5,1,1,1,4,12,100,90,0.05,5,20,5,True,True,88.994,12,1500,1448,1448,0,36,14406.916666666666,411,784,True,False,35.609,12,1500,1448,1424,0,36,21138.333333333332,46,470,50,717,5418,5556,5426,5559,1,13,97,07-26-202608:49:10,07-26-202608:49:59
VDSL mnp,100,40,5,5,1,1,1,4,12,100,90,0.05,5,20,5,True,True,89.121,12,1500,1448,1448,0,36,14341.083333333334,433,815,True,False,34.846,12,1500,1448,1425,0,36,20730.166666666668,42,490,47,730,5422,5557,5384,5558,1,13,33,07-26-202607:54:28,07-26-202607:55:16
VDSL mnp,100,40,5,5,1,1,1,4,12,100,90,0.05,5,20,5,True,True,89.113,12,1500,1448,1448,0,36,14261.583333333334,421,819,True,False,35.619,12,1500,1448,1424,0,36,20914.833333333332,52,471,55,752,5425,5560,5421,5554,1,14,47,07-26-202608:06:24,07-26-202608:07:12
VDSL mnp,100,40,5,5,1,1,1,4,12,100,90,0.05,5,20,5,True,True,88.998,12,1500,1448,1448,0,36,14387.083333333334,415,826,True,False,34.745,12,1500,1448,1424,0,36,21503.083333333332,51,426,52,740,5421,5560,5418,5565,1,13,96,07-26-202608:48:18,07-26-202608:49:06
VDSL mnp,100,40,5,5,1,1,1,4,12,100,90,0.05,5,20,5,True,True,88.868,12,1500,1448,1448,0,36,14321.583333333334,405,801,True,False,36.352,12,1500,1448,1425,0,36,20799,51,403,53,735,5431,5562,5432,5565,1,13,72,07-26-202608:27:48,07-26-202608:28:37
VDSL mnp,100,40,5,5,1,1,1,4,12,100,90,0.05,5,20,5,True,True,88.870,12,1500,1448,1448,0,36,14326.666666666666,424,814,True,False,35.342,12,1500,1448,1425,0,36,20652.083333333332,50,408,40,731,5419,5539,5413,5542,1,13,16,07-26-202607:39:54,07-26-202607:40:43
VDSL mnp,100,40,5,5,1,1,1,4,12,100,90,0.05,5,20,5,True,True,89.113,12,1500,1448,1448,0,36,13764.916666666666,448,931,True,False,34.867,12,1500,1448,1424,0,36,21332.416666666668,37,462,42,819,5419,5539,5414,5542,1,15,8,07-26-202607:33:15,07-26-202607:34:02
VDSL mnp,100,40,5,5,1,1,1,4,12,100,90,0.05,5,20,5,True,True,88.871,12,1500,1448,1448,0,36,14431.333333333334,434,818,True,False,35.617,12,1500,1448,1425,0,36,21370.25,46,442,60,759,5425,5553,5429,5552,1,14,14,07-26-202607:38:16,07-26-202607:39:03
VDSL mnp,100,40,5,5,1,1,1,4,12,100,90,0.05,5,20,5,True,True,88.745,12,1500,1448,1448,0,36,14358.75,400,822,True,False,35.846,12,1500,1448,1424,1,36,21113.166666666668,51,545,63,750,5424,5553,5423,5556,1,13,82,07-26-202608:36:19,07-26-202608:37:07
VDSL mnp,100,40,5,5,1,1,1,4,12,100,90,0.05,5,20,5,True,True,88.994,12,1500,1448,1448,0,36,14374.75,417,826,True,False,35.622,12,1500,1448,1425,0,36,20815,49,279,47,737,5433,5557,5429,5559,1,13,45,07-26-202608:04:41,07-26-202608:05:29
VDSL mnp,100,40,5,5,1,1,1,4,12,100,90,0.05,5,20,5,True,True,88.739,12,1500,1448,1448,0,36,14010.666666666666,442,803,True,False,36.606,12,1500,1448,1425,0,36,20945.916666666668,58,467,85,763,5422,5544,5422,5542,2,14,43,07-26-202608:02:58,07-26-202608:03:47
VDSL mnp,100,40,5,5,1,1,1,4,12,100,90,0.05,5,20,5,True,True,88.990,12,1500,1448,1448,0,36,14575.583333333334,416,817,True,False,35.864,12,1500,1448,1425,0,36,20851.416666666668,43,482,59,751,5426,5557,5431,5560,1,14,83,07-26-202608:37:10,07-26-202608:37:57
VDSL mnp,100,40,5,5,1,1,1,4,12,100,90,0.05,5,20,5,True,False,88.999,12,1500,1448,1448,0,36,14269.583333333334,385,811,True,False,34.981,12,1500,1448,1425,0,36,21177.416666666668,41,427,49,733,5442,5550,5440,5552,1,13,63,07-26-202608:20:08,07-26-202608:21:01
VDSL mnp,100,40,5,5,1,1,1,4,12,100,90,0.05,5,20,5,True,True,89.244,12,1500,1448,1448,0,36,14353.083333333334,408,843,True,False,35.120,12,1500,1448,1425,0,36,20536.416666666668,56,496,56,749,5412,5547,5403,5548,1,14,80,07-26-202608:34:36,07-26-202608:35:25
VDSL mnp,100,40,5,5,1,1,1,4,12,100,90,0.05,5,20,5,True,True,89.116,12,1500,1448,1448,0,36,14416.333333333334,431,836,True,False,35.126,12,1500,1448,1424,0,36,21141.75,44,509,56,751,5406,5542,5400,5546,1,14,59,07-26-202608:16:40,07-26-202608:17:28
VDSL mnp,100,40,5,5,1,1,1,4,12,100,90,0.05,5,20,5,True,True,88.865,10,1500,1448,1448,0,33,14382.818181818182,491,929,True,False,35.623,12,1500,1448,1424,0,36,20450.083333333332,47,444,50,839,5410,5542,5380,5545,1,15,15,07-26-202607:39:06,07-26-202607:39:50
VDSL mnp,100,40,5,5,1,1,1,4,12,100,90,0.05,5,20,5,True,True,89.239,12,1500,1448,1448,0,36,14351.333333333334,430,812,True,False,34.740,12,1500,1448,1424,0,36,21019.833333333332,36,492,50,738,5431,5553,5416,5554,1,13,71,07-26-202608:26:58,07-26-202608:27:45
VDSL mnp,100,40,5,5,1,1,1,4,12,100,90,0.05,5,20,5,True,True,89.115,12,1500,1448,1448,0,36,14326.416666666666,454,932,True,False,36.247,12,1500,1448,1424,0,36,20743.75,54,441,54,823,5435,5549,5436,5552,1,15,42,07-26-202608:02:08,07-26-202608:02:54
VDSL mnp,100,40,5,5,1,1,1,4,12,100,90,0.05,5,20,5,True,True,88.994,12,1500,1448,1448,0,36,14345.916666666666,407,765,True,False,35.112,12,1500,1448,1425,0,36,21489.416666666668,52,446,50,701,5420,5544,5420,5546,1,13,51,07-26-202608:09:47,07-26-202608:10:36
VDSL mnp,100,40,5,5,1,1,1,4,12,100,90,0.05,5,20,5,True,True,89.131,12,1500,1448,1448,0,36,14489,415,790,True,False,35.125,12,1500,1448,1425,0,36,20854.666666666668,69,470,56,713,5422,5543,5412,5545,1,13,57,07-26-202608:14:55,07-26-202608:15:45
VDSL mnp,100,40,5,5,1,1,1,4,12,100,90,0.05,5,20,5,True,True,89.361,12,1500,1448,1448,0,36,14397.166666666666,430,841,True,False,34.744,12,1500,1448,1424,0,36,21113.333333333332,89,420,68,752,5426,5553,5413,5556,1,14,88,07-26-202608:41:26,07-26-202608:42:13
VDSL mnp,100,40,5,5,1,1,1,4,12,100,90,0.05,5,20,5,True,True,88.995,12,1500,1448,1448,0,36,14341.833333333334,452,859,True,False,35.748,12,1500,1448,1424,0,36,20761.916666666668,49,378,52,785,5422,5541,5419,5543,1,14,4,07-26-202607:29:47,07-26-202607:30:33
VDSL mnp,100,40,5,5,1,1,1,4,12,100,90,0.05,5,20,5,True,True,88.746,11,1500,1448,1448,0,33,14157.545454545454,508,1027,True,False,36.493,12,1500,1448,1424,0,36,20792.166666666668,42,487,46,903,5428,5556,5416,5559,1,16,12,07-26-202607:36:37,07-26-202607:37:21
VDSL mnp,100,40,5,5,1,1,1,4,8,100,90,0.05,5,20,5,True,True,89.119,8,1500,1448,1448,0,24,13535.25,540,1027,True,False,35.602,8,1500,1448,1424,0,24,17730.125,41,442,61,930,5437,5547,5437,5548,1,17,79,07-26-202607:09:20,07-26-202607:10:04
VDSL mnp,100,40,5,5,1,1,1,4,8,100,90,0.05,5,20,5,True,True,88.738,8,1500,1448,1448,0,24,13634.375,554,943,True,False,36.245,8,1500,1448,1425,0,24,17202.375,38,488,54,856,5422,5551,5428,5554,1,15,50,07-26-202606:46:00,07-26-202606:46:44
VDSL mnp,100,40,5,5,1,1,1,4,8,100,90,0.05,5,20,5,True,True,88.995,8,1500,1448,1448,0,24,13022.5,532,1017,True,False,35.715,8,1500,1448,1425,0,24,17142.875,47,499,46,915,5416,5546,5407,5548,1,16,23,07-26-202606:24:21,07-26-202606:25:06
VDSL mnp,100,40,5,5,1,1,1,4,8,100,90,0.05,5,20,5,True,True,88.865,8,1500,1448,1448,0,24,13418.875,542,1003,True,False,34.734,8,1500,1448,1425,0,24,17415.75,43,597,66,907,5421,5548,5404,5550,1,16,68,07-26-202607:00:25,07-26-202607:01:10
VDSL mnp,100,40,5,5,1,1,1,4,8,100,90,0.05,5,20,5,True,True,88.866,8,1500,1448,1448,0,24,13372.5,558,987,True,False,35.472,8,1500,1448,1425,0,24,18199.375,38,300,46,876,5427,5543,5423,5542,1,16,92,07-26-202607:19:52,07-26-202607:20:36
VDSL mnp,100,40,5,5,1,1,1,4,8,100,90,0.05,5,20,5,True,True,88.747,8,1500,1448,1448,0,24,13689.625,427,806,True,False,35.477,8,1500,1448,1425,0,24,18212.625,54,273,66,742,5419,5540,5416,5543,1,13,95,07-26-202607:22:14,07-26-202607:23:02
VDSL mnp,100,40,5,5,1,1,1,4,8,100,90,0.05,5,20,5,True,True,88.869,8,1500,1448,1448,0,24,13386.375,557,954,True,False,33.986,8,1500,1448,1425,0,24,17779.125,36,607,51,884,5423,5549,5415,5554,1,16,46,07-26-202606:42:47,07-26-202606:43:31
VDSL mnp,100,40,5,5,1,1,1,4,8,100,90,0.05,5,20,5,True,True,89.245,8,1500,1448,1448,0,24,13698.375,533,945,True,False,35.488,8,1500,1448,1424,0,24,17219.5,44,345,49,866,5432,5546,5429,5546,1,16,93,07-26-202607:20:39,07-26-202607:21:23
VDSL mnp,100,40,5,5,1,1,1,4,8,100,90,0.05,5,20,5,True,True,89.115,8,1500,1448,1448,0,24,13483.875,561,931,True,False,34.854,8,1500,1448,1425,0,24,17857.375,35,520,52,858,5419,5540,5417,5544,1,15,17,07-26-202606:19:24,07-26-202606:20:08
VDSL mnp,100,40,5,5,1,1,1,4,8,100,90,0.05,5,20,5,True,True,88.745,8,1500,1448,1448,0,24,13483.875,540,987,True,False,34.984,8,1500,1448,1425,0,24,18143.375,43,512,58,886,5431,5562,5423,5563,1,16,29,07-26-202606:29:10,07-26-202606:29:58
VDSL mnp,100,40,5,5,1,1,1,4,8,100,90,0.05,5,20,5,True,True,88.868,8,1500,1448,1448,0,24,13677.25,490,927,True,False,35.474,8,1500,1448,1425,0,24,17259.625,37,302,40,835,5431,5562,5424,5561,1,15,20,07-26-202606:21:53,07-26-202606:22:41
VDSL mnp,100,40,5,5,1,1,1,4,8,100,90,0.05,5,20,5,True,True,88.988,8,1500,1448,1448,0,24,13320,559,916,True,False,35.734,8,1500,1448,1425,0,24,17787.25,53,334,56,850,5415,5542,5402,5543,1,15,31,07-26-202606:30:48,07-26-202606:31:32
VDSL mnp,100,40,5,5,1,1,1,4,8,100,90,0.05,5,20,5,True,True,88.745,8,1500,1448,1448,0,24,13507.875,531,993,True,False,36.249,8,1500,1448,1424,0,24,17697.125,53,216,57,883,5428,5538,5398,5539,1,16,84,07-26-202607:13:20,07-26-202607:14:04
VDSL mnp,100,40,5,5,1,1,1,4,8,100,90,0.05,5,20,5,True,False,90.740,8,1500,1448,1448,0,24,13558.25,+Inf,NaN,True,False,35.096,8,1500,1448,1424,0,24,18530.75,73,451,84,798,5411,5546,5398,5547,2,14,13,07-26-202606:16:02,07-26-202606:16:55
VDSL mnp,100,40,5,5,1,1,1,4,8,100,90,0.05,5,20,5,True,True,88.747,8,1500,1448,1448,0,24,13491.375,528,944,True,False,35.747,8,1500,1448,1424,0,24,17916.625,40,424,54,860,5406,5537,5395,5540,1,16,62,07-26-202606:55:32,07-26-202606:56:17
VDSL mnp,100,40,5,5,1,1,1,4,8,100,90,0.05,5,20,5,True,True,88.871,8,1500,1448,1448,0,24,13701.875,531,926,True,False,35.718,8,1500,1448,1425,0,24,17495.75,57,558,87,857,5422,5550,5403,5550,2,15,75,07-26-202607:06:07,07-26-202607:06:54
VDSL mnp,100,40,5,5,1,1,1,4,8,100,90,0.05,5,20,5,True,True,88.851,8,1500,1448,1448,0,24,13380.125,547,1059,True,False,36.100,8,1500,1448,1425,0,24,17181.5,43,558,64,954,5424,5535,5421,5533,1,17,9,07-26-202606:12:53,07-26-202606:13:37
VDSL mnp,100,40,5,5,1,1,1,4,8,100,90,0.05,5,20,5,True,True,88.994,8,1500,1448,1448,0,24,13488.5,535,922,True,False,35.355,8,1500,1448,1424,0,24,17821.625,70,558,99,880,5422,5549,5422,5548,2,16,44,07-26-202606:41:09,07-26-202606:41:54
VDSL mnp,100,40,5,5,1,1,1,4,8,100,90,0.05,5,20,5,True,True,88.996,8,1500,1448,1448,0,24,13183.625,566,998,True,False,35.120,8,1500,1448,1425,0,24,17765.75,43,608,51,906,5414,5545,5390,5536,1,16,48,07-26-202606:44:25,07-26-202606:45:09
VDSL mnp,100,40,5,5,1,1,1,4,8,100,90,0.05,5,20,5,True,True,88.999,8,1500,1448,1448,0,24,13550.375,537,1001,True,False,35.247,8,1500,1448,1424,0,24,18132.875,45,387,55,909,5435,5553,5413,5556,1,16,99,07-26-202607:25:32,07-26-202607:26:17
VDSL mnp,100,40,5,5,1,1,1,4,8,100,90,0.05,5,20,5,True,True,89.120,8,1500,1448,1448,0,24,13427.875,540,988,True,False,34.729,8,1500,1448,1424,0,24,17682.125,44,195,49,886,5414,5538,5414,5541,1,16,56,07-26-202606:50:45,07-26-202606:51:29
VDSL mnp,100,40,5,5,1,1,1,4,8,100,90,0.05,5,20,5,True,True,89.118,8,1500,1448,1448,0,24,13432.125,527,990,True,False,35.980,8,1500,1448,1424,0,24,17311.5,94,644,106,946,5403,5545,5397,5542,2,17,32,07-26-202606:31:35,07-26-202606:32:19
VDSL mnp,100,40,5,5,1,1,1,4,8,100,90,0.05,5,20,5,True,True,88.973,8,1500,1448,1448,0,24,13730.375,518,896,True,False,34.994,8,1500,1448,1425,0,24,17869.25,35,515,53,840,5431,5553,5423,5555,1,15,78,07-26-202607:08:32,07-26-202607:09:17
VDSL mnp,100,40,5,5,1,1,1,4,8,100,90,0.05,5,20,5,True,True,88.622,8,1500,1448,1448,0,24,13346.25,533,989,True,False,35.000,8,1500,1448,1425,0,24,18374.625,78,574,91,929,5417,5540,5409,5544,2,17,38,07-26-202606:36:24,07-26-202606:37:08
VDSL mnp,100,40,5,5,1,1,1,4,8,100,90,0.05,5,20,5,True,True,88.865,8,1500,1448,1448,0,24,13625,539,939,True,False,35.361,8,1500,1448,1425,0,24,17192,38,418,44,860,5415,5551,5412,5554,1,15,26,07-26-202606:26:47,07-26-202606:27:32
VDSL mnp,100,40,5,5,1,1,1,4,8,100,90,0.05,5,20,5,True,True,88.990,8,1500,1448,1448,0,24,13496.75,527,977,True,False,35.126,8,1500,1448,1424,0,24,17430.75,41,531,52,890,5446,5561,5447,5564,1,16,69,07-26-202607:01:13,07-26-202607:01:58
VDSL mnp,100,40,5,5,1,1,1,4,8,100,90,0.05,5,20,5,True,True,88.841,8,1500,1448,1448,0,24,13521.125,529,985,True,False,34.981,8,1500,1448,1424,0,24,17562.625,42,271,50,890,5434,5558,5430,5561,1,16,34,07-26-202606:33:10,07-26-202606:33:55
VDSL mnp,100,40,5,5,1,1,1,4,8,100,90,0.05,5,20,5,True,True,88.998,8,1500,1448,1448,0,24,13670.375,526,952,True,False,34.615,8,1500,1448,1425,0,24,17634.375,41,329,55,877,5425,5554,5405,5558,1,16,58,07-26-202606:52:21,07-26-202606:53:05
VDSL mnp,100,40,5,5,1,1,1,4,8,100,90,0.05,5,20,5,True,True,88.617,8,1500,1448,1448,0,24,13662.25,550,939,True,False,35.236,8,1500,1448,1424,0,24,17701.75,42,307,44,859,5420,5544,5416,5547,1,15,30,07-26-202606:30:01,07-26-202606:30:45
VDSL mnp,100,40,5,5,1,1,1,4,8,100,90,0.05,5,20,5,True,True,88.925,8,1500,1448,1448,0,24,13499.25,527,999,True,False,35.339,8,1500,1448,1424,0,24,17919.5,35,373,56,903,5417,5544,5397,5547,1,16,70,07-26-202607:02:01,07-26-202607:02:48
VDSL mnp,100,40,5,5,1,1,1,4,8,100,90,0.05,5,20,5,True,True,89.123,8,1500,1448,1448,0,24,13522.625,540,923,True,False,34.870,8,1500,1448,1425,0,24,17553.375,41,155,47,857,5403,5553,5378,5555,1,15,24,07-26-202606:25:09,07-26-202606:25:54
VDSL mnp,100,40,5,5,1,1,1,4,8,100,90,0.05,5,20,5,True,True,88.992,8,1500,1448,1448,0,24,13678.375,467,917,True,False,35.120,8,1500,1448,1424,0,24,17369.125,54,481,60,845,5426,5553,5418,5553,1,15,52,07-26-202606:47:34,07-26-202606:48:18
VDSL mnp,100,40,5,5,1,1,1,4,8,100,90,0.05,5,20,5,True,True,88.737,8,1500,1448,1448,0,24,13535,551,991,True,False,34.606,8,1500,1448,1425,0,24,18178.375,43,451,54,916,5417,5547,5405,5550,1,17,36,07-26-202606:34:49,07-26-202606:35:33
VDSL mnp,100,40,5,5,1,1,1,4,8,100,90,0.05,5,20,5,True,True,89.239,8,1500,1448,1448,0,24,13539.375,529,927,True,False,35.330,8,1500,1448,1424,0,24,17518.75,39,563,49,854,5407,5541,5410,5545,1,15,2,07-26-202606:07:05,07-26-202606:07:49
VDSL mnp,100,40,5,5,1,1,1,4,8,100,90,0.05,5,20,5,True,True,88.995,8,1500,1448,1448,0,24,13549.25,542,959,True,False,35.114,8,1500,1448,1425,0,24,17717.375,42,259,53,874,5428,5550,5421,5552,1,16,5,07-26-202606:09:29,07-26-202606:10:17
VDSL mnp,100,40,5,5,1,1,1,4,8,100,90,0.05,5,20,5,True,True,88.865,8,1500,1448,1448,0,24,13573.625,541,959,True,False,34.239,8,1500,1448,1424,0,24,17678.375,44,434,52,895,5422,5552,5422,5552,1,16,89,07-26-202607:17:21,07-26-202607:18:06
VDSL mnp,100,40,5,5,1,1,1,4,8,100,90,0.05,5,20,5,True,True,89.111,8,1500,1448,1448,0,24,13386.75,558,984,True,False,34.239,8,1500,1448,1424,0,24,16803.25,55,536,74,882,5429,5557,5434,5559,1,16,74,07-26-202607:05:20,07-26-202607:06:04
VDSL mnp,100,40,5,5,1,1,1,4,8,100,90,0.05,5,20,5,True,True,88.863,8,1500,1448,1448,0,24,13475.75,534,1052,True,False,35.245,8,1500,1448,1424,0,24,17795.5,53,157,60,935,5423,5555,5411,5557,1,17,91,07-26-202607:19:05,07-26-202607:19:49
VDSL mnp,100,40,5,5,1,1,1,4,8,100,90,0.05,5,20,5,True,True,88.995,8,1500,1448,1448,0,24,13655.875,548,988,True,False,35.973,8,1500,1448,1425,0,24,17268.125,39,558,41,887,5424,5548,5413,5548,1,16,53,07-26-202606:48:21,07-26-202606:49:05
VDSL mnp,100,40,5,5,1,1,1,4,8,100,90,0.05,5,20,5,True,True,88.994,8,1500,1448,1448,0,24,13356.875,560,1022,True,False,35.738,8,1500,1448,1424,0,24,17333.125,48,185,57,914,5418,5554,5415,5557,1,16,21,07-26-202606:22:44,07-26-202606:23:29
VDSL mnp,100,40,5,5,1,1,1,4,8,100,90,0.05,5,20,5,True,True,88.870,8,1500,1448,1448,0,24,13216.125,530,892,True,False,35.854,8,1500,1448,1424,0,24,17476.5,38,596,42,802,5428,5542,5419,5544,1,14,55,07-26-202606:49:57,07-26-202606:50:42
VDSL mnp,100,40,5,5,1,1,1,4,8,100,90,0.05,5,20,5,True,True,89.119,8,1500,1448,1448,0,24,13710.625,512,941,True,False,35.605,8,1500,1448,1424,0,24,17675.875,43,121,52,839,5404,5543,5404,5546,1,15,27,07-26-202606:27:35,07-26-202606:28:19
VDSL mnp,100,40,5,5,1,1,1,4,8,100,90,0.05,5,20,5,True,True,88.872,8,1500,1448,1448,0,24,13206.5,578,1017,True,False,36.730,8,1500,1448,1425,0,24,17805.625,41,584,43,919,5435,5563,5415,5567,1,17,77,07-26-202607:07:45,07-26-202607:08:29
VDSL mnp,100,40,5,5,1,1,1,4,8,100,90,0.05,5,20,5,True,True,88.742,8,1500,1448,1448,0,24,13059,540,943,True,False,35.998,8,1500,1448,1425,0,24,17832.25,48,521,69,866,5425,5545,5425,5549,1,16,85,07-26-202607:14:08,07-26-202607:14:55
VDSL mnp,100,40,5,5,1,1,1,4,8,100,90,0.05,5,20,5,True,True,89.249,8,1500,1448,1448,0,24,13998.25,518,962,True,False,34.866,8,1500,1448,1424,0,24,17066.75,53,210,61,858,5421,5553,5411,5548,1,15,86,07-26-202607:14:58,07-26-202607:15:43
VDSL mnp,100,40,5,5,1,1,1,4,8,100,90,0.05,5,20,5,True,True,88.998,8,1500,1448,1448,0,24,13510.75,534,966,True,False,36.232,8,1500,1448,1425,0,24,16932.75,44,168,52,881,5433,5536,5429,5540,1,16,18,07-26-202606:20:12,07-26-202606:20:59
VDSL mnp,100,40,5,5,1,1,1,4,8,100,90,0.05,5,20,5,True,True,89.020,8,1500,1448,1448,0,24,13312.75,555,967,True,False,35.614,8,1500,1448,1425,0,24,18014.25,52,485,49,868,5429,5540,5434,5542,1,16,22,07-26-202606:23:32,07-26-202606:24:17
VDSL mnp,100,40,5,5,1,1,1,4,8,100,90,0.05,5,20,5,True,True,88.748,8,1500,1448,1448,0,24,13217.75,534,929,True,False,34.996,8,1500,1448,1424,0,24,17837.5,61,601,78,886,5433,5550,5418,5548,1,16,81,07-26-202607:10:55,07-26-202607:11:42
VDSL mnp,100,40,5,5,1,1,1,4,8,100,90,0.05,5,20,5,True,True,88.868,8,1500,1448,1448,0,24,13514.125,546,982,True,False,34.099,8,1500,1448,1425,0,24,17533.25,57,317,70,925,5419,5555,5409,5546,1,17,64,07-26-202606:57:12,07-26-202606:57:56
VDSL mnp,100,40,5,5,1,1,1,4,8,100,90,0.05,5,20,5,True,True,89.122,8,1500,1448,1448,0,24,13074,582,1012,True,False,35.123,8,1500,1448,1424,0,24,17718.125,51,634,70,929,5427,5545,5425,5548,1,17,7,07-26-202606:11:17,07-26-202606:12:02
VDSL mnp,100,40,5,5,1,1,1,4,8,100,90,0.05,5,20,5,True,True,88.861,8,1500,1448,1448,0,24,13645.5,533,974,True,False,34.476,8,1500,1448,1425,0,24,17764.5,59,630,80,925,5414,5548,5405,5549,1,17,76,07-26-202607:06:58,07-26-202607:07:42
VDSL mnp,100,40,5,5,1,1,1,4,8,100,90,0.05,5,20,5,True,True,88.863,8,1500,1448,1448,0,24,13389.875,509,958,True,False,35.123,8,1500,1448,1425,0,24,17604.375,40,452,55,865,5421,5556,5427,5560,1,16,98,07-26-202607:24:40,07-26-202607:25:29
VDSL mnp,100,40,5,5,1,1,1,4,8,100,90,0.05,5,20,5,True,True,89.241,8,1500,1448,1448,0,24,13672.75,533,949,True,False,35.121,8,1500,1448,1424,0,24,18257.5,38,110,40,867,5423,5545,5417,5548,1,16,19,07-26-202606:21:02,07-26-202606:21:50
VDSL mnp,100,40,5,5,1,1,1,4,8,100,90,0.05,5,20,5,True,True,89.120,8,1500,1448,1448,0,24,13592.5,533,989,True,False,35.602,8,1500,1448,1424,0,24,17592.5,37,598,47,884,5428,5556,5425,5559,1,16,28,07-26-202606:28:22,07-26-202606:29:06
VDSL mnp,100,40,5,5,1,1,1,4,8,100,90,0.05,5,20,5,True,True,88.988,8,1500,1448,1448,0,24,13512.125,537,941,True,False,36.003,8,1500,1448,1424,0,24,17487.5,45,297,57,860,5419,5538,5430,5534,1,16,67,07-26-202606:59:35,07-26-202607:00:22
VDSL mnp,100,40,5,5,1,1,1,4,8,100,90,0.05,5,20,5,True,True,88.744,8,1500,1448,1448,0,24,13483.75,549,1015,True,False,35.100,8,1500,1448,1425,0,24,17403,38,267,47,920,5411,5556,5404,5558,1,17,61,07-26-202606:54:44,07-26-202606:55:28
VDSL mnp,100,40,5,5,1,1,1,4,8,100,90,0.05,5,20,5,True,True,88.740,8,1500,1448,1448,0,24,13565.75,530,962,True,False,34.875,8,1500,1448,1424,0,24,17942.75,45,206,52,891,5420,5534,5413,5536,1,16,1,07-26-202606:06:17,07-26-202606:07:02
VDSL mnp,100,40,5,5,1,1,1,4,8,100,90,0.05,5,20,5,True,True,88.873,8,1500,1448,1448,0,24,13503,518,923,True,False,35.345,8,1500,1448,1425,0,24,17577.625,54,482,76,867,5429,5554,5411,5555,1,16,66,07-26-202606:58:48,07-26-202606:59:32
VDSL mnp,100,40,5,5,1,1,1,4,8,100,90,0.05,5,20,5,True,True,88.992,8,1500,1448,1448,0,24,13454.375,533,967,True,False,34.966,8,1500,1448,1425,0,24,17681.625,55,386,65,903,5417,5542,5412,5544,1,16,40,07-26-202606:37:58,07-26-202606:38:43
VDSL mnp,100,40,5,5,1,1,1,4,8,100,90,0.05,5,20,5,True,True,89.246,8,1500,1448,1448,0,24,13648.5,537,965,True,False,35.098,8,1500,1448,1425,0,24,17422.875,39,152,47,868,5401,5565,5397,5568,1,16,73,07-26-202607:04:32,07-26-202607:05:17
VDSL mnp,100,40,5,5,1,1,1,4,8,100,90,0.05,5,20,5,True,True,89.366,8,1500,1448,1448,0,24,13685.875,438,999,True,False,35.088,8,1500,1448,1425,0,24,17737.375,41,474,53,863,5421,5553,5427,5555,1,16,49,07-26-202606:45:13,07-26-202606:45:57
VDSL mnp,100,40,5,5,1,1,1,4,8,100,90,0.05,5,20,5,True,True,88.997,8,1500,1448,1448,0,24,13519.625,537,980,True,False,35.605,8,1500,1448,1424,0,24,17204.25,62,506,68,873,5417,5545,5414,5547,1,16,60,07-26-202606:53:56,07-26-202606:54:41
VDSL mnp,100,40,5,5,1,1,1,4,8,100,90,0.05,5,20,5,True,True,88.740,8,1500,1448,1448,0,24,13476,532,935,True,False,35.343,8,1500,1448,1424,0,24,17411.25,56,222,61,855,5414,5545,5412,5548,1,15,41,07-26-202606:38:46,07-26-202606:39:31
VDSL mnp,100,40,5,5,1,1,1,4,8,100,90,0.05,5,20,5,True,True,88.993,8,1500,1448,1448,0,24,13468.875,539,1015,True,False,35.871,8,1500,1448,1424,0,24,17024.625,32,727,40,915,5429,5549,5431,5553,1,16,10,07-26-202606:13:41,07-26-202606:14:25
VDSL mnp,100,40,5,5,1,1,1,4,8,100,90,0.05,5,20,5,True,True,88.989,8,1500,1448,1448,0,24,13553.5,537,982,True,False,35.368,8,1500,1448,1425,0,24,17369.875,42,670,55,908,5422,5545,5422,5547,1,16,37,07-26-202606:35:37,07-26-202606:36:21
VDSL mnp,100,40,5,5,1,1,1,4,8,100,90,0.05,5,20,5,True,True,88.988,8,1500,1448,1448,0,24,13723.875,507,960,True,False,34.469,8,1500,1448,1424,0,24,17030.625,50,663,70,888,5423,5565,5402,5568,1,16,100,07-26-202607:26:21,07-26-202607:27:09
VDSL mnp,100,40,5,5,1,1,1,4,8,100,90,0.05,5,20,5,True,True,88.868,8,1500,1448,1448,0,24,13077.5,562,980,True,False,34.740,8,1500,1448,1424,0,24,17666.75,47,160,50,884,5418,5540,5416,5538,1,16,35,07-26-202606:33:58,07-26-202606:34:46
VDSL mnp,100,40,5,5,1,1,1,4,8,100,90,0.05,5,20,5,True,True,88.862,8,1500,1448,1448,0,24,13352.125,549,946,True,False,35.372,8,1500,1448,1425,0,24,17846.75,55,421,57,864,5423,5549,5411,5548,1,16,11,07-26-202606:14:28,07-26-202606:15:12
VDSL mnp,100,40,5,5,1,1,1,4,8,100,90,0.05,5,20,5,True,True,88.990,8,1500,1448,1448,0,24,13037.625,560,991,True,False,35.498,8,1500,1448,1424,0,24,17794.25,51,567,53,882,5415,5542,5401,5541,1,16,94,07-26-202607:21:26,07-26-202607:22:11
VDSL mnp,100,40,5,5,1,1,1,4,8,100,90,0.05,5,20,5,True,True,88.989,8,1500,1448,1448,0,24,13531.125,553,949,True,False,35.460,8,1500,1448,1424,0,24,17276.625,41,294,47,867,5434,5555,5424,5555,1,16,87,07-26-202607:15:46,07-26-202607:16:30
VDSL mnp,100,40,5,5,1,1,1,4,8,100,90,0.05,5,20,5,True,True,89.118,8,1500,1448,1448,0,24,13531.75,543,943,True,False,35.475,8,1500,1448,1424,0,24,17205.625,38,588,47,876,5424,5551,5419,5554,1,16,90,07-26-202607:18:10,07-26-202607:19:02
VDSL mnp,100,40,5,5,1,1,1,4,8,100,90,0.05,5,20,5,True,False,89.124,8,1500,1448,1448,0,24,13510.375,523,977,True,False,35.350,8,1500,1448,1425,0,24,17118.875,36,266,52,892,5424,5556,5412,5554,1,16,6,07-26-202606:10:21,07-26-202606:11:14
VDSL mnp,100,40,5,5,1,1,1,4,8,100,90,0.05,5,20,5,True,True,88.999,8,1500,1448,1448,0,24,13688.75,520,961,True,False,34.726,8,1500,1448,1425,0,24,17590.375,83,562,108,907,5427,5545,5421,5545,2,16,25,07-26-202606:25:57,07-26-202606:26:44
VDSL mnp,100,40,5,5,1,1,1,4,8,100,90,0.05,5,20,5,True,True,88.998,8,1500,1448,1448,0,24,13634.625,503,945,True,False,35.713,8,1500,1448,1425,0,24,17777.625,42,537,45,873,5423,5546,5411,5548,1,16,65,07-26-202606:57:59,07-26-202606:58:44
VDSL mnp,100,40,5,5,1,1,1,4,8,100,90,0.05,5,20,5,True,True,88.990,8,1500,1448,1448,0,24,13629.75,521,940,True,False,34.724,8,1500,1448,1424,0,24,17874,38,574,46,866,5435,5556,5429,5560,1,16,54,07-26-202606:49:09,07-26-202606:49:54
VDSL mnp,100,40,5,5,1,1,1,4,8,100,90,0.05,5,20,5,True,True,88.988,8,1500,1448,1448,0,24,13551.875,509,949,True,False,35.348,8,1500,1448,1425,0,24,17673.5,40,652,65,877,5441,5550,5432,5549,1,16,39,07-26-202606:37:11,07-26-202606:37:55
VDSL mnp,100,40,5,5,1,1,1,4,8,100,90,0.05,5,20,5,True,True,88.991,8,1500,1448,1448,0,24,13402.875,530,972,True,False,35.231,8,1500,1448,1424,0,24,17681.125,41,134,50,864,5420,5557,5409,5561,1,16,3,07-26-202606:07:52,07-26-202606:08:39
VDSL mnp,100,40,5,5,1,1,1,4,8,100,90,0.05,5,20,5,True,True,88.995,8,1500,1448,1448,0,24,13618.75,498,969,True,False,36.099,8,1500,1448,1425,0,24,17291.375,50,298,55,863,5442,5569,5432,5565,1,16,97,07-26-202607:23:52,07-26-202607:24:37
VDSL mnp,100,40,5,5,1,1,1,4,8,100,90,0.05,5,20,5,True,True,89.245,8,1500,1448,1448,0,24,13284.625,563,977,True,False,35.121,8,1500,1448,1424,0,24,17370.25,56,179,59,876,5420,5548,5418,5551,1,16,33,07-26-202606:32:23,07-26-202606:33:07
VDSL mnp,100,40,5,5,1,1,1,4,8,100,90,0.05,5,20,5,True,True,88.869,8,1500,1448,1448,0,24,13377.75,552,940,True,False,35.100,8,1500,1448,1425,0,24,18457.875,36,422,44,859,5416,5555,5402,5556,1,15,47,07-26-202606:43:34,07-26-202606:44:22
VDSL mnp,100,40,5,5,1,1,1,4,8,100,90,0.05,5,20,5,True,True,89.118,8,1500,1448,1448,0,24,13395.75,511,1039,True,False,34.997,8,1500,1448,1425,0,24,17200.625,39,121,42,927,5427,5548,5425,5551,1,17,96,07-26-202607:23:05,07-26-202607:23:49
VDSL mnp,100,40,5,5,1,1,1,4,8,100,90,0.05,5,20,5,True,True,89.122,8,1500,1448,1448,0,24,13206.375,452,1008,True,False,35.115,8,1500,1448,1425,0,24,18463.625,39,260,46,933,5431,5551,5428,5553,1,17,72,07-26-202607:03:42,07-26-202607:04:29
VDSL mnp,100,40,5,5,1,1,1,4,8,100,90,0.05,5,20,5,True,True,88.992,8,1500,1448,1448,0,24,13484.25,535,1023,True,False,35.116,8,1500,1448,1425,0,24,17801.125,36,155,52,907,5427,5555,5423,5556,1,16,16,07-26-202606:18:37,07-26-202606:19:21
VDSL mnp,100,40,5,5,1,1,1,4,8,100,90,0.05,5,20,5,True,True,89.119,8,1500,1448,1448,0,24,13483.75,522,953,True,False,35.377,8,1500,1448,1424,0,24,17409.75,55,163,63,864,5413,5531,5401,5532,1,16,8,07-26-202606:12:05,07-26-202606:12:50
VDSL mnp,100,40,5,5,1,1,1,4,8,100,90,0.05,5,20,5,True,True,89.245,8,1500,1448,1448,0,24,13571.125,517,943,True,False,34.743,8,1500,1448,1424,0,24,18218.875,30,508,40,856,5417,5562,5410,5564,1,15,14,07-26-202606:16:59,07-26-202606:17:43
VDSL mnp,100,40,5,5,1,1,1,4,8,100,90,0.05,5,20,5,True,True,88.867,8,1500,1448,1448,0,24,13322.375,533,958,True,False,35.600,8,1500,1448,1425,0,24,17694.875,40,155,47,887,5424,5546,5428,5548,1,16,82,07-26-202607:11:45,07-26-202607:12:30
VDSL mnp,100,40,5,5,1,1,1,4,8,100,90,0.05,5,20,5,True,True,88.978,8,1500,1448,1448,0,24,13479.875,538,952,True,False,36.001,8,1500,1448,1425,0,24,17522,42,354,46,864,5415,5539,5412,5542,1,16,45,07-26-202606:41:57,07-26-202606:42:44
VDSL mnp,100,40,5,5,1,1,1,4,8,100,90,0.05,5,20,5,True,True,88.989,8,1500,1448,1448,0,24,13485.875,517,1009,True,False,35.461,8,1500,1448,1425,0,24,17555.125,34,424,45,908,5412,5535,5407,5537,1,16,43,07-26-202606:40:22,07-26-202606:41:06
VDSL mnp,100,40,5,5,1,1,1,4,8,100,90,0.05,5,20,5,True,True,88.992,8,1500,1448,1448,0,24,13562.625,529,915,True,False,35.601,8,1500,1448,1424,0,24,18152.75,92,627,121,887,5423,5552,5419,5549,2,16,83,07-26-202607:12:33,07-26-202607:13:17
VDSL mnp,100,40,5,5,1,1,1,4,8,100,90,0.05,5,20,5,True,True,89.120,8,1500,1448,1448,0,24,13356.125,558,902,True,False,36.237,8,1500,1448,1424,0,24,18228,44,552,50,834,5444,5551,5417,5547,1,15,63,07-26-202606:56:20,07-26-202606:57:09
VDSL mnp,100,40,5,5,1,1,1,4,8,100,90,0.05,5,20,5,True,True,88.863,8,1500,1448,1448,0,24,13360.625,550,985,True,False,35.616,8,1500,1448,1425,0,24,18001.75,44,597,58,902,5428,5549,5432,5552,1,16,80,07-26-202607:10:07,07-26-202607:10:51
VDSL mnp,100,40,5,5,1,1,1,4,8,100,90,0.05,5,20,5,True,True,89.124,8,1500,1448,1448,0,24,13723.75,532,961,True,False,35.346,8,1500,1448,1425,0,24,17333.75,38,455,48,870,5431,5561,5427,5564,1,16,59,07-26-202606:53:08,07-26-202606:53:53
VDSL mnp,100,40,5,5,1,1,1,4,8,100,90,0.05,5,20,5,True,True,88.868,8,1500,1448,1448,0,24,13300.875,546,917,True,False,34.870,8,1500,1448,1425,0,24,17598,72,447,60,865,5411,5560,5401,5564,1,16,15,07-26-202606:17:46,07-26-202606:18:34
VDSL mnp,100,40,5,5,1,1,1,4,8,100,90,0.05,5,20,5,True,True,89.122,8,1500,1448,1448,0,24,13356.125,540,934,True,False,34.499,8,1500,1448,1425,0,24,17410.25,32,165,40,861,5427,5554,5427,5555,1,15,71,07-26-202607:02:51,07-26-202607:03:38
VDSL mnp,100,40,5,5,1,1,1,4,8,100,90,0.05,5,20,5,True,True,88.992,8,1500,1448,1448,0,24,13034,552,975,True,False,34.969,8,1500,1448,1424,0,24,18079,47,173,51,873,5425,5559,5414,5560,1,16,42,07-26-202606:39:34,07-26-202606:40:19
VDSL mnp,100,40,5,5,1,1,1,4,8,100,90,0.05,5,20,5,True,True,88.995,8,1500,1448,1448,0,24,13618.5,486,983,True,False,36.465,8,1500,1448,1424,0,26,18044.625,43,229,56,878,5409,5544,5409,5547,1,16,51,07-26-202606:46:47,07-26-202606:47:31
VDSL mnp,100,40,5,5,1,1,1,4,8,100,90,0.05,5,20,5,True,True,88.747,8,1500,1448,1448,0,24,13790.125,529,949,True,False,35.471,8,1500,1448,1425,0,24,17847.125,57,368,67,888,5431,5540,5426,5540,1,16,57,07-26-202606:51:32,07-26-202606:52:17
VDSL mnp,100,40,5,5,1,1,1,4,8,100,90,0.05,5,20,5,True,True,88.825,8,1500,1448,1448,0,24,13501.5,533,955,True,False,35.743,8,1500,1448,1424,0,24,17733.125,48,156,49,855,5429,5563,5427,5568,1,15,88,07-26-202607:16:33,07-26-202607:17:18
VDSL mnp,100,40,5,5,1,1,1,4,8,100,90,0.05,5,20,5,True,True,88.998,8,1500,1448,1448,0,24,13597.125,543,974,True,False,34.604,8,1500,1448,1425,0,24,17213.75,34,210,42,887,5404,5538,5404,5540,1,16,4,07-26-202606:08:42,07-26-202606:09:26
VDSL mnp,100,40,5,5,1,1,1,4,8,100,90,0.05,5,20,5,True,True,88.868,8,1500,1448,1448,0,24,13672.5,544,985,True,False,35.359,8,1500,1448,1425,0,24,17726.375,43,272,48,878,5416,5535,5410,5537,1,16,12,07-26-202606:15:15,07-26-202606:15:59
VDSL mnp,100,40,5,5,1,1,1,4,1,100,90,0.05,5,20,5,True,True,89.117,1,1500,1448,1448,0,3,11138,1568,2077,True,False,35.467,1,1500,1448,1424,0,3,11607,25,NaN,28,2032,5419,5543,5409,5547,1,37,79,07-26-202605:48:34,07-26-202605:49:24
VDSL mnp,100,40,5,5,1,1,1,4,1,100,90,0.05,5,20,5,True,True,88.990,1,1500,1448,1448,0,3,11611,1144,1554,True,False,35.491,1,1500,1448,1424,0,3,11899,+Inf,NaN,27,1535,5419,5544,5399,5546,0,28,50,07-26-202605:24:58,07-26-202605:25:42
VDSL mnp,100,40,5,5,1,1,1,4,1,100,90,0.05,5,20,5,True,True,88.998,1,1500,1448,1448,0,3,11476,1252,1674,True,False,35.988,1,1500,1448,1425,0,3,11865,39,82,49,1656,5413,5550,5394,5553,1,30,23,07-26-202605:03:14,07-26-202605:03:58
VDSL mnp,100,40,5,5,1,1,1,4,1,100,90,0.05,5,20,5,True,True,89.119,1,1500,1448,1448,0,3,11497,1158,1590,True,False,35.346,1,1500,1448,1425,0,3,11659,42,70,48,1554,5420,5542,5419,5544,1,28,68,07-26-202605:39:31,07-26-202605:40:15
VDSL mnp,100,40,5,5,1,1,1,4,1,100,90,0.05,5,20,5,True,True,89.122,1,1500,1448,1448,0,3,11642,1130,1526,True,False,35.748,1,1500,1448,1424,0,3,11550,+Inf,NaN,25,1506,5414,5545,5397,5547,0,27,92,07-26-202605:59:13,07-26-202605:59:57
VDSL mnp,100,40,5,5,1,1,1,4,1,100,90,0.05,5,20,5,True,True,89.056,1,1500,1448,1448,0,3,11112,1558,2054,True,False,35.495,1,1500,1448,1425,0,3,11613,34,41,39,2034,5431,5551,5427,5553,1,37,95,07-26-202606:01:35,07-26-202606:02:19
VDSL mnp,100,40,5,5,1,1,1,4,1,100,90,0.05,5,20,5,True,True,88.997,1,1500,1448,1448,0,3,11500,1193,1538,True,False,35.480,1,1500,1448,1424,0,3,11921,+Inf,NaN,20,1526,5434,5551,5429,5554,0,27,46,07-26-202605:21:40,07-26-202605:22:24
VDSL mnp,100,40,5,5,1,1,1,4,1,100,90,0.05,5,20,5,True,True,88.994,1,1500,1448,1448,0,3,11617,1151,1564,True,False,35.365,1,1500,1448,1424,0,3,11545,+Inf,NaN,25,1537,5436,5551,5435,5554,0,28,93,07-26-202606:00:00,07-26-202606:00:44
VDSL mnp,100,40,5,5,1,1,1,4,1,100,90,0.05,5,20,5,True,True,88.999,1,1500,1448,1448,0,3,11491,1257,1675,True,False,34.498,1,1500,1448,1425,0,3,11543,+Inf,NaN,25,1646,5424,5531,5418,5531,0,30,17,07-26-202604:58:31,07-26-202604:59:15
VDSL mnp,100,40,5,5,1,1,1,4,1,100,90,0.05,5,20,5,True,True,88.993,1,1500,1448,1448,0,3,11483,1246,1639,True,False,35.352,1,1500,1448,1424,0,3,11580,+Inf,NaN,26,1622,5433,5554,5415,5556,0,29,29,07-26-202605:08:00,07-26-202605:08:46
VDSL mnp,100,40,5,5,1,1,1,4,1,100,90,0.05,5,20,5,True,True,88.996,1,1500,1448,1448,0,3,11495,1229,1629,True,False,35.371,1,1500,1448,1424,0,3,11562,59,185,68,1620,5437,5548,5437,5543,1,29,20,07-26-202605:00:52,07-26-202605:01:36
VDSL mnp,100,40,5,5,1,1,1,4,1,100,90,0.05,5,20,5,True,True,88.992,1,1500,1448,1448,0,3,11486,1210,1569,True,False,35.491,1,1500,1448,1425,0,3,11540,25,NaN,30,1561,5440,5571,5430,5575,1,28,31,07-26-202605:09:39,07-26-202605:10:23
VDSL mnp,100,40,5,5,1,1,1,4,1,100,90,0.05,5,20,5,True,True,89.059,1,1500,1448,1448,0,3,11509,1172,1585,True,False,35.373,1,1500,1448,1425,0,3,11600,27,28,31,1563,5417,5560,5412,5561,1,28,84,07-26-202605:52:51,07-26-202605:53:35
VDSL mnp,100,40,5,5,1,1,1,4,1,100,90,0.05,5,20,5,True,True,88.996,1,1500,1448,1448,0,3,11109,1564,2078,True,False,34.734,1,1500,1448,1425,0,3,11889,+Inf,NaN,22,2044,5434,5558,5428,5557,0,37,13,07-26-202604:55:19,07-26-202604:56:03
VDSL mnp,100,40,5,5,1,1,1,4,1,100,90,0.05,5,20,5,True,True,88.997,1,1500,1448,1448,0,3,11606,1119,1541,True,False,35.498,1,1500,1448,1424,0,3,11856,+Inf,NaN,22,1511,5418,5552,5414,5553,0,27,62,07-26-202605:34:33,07-26-202605:35:17
VDSL mnp,100,40,5,5,1,1,1,4,1,100,90,0.05,5,20,5,True,True,88.997,1,1500,1448,1448,0,3,11364,1320,1755,True,False,35.475,1,1500,1448,1425,0,3,11890,+Inf,NaN,22,1721,5422,5551,5427,5546,0,31,75,07-26-202605:45:15,07-26-202605:46:02
VDSL mnp,100,40,5,5,1,1,1,4,1,100,90,0.05,5,20,5,True,True,89.174,1,1500,1448,1448,0,3,11495,1223,1620,True,False,34.850,1,1500,1448,1425,0,3,11515,+Inf,NaN,27,1598,5422,5538,5422,5539,0,29,9,07-26-202604:52:08,07-26-202604:52:52
VDSL mnp,100,40,5,5,1,1,1,4,1,100,90,0.05,5,20,5,True,True,88.872,1,1500,1448,1448,0,3,11483,1241,1648,True,False,35.488,1,1500,1448,1425,0,3,11874,+Inf,NaN,23,1622,5424,5562,5422,5558,0,29,44,07-26-202605:20:02,07-26-202605:20:46
VDSL mnp,100,40,5,5,1,1,1,4,1,100,90,0.05,5,20,5,True,False,89.117,1,1500,1448,1448,0,3,11472,1254,1680,True,False,35.479,1,1500,1448,1424,0,3,11653,36,50,42,1660,5436,5547,5433,5549,1,30,48,07-26-202605:23:14,07-26-202605:24:07
VDSL mnp,100,40,5,5,1,1,1,4,1,100,90,0.05,5,20,5,True,True,89.106,1,1500,1448,1448,0,3,11370,1312,1758,True,False,35.479,1,1500,1448,1425,0,3,11715,29,31,33,1736,5425,5560,5397,5562,1,31,99,07-26-202606:04:43,07-26-202606:05:27
VDSL mnp,100,40,5,5,1,1,1,4,1,100,90,0.05,5,20,5,True,True,88.994,1,1500,1448,1448,0,3,11486,1243,1658,True,False,35.723,1,1500,1448,1425,0,3,11832,+Inf,NaN,22,1627,5418,5534,5417,5535,0,29,56,07-26-202605:29:44,07-26-202605:30:28
VDSL mnp,100,40,5,5,1,1,1,4,1,100,90,0.05,5,20,5,True,True,88.986,1,1500,1448,1448,0,3,11494,1248,1664,True,False,34.993,1,1500,1448,1424,0,3,11565,+Inf,NaN,29,1639,5416,5532,5413,5533,1,30,32,07-26-202605:10:26,07-26-202605:11:10
VDSL mnp,100,40,5,5,1,1,1,4,1,100,90,0.05,5,20,5,True,True,89.052,1,1500,1448,1448,0,3,11488,1248,1660,True,False,35.344,1,1500,1448,1424,0,6,11536,+Inf,NaN,26,1644,5419,5551,5421,5554,0,30,78,07-26-202605:47:40,07-26-202605:48:31
VDSL mnp,100,40,5,5,1,1,1,4,1,100,90,0.05,5,20,5,True,True,88.994,1,1500,1448,1448,0,3,11497,1254,1673,True,False,34.979,1,1500,1448,1424,0,3,11815,37,64,44,1656,5422,5531,5408,5533,1,30,38,07-26-202605:15:15,07-26-202605:15:59
VDSL mnp,100,40,5,5,1,1,1,4,1,100,90,0.05,5,20,5,True,True,88.998,1,1500,1448,1448,0,3,11492,1174,1584,True,False,35.481,1,1500,1448,1425,0,3,11560,+Inf,NaN,27,1565,5428,5536,5417,5534,0,28,26,07-26-202605:05:35,07-26-202605:06:19
VDSL mnp,100,40,5,5,1,1,1,4,1,100,90,0.05,5,20,5,True,True,88.991,1,1500,1448,1448,0,3,11514,1244,1659,True,False,35.499,1,1500,1448,1424,0,3,11574,+Inf,NaN,24,1633,5421,5564,5428,5568,0,29,69,07-26-202605:40:18,07-26-202605:41:02
VDSL mnp,100,40,5,5,1,1,1,4,1,100,90,0.05,5,20,5,True,True,89.115,1,1500,1448,1448,0,3,11130,1561,2076,True,False,35.230,1,1500,1448,1424,0,3,12177,+Inf,NaN,24,2039,5407,5547,5409,5551,0,37,34,07-26-202605:12:01,07-26-202605:12:47
VDSL mnp,100,40,5,5,1,1,1,4,1,100,90,0.05,5,20,5,True,True,89.121,1,1500,1448,1448,0,3,11482,1251,1668,True,False,34.738,1,1500,1448,1424,0,3,11776,+Inf,NaN,25,1639,5424,5542,5417,5542,0,30,58,07-26-202605:31:18,07-26-202605:32:08
VDSL mnp,100,40,5,5,1,1,1,4,1,100,90,0.05,5,20,5,True,True,88.998,1,1500,1448,1448,0,3,11506,1255,1667,True,False,35.373,1,1500,1448,1425,0,3,11556,+Inf,NaN,27,1641,5418,5539,5412,5538,1,30,30,07-26-202605:08:49,07-26-202605:09:36
VDSL mnp,100,40,5,5,1,1,1,4,1,100,90,0.05,5,20,5,True,True,88.994,1,1500,1448,1448,0,3,11109,1554,2080,True,False,35.621,1,1500,1448,1425,0,3,11918,+Inf,NaN,28,2046,5430,5545,5418,5545,1,37,70,07-26-202605:41:05,07-26-202605:41:49
VDSL mnp,100,40,5,5,1,1,1,4,1,100,90,0.05,5,20,5,True,True,88.992,1,1500,1448,1448,0,3,11498,1248,1687,True,False,35.117,1,1500,1448,1424,0,3,12196,+Inf,NaN,28,1651,5428,5545,5429,5547,1,30,24,07-26-202605:04:01,07-26-202605:04:45
VDSL mnp,100,40,5,5,1,1,1,4,1,100,90,0.05,5,20,5,True,True,88.993,1,1500,1448,1448,0,3,11512,1200,1593,True,False,35.600,1,1500,1448,1425,0,3,11974,157,1003,181,1586,5418,5526,5423,5521,3,29,52,07-26-202605:26:32,07-26-202605:27:19
VDSL mnp,100,40,5,5,1,1,1,4,1,100,90,0.05,5,20,5,True,True,88.998,1,1500,1448,1448,0,3,11593,1146,1554,True,False,35.479,1,1500,1448,1424,0,3,11637,+Inf,NaN,29,1534,5425,5547,5417,5550,1,28,36,07-26-202605:13:40,07-26-202605:14:24
VDSL mnp,100,40,5,5,1,1,1,4,1,100,90,0.05,5,20,5,True,True,89.114,1,1500,1448,1448,0,3,11472,1244,1661,True,False,35.373,1,1500,1448,1425,0,3,11638,27,29,31,1640,5412,5537,5418,5540,1,30,2,07-26-202604:46:31,07-26-202604:47:15
VDSL mnp,100,40,5,5,1,1,1,4,1,100,90,0.05,5,20,5,True,True,88.995,1,1500,1448,1448,0,3,11487,1254,1669,True,False,35.624,1,1500,1448,1424,0,3,11567,32,37,37,1654,5432,5553,5429,5556,1,30,5,07-26-202604:48:53,07-26-202604:49:37
VDSL mnp,100,40,5,5,1,1,1,4,1,100,90,0.05,5,20,5,True,True,89.059,1,1500,1448,1448,0,3,11109,1569,2094,True,False,35.115,1,1500,1448,1424,0,3,11609,+Inf,NaN,26,2046,5431,5549,5425,5551,0,37,89,07-26-202605:56:52,07-26-202605:57:36
VDSL mnp,100,40,5,5,1,1,1,4,1,100,90,0.05,5,20,5,True,True,89.113,1,1500,1448,1448,0,3,11474,1243,1653,True,False,35.374,1,1500,1448,1424,0,3,11539,64,897,75,1649,5412,5552,5407,5555,1,30,74,07-26-202605:44:23,07-26-202605:45:12
VDSL mnp,100,40,5,5,1,1,1,4,1,100,90,0.05,5,20,5,True,True,89.119,1,1500,1448,1448,0,3,11596,1161,1573,True,False,35.360,1,1500,1448,1424,0,3,11566,31,36,36,1558,5423,5556,5421,5559,1,28,91,07-26-202605:58:26,07-26-202605:59:10
VDSL mnp,100,40,5,5,1,1,1,4,1,100,90,0.05,5,20,5,True,True,88.992,1,1500,1448,1448,0,3,11506,1253,1666,True,False,34.995,1,1500,1448,1424,0,3,11621,94,1002,124,1670,5414,5539,5398,5541,2,30,53,07-26-202605:27:22,07-26-202605:28:06
VDSL mnp,100,40,5,5,1,1,1,4,1,100,90,0.05,5,20,5,True,True,88.992,1,1500,1448,1448,0,3,11602,1122,1514,True,False,34.969,1,1500,1448,1424,0,3,11544,+Inf,NaN,25,1504,5433,5549,5420,5551,0,27,21,07-26-202605:01:39,07-26-202605:02:23
VDSL mnp,100,40,5,5,1,1,1,4,1,100,90,0.05,5,20,5,True,True,88.997,1,1500,1448,1448,0,3,11534,1174,1576,True,False,35.375,1,1500,1448,1424,0,3,11540,+Inf,NaN,27,1543,5417,5554,5410,5556,1,28,55,07-26-202605:28:57,07-26-202605:29:41
VDSL mnp,100,40,5,5,1,1,1,4,1,100,90,0.05,5,20,5,True,True,89.114,1,1500,1448,1448,0,3,11629,1086,1480,True,False,34.592,1,1500,1448,1425,0,3,11554,36,47,41,1467,5441,5556,5439,5559,1,26,27,07-26-202605:06:22,07-26-202605:07:09
VDSL mnp,100,40,5,5,1,1,1,4,1,100,90,0.05,5,20,5,True,True,88.993,1,1500,1448,1448,0,3,11519,1256,1669,True,False,35.733,1,1500,1448,1425,0,3,11858,+Inf,NaN,20,1645,5430,5551,5430,5553,0,30,77,07-26-202605:46:52,07-26-202605:47:36
VDSL mnp,100,40,5,5,1,1,1,4,1,100,90,0.05,5,20,5,True,True,89.116,1,1500,1448,1448,0,3,11621,1153,1564,True,False,35.728,1,1500,1448,1425,0,3,11841,45,106,53,1553,5424,5549,5431,5550,1,28,85,07-26-202605:53:38,07-26-202605:54:22
VDSL mnp,100,40,5,5,1,1,1,4,1,100,90,0.05,5,20,5,True,True,88.997,1,1500,1448,1448,0,3,11491,1241,1652,True,False,35.490,1,1500,1448,1425,0,3,11731,+Inf,NaN,25,1625,5427,5545,5428,5548,0,29,86,07-26-202605:54:25,07-26-202605:55:12
VDSL mnp,100,40,5,5,1,1,1,4,1,100,90,0.05,5,20,5,True,True,88.994,1,1500,1448,1448,0,3,11499,1247,1678,True,False,35.996,1,1500,1448,1424,0,3,11950,+Inf,NaN,21,1643,5402,5538,5383,5540,0,30,18,07-26-202604:59:18,07-26-202605:00:02
VDSL mnp,100,40,5,5,1,1,1,4,1,100,90,0.05,5,20,5,True,True,89.122,1,1500,1448,1448,0,3,11479,1249,1661,True,False,35.860,1,1500,1448,1425,0,3,11525,+Inf,NaN,25,1637,5409,5539,5403,5542,0,30,22,07-26-202605:02:27,07-26-202605:03:11
VDSL mnp,100,40,5,5,1,1,1,4,1,100,90,0.05,5,20,5,True,True,89.122,1,1500,1448,1448,0,3,11503,1210,1577,False,False,34.967,1,1500,1448,1424,1,10,11896,+Inf,NaN,20,1557,5414,5539,5406,5538,0,28,81,07-26-202605:50:14,07-26-202605:51:13
VDSL mnp,100,40,5,5,1,1,1,4,1,100,90,0.05,5,20,5,True,True,88.991,1,1500,1448,1448,0,3,11486,1254,1673,True,False,35.354,1,1500,1448,1425,0,3,11563,31,36,37,1654,5422,5552,5413,5550,1,30,64,07-26-202605:36:22,07-26-202605:37:06
VDSL mnp,100,40,5,5,1,1,1,4,1,100,90,0.05,5,20,5,True,True,88.992,1,1500,1448,1448,0,3,11512,1233,1645,True,False,35.100,1,1500,1448,1424,0,3,11615,+Inf,NaN,27,1616,5433,5560,5428,5559,0,29,7,07-26-202604:50:33,07-26-202604:51:17
VDSL mnp,100,40,5,5,1,1,1,4,1,100,90,0.05,5,20,5,True,True,88.995,1,1500,1448,1448,0,3,11490,1253,1670,True,False,35.367,1,1500,1448,1425,0,3,11555,26,28,29,1649,5427,5551,5444,5552,1,30,76,07-26-202605:46:05,07-26-202605:46:49
VDSL mnp,100,40,5,5,1,1,1,4,1,100,90,0.05,5,20,5,True,True,89.122,1,1500,1448,1448,0,3,11132,1561,2081,True,False,35.608,1,1500,1448,1424,0,3,11850,+Inf,NaN,20,2040,5415,5542,5406,5541,0,37,98,07-26-202606:03:56,07-26-202606:04:40
VDSL mnp,100,40,5,5,1,1,1,4,1,100,90,0.05,5,20,5,True,True,89.110,1,1500,1448,1448,0,3,11117,1558,2064,True,False,35.354,1,1500,1448,1424,0,3,12272,+Inf,NaN,28,2023,5417,5554,5406,5555,1,36,19,07-26-202605:00:05,07-26-202605:00:49
VDSL mnp,100,40,5,5,1,1,1,4,1,100,90,0.05,5,20,5,True,True,88.995,1,1500,1448,1448,0,3,11132,1567,2069,True,False,35.373,1,1500,1448,1424,0,3,11595,72,838,80,2053,5424,5543,5427,5543,1,37,28,07-26-202605:07:13,07-26-202605:07:57
VDSL mnp,100,40,5,5,1,1,1,4,1,100,90,0.05,5,20,5,True,True,88.905,1,1500,1448,1448,0,3,11514,1244,1651,True,False,34.837,1,1500,1448,1424,0,3,12196,+Inf,NaN,28,1630,5440,5540,5422,5540,1,29,67,07-26-202605:38:44,07-26-202605:39:28
VDSL mnp,100,40,5,5,1,1,1,4,1,100,90,0.05,5,20,5,True,True,89.115,1,1500,1448,1448,0,3,11500,1246,1658,True,False,35.984,1,1500,1448,1425,0,3,11866,+Inf,NaN,23,1629,5400,5543,5385,5544,0,29,61,07-26-202605:33:45,07-26-202605:34:29
VDSL mnp,100,40,5,5,1,1,1,4,1,100,90,0.05,5,20,5,True,True,88.995,1,1500,1448,1448,0,3,11127,1570,2084,True,False,35.359,1,1500,1448,1424,0,3,11559,26,27,29,2052,5429,5544,5407,5547,1,37,1,07-26-202604:45:44,07-26-202604:46:28
VDSL mnp,100,40,5,5,1,1,1,4,1,100,90,0.05,5,20,5,True,True,89.115,1,1500,1448,1448,0,3,11484,1247,1647,True,False,35.241,1,1500,1448,1425,0,3,11551,+Inf,NaN,26,1625,5431,5536,5427,5536,0,29,66,07-26-202605:37:56,07-26-202605:38:40
VDSL mnp,100,40,5,5,1,1,1,4,1,100,90,0.05,5,20,5,True,True,88.994,1,1500,1448,1448,0,3,11498,1249,1666,True,False,35.486,1,1500,1448,1424,0,3,11596,+Inf,NaN,26,1640,5410,5534,5396,5536,0,30,40,07-26-202605:16:53,07-26-202605:17:37
VDSL mnp,100,40,5,5,1,1,1,4,1,100,90,0.05,5,20,5,True,True,88.993,1,1500,1448,1448,0,3,11592,1545,2066,True,False,35.615,1,1500,1448,1424,0,3,11928,35,58,43,2048,5401,5539,5401,5541,1,37,73,07-26-202605:43:36,07-26-202605:44:20
VDSL mnp,100,40,5,5,1,1,1,4,1,100,90,0.05,5,20,5,True,True,88.997,1,1500,1448,1448,0,3,11489,1248,1651,True,False,35.615,1,1500,1448,1424,0,3,11571,28,31,32,1637,5428,5546,5411,5549,1,29,49,07-26-202605:24:10,07-26-202605:24:54
VDSL mnp,100,40,5,5,1,1,1,4,1,100,90,0.05,5,20,5,True,True,89.115,1,1500,1448,1448,0,3,11372,1303,1743,True,False,35.249,1,1500,1448,1423,0,3,11577,+Inf,NaN,27,1719,5424,5536,5420,5537,1,31,60,07-26-202605:32:58,07-26-202605:33:42
VDSL mnp,100,40,5,5,1,1,1,4,1,100,90,0.05,5,20,5,True,True,89.122,1,1500,1448,1448,0,3,11468,1254,1672,True,False,35.990,1,1500,1448,1425,0,3,11924,+Inf,NaN,23,1646,5417,5544,5405,5546,0,30,41,07-26-202605:17:40,07-26-202605:18:24
VDSL mnp,100,40,5,5,1,1,1,4,1,100,90,0.05,5,20,5,True,True,89.114,1,1500,1448,1448,0,3,11503,1204,1564,True,False,35.360,1,1500,1448,1425,0,3,11539,32,40,39,1559,5438,5552,5439,5550,1,28,10,07-26-202604:52:55,07-26-202604:53:39
VDSL mnp,100,40,5,5,1,1,1,4,1,100,90,0.05,5,20,5,True,True,89.116,1,1500,1448,1448,0,3,11503,1246,1662,True,False,36.981,1,1500,1448,1425,0,3,12186,+Inf,NaN,26,1635,5431,5553,5390,5554,0,29,37,07-26-202605:14:27,07-26-202605:15:11
VDSL mnp,100,40,5,5,1,1,1,4,1,100,90,0.05,5,20,5,True,True,88.991,1,1500,1448,1448,0,3,11486,1254,1673,True,False,35.499,1,1500,1448,1425,0,3,11571,+Inf,NaN,27,1645,5431,5551,5439,5554,0,30,100,07-26-202606:05:30,07-26-202606:06:14
VDSL mnp,100,40,5,5,1,1,1,4,1,100,90,0.05,5,20,5,True,True,88.994,1,1500,1448,1448,0,3,11478,1239,1657,True,False,35.869,1,1500,1448,1425,0,3,11547,27,29,34,1623,5424,5547,5383,5542,1,29,35,07-26-202605:12:50,07-26-202605:13:37
VDSL mnp,100,40,5,5,1,1,1,4,1,100,90,0.05,5,20,5,True,True,88.991,1,1500,1448,1448,0,3,11490,1257,1670,True,False,35.345,1,1500,1448,1425,0,3,11537,+Inf,NaN,26,1647,5416,5536,5416,5538,0,30,11,07-26-202604:53:42,07-26-202604:54:26
VDSL mnp,100,40,5,5,1,1,1,4,1,100,90,0.05,5,20,5,True,True,88.992,1,1500,1448,1448,0,3,11612,1132,1544,True,False,35.373,1,1500,1448,1425,0,3,11545,139,1229,173,1546,5422,5536,5400,5538,3,28,94,07-26-202606:00:47,07-26-202606:01:32
VDSL mnp,100,40,5,5,1,1,1,4,1,100,90,0.05,5,20,5,True,True,88.995,1,1500,1448,1448,0,3,11482,1257,1680,True,False,35.119,1,1500,1448,1425,0,3,11883,+Inf,NaN,29,1651,5429,5553,5424,5555,1,30,87,07-26-202605:55:15,07-26-202605:55:59
VDSL mnp,100,40,5,5,1,1,1,4,1,100,90,0.05,5,20,5,True,True,89.113,1,1500,1448,1448,0,3,11654,1146,1546,True,False,35.342,1,1500,1448,1424,0,3,11561,+Inf,NaN,27,1530,5418,5545,5411,5547,0,28,90,07-26-202605:57:39,07-26-202605:58:23
VDSL mnp,100,40,5,5,1,1,1,4,1,100,90,0.05,5,20,5,True,True,89.119,1,1500,1448,1448,0,3,11493,1242,1658,True,False,35.355,1,1500,1448,1424,0,3,11546,108,1065,139,1661,5418,5558,5421,5561,3,30,6,07-26-202604:49:40,07-26-202604:50:30
VDSL mnp,100,40,5,5,1,1,1,4,1,100,90,0.05,5,20,5,True,True,89.118,1,1500,1448,1448,0,3,11463,1257,1671,True,False,35.474,1,1500,1448,1424,0,3,11837,+Inf,NaN,22,1645,5421,5545,5391,5545,0,30,25,07-26-202605:04:48,07-26-202605:05:32
VDSL mnp,100,40,5,5,1,1,1,4,1,100,90,0.05,5,20,5,True,True,88.990,1,1500,1448,1448,0,3,11530,1256,1671,True,False,35.353,1,1500,1448,1424,0,3,11579,28,30,33,1647,5430,5549,5426,5551,1,30,65,07-26-202605:37:09,07-26-202605:37:53
VDSL mnp,100,40,5,5,1,1,1,4,1,100,90,0.05,5,20,5,True,True,89.115,1,1500,1448,1448,0,3,11519,1241,1657,True,False,35.482,1,1500,1448,1425,0,3,12183,+Inf,NaN,25,1634,5421,5549,5417,5551,0,29,54,07-26-202605:28:09,07-26-202605:28:53
VDSL mnp,100,40,5,5,1,1,1,4,1,100,90,0.05,5,20,5,True,True,88.859,1,1500,1448,1448,0,3,11490,1237,1660,True,False,35.485,1,1500,1448,1425,0,3,11543,37,56,45,1645,5435,5554,5425,5557,1,30,39,07-26-202605:16:02,07-26-202605:16:50
VDSL mnp,100,40,5,5,1,1,1,4,1,100,90,0.05,5,20,5,True,True,89.114,1,1500,1448,1448,0,3,11488,1236,1638,True,False,34.494,1,1500,1448,1425,0,3,12004,+Inf,NaN,20,1607,5436,5574,5434,5577,0,29,3,07-26-202604:47:18,07-26-202604:48:02
VDSL mnp,100,40,5,5,1,1,1,4,1,100,90,0.05,5,20,5,True,True,88.997,1,1500,1448,1448,0,3,11489,1252,1679,True,False,34.980,1,1500,1448,1425,0,3,11572,32,37,36,1660,5428,5557,5428,5558,1,30,97,07-26-202606:03:09,07-26-202606:03:53
VDSL mnp,100,40,5,5,1,1,1,4,1,100,90,0.05,5,20,5,True,True,89.111,1,1500,1448,1448,0,3,11594,1146,1551,True,False,36.990,1,1500,1448,1424,0,3,12159,+Inf,NaN,29,1528,5417,5548,5420,5550,1,28,33,07-26-202605:11:14,07-26-202605:11:58
VDSL mnp,100,40,5,5,1,1,1,4,1,100,90,0.05,5,20,5,True,True,89.060,1,1500,1448,1448,0,3,11617,1113,1504,True,False,35.499,1,1500,1448,1425,0,3,11576,29,32,35,1488,5426,5561,5420,5561,1,27,47,07-26-202605:22:27,07-26-202605:23:11
VDSL mnp,100,40,5,5,1,1,1,4,1,100,90,0.05,5,20,5,True,True,88.990,1,1500,1448,1448,0,3,11532,1246,1651,True,False,34.999,1,1500,1448,1425,0,3,11577,+Inf,NaN,23,1630,5428,5542,5428,5544,0,29,96,07-26-202606:02:22,07-26-202606:03:06
VDSL mnp,100,40,5,5,1,1,1,4,1,100,90,0.05,5,20,5,True,True,89.117,1,1500,1448,1448,0,3,11474,1258,1665,True,False,35.103,1,1500,1448,1425,0,3,11870,+Inf,NaN,29,1643,5432,5544,5419,5546,1,30,72,07-26-202605:42:49,07-26-202605:43:33
VDSL mnp,100,40,5,5,1,1,1,4,1,100,90,0.05,5,20,5,True,True,88.988,1,1500,1448,1448,0,3,11501,1251,1669,True,False,35.374,1,1500,1448,1425,0,3,11571,+Inf,NaN,28,1643,5432,5547,5432,5551,1,30,16,07-26-202604:57:43,07-26-202604:58:27
VDSL mnp,100,40,5,5,1,1,1,4,1,100,90,0.05,5,20,5,True,True,89.040,1,1500,1448,1448,0,3,11496,1247,1658,True,False,35.467,1,1500,1448,1425,0,3,11619,+Inf,NaN,28,1633,5431,5558,5427,5560,1,29,8,07-26-202604:51:21,07-26-202604:52:05
VDSL mnp,100,40,5,5,1,1,1,4,1,100,90,0.05,5,20,5,True,True,88.994,1,1500,1448,1448,0,3,11595,1129,1524,True,False,35.742,1,1500,1448,1424,0,3,11557,+Inf,NaN,26,1503,5416,5550,5411,5554,0,27,14,07-26-202604:56:06,07-26-202604:56:53
VDSL mnp,100,40,5,5,1,1,1,4,1,100,90,0.05,5,20,5,True,True,88.995,1,1500,1448,1448,0,3,11495,1193,1611,True,False,34.999,1,1500,1448,1425,0,3,11553,+Inf,NaN,25,1597,5434,5544,5435,5546,0,29,82,07-26-202605:51:16,07-26-202605:52:00
VDSL mnp,100,40,5,5,1,1,1,4,1,100,90,0.05,5,20,5,True,True,89.123,1,1500,1448,1448,0,3,11531,1237,1648,True,False,35.838,1,1500,1448,1424,0,3,11557,+Inf,NaN,26,1622,5400,5543,5398,5547,0,29,45,07-26-202605:20:49,07-26-202605:21:36
VDSL mnp,100,40,5,5,1,1,1,4,1,100,90,0.05,5,20,5,True,True,88.992,1,1500,1448,1448,0,3,10856,1451,1950,True,False,35.099,1,1500,1448,1424,0,3,12184,+Inf,NaN,27,1918,5432,5555,5431,5558,1,35,43,07-26-202605:19:15,07-26-202605:19:59
VDSL mnp,100,40,5,5,1,1,1,4,1,100,90,0.05,5,20,5,True,True,89.120,1,1500,1448,1448,0,3,11606,1127,1522,True,False,35.351,1,1500,1448,1425,0,3,11521,28,31,32,1510,5430,5548,5417,5550,1,27,83,07-26-202605:52:04,07-26-202605:52:48
VDSL mnp,100,40,5,5,1,1,1,4,1,100,90,0.05,5,20,5,True,True,88.987,1,1500,1448,1448,0,3,11500,1244,1649,False,False,34.989,1,1500,1448,1425,0,3,11927,+Inf,NaN,20,1622,5409,5547,5409,5551,0,29,63,07-26-202605:35:20,07-26-202605:36:19
VDSL mnp,100,40,5,5,1,1,1,4,1,100,90,0.05,5,20,5,True,True,88.991,1,1500,1448,1448,0,3,11499,1251,1660,True,False,35.999,1,1500,1448,1424,0,3,11870,+Inf,NaN,21,1632,5426,5555,5418,5557,0,29,80,07-26-202605:49:27,07-26-202605:50:11
VDSL mnp,100,40,5,5,1,1,1,4,1,100,90,0.05,5,20,5,True,True,88.988,1,1500,1448,1448,0,3,11478,1241,1661,True,False,35.481,1,1500,1448,1424,0,3,11864,+Inf,NaN,22,1628,5416,5551,5416,5554,0,29,59,07-26-202605:32:11,07-26-202605:32:55
VDSL mnp,100,40,5,5,1,1,1,4,1,100,90,0.05,5,20,5,True,True,89.118,1,1500,1448,1448,0,3,11603,1149,1565,True,False,35.370,1,1500,1448,1424,0,3,12160,+Inf,NaN,27,1550,5428,5544,5427,5545,1,28,15,07-26-202604:56:56,07-26-202604:57:40
VDSL mnp,100,40,5,5,1,1,1,4,1,100,90,0.05,5,20,5,True,False,89.118,1,1500,1448,1448,0,3,11596,1122,1526,True,False,34.981,1,1500,1448,1425,1,13,11903,+Inf,NaN,21,1457,5429,5548,5417,5538,0,26,71,07-26-202605:41:52,07-26-202605:42:45
VDSL mnp,100,40,5,5,1,1,1,4,1,100,90,0.05,5,20,5,True,True,89.179,1,1500,1448,1448,0,3,11469,1247,1667,True,False,34.479,1,1500,1448,1425,0,3,11902,37,53,44,1646,5433,5560,5423,5561,1,30,42,07-26-202605:18:28,07-26-202605:19:12
VDSL mnp,100,40,5,5,1,1,1,4,1,100,90,0.05,5,20,5,True,True,88.995,1,1500,1448,1448,0,3,11103,1560,2074,True,False,35.593,1,1500,1448,1424,0,3,11780,71,810,83,2057,5429,5551,5396,5553,2,37,51,07-26-202605:25:45,07-26-202605:26:29
VDSL mnp,100,40,5,5,1,1,1,4,1,100,90,0.05,5,20,5,True,True,88.994,1,1500,1448,1448,0,3,11475,1245,1658,True,False,35.362,1,1500,1448,1424,0,3,11679,28,31,33,1642,5420,5550,5408,5553,1,30,57,07-26-202605:30:31,07-26-202605:31:15
VDSL mnp,100,40,5,5,1,1,1,4,1,100,90,0.05,5,20,5,True,True,88.994,1,1500,1448,1448,0,3,11445,1265,1702,True,False,35.499,1,1500,1448,1425,0,3,12295,+Inf,NaN,25,1671,5416,5557,5419,5559,0,30,88,07-26-202605:56:03,07-26-202605:56:49
VDSL mnp,100,40,5,5,1,1,1,4,1,100,90,0.05,5,20,5,True,True,89.121,1,1500,1448,1448,0,3,11497,1212,1578,True,False,35.372,1,1500,1448,1424,0,3,11527,25,NaN,28,1563,5414,5568,5407,5572,1,28,4,07-26-202604:48:06,07-26-202604:48:50
VDSL mnp,100,40,5,5,1,1,1,4,1,100,90,0.05,5,20,5,True,True,88.865,1,1500,1448,1448,0,3,11492,1230,1617,True,False,35.360,1,1500,1448,1425,0,3,11527,+Inf,NaN,28,1599,5422,5542,5414,5542,1,29,12,07-26-202604:54:29,07-26-202604:55:15
VDSL mnp,100,40,5,5,1,1,1,4,20,100,90,0.05,5,20,5,True,False,88.614,19,1500,1448,1448,0,60,16172.15,308,669,True,False,35.865,19,1500,1448,1424,420,60,24026.85,64,427,48,612,5425,5534,5408,5529,1,11,79,07-26-202610:02:17,07-26-202610:03:10
VDSL mnp,100,40,5,5,1,1,1,4,20,100,90,0.05,5,20,5,True,False,89.117,19,1500,1448,1448,0,60,16159.8,330,692,True,False,35.986,19,1500,1448,1425,634,60,23044.35,58,433,75,825,5433,5548,5418,5543,1,15,50,07-26-202609:36:23,07-26-202609:37:16
VDSL mnp,100,40,5,5,1,1,1,4,20,100,90,0.05,5,20,5,True,False,88.611,19,1500,1448,1448,0,60,16290.7,315,679,True,False,35.614,19,1500,1448,1425,696,60,23912.5,71,389,69,844,5410,5551,5405,5554,1,15,23,07-26-202609:11:54,07-26-202609:12:47
VDSL mnp,100,40,5,5,1,1,1,4,20,100,90,0.05,5,20,5,True,True,89.004,12,1500,1448,1448,1,39,14520.923076923076,461,857,True,False,35.355,19,1500,1448,1424,316,60,23796.9,64,433,93,811,5420,5548,5415,5548,2,15,68,07-26-202609:52:31,07-26-202609:53:17
VDSL mnp,100,40,5,5,1,1,1,4,20,100,90,0.05,5,20,5,True,True,88.625,19,1500,1448,1448,0,57,15726.421052631578,318,710,True,False,36.625,19,1500,1448,1425,650,60,22639.05,43,523,56,646,5418,5551,5409,5554,1,12,92,07-26-202610:14:03,07-26-202610:14:55
VDSL mnp,100,40,5,5,1,1,1,4,20,100,90,0.05,5,20,5,True,False,88.866,19,1500,1448,1448,0,60,15962.4,328,678,True,False,35.488,19,1500,1448,1424,463,60,23603.45,49,468,66,844,5421,5544,5404,5540,1,15,95,07-26-202610:16:50,07-26-202610:17:43
VDSL mnp,100,40,5,5,1,1,1,4,20,100,90,0.05,5,20,5,True,False,89.119,19,1500,1448,1448,0,60,16132.9,327,693,True,False,36.106,19,1500,1448,1425,560,60,23273.8,76,516,86,844,5417,5540,5417,5542,2,15,46,07-26-202609:32:46,07-26-202609:33:39
VDSL mnp,100,40,5,5,1,1,1,4,20,100,90,0.05,5,20,5,True,False,88.752,19,1500,1448,1448,0,60,16599.45,320,669,True,False,35.864,19,1500,1448,1425,586,60,23202.5,47,451,55,742,5412,5545,5412,5549,1,13,93,07-26-202610:14:59,07-26-202610:15:52
VDSL mnp,100,40,5,5,1,1,1,4,20,100,90,0.05,5,20,5,True,True,88.746,14,1500,1448,1448,0,45,15211.133333333333,414,771,True,False,36.363,19,1500,1448,1425,436,60,23698.15,60,494,54,716,5425,5559,5413,5562,1,13,17,07-26-202609:06:33,07-26-202609:07:21
VDSL mnp,100,40,5,5,1,1,1,4,20,100,90,0.05,5,20,5,True,True,88.743,18,1500,1448,1448,0,54,15681.055555555555,357,736,True,False,35.855,19,1500,1448,1425,476,60,23333.75,43,444,52,673,5411,5551,5380,5552,1,12,29,07-26-202609:17:22,07-26-202609:18:13
VDSL mnp,100,40,5,5,1,1,1,4,20,100,90,0.05,5,20,5,True,True,89.006,14,1500,1448,1448,0,45,15054.533333333333,388,777,True,False,36.593,19,1500,1448,1425,390,60,23796.05,56,465,62,719,5415,5545,5388,5546,1,13,20,07-26-202609:09:12,07-26-202609:10:00
VDSL mnp,100,40,5,5,1,1,1,4,20,100,90,0.05,5,20,5,True,False,89.128,19,1500,1448,1448,0,60,16234.3,341,689,True,False,35.482,19,1500,1448,1425,580,60,23591.75,86,537,56,692,5427,5541,5423,5542,1,12,31,07-26-202609:19:13,07-26-202609:20:06
VDSL mnp,100,40,5,5,1,1,1,4,20,100,90,0.05,5,20,5,True,True,88.760,14,1500,1448,1448,0,42,14557,428,882,True,False,36.482,19,1500,1448,1424,463,60,23480.2,52,537,65,791,5440,5545,5431,5546,1,14,84,07-26-202610:06:51,07-26-202610:07:38
VDSL mnp,100,40,5,5,1,1,1,4,20,100,90,0.05,5,20,5,True,True,88.996,18,1500,1448,1448,0,54,15719.888888888889,341,722,True,False,35.688,19,1500,1448,1425,682,60,23217.85,72,354,52,660,5443,5560,5438,5563,1,12,13,07-26-202609:03:05,07-26-202609:03:56
VDSL mnp,100,40,5,5,1,1,1,4,20,100,90,0.05,5,20,5,True,True,89.492,19,1500,1448,1448,0,57,15994.421052631578,350,673,True,False,35.628,19,1500,1448,1424,536,60,24155.6,56,505,56,624,5415,5536,5408,5538,1,11,62,07-26-202609:46:59,07-26-202609:47:51
VDSL mnp,100,40,5,5,1,1,1,4,20,100,90,0.05,5,20,5,True,False,88.874,19,1500,1448,1448,0,60,16063.8,320,661,True,False,34.492,19,1500,1448,1425,501,60,23553.8,46,526,70,836,5425,5533,5413,5536,1,15,75,07-26-202609:58:44,07-26-202609:59:38
VDSL mnp,100,40,5,5,1,1,1,4,20,100,90,0.05,5,20,5,True,True,88.745,12,1500,1448,1448,0,36,14309.416666666666,470,917,True,False,36.123,19,1500,1448,1425,255,60,24063.9,64,410,76,843,5426,5548,5429,5551,1,15,9,07-26-202608:59:34,07-26-202609:00:19
VDSL mnp,100,40,5,5,1,1,1,4,20,100,90,0.05,5,20,5,True,False,88.931,19,1500,1448,1448,0,60,16013.65,337,702,True,False,36.601,19,1500,1448,1424,571,60,23855,51,518,78,849,5426,5551,5416,5553,1,15,44,07-26-202609:30:54,07-26-202609:31:47
VDSL mnp,100,40,5,5,1,1,1,4,20,100,90,0.05,5,20,5,True,True,89.119,16,1500,1448,1448,0,48,15398.8125,386,766,True,False,35.493,19,1500,1448,1425,369,60,23674.15,53,573,50,710,5416,5527,5412,5528,1,13,48,07-26-202609:34:35,07-26-202609:35:24
VDSL mnp,100,40,5,5,1,1,1,4,20,100,90,0.05,5,20,5,True,False,88.944,19,1500,1448,1448,0,60,16194.5,326,679,True,False,35.605,19,1500,1448,1424,565,60,24147,41,458,65,824,5431,5546,5421,5549,1,15,99,07-26-202610:20:29,07-26-202610:21:22
VDSL mnp,100,40,5,5,1,1,1,4,20,100,90,0.05,5,20,5,True,True,89.113,15,1500,1448,1448,0,45,15032.666666666666,422,782,True,False,35.369,19,1500,1448,1424,519,60,23531.2,92,527,52,724,5426,5549,5410,5551,1,13,56,07-26-202609:41:46,07-26-202609:42:34
VDSL mnp,100,40,5,5,1,1,1,4,20,100,90,0.05,5,20,5,True,True,89.061,15,1500,1448,1448,0,45,15094.533333333333,392,844,True,False,36.101,19,1500,1448,1424,468,60,23362.15,52,438,61,745,5427,5548,5419,5550,1,13,32,07-26-202609:20:09,07-26-202609:20:57
VDSL mnp,100,40,5,5,1,1,1,4,20,100,90,0.05,5,20,5,True,False,88.870,19,1500,1448,1448,0,60,16050.25,327,710,True,False,35.862,19,1500,1448,1425,596,60,23430.95,55,605,71,836,5425,5551,5420,5552,1,15,78,07-26-202610:01:21,07-26-202610:02:14
VDSL mnp,100,40,5,5,1,1,1,4,20,100,90,0.05,5,20,5,True,False,88.986,19,1500,1448,1448,0,60,16083.85,324,679,True,False,35.487,19,1500,1448,1425,511,60,22644.55,69,512,87,797,5420,5556,5408,5558,2,14,38,07-26-202609:25:26,07-26-202609:26:19
VDSL mnp,100,40,5,5,1,1,1,4,20,100,90,0.05,5,20,5,True,False,89.372,19,1500,1448,1448,0,60,16029.6,315,665,True,False,35.609,19,1500,1448,1425,593,60,23438.1,69,415,47,631,5440,5561,5433,5564,1,11,26,07-26-202609:14:39,07-26-202609:15:32
VDSL mnp,100,40,5,5,1,1,1,4,20,100,90,0.05,5,20,5,True,True,88.988,13,1500,1448,1448,0,42,14501,430,881,True,False,36.599,19,1500,1448,1424,546,60,22327.1,75,417,62,791,5422,5545,5420,5548,1,14,69,07-26-202609:53:20,07-26-202609:54:07
VDSL mnp,100,40,5,5,1,1,1,4,20,100,90,0.05,5,20,5,True,False,88.743,19,1500,1448,1448,0,60,16198.95,313,692,True,False,37.368,19,1500,1448,1425,588,60,23484.75,72,476,80,816,5415,5540,5411,5540,1,15,34,07-26-202609:21:47,07-26-202609:22:40
VDSL mnp,100,40,5,5,1,1,1,4,20,100,90,0.05,5,20,5,True,True,88.747,11,1500,1448,1448,0,33,14016.636363636364,509,896,True,False,36.246,19,1500,1448,1425,525,60,24367.45,47,511,49,817,5430,5567,5434,5570,1,15,58,07-26-202609:43:24,07-26-202609:44:08
VDSL mnp,100,40,5,5,1,1,1,4,20,100,90,0.05,5,20,5,True,False,88.869,19,1500,1448,1448,0,60,15922.45,319,695,True,False,35.243,19,1500,1448,1425,545,60,23912,50,465,94,765,5416,5538,5408,5540,2,14,30,07-26-202609:18:16,07-26-202609:19:10
VDSL mnp,100,40,5,5,1,1,1,4,20,100,90,0.05,5,20,5,True,True,89.122,18,1500,1448,1448,0,54,15523.833333333334,342,753,True,False,35.366,19,1500,1448,1424,459,57,23787.052631578947,56,442,59,686,5403,5532,5391,5534,1,12,70,07-26-202609:54:10,07-26-202609:55:01
VDSL mnp,100,40,5,5,1,1,1,4,20,100,90,0.05,5,20,5,True,True,88.744,16,1500,1448,1448,0,48,15223.0625,354,816,True,False,36.973,19,1500,1448,1424,504,57,23523.157894736843,55,527,48,729,5429,5556,5427,5558,1,13,24,07-26-202609:12:50,07-26-202609:13:39
VDSL mnp,100,40,5,5,1,1,1,4,20,100,90,0.05,5,20,5,True,True,88.990,18,1500,1448,1448,0,54,15683.944444444445,338,712,True,False,36.209,19,1500,1448,1425,501,60,23682.7,49,446,44,660,5414,5556,5409,5558,1,12,52,07-26-202609:38:16,07-26-202609:39:07
VDSL mnp,100,40,5,5,1,1,1,4,20,100,90,0.05,5,20,5,True,True,88.987,14,1500,1448,1448,0,42,14425.857142857143,412,932,True,False,35.602,19,1500,1448,1424,295,60,23905.75,69,451,110,856,5416,5552,5412,5554,2,15,36,07-26-202609:23:40,07-26-202609:24:27
VDSL mnp,100,40,5,5,1,1,1,4,20,100,90,0.05,5,20,5,True,True,88.876,13,1500,1448,1448,0,42,14680,415,846,True,False,36.355,19,1500,1448,1424,255,60,23056.4,49,351,57,768,5423,5558,5422,5563,1,14,2,07-26-202608:53:25,07-26-202608:54:13
VDSL mnp,100,40,5,5,1,1,1,4,20,100,90,0.05,5,20,5,True,True,89.112,18,1500,1448,1448,0,54,15677.222222222223,347,705,True,False,36.976,19,1500,1448,1424,504,60,22710.55,70,421,80,649,5440,5562,5436,5557,1,12,5,07-26-202608:56:01,07-26-202608:56:52
VDSL mnp,100,40,5,5,1,1,1,4,20,100,90,0.05,5,20,5,True,True,88.982,17,1500,1448,1448,0,54,15650.222222222223,344,701,True,False,35.101,19,1500,1448,1425,331,60,24119.6,55,456,64,644,5419,5542,5410,5543,1,12,89,07-26-202610:11:17,07-26-202610:12:08
VDSL mnp,100,40,5,5,1,1,1,4,20,100,90,0.05,5,20,5,True,True,89.126,17,1500,1448,1448,0,51,15434.823529411764,368,776,True,False,36.737,19,1500,1448,1424,430,60,23055.3,59,485,49,696,5429,5554,5428,5552,1,13,74,07-26-202609:57:51,07-26-202609:58:41
VDSL mnp,100,40,5,5,1,1,1,4,20,100,90,0.05,5,20,5,True,False,89.248,19,1500,1448,1448,0,60,16147.95,317,664,True,False,35.600,19,1500,1448,1425,417,60,23236.65,36,486,50,846,5415,5540,5408,5543,1,15,91,07-26-202610:13:07,07-26-202610:14:00
VDSL mnp,100,40,5,5,1,1,1,4,20,100,90,0.05,5,20,5,True,True,88.872,11,1500,1448,1448,0,33,14232.636363636364,481,902,True,False,35.732,19,1500,1448,1424,418,60,23667.45,47,398,42,823,5410,5547,5364,5548,1,15,53,07-26-202609:39:10,07-26-202609:39:54
VDSL mnp,100,40,5,5,1,1,1,4,20,100,90,0.05,5,20,5,True,False,89.124,19,1500,1448,1448,0,60,16122.25,342,682,True,False,34.475,19,1500,1448,1424,550,60,23792.75,73,477,143,844,5435,5541,5428,5543,3,15,21,07-26-202609:10:03,07-26-202609:10:57
VDSL mnp,100,40,5,5,1,1,1,4,20,100,90,0.05,5,20,5,True,True,88.741,16,1500,1448,1448,0,48,15363.9375,381,755,True,False,34.987,19,1500,1448,1425,430,60,22551.1,36,493,38,693,5425,5539,5410,5541,1,12,55,07-26-202609:40:54,07-26-202609:41:43
VDSL mnp,100,40,5,5,1,1,1,4,20,100,90,0.05,5,20,5,True,True,88.740,15,1500,1448,1448,0,45,15146.6,398,837,True,False,35.874,19,1500,1448,1425,388,60,23802.35,47,485,48,745,5433,5550,5375,5546,1,13,27,07-26-202609:15:35,07-26-202609:16:23
VDSL mnp,100,40,5,5,1,1,1,4,20,100,90,0.05,5,20,5,True,True,88.746,12,1500,1448,1448,0,39,14411.923076923076,462,920,True,False,34.619,19,1500,1448,1425,410,60,23561.25,61,442,61,801,5421,5540,5411,5540,1,14,77,07-26-202610:00:32,07-26-202610:01:18
VDSL mnp,100,40,5,5,1,1,1,4,20,100,90,0.05,5,20,5,True,False,89.242,19,1500,1448,1448,0,60,16122.75,323,708,True,False,36.615,19,1500,1448,1424,560,60,23478.45,71,585,68,864,5425,5550,5414,5553,1,16,85,07-26-202610:07:42,07-26-202610:08:35
VDSL mnp,100,40,5,5,1,1,1,4,20,100,90,0.05,5,20,5,True,True,89.003,14,1500,1448,1448,0,42,14440.714285714286,442,856,True,False,36.661,19,1500,1448,1424,553,60,24160.6,62,458,55,772,5428,5550,5397,5552,1,14,86,07-26-202610:08:38,07-26-202610:09:25
VDSL mnp,100,40,5,5,1,1,1,4,20,100,90,0.05,5,20,5,True,True,88.748,15,1500,1448,1448,0,45,15072.466666666667,375,820,True,False,36.595,19,1500,1448,1425,376,60,23062.15,46,463,57,737,5415,5546,5396,5549,1,13,18,07-26-202609:07:25,07-26-202609:08:13
VDSL mnp,100,40,5,5,1,1,1,4,20,100,90,0.05,5,20,5,True,True,89.125,18,1500,1448,1448,0,54,15620,355,704,True,False,36.474,19,1500,1448,1424,560,60,22827.5,71,443,73,664,5399,5545,5407,5547,1,12,22,07-26-202609:11:00,07-26-202609:11:51
VDSL mnp,100,40,5,5,1,1,1,4,20,100,90,0.05,5,20,5,True,False,89.237,19,1500,1448,1448,0,60,16326.8,321,687,True,False,35.609,19,1500,1448,1424,495,60,23757.8,57,463,77,839,5429,5552,5425,5554,1,15,81,07-26-202610:04:07,07-26-202610:05:00
VDSL mnp,100,40,5,5,1,1,1,4,20,100,90,0.05,5,20,5,True,True,89.237,16,1500,1448,1448,0,48,15383.0625,390,742,True,False,35.868,19,1500,1448,1425,484,60,22986,48,520,52,679,5415,5545,5415,5541,1,12,64,07-26-202609:48:51,07-26-202609:49:43
VDSL mnp,100,40,5,5,1,1,1,4,20,100,90,0.05,5,20,5,True,False,88.616,19,1500,1448,1448,0,60,16196.1,309,696,True,False,36.473,19,1500,1448,1424,495,60,22911.4,39,399,53,838,5428,5543,5430,5546,1,15,7,07-26-202608:57:47,07-26-202608:58:40
VDSL mnp,100,40,5,5,1,1,1,4,20,100,90,0.05,5,20,5,True,True,88.491,15,1500,1448,1448,0,45,14713.533333333333,419,894,True,False,34.612,19,1500,1448,1425,383,60,24587.15,61,559,53,769,5429,5552,5421,5555,1,14,76,07-26-202609:59:41,07-26-202610:00:29
VDSL mnp,100,40,5,5,1,1,1,4,20,100,90,0.05,5,20,5,True,False,88.866,19,1500,1448,1448,0,60,16067.35,313,665,True,False,35.981,19,1500,1448,1425,540,57,23890.63157894737,51,446,79,613,5409,5529,5401,5529,1,11,98,07-26-202610:19:33,07-26-202610:20:26
VDSL mnp,100,40,5,5,1,1,1,4,20,100,90,0.05,5,20,5,True,False,88.614,19,1500,1448,1448,0,60,16201.6,320,686,True,False,35.347,19,1500,1448,1425,561,60,23165.7,41,452,55,830,5430,5554,5411,5559,1,15,19,07-26-202609:08:16,07-26-202609:09:09
VDSL mnp,100,40,5,5,1,1,1,4,20,100,90,0.05,5,20,5,True,False,88.991,19,1500,1448,1448,0,60,16360.3,325,674,True,False,35.341,19,1500,1448,1424,499,60,23601.3,59,458,79,787,5436,5559,5421,5562,1,14,28,07-26-202609:16:26,07-26-202609:17:19
VDSL mnp,100,40,5,5,1,1,1,4,20,100,90,0.05,5,20,5,True,False,88.985,19,1500,1448,1448,0,60,16010.85,316,660,True,False,35.484,19,1500,1448,1425,553,60,23376.95,55,521,117,848,5410,5551,5403,5554,2,15,67,07-26-202609:51:34,07-26-202609:52:27
VDSL mnp,100,40,5,5,1,1,1,4,20,100,90,0.05,5,20,5,True,False,89.001,19,1500,1448,1448,0,60,16319.9,324,670,True,False,36.491,19,1500,1448,1425,504,60,23143.35,46,413,83,850,5413,5543,5402,5545,2,15,61,07-26-202609:46:03,07-26-202609:46:56
VDSL mnp,100,40,5,5,1,1,1,4,20,100,90,0.05,5,20,5,True,True,88.987,15,1500,1448,1448,0,45,15119.066666666668,372,784,True,False,36.383,19,1500,1448,1424,413,57,23915.157894736843,72,511,39,729,5415,5558,5407,5545,1,13,1,07-26-202608:52:34,07-26-202608:53:22
VDSL mnp,100,40,5,5,1,1,1,4,20,100,90,0.05,5,20,5,True,True,89.117,16,1500,1448,1448,0,48,15342.9375,379,762,True,False,35.107,19,1500,1448,1425,434,60,23268.55,45,528,44,702,5446,5544,5444,5544,1,13,66,07-26-202609:50:42,07-26-202609:51:31
VDSL mnp,100,40,5,5,1,1,1,4,20,100,90,0.05,5,20,5,True,True,88.875,19,1500,1448,1448,0,57,15738.157894736842,360,705,True,False,36.467,19,1500,1448,1425,540,57,23582.78947368421,46,486,57,647,5421,5536,5411,5539,1,12,40,07-26-202609:27:15,07-26-202609:28:07
VDSL mnp,100,40,5,5,1,1,1,4,20,100,90,0.05,5,20,5,True,False,89.243,19,1500,1448,1448,0,60,16244.1,317,670,True,False,36.370,19,1500,1448,1424,500,60,24186.7,52,512,89,657,5434,5538,5424,5541,2,12,73,07-26-202609:56:55,07-26-202609:57:48
VDSL mnp,100,40,5,5,1,1,1,4,20,100,90,0.05,5,20,5,True,False,88.989,19,1500,1448,1448,0,60,16121.05,312,668,True,False,37.351,19,1500,1448,1424,473,60,23494.75,38,498,47,650,5429,5542,5425,5542,1,12,49,07-26-202609:35:27,07-26-202609:36:20
VDSL mnp,100,40,5,5,1,1,1,4,20,100,90,0.05,5,20,5,True,False,88.865,19,1500,1448,1448,0,60,16168.4,338,666,True,False,35.493,19,1500,1448,1424,565,60,23490.95,57,414,65,841,5424,5540,5405,5540,1,15,60,07-26-202609:45:07,07-26-202609:46:00
VDSL mnp,100,40,5,5,1,1,1,4,20,100,90,0.05,5,20,5,True,True,88.866,15,1500,1448,1448,0,45,15143.066666666668,403,810,True,False,35.608,19,1500,1448,1425,470,60,24024.55,58,530,59,746,5412,5536,5404,5540,1,13,41,07-26-202609:28:10,07-26-202609:28:58
VDSL mnp,100,40,5,5,1,1,1,4,20,100,90,0.05,5,20,5,True,False,89.119,19,1500,1448,1448,0,60,16293.1,310,710,True,False,35.370,19,1500,1448,1425,522,60,23214,42,385,65,812,5439,5549,5435,5550,1,15,10,07-26-202609:00:23,07-26-202609:01:16
VDSL mnp,100,40,5,5,1,1,1,4,20,100,90,0.05,5,20,5,True,False,89.246,19,1500,1448,1448,0,60,16274.7,305,665,True,False,35.988,19,1500,1448,1424,570,60,24393.4,61,464,73,831,5436,5551,5421,5551,1,15,37,07-26-202609:24:30,07-26-202609:25:23
VDSL mnp,100,40,5,5,1,1,1,4,20,100,90,0.05,5,20,5,True,False,89.237,19,1500,1448,1448,0,60,16173.5,306,700,True,False,35.746,19,1500,1448,1424,567,60,23933.35,49,565,64,829,5420,5547,5416,5548,1,15,100,07-26-202610:21:26,07-26-202610:22:19
VDSL mnp,100,40,5,5,1,1,1,4,20,100,90,0.05,5,20,5,True,False,88.991,19,1500,1448,1448,0,60,16126.2,299,685,True,False,36.266,19,1500,1448,1424,528,57,24110.263157894737,42,396,63,820,5415,5548,5411,5551,1,15,35,07-26-202609:22:44,07-26-202609:23:37
VDSL mnp,100,40,5,5,1,1,1,4,20,100,90,0.05,5,20,5,True,True,88.865,17,1500,1448,1448,0,51,15364.70588235294,360,772,True,False,36.969,19,1500,1448,1424,492,60,24320.35,49,604,48,722,5411,5557,5406,5560,1,13,11,07-26-202609:01:19,07-26-202609:02:09
VDSL mnp,100,40,5,5,1,1,1,4,20,100,90,0.05,5,20,5,True,True,88.491,19,1500,1448,1448,0,57,16770.263157894737,337,680,True,False,36.240,19,1500,1448,1425,525,57,24316.36842105263,57,446,62,643,5417,5558,5388,5557,1,12,94,07-26-202610:15:55,07-26-202610:16:47
VDSL mnp,100,40,5,5,1,1,1,4,20,100,90,0.05,5,20,5,True,False,89.244,19,1500,1448,1448,0,60,16134.25,312,638,True,False,34.867,19,1500,1448,1424,571,57,23538.78947368421,99,420,222,869,5426,5555,5409,5558,4,16,87,07-26-202610:09:28,07-26-202610:10:21
VDSL mnp,100,40,5,5,1,1,1,4,20,100,90,0.05,5,20,5,True,False,88.973,19,1500,1448,1448,0,60,15986.1,339,651,True,False,35.714,19,1500,1448,1425,473,60,23404.9,56,485,82,821,5416,5552,5414,5554,2,15,90,07-26-202610:12:11,07-26-202610:13:04
VDSL mnp,100,40,5,5,1,1,1,4,20,100,90,0.05,5,20,5,True,True,88.997,15,1500,1448,1448,0,45,14908.466666666667,402,767,True,False,35.849,19,1500,1448,1425,417,60,23074.65,57,398,60,727,5416,5547,5406,5549,1,13,6,07-26-202608:56:56,07-26-202608:57:44
VDSL mnp,100,40,5,5,1,1,1,4,20,100,90,0.05,5,20,5,True,False,88.745,19,1500,1448,1448,0,60,16147.85,321,673,True,False,35.192,19,1500,1448,1424,631,60,23720.75,69,483,106,827,5419,5549,5416,5552,2,15,25,07-26-202609:13:42,07-26-202609:14:35
VDSL mnp,100,40,5,5,1,1,1,4,20,100,90,0.05,5,20,5,True,False,89.248,19,1500,1448,1448,0,60,16113.7,329,678,True,False,37.337,19,1500,1448,1424,487,60,24688.1,52,587,56,837,5415,5547,5399,5543,1,15,65,07-26-202609:49:46,07-26-202609:50:39
VDSL mnp,100,40,5,5,1,1,1,4,20,100,90,0.05,5,20,5,True,False,89.119,19,1500,1448,1448,0,60,16109.15,327,704,True,False,35.873,19,1500,1448,1424,588,60,23407.45,38,483,51,723,5408,5534,5389,5537,1,13,54,07-26-202609:39:58,07-26-202609:40:51
VDSL mnp,100,40,5,5,1,1,1,4,20,100,90,0.05,5,20,5,True,True,88.871,16,1500,1448,1448,0,48,15301.3125,379,789,True,False,35.477,19,1500,1448,1424,527,60,23829.85,55,562,48,709,5431,5550,5426,5553,1,13,39,07-26-202609:26:23,07-26-202609:27:12
VDSL mnp,100,40,5,5,1,1,1,4,20,100,90,0.05,5,20,5,True,True,89.108,17,1500,1448,1448,0,54,15741,328,689,True,False,34.971,19,1500,1448,1425,599,60,22791.1,54,544,54,649,5420,5546,5397,5549,1,12,3,07-26-202608:54:16,07-26-202608:55:07
VDSL mnp,100,40,5,5,1,1,1,4,20,100,90,0.05,5,20,5,True,True,89.027,14,1500,1448,1448,0,42,14581.642857142857,421,853,True,False,36.123,19,1500,1448,1425,473,60,23577.7,58,519,67,782,5430,5548,5418,5550,1,14,97,07-26-202610:18:43,07-26-202610:19:30
VDSL mnp,100,40,5,5,1,1,1,4,20,100,90,0.05,5,20,5,True,True,88.623,11,1500,1448,1448,0,33,14133.636363636364,520,974,True,False,35.847,19,1500,1448,1425,384,60,23487.15,59,605,56,868,5421,5545,5418,5546,1,16,33,07-26-202609:21:00,07-26-202609:21:44
VDSL mnp,100,40,5,5,1,1,1,4,20,100,90,0.05,5,20,5,True,True,89.245,16,1500,1448,1448,0,48,15321.625,369,789,True,False,36.064,19,1500,1448,1424,456,60,23404.9,55,543,46,706,5427,5549,5426,5550,1,13,47,07-26-202609:33:43,07-26-202609:34:32
VDSL mnp,100,40,5,5,1,1,1,4,20,100,90,0.05,5,20,5,True,False,89.122,19,1500,1448,1448,0,60,16062.55,320,655,True,False,36.615,19,1500,1448,1424,535,60,22952,57,484,71,741,5423,5538,5427,5541,1,13,96,07-26-202610:17:47,07-26-202610:18:40
VDSL mnp,100,40,5,5,1,1,1,4,20,100,90,0.05,5,20,5,True,True,88.868,15,1500,1448,1448,0,45,15130,396,753,True,False,36.486,19,1500,1448,1425,373,60,23350.35,57,470,43,684,5411,5539,5414,5528,1,12,72,07-26-202609:56:01,07-26-202609:56:52
VDSL mnp,100,40,5,5,1,1,1,4,20,100,90,0.05,5,20,5,True,True,88.685,14,1500,1448,1448,0,42,14830.214285714286,417,885,True,False,36.002,19,1500,1448,1425,291,60,22615.95,47,488,42,792,5410,5548,5418,5552,1,14,16,07-26-202609:05:43,07-26-202609:06:30
VDSL mnp,100,40,5,5,1,1,1,4,20,100,90,0.05,5,20,5,True,True,88.755,15,1500,1448,1448,0,45,15098.733333333334,412,804,True,False,35.244,19,1500,1448,1424,507,60,22965.65,59,482,51,732,5424,5548,5415,5549,1,13,8,07-26-202608:58:43,07-26-202608:59:31
VDSL mnp,100,40,5,5,1,1,1,4,20,100,90,0.05,5,20,5,True,True,88.867,15,1500,1448,1448,0,45,14984.2,408,809,True,False,36.733,19,1500,1448,1424,431,57,23911.42105263158,62,459,49,737,5435,5545,5426,5547,1,13,14,07-26-202609:04:00,07-26-202609:04:48
VDSL mnp,100,40,5,5,1,1,1,4,20,100,90,0.05,5,20,5,True,True,89.122,17,1500,1448,1448,0,51,15454.176470588236,348,727,True,False,35.837,19,1500,1448,1425,472,60,23327.9,73,419,65,672,5423,5540,5419,5541,1,12,82,07-26-202610:05:03,07-26-202610:05:53
VDSL mnp,100,40,5,5,1,1,1,4,20,100,90,0.05,5,20,5,True,False,88.991,19,1500,1448,1448,0,60,16175.65,319,660,True,False,36.360,19,1500,1448,1424,592,60,22778.1,52,463,67,839,5420,5543,5412,5542,1,15,45,07-26-202609:31:50,07-26-202609:32:43
VDSL mnp,100,40,5,5,1,1,1,4,20,100,90,0.05,5,20,5,True,False,88.870,19,1500,1448,1448,0,60,16225.8,317,692,True,False,36.122,19,1500,1448,1425,600,60,23377.9,50,464,84,805,5416,5537,5420,5541,2,15,43,07-26-202609:29:58,07-26-202609:30:51
VDSL mnp,100,40,5,5,1,1,1,4,20,100,90,0.05,5,20,5,True,True,88.623,19,1500,1448,1448,0,57,15908.526315789473,333,696,True,False,35.467,19,1500,1448,1424,589,60,23351.35,69,496,80,651,5423,5554,5397,5557,1,12,83,07-26-202610:05:56,07-26-202610:06:48
VDSL mnp,100,40,5,5,1,1,1,4,20,100,90,0.05,5,20,5,True,False,88.867,19,1500,1448,1448,0,60,16312.75,319,637,True,False,35.238,19,1500,1448,1424,585,60,24569.3,49,468,63,732,5408,5545,5403,5548,1,13,63,07-26-202609:47:54,07-26-202609:48:48
VDSL mnp,100,40,5,5,1,1,1,4,20,100,90,0.05,5,20,5,True,True,89.121,17,1500,1448,1448,0,51,15484.882352941177,378,755,True,False,36.243,19,1500,1448,1424,558,60,22867.55,62,462,59,690,5421,5553,5420,5556,1,12,80,07-26-202610:03:14,07-26-202610:04:04
VDSL mnp,100,40,5,5,1,1,1,4,20,100,90,0.05,5,20,5,True,True,89.375,19,1500,1448,1448,0,57,15929.684210526315,342,693,True,False,35.355,19,1500,1448,1424,592,60,23575.85,52,379,49,644,5422,5547,5417,5550,1,12,59,07-26-202609:44:12,07-26-202609:45:04
VDSL mnp,100,40,5,5,1,1,1,4,20,100,90,0.05,5,20,5,True,True,89.123,16,1500,1448,1448,0,48,15385.1875,343,763,True,False,36.339,19,1500,1448,1424,420,60,23103.05,55,414,63,697,5423,5540,5422,5536,1,13,15,07-26-202609:04:51,07-26-202609:05:40
VDSL mnp,100,40,5,5,1,1,1,4,20,100,90,0.05,5,20,5,True,False,89.125,19,1500,1448,1448,0,60,16224.6,294,697,True,False,35.861,19,1500,1448,1425,479,60,23605.85,37,493,38,614,5417,5545,5401,5546,1,11,71,07-26-202609:55:04,07-26-202609:55:57
VDSL mnp,100,40,5,5,1,1,1,4,20,100,90,0.05,5,20,5,True,False,89.230,19,1500,1448,1448,0,60,16185.3,324,709,True,False,35.848,19,1500,1448,1424,533,60,23969.15,98,492,85,803,5397,5540,5337,5543,2,14,42,07-26-202609:29:01,07-26-202609:29:54
VDSL mnp,100,40,5,5,1,1,1,4,20,100,90,0.05,5,20,5,True,False,89.091,19,1500,1448,1448,1,60,16302.3,307,664,True,False,34.752,19,1500,1448,1424,671,60,23490.4,44,533,60,801,5406,5531,5400,5534,1,14,51,07-26-202609:37:20,07-26-202609:38:13
VDSL mnp,100,40,5,5,1,1,1,4,20,100,90,0.05,5,20,5,True,True,88.748,11,1500,1448,1448,0,33,14244.181818181818,520,960,True,False,36.719,19,1500,1448,1425,448,60,24159.9,56,457,56,867,5434,5555,5437,5560,1,16,57,07-26-202609:42:37,07-26-202609:43:21
VDSL mnp,100,40,5,5,1,1,1,4,20,100,90,0.05,5,20,5,True,True,89.122,16,1500,1448,1448,0,48,15251.8125,393,748,True,False,35.624,19,1500,1448,1425,466,60,23771.7,54,491,61,688,5427,5546,5418,5549,1,12,88,07-26-202610:10:24,07-26-202610:11:13
VDSL mnp,100,40,5,5,1,1,1,4,20,100,90,0.05,5,20,5,True,True,88.852,14,1500,1448,1448,0,45,15141.866666666667,386,770,True,False,35.747,19,1500,1448,1425,417,60,23690.4,53,455,45,705,5430,5554,5424,5556,1,13,4,07-26-202608:55:10,07-26-202608:55:58
VDSL mnp,100,40,5,5,1,1,1,4,20,100,90,0.05,5,20,5,True,True,88.502,17,1500,1448,1448,0,51,15535.235294117647,360,739,True,False,36.107,19,1500,1448,1425,501,60,23100.85,42,467,63,683,5438,5555,5433,5559,1,12,12,07-26-202609:02:12,07-26-202609:03:02
VDSL sdt,100,40,5,5,1,1,1,4,16,100,90,0.05,3,20,5,True,False,89.807,16,1500,1448,1448,0,48,15188.0625,341,692,True,False,34.995,16,1500,1448,1424,545,48,23231.875,51,395,101,843,5412,5535,5431,5512,2,15,79,07-26-202611:35:12,07-26-202611:36:11
VDSL sdt,100,40,5,5,1,1,1,4,16,100,90,0.05,3,20,5,True,True,88.871,16,1500,1448,1448,0,48,15354.625,332,711,True,False,35.840,16,1500,1448,1425,515,48,23230.5625,53,402,51,663,5431,5546,5414,5548,1,12,50,07-26-202611:08:30,07-26-202611:09:22
VDSL sdt,100,40,5,5,1,1,1,4,16,100,90,0.05,3,20,5,True,True,88.993,16,1500,1448,1448,0,48,15405.75,361,690,True,False,35.728,16,1500,1448,1424,331,48,23841.625,46,385,56,642,5412,5535,5406,5535,1,12,23,07-26-202610:43:07,07-26-202610:43:58
VDSL sdt,100,40,5,5,1,1,1,4,16,100,90,0.05,3,20,5,True,False,89.117,16,1500,1448,1448,0,48,15390.5625,345,684,True,False,36.102,16,1500,1448,1425,503,48,23440,81,444,72,831,5401,5535,5390,5537,1,15,68,07-26-202611:25:03,07-26-202611:25:56
VDSL sdt,100,40,5,5,1,1,1,4,16,100,90,0.05,3,20,5,True,True,88.121,16,1500,1448,1448,0,48,15197.375,358,709,True,False,35.725,16,1500,1448,1424,389,48,23306.25,61,445,53,656,5421,5540,5403,5537,1,12,92,07-26-202611:47:41,07-26-202611:48:33
VDSL sdt,100,40,5,5,1,1,1,4,16,100,90,0.05,3,20,5,True,True,88.738,16,1500,1448,1448,0,48,15294.4375,356,708,True,False,35.346,16,1500,1448,1424,405,48,24030.25,54,471,61,660,5426,5551,5402,5553,1,12,95,07-26-202611:50:25,07-26-202611:51:17
VDSL sdt,100,40,5,5,1,1,1,4,16,100,90,0.05,3,20,5,True,True,88.869,15,1500,1448,1448,0,45,15063.666666666666,387,830,True,False,35.118,16,1500,1448,1424,357,48,23268.6875,47,430,56,746,5423,5535,5420,5534,1,13,46,07-26-202611:04:43,07-26-202611:05:34
VDSL sdt,100,40,5,5,1,1,1,4,16,100,90,0.05,3,20,5,True,True,88.620,16,1500,1448,1448,0,48,15336.5625,352,716,True,False,34.983,16,1500,1448,1425,315,48,23688.75,44,432,45,657,5421,5546,5417,5550,1,12,93,07-26-202611:48:37,07-26-202611:49:28
VDSL sdt,100,40,5,5,1,1,1,4,16,100,90,0.05,3,20,5,True,True,89.360,16,1500,1448,1448,0,48,15244.3125,332,698,True,False,34.756,16,1500,1448,1425,513,48,23032.125,49,445,48,652,5416,5543,5419,5546,1,12,17,07-26-202610:37:25,07-26-202610:38:17
VDSL sdt,100,40,5,5,1,1,1,4,16,100,90,0.05,3,20,5,True,True,88.997,16,1500,1448,1448,0,48,15335.5,351,704,True,False,35.110,16,1500,1448,1425,358,48,23523.8125,48,478,44,648,5426,5561,5415,5564,1,12,29,07-26-202610:48:41,07-26-202610:49:33
VDSL sdt,100,40,5,5,1,1,1,4,16,100,90,0.05,3,20,5,True,True,88.617,16,1500,1448,1448,0,48,15409.6875,345,672,True,False,35.477,16,1500,1448,1424,433,48,23616.75,49,471,48,617,5421,5546,5441,5551,1,11,20,07-26-202610:40:13,07-26-202610:41:11
VDSL sdt,100,40,5,5,1,1,1,4,16,100,90,0.05,3,20,5,True,False,88.751,16,1500,1448,1448,0,48,15285.875,354,704,True,False,36.595,16,1500,1448,1424,386,48,23307.0625,56,430,82,707,5426,5542,5408,5546,2,13,31,07-26-202610:50:33,07-26-202610:51:26
VDSL sdt,100,40,5,5,1,1,1,4,16,100,90,0.05,3,20,5,True,True,89.124,16,1500,1448,1448,0,48,15339.375,342,721,True,False,34.355,16,1500,1448,1425,378,48,23617.4375,68,404,82,673,5410,5540,5389,5536,2,12,84,07-26-202611:40:05,07-26-202611:40:56
VDSL sdt,100,40,5,5,1,1,1,4,16,100,90,0.05,3,20,5,True,True,89.245,16,1500,1448,1448,0,48,15213.625,342,704,True,False,36.224,16,1500,1448,1425,525,48,23035.8125,49,467,55,647,5411,5551,5399,5554,1,12,13,07-26-202610:33:41,07-26-202610:34:33
VDSL sdt,100,40,5,5,1,1,1,4,16,100,90,0.05,3,20,5,True,True,89.115,16,1500,1448,1448,0,48,15369.1875,353,720,True,False,35.599,16,1500,1448,1425,273,48,23808.625,56,364,60,663,5435,5547,5428,5548,1,12,62,07-26-202611:19:32,07-26-202611:20:23
VDSL sdt,100,40,5,5,1,1,1,4,16,100,90,0.05,3,20,5,True,False,88.623,16,1500,1448,1448,0,48,15382.625,346,679,True,False,34.597,16,1500,1448,1425,421,48,23781.6875,48,541,45,717,5424,5547,5426,5538,1,13,75,07-26-202611:31:29,07-26-202611:32:25
VDSL sdt,100,40,5,5,1,1,1,4,16,100,90,0.05,3,20,5,True,True,89.000,16,1500,1448,1448,0,48,15329.25,362,679,True,False,34.497,16,1500,1448,1425,421,48,23301.3125,72,444,97,635,5428,5552,5419,5555,2,11,9,07-26-202610:30:05,07-26-202610:30:57
VDSL sdt,100,40,5,5,1,1,1,4,16,100,90,0.05,3,20,5,True,True,88.991,16,1500,1448,1448,0,48,15617.1875,329,679,True,False,36.365,16,1500,1448,1424,410,48,23178.8125,47,416,78,633,5427,5550,5445,5541,1,11,44,07-26-202611:02:49,07-26-202611:03:44
VDSL sdt,100,40,5,5,1,1,1,4,16,100,90,0.05,3,20,5,True,True,88.991,16,1500,1448,1448,0,48,14933.875,345,717,True,False,35.490,16,1500,1448,1425,378,48,24231.75,44,440,46,669,5440,5562,5435,5563,1,12,48,07-26-202611:06:36,07-26-202611:07:28
VDSL sdt,100,40,5,5,1,1,1,4,16,100,90,0.05,3,20,5,True,True,89.259,16,1500,1448,1448,0,48,15590.9375,361,717,True,False,35.857,16,1500,1448,1425,402,48,22805,45,406,71,660,5419,5544,5417,5546,1,12,99,07-26-202611:54:07,07-26-202611:54:58
VDSL sdt,100,40,5,5,1,1,1,4,16,100,90,0.05,3,20,5,True,True,88.866,16,1500,1448,1448,0,48,15443.75,361,698,True,False,34.850,16,1500,1448,1425,318,48,23761.5,58,482,49,645,5431,5546,5423,5546,1,12,56,07-26-202611:13:51,07-26-202611:14:43
VDSL sdt,100,40,5,5,1,1,1,4,16,100,90,0.05,3,20,5,True,False,88.738,16,1500,1448,1448,0,48,15283.6875,345,715,True,False,37.088,16,1500,1448,1425,393,48,24095.875,40,351,57,801,5426,5543,5434,5545,1,14,32,07-26-202610:51:29,07-26-202610:52:25
VDSL sdt,100,40,5,5,1,1,1,4,16,100,90,0.05,3,20,5,True,True,88.870,16,1500,1448,1448,0,48,15546.3125,353,682,True,False,35.469,16,1500,1448,1424,433,48,24453.75,44,395,56,639,5416,5547,5404,5548,1,12,78,07-26-202611:34:17,07-26-202611:35:09
VDSL sdt,100,40,5,5,1,1,1,4,16,100,90,0.05,3,20,5,True,True,88.746,16,1500,1448,1448,0,48,14909.375,342,730,True,False,35.725,16,1500,1448,1425,414,48,23037.0625,49,435,51,680,5427,5540,5423,5533,1,12,38,07-26-202610:57:11,07-26-202610:58:03
VDSL sdt,100,40,5,5,1,1,1,4,16,100,90,0.05,3,20,5,True,False,88.874,16,1500,1448,1448,0,48,15222.9375,338,674,True,False,35.346,16,1500,1448,1425,330,48,23159.3125,58,446,76,827,5431,5554,5418,5557,1,15,26,07-26-202610:45:52,07-26-202610:46:45
VDSL sdt,100,40,5,5,1,1,1,4,16,100,90,0.05,3,20,5,True,True,89.122,15,1500,1448,1448,0,48,15403.8125,358,758,True,False,35.227,16,1500,1448,1425,507,48,23363.6875,53,447,55,697,5433,5545,5437,5537,1,13,69,07-26-202611:26:00,07-26-202611:26:52
VDSL sdt,100,40,5,5,1,1,1,4,16,100,90,0.05,3,20,5,True,False,89.105,16,1500,1448,1448,0,48,15536.5625,316,650,True,False,35.729,16,1500,1448,1424,375,48,23238.375,49,500,66,800,5419,5542,5435,5538,1,14,34,07-26-202610:53:23,07-26-202610:54:19
VDSL sdt,100,40,5,5,1,1,1,4,16,100,90,0.05,3,20,5,True,True,88.615,16,1500,1448,1448,0,48,15396.5625,354,710,True,False,34.096,16,1500,1448,1425,389,48,23294.9375,61,474,65,662,5436,5551,5418,5554,1,12,58,07-26-202611:15:43,07-26-202611:16:34
VDSL sdt,100,40,5,5,1,1,1,4,16,100,90,0.05,3,20,5,True,False,89.124,16,1500,1448,1448,0,48,15000.625,348,715,True,False,35.378,16,1500,1448,1425,518,48,23265.5,62,453,65,752,5418,5550,5405,5553,1,14,30,07-26-202610:49:36,07-26-202610:50:29
VDSL sdt,100,40,5,5,1,1,1,4,16,100,90,0.05,3,20,5,True,True,89.123,16,1500,1448,1448,0,48,15400.3125,349,700,True,False,35.121,16,1500,1448,1424,324,48,23243,53,380,60,643,5432,5543,5413,5545,1,12,70,07-26-202611:26:55,07-26-202611:27:45
VDSL sdt,100,40,5,5,1,1,1,4,16,100,90,0.05,3,20,5,True,True,89.120,16,1500,1448,1448,0,48,15251.125,344,694,True,False,34.622,16,1500,1448,1424,355,48,22427.125,48,422,51,653,5426,5550,5404,5543,1,12,24,07-26-202610:44:01,07-26-202610:44:53
VDSL sdt,100,40,5,5,1,1,1,4,16,100,90,0.05,3,20,5,True,False,88.740,16,1500,1448,1448,0,48,15419.6875,343,698,True,False,35.374,16,1500,1448,1424,388,48,23147.5,47,468,62,701,5428,5556,5425,5558,1,13,52,07-26-202611:10:22,07-26-202611:11:15
VDSL sdt,100,40,5,5,1,1,1,4,16,100,90,0.05,3,20,5,True,True,89.242,16,1500,1448,1448,0,48,15412.9375,335,707,True,False,35.859,16,1500,1448,1425,471,48,23761.125,55,425,46,664,5417,5553,5411,5556,1,12,36,07-26-202610:55:18,07-26-202610:56:10
VDSL sdt,100,40,5,5,1,1,1,4,16,100,90,0.05,3,20,5,True,True,88.994,16,1500,1448,1448,0,48,15258.125,358,684,True,False,34.606,16,1500,1448,1425,445,48,23220.375,56,402,59,640,5413,5540,5433,5535,1,12,2,07-26-202610:23:18,07-26-202610:24:12
VDSL sdt,100,40,5,5,1,1,1,4,16,100,90,0.05,3,20,5,True,True,88.614,16,1500,1448,1448,0,48,15396.5,341,719,True,False,35.713,16,1500,1448,1425,440,48,24447.1875,54,296,61,655,5432,5534,5437,5529,1,12,5,07-26-202610:26:13,07-26-202610:27:07
VDSL sdt,100,40,5,5,1,1,1,4,16,100,90,0.05,3,20,5,True,True,89.120,16,1500,1448,1448,0,48,15319.4375,340,689,True,False,35.747,16,1500,1448,1424,446,48,23367.625,53,420,53,639,5409,5539,5416,5524,1,12,89,07-26-202611:44:46,07-26-202611:45:41
VDSL sdt,100,40,5,5,1,1,1,4,16,100,90,0.05,3,20,5,True,True,89.108,16,1500,1448,1448,0,48,15195.5,340,677,True,False,36.359,16,1500,1448,1425,586,48,23461.375,50,433,48,630,5421,5545,5418,5525,1,11,74,07-26-202611:30:31,07-26-202611:31:26
VDSL sdt,100,40,5,5,1,1,1,4,16,100,90,0.05,3,20,5,True,True,88.865,16,1500,1448,1448,0,48,15342.75,356,767,True,False,35.252,16,1500,1448,1425,412,48,22879.0625,56,427,50,694,5419,5544,5434,5527,1,13,91,07-26-202611:46:42,07-26-202611:47:38
VDSL sdt,100,40,5,5,1,1,1,4,16,100,90,0.05,3,20,5,True,True,89.368,16,1500,1448,1448,0,48,14876.375,365,763,True,False,35.354,16,1500,1448,1425,300,48,23542.1875,54,488,50,701,5415,5548,5421,5550,1,13,53,07-26-202611:11:19,07-26-202611:12:09
VDSL sdt,100,40,5,5,1,1,1,4,16,100,90,0.05,3,20,5,True,True,88.493,16,1500,1448,1448,0,48,15237.25,342,707,True,False,35.858,16,1500,1448,1424,345,48,24386.0625,92,415,52,660,5435,5549,5439,5551,1,12,21,07-26-202610:41:14,07-26-202610:42:06
VDSL sdt,100,40,5,5,1,1,1,4,16,100,90,0.05,3,20,5,True,True,89.118,16,1500,1448,1448,0,48,14969.4375,398,841,True,False,35.743,16,1500,1448,1424,316,59,24815.8125,51,466,60,752,5397,5550,5379,5553,1,14,55,07-26-202611:12:59,07-26-202611:13:48
VDSL sdt,100,40,5,5,1,1,1,4,16,100,90,0.05,3,20,5,True,False,89.371,16,1500,1448,1448,0,48,15333.25,350,696,True,False,35.488,16,1500,1448,1424,360,48,23444.9375,61,473,83,816,5403,5544,5397,5545,2,15,27,07-26-202610:46:48,07-26-202610:47:41
VDSL sdt,100,40,5,5,1,1,1,4,16,100,90,0.05,3,20,5,True,True,89.371,16,1500,1448,1448,0,48,15485.625,337,715,True,False,36.101,16,1500,1448,1425,468,48,23323.75,52,430,42,645,5410,5546,5398,5541,1,12,77,07-26-202611:33:24,07-26-202611:34:14
VDSL sdt,100,40,5,5,1,1,1,4,16,100,90,0.05,3,20,5,True,False,88.866,16,1500,1448,1448,0,48,15391.1875,333,620,True,False,36.112,16,1500,1448,1425,387,48,22742.1875,61,369,98,843,5425,5549,5439,5540,2,15,85,07-26-202611:41:00,07-26-202611:41:59
VDSL sdt,100,40,5,5,1,1,1,4,16,100,90,0.05,3,20,5,True,True,89.118,16,1500,1448,1448,0,48,15318.9375,342,738,True,False,35.618,16,1500,1448,1425,321,48,22722.5,54,423,58,670,5407,5539,5399,5539,1,12,86,07-26-202611:42:02,07-26-202611:42:53
VDSL sdt,100,40,5,5,1,1,1,4,16,100,90,0.05,3,20,5,True,True,89.245,16,1500,1448,1448,0,48,15352.3125,350,718,True,False,36.370,16,1500,1448,1425,445,48,23355.5625,58,387,54,687,5424,5548,5434,5546,1,12,18,07-26-202610:38:20,07-26-202610:39:14
VDSL sdt,100,40,5,5,1,1,1,4,16,100,90,0.05,3,20,5,True,True,89.372,16,1500,1448,1448,0,48,15290.625,354,737,True,False,34.748,16,1500,1448,1425,463,49,22524.0625,59,452,49,681,5423,5542,5429,5528,1,12,22,07-26-202610:42:09,07-26-202610:43:04
VDSL sdt,100,40,5,5,1,1,1,4,16,100,90,0.05,3,20,5,True,True,89.618,16,1500,1448,1448,0,48,15312.4375,352,697,True,False,35.751,16,1500,1448,1425,468,48,23317.1875,61,432,67,647,5442,5555,5439,5554,1,12,81,07-26-202611:37:16,07-26-202611:38:09
VDSL sdt,100,40,5,5,1,1,1,4,16,100,90,0.05,3,20,5,True,False,89.119,16,1500,1448,1448,0,48,15215.75,345,691,True,False,35.988,16,1500,1448,1425,423,48,23327.875,39,439,62,834,5418,5536,5417,5538,1,15,64,07-26-202611:21:23,07-26-202611:22:16
VDSL sdt,100,40,5,5,1,1,1,4,16,100,90,0.05,3,20,5,True,True,89.119,16,1500,1448,1448,0,48,15113,364,753,True,False,34.866,16,1500,1448,1425,383,48,22889.375,53,404,50,677,5410,5544,5407,5547,1,12,7,07-26-202610:28:10,07-26-202610:29:01
VDSL sdt,100,40,5,5,1,1,1,4,16,100,90,0.05,3,20,5,True,True,88.990,16,1500,1448,1448,0,48,15189.125,355,667,True,False,36.231,16,1500,1448,1425,408,48,23002,63,461,50,634,5414,5551,5410,5553,1,11,76,07-26-202611:32:28,07-26-202611:33:20
VDSL sdt,100,40,5,5,1,1,1,4,16,100,90,0.05,3,20,5,True,True,89.122,16,1500,1448,1448,0,48,15575.4375,363,695,True,False,35.500,16,1500,1448,1425,325,48,22800.6875,64,387,71,645,5414,5549,5393,5552,1,12,98,07-26-202611:53:13,07-26-202611:54:04
VDSL sdt,100,40,5,5,1,1,1,4,16,100,90,0.05,3,20,5,True,True,88.680,16,1500,1448,1448,0,48,15209.3125,346,651,True,False,34.874,16,1500,1448,1425,344,48,24876.625,75,463,74,618,5423,5539,5422,5540,1,11,19,07-26-202610:39:18,07-26-202610:40:10
VDSL sdt,100,40,5,5,1,1,1,4,16,100,90,0.05,3,20,5,True,False,89.123,16,1500,1448,1448,0,48,15321.1875,342,719,True,False,36.362,16,1500,1448,1425,325,48,24509.75,51,438,63,841,5425,5559,5420,5556,1,15,28,07-26-202610:47:45,07-26-202610:48:38
VDSL sdt,100,40,5,5,1,1,1,4,16,100,90,0.05,3,20,5,True,True,88.989,16,1500,1448,1448,0,48,15352.25,344,702,True,False,35.591,16,1500,1448,1425,465,48,23180.3125,50,455,38,652,5425,5546,5407,5548,1,12,67,07-26-202611:24:08,07-26-202611:25:00
VDSL sdt,100,40,5,5,1,1,1,4,16,100,90,0.05,3,20,5,True,True,89.379,16,1500,1448,1448,0,48,15558.125,343,673,True,False,34.494,16,1500,1448,1424,394,48,23220.5625,68,386,74,621,5419,5546,5410,5523,1,11,61,07-26-202611:18:35,07-26-202611:19:29
VDSL sdt,100,40,5,5,1,1,1,4,16,100,90,0.05,3,20,5,True,False,89.121,16,1500,1448,1448,0,48,15244,341,689,True,False,33.746,16,1500,1448,1425,398,48,23536.6875,40,382,70,826,5424,5543,5424,5546,1,15,1,07-26-202610:22:22,07-26-202610:23:15
VDSL sdt,100,40,5,5,1,1,1,4,16,100,90,0.05,3,20,5,True,True,88.994,16,1500,1448,1448,0,48,15183.25,371,743,True,False,35.977,16,1500,1448,1424,380,48,24198.5,47,393,48,669,5423,5552,5425,5555,1,12,66,07-26-202611:23:13,07-26-202611:24:05
VDSL sdt,100,40,5,5,1,1,1,4,16,100,90,0.05,3,20,5,True,False,89.005,16,1500,1448,1448,0,48,15393.1875,353,722,True,False,35.736,16,1500,1448,1425,463,48,23226.5625,63,433,66,822,5427,5545,5437,5542,1,15,40,07-26-202610:59:01,07-26-202611:00:00
VDSL sdt,100,40,5,5,1,1,1,4,16,100,90,0.05,3,20,5,True,True,89.124,16,1500,1448,1448,0,48,15071.1875,357,730,True,False,35.124,16,1500,1448,1424,450,48,23710.5625,44,388,50,679,5413,5549,5411,5552,1,12,73,07-26-202611:29:36,07-26-202611:30:28
VDSL sdt,100,40,5,5,1,1,1,4,16,100,90,0.05,3,20,5,True,True,89.365,16,1500,1448,1448,0,48,15248.6875,336,698,True,False,34.478,16,1500,1448,1424,427,48,24076.125,66,450,61,635,5426,5548,5427,5544,1,11,49,07-26-202611:07:31,07-26-202611:08:26
VDSL sdt,100,40,5,5,1,1,1,4,16,100,90,0.05,3,20,5,True,True,89.244,16,1500,1448,1448,0,48,15181.6875,336,705,True,False,35.991,16,1500,1448,1425,361,48,23381.125,39,412,50,645,5413,5536,5394,5539,1,12,60,07-26-202611:17:39,07-26-202611:18:31
VDSL sdt,100,40,5,5,1,1,1,4,16,100,90,0.05,3,20,5,True,True,88.617,16,1500,1448,1448,0,48,15290.25,344,724,True,False,34.370,16,1500,1448,1425,467,48,23836.4375,49,463,53,668,5436,5553,5429,5554,1,12,41,07-26-202611:00:03,07-26-202611:00:54
VDSL sdt,100,40,5,5,1,1,1,4,16,100,90,0.05,3,20,5,True,True,89.118,16,1500,1448,1448,0,48,15181.5625,358,748,True,False,34.858,16,1500,1448,1425,504,48,23488.5,56,373,56,691,5435,5541,5434,5542,1,12,10,07-26-202610:31:00,07-26-202610:31:51
VDSL sdt,100,40,5,5,1,1,1,4,16,100,90,0.05,3,20,5,True,True,88.869,16,1500,1448,1448,0,48,15337.9375,351,729,True,False,35.108,16,1500,1448,1424,378,48,22889.5,47,399,64,666,5422,5542,5430,5541,1,12,37,07-26-202610:56:13,07-26-202610:57:07
VDSL sdt,100,40,5,5,1,1,1,4,16,100,90,0.05,3,20,5,True,True,88.999,16,1500,1448,1448,0,48,15439.0625,351,679,True,False,35.021,16,1500,1448,1424,381,48,24111.375,48,501,49,623,5402,5551,5380,5558,1,11,100,07-26-202611:55:01,07-26-202611:55:53
VDSL sdt,100,40,5,5,1,1,1,4,16,100,90,0.05,3,20,5,True,True,89.122,16,1500,1448,1448,0,48,15372.25,338,702,True,False,36.244,16,1500,1448,1424,406,48,23910.5,50,349,66,654,5432,5530,5426,5532,1,12,35,07-26-202610:54:23,07-26-202610:55:15
VDSL sdt,100,40,5,5,1,1,1,4,16,100,90,0.05,3,20,5,True,True,88.873,14,1500,1448,1448,0,42,14925.42857142857,414,840,True,False,35.461,16,1500,1448,1425,286,48,23892.75,62,466,60,758,5410,5548,5403,5551,1,14,11,07-26-202610:31:55,07-26-202610:32:42
VDSL sdt,100,40,5,5,1,1,1,4,16,100,90,0.05,3,20,5,True,True,88.991,16,1500,1448,1448,0,48,15434,356,702,True,False,35.704,16,1500,1448,1425,358,48,22684,40,416,53,659,5416,5553,5401,5548,1,12,94,07-26-202611:49:31,07-26-202611:50:22
VDSL sdt,100,40,5,5,1,1,1,4,16,100,90,0.05,3,20,5,True,True,88.986,16,1500,1448,1448,0,48,15499.75,348,711,True,False,35.996,16,1500,1448,1424,433,48,23602.6875,50,468,65,645,5432,5540,5416,5540,1,12,87,07-26-202611:42:56,07-26-202611:43:48
VDSL sdt,100,40,5,5,1,1,1,4,16,100,90,0.05,3,20,5,True,True,88.987,16,1500,1448,1448,0,48,15227.4375,328,698,True,False,35.242,16,1500,1448,1424,438,48,23980.25,53,468,59,640,5428,5545,5438,5533,1,12,90,07-26-202611:45:44,07-26-202611:46:39
VDSL sdt,100,40,5,5,1,1,1,4,16,100,90,0.05,3,20,5,True,False,89.496,16,1500,1448,1448,0,48,15634.375,327,693,True,False,35.728,16,1500,1448,1424,414,48,23620.25,41,407,64,858,5419,5542,5427,5535,1,16,6,07-26-202610:27:10,07-26-202610:28:06
VDSL sdt,100,40,5,5,1,1,1,4,16,100,90,0.05,3,20,5,True,False,88.872,16,1500,1448,1448,0,48,15320.0625,347,703,True,False,34.501,16,1500,1448,1425,352,48,23609.9375,52,434,77,829,5442,5553,5435,5554,1,15,25,07-26-202610:44:56,07-26-202610:45:49
VDSL sdt,100,40,5,5,1,1,1,4,16,100,90,0.05,3,20,5,True,True,88.865,16,1500,1448,1448,0,48,15275.875,348,711,True,False,35.345,16,1500,1448,1425,507,48,22491.8125,57,460,64,658,5405,5538,5390,5541,1,12,65,07-26-202611:22:19,07-26-202611:23:10
VDSL sdt,100,40,5,5,1,1,1,4,16,100,90,0.05,3,20,5,True,True,88.873,10,1500,1448,1448,0,33,14004,488,923,True,False,35.366,16,1500,1448,1424,418,48,23373.8125,48,513,45,817,5434,5544,5428,5542,1,15,54,07-26-202611:12:12,07-26-202611:12:56
VDSL sdt,100,40,5,5,1,1,1,4,16,100,90,0.05,3,20,5,True,True,88.990,16,1500,1448,1448,0,48,15540,334,711,True,False,35.743,16,1500,1448,1425,415,48,24331.9375,57,402,58,634,5403,5536,5400,5539,1,11,39,07-26-202610:58:06,07-26-202610:58:58
VDSL sdt,100,40,5,5,1,1,1,4,16,100,90,0.05,3,20,5,True,False,88.868,16,1500,1448,1448,0,48,15689.375,326,655,True,False,35.502,16,1500,1448,1425,428,48,23246.4375,52,406,71,820,5429,5546,5427,5537,1,15,3,07-26-202610:24:15,07-26-202610:25:11
VDSL sdt,100,40,5,5,1,1,1,4,16,100,90,0.05,3,20,5,True,True,89.121,16,1500,1448,1448,0,48,15187.8125,352,702,True,False,35.869,16,1500,1448,1425,453,48,23331.5,56,375,47,664,5415,5543,5417,5528,1,12,97,07-26-202611:52:16,07-26-202611:53:09
VDSL sdt,100,40,5,5,1,1,1,4,16,100,90,0.05,3,20,5,True,True,88.982,16,1500,1448,1448,0,48,15242.375,340,684,True,False,35.621,16,1500,1448,1425,396,48,24695.5,43,413,52,640,5423,5548,5411,5547,1,12,33,07-26-202610:52:28,07-26-202610:53:20
VDSL sdt,100,40,5,5,1,1,1,4,16,100,90,0.05,3,20,5,True,False,88.871,16,1500,1448,1448,0,48,15474.0625,366,673,True,False,35.616,16,1500,1448,1425,436,48,23315.1875,52,352,69,807,5401,5538,5420,5530,1,15,47,07-26-202611:05:37,07-26-202611:06:33
VDSL sdt,100,40,5,5,1,1,1,4,16,100,90,0.05,3,20,5,True,False,88.744,16,1500,1448,1448,0,48,15359.5625,336,660,True,False,35.744,16,1500,1448,1425,356,48,23882.0625,52,462,56,838,5429,5543,5406,5546,1,15,96,07-26-202611:51:20,07-26-202611:52:13
VDSL sdt,100,40,5,5,1,1,1,4,16,100,90,0.05,3,20,5,True,True,88.871,16,1500,1448,1448,0,48,15383.875,375,788,True,False,35.478,16,1500,1448,1425,349,48,23911.9375,51,421,58,702,5409,5544,5385,5545,1,13,72,07-26-202611:28:44,07-26-202611:29:33
VDSL sdt,100,40,5,5,1,1,1,4,16,100,90,0.05,3,20,5,True,True,88.874,16,1500,1448,1448,0,48,15341.8125,339,688,True,False,34.488,16,1500,1448,1424,279,48,23660.25,62,462,50,653,5427,5542,5434,5535,1,12,16,07-26-202610:36:27,07-26-202610:37:22
VDSL sdt,100,40,5,5,1,1,1,4,16,100,90,0.05,3,20,5,True,True,88.741,16,1500,1448,1448,0,48,15576.1875,344,673,True,False,34.476,16,1500,1448,1425,387,48,23092.0625,55,476,52,621,5420,5535,5428,5526,1,11,8,07-26-202610:29:04,07-26-202610:30:02
VDSL sdt,100,40,5,5,1,1,1,4,16,100,90,0.05,3,20,5,True,True,88.868,14,1500,1448,1448,0,42,14833.857142857143,430,772,True,False,35.591,16,1500,1448,1424,183,48,23641.5625,62,476,56,711,5412,5550,5404,5554,1,13,14,07-26-202610:34:36,07-26-202610:35:23
VDSL sdt,100,40,5,5,1,1,1,4,16,100,90,0.05,3,20,5,True,True,89.114,16,1500,1448,1448,0,48,15419.875,337,701,True,False,34.490,16,1500,1448,1424,437,48,23416.6875,59,368,57,661,5424,5552,5384,5554,1,12,82,07-26-202611:38:12,07-26-202611:39:04
VDSL sdt,100,40,5,5,1,1,1,4,16,100,90,0.05,3,20,5,True,True,88.872,16,1500,1448,1448,0,48,15315.75,338,700,True,False,35.732,16,1500,1448,1424,396,48,22851.6875,64,414,43,659,5426,5553,5412,5556,1,12,45,07-26-202611:03:47,07-26-202611:04:39
VDSL sdt,100,40,5,5,1,1,1,4,16,100,90,0.05,3,20,5,True,False,88.993,16,1500,1448,1448,0,48,14976,355,740,True,False,35.482,16,1500,1448,1424,342,48,24104.25,46,500,65,846,5427,5540,5424,5542,1,15,43,07-26-202611:01:53,07-26-202611:02:46
VDSL sdt,100,40,5,5,1,1,1,4,16,100,90,0.05,3,20,5,True,True,89.121,16,1500,1448,1448,0,48,15028.875,356,674,True,False,35.724,16,1500,1448,1424,335,48,22801.6875,49,437,62,620,5421,5536,5433,5527,1,11,83,07-26-202611:39:07,07-26-202611:40:02
VDSL sdt,100,40,5,5,1,1,1,4,16,100,90,0.05,3,20,5,True,False,89.241,16,1500,1448,1448,0,48,15387.4375,331,683,True,False,34.216,16,1500,1448,1424,307,48,22884.75,54,410,74,725,5433,5550,5411,5552,1,13,63,07-26-202611:20:26,07-26-202611:21:19
VDSL sdt,100,40,5,5,1,1,1,4,16,100,90,0.05,3,20,5,True,False,89.377,16,1500,1448,1448,0,48,15297.25,323,672,True,False,35.104,16,1500,1448,1424,509,48,22830.625,50,445,53,777,5427,5547,5430,5538,1,14,80,07-26-202611:36:14,07-26-202611:37:13
VDSL sdt,100,40,5,5,1,1,1,4,16,100,90,0.05,3,20,5,True,False,88.613,16,1500,1448,1448,0,48,15444.375,346,685,True,False,34.735,16,1500,1448,1425,469,48,23719.75,42,408,63,814,5428,5539,5433,5513,1,15,59,07-26-202611:16:37,07-26-202611:17:36
VDSL sdt,100,40,5,5,1,1,1,4,16,100,90,0.05,3,20,5,True,False,88.629,16,1500,1448,1448,0,48,15184.75,346,709,True,False,35.233,16,1500,1448,1425,500,48,23586.25,53,374,65,832,5424,5545,5421,5537,1,15,15,07-26-202610:35:26,07-26-202610:36:23
VDSL sdt,100,40,5,5,1,1,1,4,16,100,90,0.05,3,20,5,True,True,89.114,16,1500,1448,1448,0,48,15230,350,678,True,False,35.341,16,1500,1448,1425,483,48,23547.375,59,454,58,633,5437,5551,5436,5553,1,11,71,07-26-202611:27:48,07-26-202611:28:40
VDSL sdt,100,40,5,5,1,1,1,4,16,100,90,0.05,3,20,5,True,True,89.492,16,1500,1448,1448,0,48,15070.0625,343,701,True,False,35.220,16,1500,1448,1425,346,48,23204.5,40,432,47,648,5427,5537,5415,5540,1,12,42,07-26-202611:00:58,07-26-202611:01:50
VDSL sdt,100,40,5,5,1,1,1,4,16,100,90,0.05,3,20,5,True,True,88.874,16,1500,1448,1448,0,48,15051.75,350,694,True,False,36.246,16,1500,1448,1425,403,48,24381.125,62,430,47,653,5426,5539,5438,5534,1,12,51,07-26-202611:09:25,07-26-202611:10:19
VDSL sdt,100,40,5,5,1,1,1,4,16,100,90,0.05,3,20,5,True,False,88.742,16,1500,1448,1448,0,48,15131.9375,357,737,True,False,35.615,16,1500,1448,1425,446,48,24058.25,70,452,57,833,5419,5545,5393,5546,1,15,57,07-26-202611:14:47,07-26-202611:15:40
VDSL sdt,100,40,5,5,1,1,1,4,16,100,90,0.05,3,20,5,True,True,88.739,16,1500,1448,1448,0,48,16047.9375,308,639,True,False,35.847,16,1500,1448,1425,263,48,23293.0625,50,427,54,596,5414,5549,5386,5550,1,11,88,07-26-202611:43:52,07-26-202611:44:43
VDSL sdt,100,40,5,5,1,1,1,4,16,100,90,0.05,3,20,5,True,True,88.873,16,1500,1448,1448,0,48,15424,359,678,True,False,35.351,16,1500,1448,1425,404,48,23570.4375,54,425,47,642,5433,5536,5428,5520,1,12,4,07-26-202610:25:15,07-26-202610:26:10
VDSL sdt,100,40,5,5,1,1,1,4,16,100,90,0.05,3,20,5,True,False,89.254,16,1500,1448,1448,0,48,15286.3125,360,688,True,False,35.226,16,1500,1448,1424,455,48,22889.5625,66,469,71,816,5428,5543,5427,5546,1,15,12,07-26-202610:32:45,07-26-202610:33:38
VDSL sdt,100,40,5,5,1,1,1,4,16,100,90,0.05,7,20,5,True,False,89.366,16,1500,1448,1448,0,48,15424.9375,370,664,True,False,35.987,16,1500,1448,1425,485,48,23441.1875,55,460,76,851,5413,5549,5404,5546,1,15,79,07-26-202613:04:27,07-26-202613:05:20
VDSL sdt,100,40,5,5,1,1,1,4,16,100,90,0.05,7,20,5,True,True,89.367,16,1500,1448,1448,0,48,15618.1875,345,684,True,False,34.318,16,1500,1448,1425,327,48,24652.1875,46,474,53,637,5413,5544,5408,5542,1,11,50,07-26-202612:38:26,07-26-202612:39:18
VDSL sdt,100,40,5,5,1,1,1,4,16,100,90,0.05,7,20,5,True,True,88.625,16,1500,1448,1448,0,48,15539.4375,342,753,True,False,35.091,16,1500,1448,1425,362,48,23700.125,48,452,47,681,5401,5545,5401,5548,1,12,23,07-26-202612:15:01,07-26-202612:15:52
VDSL sdt,100,40,5,5,1,1,1,4,16,100,90,0.05,7,20,5,True,True,88.867,11,1500,1448,1448,0,33,14026.545454545454,513,905,True,False,34.739,16,1500,1448,1425,355,48,23544.625,45,507,46,830,5417,5534,5413,5534,1,15,68,07-26-202612:54:40,07-26-202612:55:24
VDSL sdt,100,40,5,5,1,1,1,4,16,100,90,0.05,7,20,5,True,True,88.997,16,1500,1448,1448,0,48,15279.5625,391,763,True,False,35.977,16,1500,1448,1424,387,48,23199.375,68,429,59,694,5424,5544,5419,5546,1,13,92,07-26-202613:15:38,07-26-202613:16:27
VDSL sdt,100,40,5,5,1,1,1,4,16,100,90,0.05,7,20,5,True,True,88.741,16,1500,1448,1448,0,48,15720.9375,357,719,True,False,33.716,16,1500,1448,1424,401,48,22549.8125,51,434,51,665,5415,5558,5413,5561,1,12,95,07-26-202613:18:16,07-26-202613:19:06
VDSL sdt,100,40,5,5,1,1,1,4,16,100,90,0.05,7,20,5,True,False,89.113,16,1500,1448,1448,0,48,15235.25,331,713,True,False,34.467,16,1500,1448,1425,602,48,24418.375,50,442,69,810,5427,5539,5418,5537,1,15,46,07-26-202612:34:55,07-26-202612:35:48
VDSL sdt,100,40,5,5,1,1,1,4,16,100,90,0.05,7,20,5,True,False,88.993,16,1500,1448,1448,0,48,15209.8125,346,654,True,False,35.483,16,1500,1448,1424,399,48,24314.5,71,484,81,808,5422,5559,5417,5563,1,15,93,07-26-202613:16:30,07-26-202613:17:23
VDSL sdt,100,40,5,5,1,1,1,4,16,100,90,0.05,7,20,5,True,False,89.371,16,1500,1448,1448,0,48,15578.5,329,657,True,False,35.860,16,1500,1448,1424,581,48,23659.8125,45,434,80,846,5434,5556,5423,5560,1,15,17,07-26-202612:09:51,07-26-202612:10:44
VDSL sdt,100,40,5,5,1,1,1,4,16,100,90,0.05,7,20,5,True,False,89.132,16,1500,1448,1448,0,48,15131.75,352,724,True,False,35.973,16,1500,1448,1424,443,48,23029.5,57,435,51,728,5411,5555,5409,5559,1,13,29,07-26-202612:20:16,07-26-202612:21:09
VDSL sdt,100,40,5,5,1,1,1,4,16,100,90,0.05,7,20,5,True,True,89.124,16,1500,1448,1448,0,48,15655.125,353,735,True,False,35.102,16,1500,1448,1425,457,48,23067.8125,67,443,44,671,5434,5556,5426,5560,1,12,20,07-26-202612:12:26,07-26-202612:13:18
VDSL sdt,100,40,5,5,1,1,1,4,16,100,90,0.05,7,20,5,True,False,88.989,16,1500,1448,1448,0,48,15398.0625,341,651,True,False,35.350,16,1500,1448,1424,360,48,23489.25,44,371,70,817,5446,5545,5441,5546,1,15,31,07-26-202612:22:09,07-26-202612:23:02
VDSL sdt,100,40,5,5,1,1,1,4,16,100,90,0.05,7,20,5,True,True,89.247,16,1500,1448,1448,0,48,15377.1875,350,752,True,False,36.248,16,1500,1448,1424,373,48,23301.6875,45,504,60,679,5450,5564,5450,5566,1,12,84,07-26-202613:08:48,07-26-202613:09:38
VDSL sdt,100,40,5,5,1,1,1,4,16,100,90,0.05,7,20,5,True,True,89.362,16,1500,1448,1448,0,48,15345.25,369,762,True,False,35.713,16,1500,1448,1424,501,48,24609.3125,66,471,59,683,5416,5540,5415,5543,1,12,13,07-26-202612:06:20,07-26-202612:07:10
VDSL sdt,100,40,5,5,1,1,1,4,16,100,90,0.05,7,20,5,True,True,88.866,15,1500,1448,1448,0,45,14924.2,394,812,True,False,34.719,16,1500,1448,1425,334,48,23593.75,65,458,53,727,5441,5553,5415,5555,1,13,62,07-26-202612:49:21,07-26-202612:50:09
VDSL sdt,100,40,5,5,1,1,1,4,16,100,90,0.05,7,20,5,True,True,89.244,16,1500,1448,1448,0,48,15430.5625,325,732,True,False,35.214,16,1500,1448,1424,424,48,23423.125,79,503,50,677,5395,5547,5388,5550,1,12,75,07-26-202613:00:45,07-26-202613:01:37
VDSL sdt,100,40,5,5,1,1,1,4,16,100,90,0.05,7,20,5,True,True,88.621,13,1500,1448,1448,0,39,14669.923076923076,393,844,True,False,35.740,16,1500,1448,1425,386,48,22535.5,52,396,45,775,5423,5543,5422,5541,1,14,9,07-26-202612:02:52,07-26-202612:03:38
VDSL sdt,100,40,5,5,1,1,1,4,16,100,90,0.05,7,20,5,True,True,88.623,11,1500,1448,1448,0,33,14146,502,948,True,False,35.120,16,1500,1448,1425,377,48,24098.625,51,509,51,867,5415,5557,5408,5558,1,16,44,07-26-202612:33:13,07-26-202612:33:57
VDSL sdt,100,40,5,5,1,1,1,4,16,100,90,0.05,7,20,5,True,True,89.123,15,1500,1448,1448,0,45,15039.933333333332,390,809,True,False,36.476,16,1500,1448,1425,355,48,23421.8125,82,445,71,734,5431,5527,5423,5527,1,13,48,07-26-202612:36:39,07-26-202612:37:27
VDSL sdt,100,40,5,5,1,1,1,4,16,100,90,0.05,7,20,5,True,True,89.242,10,1500,1448,1448,0,33,14235,500,948,True,False,35.861,16,1500,1448,1425,308,48,23959.9375,57,452,44,856,5416,5548,5405,5552,1,15,99,07-26-202613:21:47,07-26-202613:22:31
VDSL sdt,100,40,5,5,1,1,1,4,16,100,90,0.05,7,20,5,True,False,89.366,16,1500,1448,1448,0,48,15388.25,358,662,True,False,35.231,16,1500,1448,1424,436,48,23835.5625,63,395,65,740,5429,5551,5385,5554,1,13,56,07-26-202612:43:49,07-26-202612:44:42
VDSL sdt,100,40,5,5,1,1,1,4,16,100,90,0.05,7,20,5,True,False,89.115,16,1500,1448,1448,0,48,15163.3125,344,690,True,False,34.982,16,1500,1448,1425,358,48,24417.5,51,382,70,818,5421,5548,5413,5551,1,15,32,07-26-202612:23:05,07-26-202612:23:58
VDSL sdt,100,40,5,5,1,1,1,4,16,100,90,0.05,7,20,5,True,True,89.118,16,1500,1448,1448,0,48,15326.1875,335,699,True,False,34.746,16,1500,1448,1424,203,48,23527,52,455,45,652,5426,5549,5426,5551,1,12,78,07-26-202613:03:31,07-26-202613:04:24
VDSL sdt,100,40,5,5,1,1,1,4,16,100,90,0.05,7,20,5,True,True,89.156,16,1500,1448,1448,0,48,15226.6875,339,705,True,False,34.985,16,1500,1448,1425,303,48,22972.5,42,455,49,651,5421,5548,5403,5552,1,12,38,07-26-202612:28:15,07-26-202612:29:07
VDSL sdt,100,40,5,5,1,1,1,4,16,100,90,0.05,7,20,5,True,True,88.999,14,1500,1448,1448,0,42,14861.5,435,804,True,False,35.344,16,1500,1448,1425,137,48,23277.5,70,379,78,751,5419,5535,5419,5536,1,14,26,07-26-202612:17:43,07-26-202612:18:30
VDSL sdt,100,40,5,5,1,1,1,4,16,100,90,0.05,7,20,5,True,True,88.990,16,1500,1448,1448,0,48,15138.875,358,746,True,False,36.478,16,1500,1448,1424,232,48,22662,63,407,72,682,5426,5550,5422,5551,1,12,69,07-26-202612:55:28,07-26-202612:56:19
VDSL sdt,100,40,5,5,1,1,1,4,16,100,90,0.05,7,20,5,True,True,88.867,13,1500,1448,1448,0,39,14566.615384615385,434,879,True,False,35.968,16,1500,1448,1424,357,48,23582.125,63,430,64,788,5422,5538,5405,5539,1,14,34,07-26-202612:24:51,07-26-202612:25:38
VDSL sdt,100,40,5,5,1,1,1,4,16,100,90,0.05,7,20,5,True,True,88.748,16,1500,1448,1448,0,48,15417.6875,332,694,True,False,33.875,16,1500,1448,1424,458,48,22844,44,414,48,646,5406,5549,5402,5547,1,12,58,07-26-202612:45:39,07-26-202612:46:31
VDSL sdt,100,40,5,5,1,1,1,4,16,100,90,0.05,7,20,5,True,False,88.745,16,1500,1448,1448,0,48,15397.3125,353,686,True,False,35.489,16,1500,1448,1424,431,48,23881.6875,52,438,101,842,5410,5563,5399,5568,2,15,30,07-26-202612:21:13,07-26-202612:22:06
VDSL sdt,100,40,5,5,1,1,1,4,16,100,90,0.05,7,20,5,True,True,89.240,16,1500,1448,1448,0,48,15073.875,367,730,True,False,34.874,16,1500,1448,1425,395,48,23495.75,64,443,55,664,5426,5584,5424,5574,1,12,70,07-26-202612:56:22,07-26-202612:57:13
VDSL sdt,100,40,5,5,1,1,1,4,16,100,90,0.05,7,20,5,True,False,89.490,16,1500,1448,1448,0,48,15586.3125,322,664,True,False,34.991,16,1500,1448,1425,358,48,23690.1875,45,362,62,811,5423,5545,5419,5544,1,15,24,07-26-202612:15:55,07-26-202612:16:48
VDSL sdt,100,40,5,5,1,1,1,4,16,100,90,0.05,7,20,5,True,True,88.623,16,1500,1448,1448,0,48,15402.6875,326,741,True,False,35.997,16,1500,1448,1424,406,48,23365.75,70,401,78,667,5424,5543,5399,5542,1,12,52,07-26-202612:40:17,07-26-202612:41:09
VDSL sdt,100,40,5,5,1,1,1,4,16,100,90,0.05,7,20,5,True,True,89.114,16,1500,1448,1448,0,48,15304.9375,392,748,True,False,34.996,16,1500,1448,1425,262,48,23956.5,42,444,48,694,5407,5544,5387,5544,1,13,36,07-26-202612:26:36,07-26-202612:27:25
VDSL sdt,100,40,5,5,1,1,1,4,16,100,90,0.05,7,20,5,True,True,88.753,13,1500,1448,1448,0,39,14645.461538461539,447,879,True,False,35.476,16,1500,1448,1425,295,48,22469,44,437,60,809,5434,5552,5424,5551,1,15,2,07-26-202611:56:45,07-26-202611:57:31
VDSL sdt,100,40,5,5,1,1,1,4,16,100,90,0.05,7,20,5,True,True,88.631,11,1500,1448,1448,0,36,14404.416666666666,472,917,True,False,34.712,16,1500,1448,1424,145,48,23094.5,56,416,72,852,5427,5543,5409,5546,1,15,5,07-26-202611:59:23,07-26-202612:00:08
VDSL sdt,100,40,5,5,1,1,1,4,16,100,90,0.05,7,20,5,True,True,88.873,11,1500,1448,1448,0,33,14137.636363636364,492,985,True,False,35.745,16,1500,1448,1424,417,48,24097,55,382,81,893,5422,5542,5419,5544,1,16,89,07-26-202613:13:01,07-26-202613:13:45
VDSL sdt,100,40,5,5,1,1,1,4,16,100,90,0.05,7,20,5,True,True,88.993,12,1500,1448,1448,0,39,14543.692307692309,421,835,True,False,34.467,16,1500,1448,1425,375,48,23604.375,58,458,65,748,5429,5552,5398,5552,1,13,74,07-26-202612:59:56,07-26-202613:00:42
VDSL sdt,100,40,5,5,1,1,1,4,16,100,90,0.05,7,20,5,True,False,89.003,16,1500,1448,1448,0,48,15340.5625,332,675,True,False,33.746,16,1500,1448,1425,377,48,23524.8125,44,464,78,851,5427,5555,5410,5557,1,15,91,07-26-202613:14:42,07-26-202613:15:35
VDSL sdt,100,40,5,5,1,1,1,4,16,100,90,0.05,7,20,5,True,True,89.114,16,1500,1448,1448,0,48,15021.6875,356,694,True,False,36.722,16,1500,1448,1424,408,48,23829.9375,43,415,47,637,5413,5546,5404,5549,1,11,53,07-26-202612:41:12,07-26-202612:42:05
VDSL sdt,100,40,5,5,1,1,1,4,16,100,90,0.05,7,20,5,True,True,88.741,11,1500,1448,1448,0,36,14062,498,905,True,False,35.001,16,1500,1448,1424,326,48,24273,69,484,88,841,5420,5553,5427,5551,2,15,21,07-26-202612:13:21,07-26-202612:14:06
VDSL sdt,100,40,5,5,1,1,1,4,16,100,90,0.05,7,20,5,True,True,88.997,16,1500,1448,1448,0,48,15069.25,382,762,True,False,35.864,16,1500,1448,1425,294,48,23226,54,447,62,707,5416,5552,5405,5555,1,13,55,07-26-202612:42:56,07-26-202612:43:46
VDSL sdt,100,40,5,5,1,1,1,4,16,100,90,0.05,7,20,5,True,True,88.998,16,1500,1448,1448,0,48,15790.5,326,675,True,False,36.497,16,1500,1448,1424,191,48,23071.3125,51,445,64,626,5415,5544,5394,5547,1,11,27,07-26-202612:18:33,07-26-202612:19:22
VDSL sdt,100,40,5,5,1,1,1,4,16,100,90,0.05,7,20,5,True,True,89.121,16,1500,1448,1448,0,48,15219.625,344,716,True,False,35.096,16,1500,1448,1425,325,48,22914,44,434,50,651,5417,5546,5408,5547,1,12,77,07-26-202613:02:36,07-26-202613:03:28
VDSL sdt,100,40,5,5,1,1,1,4,16,100,90,0.05,7,20,5,True,True,88.683,13,1500,1448,1448,0,39,14526.23076923077,453,830,True,False,35.227,16,1500,1448,1425,439,48,23653.4375,38,456,40,764,5418,5544,5400,5548,1,14,85,07-26-202613:09:41,07-26-202613:10:27
VDSL sdt,100,40,5,5,1,1,1,4,16,100,90,0.05,7,20,5,True,True,89.114,13,1500,1448,1448,0,39,14511.76923076923,417,911,True,False,35.347,16,1500,1448,1424,145,48,23074.4375,55,356,47,801,5437,5537,5434,5539,1,14,86,07-26-202613:10:31,07-26-202613:11:17
VDSL sdt,100,40,5,5,1,1,1,4,16,100,90,0.05,7,20,5,True,True,88.998,12,1500,1448,1448,0,36,14272.666666666666,481,871,True,False,34.869,16,1500,1448,1424,404,48,24177.0625,54,426,71,824,5427,5538,5416,5540,1,15,18,07-26-202612:10:47,07-26-202612:11:32
VDSL sdt,100,40,5,5,1,1,1,4,16,100,90,0.05,7,20,5,True,True,88.740,15,1500,1448,1448,0,45,15371.066666666668,405,764,True,False,35.601,16,1500,1448,1425,192,48,23464.5,43,376,49,695,5425,5550,5407,5551,1,13,22,07-26-202612:14:09,07-26-202612:14:57
VDSL sdt,100,40,5,5,1,1,1,4,16,100,90,0.05,7,20,5,True,True,89.001,12,1500,1448,1448,0,39,14466.76923076923,397,833,True,False,35.730,16,1500,1448,1425,439,48,24087.5,58,434,72,779,5421,5547,5419,5549,1,14,81,07-26-202613:06:11,07-26-202613:06:57
VDSL sdt,100,40,5,5,1,1,1,4,16,100,90,0.05,7,20,5,True,False,88.990,16,1500,1448,1448,0,48,15492.125,342,672,True,False,35.620,16,1500,1448,1425,371,48,24332.6875,54,416,57,701,5439,5545,5427,5542,1,13,64,07-26-202612:51:07,07-26-202612:52:00
VDSL sdt,100,40,5,5,1,1,1,4,16,100,90,0.05,7,20,5,True,True,88.620,14,1500,1448,1448,0,42,14779.357142857143,417,829,True,False,35.237,16,1500,1448,1424,313,48,23475.875,51,470,48,758,5413,5558,5404,5559,1,14,7,07-26-202612:01:07,07-26-202612:01:54
VDSL sdt,100,40,5,5,1,1,1,4,16,100,90,0.05,7,20,5,True,False,88.870,16,1500,1448,1448,0,48,15391.125,334,670,True,False,35.978,16,1500,1448,1424,472,48,23087.4375,66,463,64,831,5420,5546,5402,5549,1,15,76,07-26-202613:01:40,07-26-202613:02:33
VDSL sdt,100,40,5,5,1,1,1,4,16,100,90,0.05,7,20,5,True,True,88.739,13,1500,1448,1448,0,42,14151.785714285714,438,892,True,False,34.836,16,1500,1448,1425,79,48,23610.5625,51,468,59,822,5420,5545,5411,5545,1,15,98,07-26-202613:20:56,07-26-202613:21:44
VDSL sdt,100,40,5,5,1,1,1,4,16,100,90,0.05,7,20,5,True,True,88.748,13,1500,1448,1448,0,42,14973.642857142857,427,836,True,False,35.856,16,1500,1448,1424,283,48,23578.3125,75,416,50,756,5416,5544,5408,5546,1,14,19,07-26-202612:11:36,07-26-202612:12:23
VDSL sdt,100,40,5,5,1,1,1,4,16,100,90,0.05,7,20,5,True,True,88.744,14,1500,1448,1448,0,45,15098.133333333333,404,774,True,False,34.479,16,1500,1448,1425,353,48,23300.5625,56,386,55,721,5425,5551,5417,5554,1,13,28,07-26-202612:19:25,07-26-202612:20:13
VDSL sdt,100,40,5,5,1,1,1,4,16,100,90,0.05,7,20,5,True,True,88.622,13,1500,1448,1448,0,39,14553.846153846154,436,824,True,False,35.722,16,1500,1448,1424,492,48,24323.4375,57,451,52,754,5437,5558,5408,5558,1,14,67,07-26-202612:53:51,07-26-202612:54:37
VDSL sdt,100,40,5,5,1,1,1,4,16,100,90,0.05,7,20,5,True,False,89.245,16,1500,1448,1448,0,48,15385.5,340,676,True,False,35.096,16,1500,1448,1425,409,48,22982.125,50,488,82,810,5415,5544,5399,5547,2,15,61,07-26-202612:48:25,07-26-202612:49:18
VDSL sdt,100,40,5,5,1,1,1,4,16,100,90,0.05,7,20,5,True,True,88.489,12,1500,1448,1448,0,36,14178.083333333334,491,904,True,False,35.213,16,1500,1448,1424,504,48,23201.625,60,350,47,809,5426,5560,5414,5562,1,15,1,07-26-202611:55:57,07-26-202611:56:42
VDSL sdt,100,40,5,5,1,1,1,4,16,100,90,0.05,7,20,5,True,True,88.726,15,1500,1448,1448,0,48,16538.125,269,660,True,False,35.607,16,1500,1448,1424,337,48,23834.5,55,401,63,587,5419,5535,5418,5537,1,11,66,07-26-202612:52:59,07-26-202612:53:48
VDSL sdt,100,40,5,5,1,1,1,4,16,100,90,0.05,7,20,5,True,True,89.121,11,1500,1448,1448,0,33,13976,513,927,True,False,35.739,16,1500,1448,1424,347,48,23824.5,51,414,49,847,5429,5533,5426,5535,1,15,40,07-26-202612:30:01,07-26-202612:30:45
VDSL sdt,100,40,5,5,1,1,1,4,16,100,90,0.05,7,20,5,True,True,88.994,16,1500,1448,1448,0,48,15393,335,702,True,False,35.232,16,1500,1448,1425,338,48,24484.625,44,469,45,660,5426,5540,5434,5541,1,12,73,07-26-202612:59:01,07-26-202612:59:53
VDSL sdt,100,40,5,5,1,1,1,4,16,100,90,0.05,7,20,5,True,False,88.988,16,1500,1448,1448,0,48,15023.875,348,728,True,False,34.479,16,1500,1448,1425,415,48,23900.875,62,472,52,732,5405,5543,5396,5544,1,13,49,07-26-202612:37:30,07-26-202612:38:23
VDSL sdt,100,40,5,5,1,1,1,4,16,100,90,0.05,7,20,5,True,True,89.000,16,1500,1448,1448,0,48,15084.8125,363,719,True,False,36.467,16,1500,1448,1425,412,48,23686,49,463,49,668,5436,5558,5432,5559,1,12,60,07-26-202612:47:30,07-26-202612:48:21
VDSL sdt,100,40,5,5,1,1,1,4,16,100,90,0.05,7,20,5,True,True,88.865,11,1500,1448,1448,0,33,14189.636363636364,509,989,True,False,34.615,16,1500,1448,1425,387,48,23884.75,50,425,53,868,5437,5555,5428,5556,1,16,41,07-26-202612:30:48,07-26-202612:31:32
VDSL sdt,100,40,5,5,1,1,1,4,16,100,90,0.05,7,20,5,True,True,89.496,16,1500,1448,1448,0,48,15384.625,337,670,True,False,34.992,16,1500,1448,1424,385,48,23802.875,51,420,43,650,5423,5549,5424,5551,1,12,10,07-26-202612:03:42,07-26-202612:04:34
VDSL sdt,100,40,5,5,1,1,1,4,16,100,90,0.05,7,20,5,True,True,88.868,11,1500,1448,1448,0,33,13896.272727272728,492,1034,True,False,35.482,16,1500,1448,1424,231,48,23743.4375,70,413,76,922,5415,5541,5411,5544,1,17,37,07-26-202612:27:28,07-26-202612:28:12
VDSL sdt,100,40,5,5,1,1,1,4,16,100,90,0.05,7,20,5,True,True,88.987,13,1500,1448,1448,0,39,14479.76923076923,460,863,True,False,35.978,16,1500,1448,1425,404,48,23695.5625,92,485,52,776,5410,5549,5398,5548,1,14,100,07-26-202613:22:34,07-26-202613:23:20
VDSL sdt,100,40,5,5,1,1,1,4,16,100,90,0.05,7,20,5,True,True,88.805,16,1500,1448,1448,0,48,15350.75,318,728,True,False,34.995,16,1500,1448,1425,433,48,23482.625,44,465,53,670,5418,5551,5425,5552,1,12,35,07-26-202612:25:41,07-26-202612:26:33
VDSL sdt,100,40,5,5,1,1,1,4,16,100,90,0.05,7,20,5,True,True,88.876,11,1500,1448,1448,0,33,14066.181818181818,508,966,True,False,35.115,16,1500,1448,1424,185,48,24053.3125,57,414,45,867,5430,5551,5423,5551,1,16,11,07-26-202612:04:37,07-26-202612:05:21
VDSL sdt,100,40,5,5,1,1,1,4,16,100,90,0.05,7,20,5,True,True,89.254,13,1500,1448,1448,0,39,14500.076923076924,435,875,True,False,35.851,16,1500,1448,1424,338,48,24016.3125,57,407,45,785,5432,5539,5411,5537,1,14,94,07-26-202613:17:26,07-26-202613:18:12
VDSL sdt,100,40,5,5,1,1,1,4,16,100,90,0.05,7,20,5,True,True,89.373,16,1500,1448,1448,0,48,15486.5,333,725,True,False,34.734,16,1500,1448,1425,323,48,22394.875,42,476,56,657,5443,5550,5435,5553,1,12,87,07-26-202613:11:20,07-26-202613:12:11
VDSL sdt,100,40,5,5,1,1,1,4,16,100,90,0.05,7,20,5,True,True,88.991,16,1500,1448,1448,0,48,15043.9375,368,796,True,False,35.359,16,1500,1448,1424,403,48,23852.625,74,419,94,718,5420,5545,5416,5547,2,13,90,07-26-202613:13:48,07-26-202613:14:39
VDSL sdt,100,40,5,5,1,1,1,4,16,100,90,0.05,7,20,5,True,False,88.986,16,1500,1448,1448,0,48,15640.9375,343,687,True,False,35.857,16,1500,1448,1425,398,48,24428.1875,39,467,65,837,5424,5553,5408,5554,1,15,6,07-26-202612:00:11,07-26-202612:01:04
VDSL sdt,100,40,5,5,1,1,1,4,16,100,90,0.05,7,20,5,True,True,88.613,14,1500,1448,1448,0,45,15109.133333333333,391,812,True,False,35.362,16,1500,1448,1425,329,48,23534.75,57,462,70,734,5411,5543,5409,5545,1,13,25,07-26-202612:16:51,07-26-202612:17:39
VDSL sdt,100,40,5,5,1,1,1,4,16,100,90,0.05,7,20,5,True,True,89.499,16,1500,1448,1448,0,48,15367.75,334,715,True,False,35.244,16,1500,1448,1425,381,48,22997.6875,64,447,63,653,5430,5569,5421,5569,1,12,65,07-26-202612:52:04,07-26-202612:52:56
VDSL sdt,100,40,5,5,1,1,1,4,16,100,90,0.05,7,20,5,True,True,89.121,11,1500,1448,1448,0,36,14249.416666666666,481,913,True,False,35.359,16,1500,1448,1424,397,48,23459.1875,73,452,59,818,5420,5539,5415,5539,1,15,54,07-26-202612:42:08,07-26-202612:42:53
VDSL sdt,100,40,5,5,1,1,1,4,16,100,90,0.05,7,20,5,True,True,88.733,14,1500,1448,1448,0,42,14741.357142857143,408,799,True,False,34.871,16,1500,1448,1425,114,48,23561.125,48,407,49,734,5417,5546,5399,5548,1,13,39,07-26-202612:29:11,07-26-202612:29:58
VDSL sdt,100,40,5,5,1,1,1,4,16,100,90,0.05,7,20,5,True,False,88.618,16,1500,1448,1448,0,48,15400.75,331,697,True,False,35.984,16,1500,1448,1425,290,48,23573.6875,61,404,90,682,5434,5547,5430,5550,2,12,3,07-26-202611:57:34,07-26-202611:58:27
VDSL sdt,100,40,5,5,1,1,1,4,16,100,90,0.05,7,20,5,True,True,88.747,15,1500,1448,1448,0,45,15120.266666666666,391,797,True,False,34.839,16,1500,1448,1424,331,48,23050.375,64,401,43,730,5418,5546,5418,5549,1,13,97,07-26-202613:20:05,07-26-202613:20:53
VDSL sdt,100,40,5,5,1,1,1,4,16,100,90,0.05,7,20,5,True,True,88.623,13,1500,1448,1448,0,42,14405.642857142857,424,808,True,False,34.997,16,1500,1448,1425,212,48,22982.9375,44,503,46,733,5422,5555,5424,5558,1,13,33,07-26-202612:24:01,07-26-202612:24:48
VDSL sdt,100,40,5,5,1,1,1,4,16,100,90,0.05,7,20,5,True,True,88.992,11,1500,1448,1448,0,33,13751.727272727272,526,1002,True,False,34.991,16,1500,1448,1425,309,48,24251.3125,59,451,54,900,5433,5546,5425,5544,1,16,47,07-26-202612:35:51,07-26-202612:36:35
VDSL sdt,100,40,5,5,1,1,1,4,16,100,90,0.05,7,20,5,True,False,88.997,16,1500,1448,1448,0,48,15205.875,348,707,True,False,33.749,16,1500,1448,1425,424,48,23325.75,50,438,66,806,5420,5550,5415,5553,1,15,96,07-26-202613:19:09,07-26-202613:20:02
VDSL sdt,100,40,5,5,1,1,1,4,16,100,90,0.05,7,20,5,True,True,88.992,16,1500,1448,1448,0,48,15410.5,363,732,True,False,35.372,16,1500,1448,1425,437,48,23401.875,45,378,44,670,5430,5538,5425,5539,1,12,72,07-26-202612:58:07,07-26-202612:58:57
VDSL sdt,100,40,5,5,1,1,1,4,16,100,90,0.05,7,20,5,True,True,88.738,15,1500,1448,1448,0,45,14970.133333333333,398,779,True,False,34.840,16,1500,1448,1425,445,48,23323.375,57,457,59,715,5424,5538,5410,5535,1,13,16,07-26-202612:09:00,07-26-202612:09:48
VDSL sdt,100,40,5,5,1,1,1,4,16,100,90,0.05,7,20,5,True,True,89.056,16,1500,1448,1448,0,48,15638.75,331,687,True,False,35.117,16,1500,1448,1425,384,48,23266.875,55,423,51,645,5449,5555,5447,5553,1,12,8,07-26-202612:01:57,07-26-202612:02:49
VDSL sdt,100,40,5,5,1,1,1,4,16,100,90,0.05,7,20,5,True,True,88.846,16,1500,1448,1448,0,48,15640.75,373,757,True,False,35.494,16,1500,1448,1424,321,48,23618.0625,47,466,57,692,5431,5553,5417,5556,1,12,14,07-26-202612:07:13,07-26-202612:08:03
VDSL sdt,100,40,5,5,1,1,1,4,16,100,90,0.05,7,20,5,True,False,89.117,16,1500,1448,1448,0,48,15273.625,350,691,True,False,35.979,16,1500,1448,1425,376,48,22741.6875,53,366,68,824,5417,5550,5411,5554,1,15,82,07-26-202613:07:00,07-26-202613:07:53
VDSL sdt,100,40,5,5,1,1,1,4,16,100,90,0.05,7,20,5,True,True,88.873,16,1500,1448,1448,0,48,15245.375,348,721,True,False,35.854,16,1500,1448,1425,321,48,22409.5,58,367,48,666,5422,5547,5382,5550,1,12,45,07-26-202612:34:01,07-26-202612:34:52
VDSL sdt,100,40,5,5,1,1,1,4,16,100,90,0.05,7,20,5,True,True,88.872,11,1500,1448,1448,0,36,14283.666666666666,485,864,True,False,35.871,16,1500,1448,1425,311,48,24203.125,48,436,67,800,5420,5545,5420,5547,1,14,43,07-26-202612:32:25,07-26-202612:33:10
VDSL sdt,100,40,5,5,1,1,1,4,16,100,90,0.05,7,20,5,True,True,88.502,14,1500,1448,1448,0,45,14919.866666666667,392,835,True,False,35.967,16,1500,1448,1424,352,48,23224.625,43,424,42,764,5419,5547,5412,5550,1,14,83,07-26-202613:07:57,07-26-202613:08:45
VDSL sdt,100,40,5,5,1,1,1,4,16,100,90,0.05,7,20,5,True,True,88.985,16,1500,1448,1448,0,48,15544.9375,352,684,True,False,34.724,16,1500,1448,1425,247,48,24675.0625,80,463,65,639,5431,5540,5426,5543,1,12,63,07-26-202612:50:12,07-26-202612:51:04
VDSL sdt,100,40,5,5,1,1,1,4,16,100,90,0.05,7,20,5,True,True,89.119,12,1500,1448,1448,0,36,14215,487,881,True,False,35.839,16,1500,1448,1425,138,48,22007.25,38,403,47,803,5417,5550,5414,5553,1,14,80,07-26-202613:05:23,07-26-202613:06:08
VDSL sdt,100,40,5,5,1,1,1,4,16,100,90,0.05,7,20,5,True,False,89.236,16,1500,1448,1448,0,48,15434.4375,324,711,True,False,34.973,16,1500,1448,1424,420,48,23380.1875,55,450,60,747,5427,5550,5419,5554,1,13,59,07-26-202612:46:34,07-26-202612:47:27
VDSL sdt,100,40,5,5,1,1,1,4,16,100,90,0.05,7,20,5,True,True,88.619,16,1500,1448,1448,0,48,15400.1875,345,713,True,False,34.621,16,1500,1448,1425,319,48,22728.75,55,427,81,678,5433,5552,5428,5555,1,12,15,07-26-202612:08:07,07-26-202612:08:57
VDSL sdt,100,40,5,5,1,1,1,4,16,100,90,0.05,7,20,5,True,True,88.882,15,1500,1448,1448,0,45,15142.133333333333,400,821,True,False,35.236,16,1500,1448,1425,495,48,24259.3125,59,396,49,739,5439,5547,5423,5549,1,13,71,07-26-202612:57:16,07-26-202612:58:04
VDSL sdt,100,40,5,5,1,1,1,4,16,100,90,0.05,7,20,5,True,True,88.621,14,1500,1448,1448,0,42,14416.142857142857,432,842,True,False,35.346,16,1500,1448,1425,347,48,23741.9375,59,423,56,764,5431,5542,5419,5543,1,14,42,07-26-202612:31:35,07-26-202612:32:22
VDSL sdt,100,40,5,5,1,1,1,4,16,100,90,0.05,7,20,5,True,False,88.617,16,1500,1448,1448,0,48,15226.5625,336,714,True,False,35.468,16,1500,1448,1424,402,48,22621.5,69,453,58,843,5426,5545,5419,5546,1,15,51,07-26-202612:39:21,07-26-202612:40:14
VDSL sdt,100,40,5,5,1,1,1,4,16,100,90,0.05,7,20,5,True,True,88.747,16,1500,1448,1448,0,48,16127.3125,286,639,True,False,36.126,16,1500,1448,1425,286,48,22128.8125,47,413,51,598,5424,5542,5423,5544,1,11,57,07-26-202612:44:46,07-26-202612:45:36
VDSL sdt,100,40,5,5,1,1,1,4,16,100,90,0.05,7,20,5,True,True,88.743,11,1500,1448,1448,0,33,14061.727272727272,527,938,True,False,35.874,16,1500,1448,1424,371,48,23417,52,403,50,853,5421,5534,5406,5532,1,15,88,07-26-202613:12:14,07-26-202613:12:58
VDSL sdt,100,40,5,5,1,1,1,4,16,100,90,0.05,7,20,5,True,True,88.746,16,1500,1448,1448,0,48,15188,367,792,True,False,35.375,16,1500,1448,1424,429,48,24507.625,51,407,59,714,5427,5557,5418,5561,1,13,4,07-26-202611:58:30,07-26-202611:59:19
VDSL sdt,100,40,5,5,1,1,1,4,16,100,90,0.05,7,20,5,True,False,88.962,16,1500,1448,1448,0,48,16318.625,302,647,True,False,35.246,16,1500,1448,1425,461,48,23247.125,70,433,82,818,5431,5556,5420,5552,2,15,12,07-26-202612:05:24,07-26-202612:06:17
Fiber mps,600,300,4,4,1,1,1,4,16,60,90,0.05,5,20,5,True,True,543.556,16,1500,1448,1448,0,48,10920.8125,682,1579,True,True,273.841,14,1500,1448,1425,0,43,11349.42857142857,678,1794,682,1684,6635,6816,6638,6820,10,25,79,07-27-202613:35:13,07-27-202613:35:57
Fiber mps,600,300,4,4,1,1,1,4,16,60,90,0.05,5,20,5,True,True,542.896,12,1500,1448,1448,0,36,10669.416666666666,731,2181,True,True,271.793,13,1500,1448,1425,0,58,11467.285714285714,724,1782,730,1996,6607,6831,6609,6834,11,29,50,07-27-202613:11:54,07-27-202613:12:33
Fiber mps,600,300,4,4,1,1,1,4,16,60,90,0.05,5,20,5,True,True,543.345,14,1500,1448,1448,0,45,11029,639,1835,True,True,272.747,16,1500,1448,1425,0,62,11573.75,643,1694,642,1758,6635,6846,6645,6852,10,26,23,07-27-202612:50:37,07-27-202612:51:21
Fiber mps,600,300,4,4,1,1,1,4,16,60,90,0.05,5,20,5,True,True,543.016,16,1500,1448,1448,0,48,10891.1875,687,1777,True,True,271.097,16,1500,1448,1424,0,49,11690.0625,629,1670,657,1717,6612,6823,6614,6825,10,25,68,07-27-202613:25:59,07-27-202613:26:48
Fiber mps,600,300,4,4,1,1,1,4,16,60,90,0.05,5,20,5,True,True,543.225,16,1500,1448,1448,0,48,10539.8125,832,2000,True,True,273.003,11,1500,1448,1425,0,37,11395.416666666666,779,2015,802,2009,6632,6838,6633,6842,12,29,92,07-27-202613:45:23,07-27-202613:46:04
Fiber mps,600,300,4,4,1,1,1,4,16,60,90,0.05,5,20,5,True,True,543.040,13,1500,1448,1448,0,39,10863.923076923076,775,2001,True,True,272.902,12,1500,1448,1424,0,43,11273.307692307691,754,1941,761,1965,6640,6835,6640,6838,11,29,95,07-27-202613:47:52,07-27-202613:48:31
Fiber mps,600,300,4,4,1,1,1,4,16,60,90,0.05,5,20,5,True,False,543.215,16,1500,1448,1448,0,48,10388.0625,846,1624,True,True,271.124,16,1500,1448,1424,0,52,11376.5,668,1476,774,1683,6652,6840,6652,6845,12,25,46,07-27-202613:08:33,07-27-202613:09:24
Fiber mps,600,300,4,4,1,1,1,4,16,60,90,0.05,5,20,5,True,True,543.180,16,1500,1448,1448,0,48,11084.8125,653,1824,True,True,272.175,16,1500,1448,1425,0,50,11736.375,599,1571,641,1704,6626,6835,6637,6839,10,25,93,07-27-202613:46:07,07-27-202613:46:55
Fiber mps,600,300,4,4,1,1,1,4,16,60,90,0.05,5,20,5,True,False,542.928,16,1500,1448,1448,0,48,11087.375,580,1396,True,True,272.368,16,1500,1448,1425,0,52,11663.5625,619,1625,597,1704,6616,6817,6627,6818,9,25,17,07-27-202612:45:39,07-27-202612:46:29
Fiber mps,600,300,4,4,1,1,1,4,16,60,90,0.05,5,20,5,True,False,542.878,16,1500,1448,1448,0,48,10952.125,656,1533,True,True,271.898,13,1500,1448,1424,0,68,11421.214285714286,668,1799,662,1651,6638,6822,6660,6823,10,24,29,07-27-202612:55:19,07-27-202612:56:07
Fiber mps,600,300,4,4,1,1,1,4,16,60,90,0.05,5,20,5,True,True,543.607,16,1500,1448,1448,0,48,10957.375,658,1512,False,True,271.947,16,1500,1448,1423,0,50,11515.9375,572,1546,622,1530,6624,6834,6631,6838,9,22,20,07-27-202612:48:06,07-27-202612:49:02
Fiber mps,600,300,4,4,1,1,1,4,16,60,90,0.05,5,20,5,True,True,543.169,13,1500,1448,1448,0,39,10699.307692307691,822,2075,True,True,273.372,14,1500,1448,1424,0,53,11607.857142857143,641,1825,726,1954,6646,6827,6670,6829,11,29,31,07-27-202612:56:58,07-27-202612:57:38
Fiber mps,600,300,4,4,1,1,1,4,16,60,90,0.05,5,20,5,True,True,543.181,12,1500,1448,1448,0,39,10503.461538461539,887,2127,True,True,272.951,16,1500,1448,1424,1,83,11530.125,675,1519,720,1927,6642,6851,6645,6851,11,28,84,07-27-202613:38:59,07-27-202613:39:42
Fiber mps,600,300,4,4,1,1,1,4,16,60,90,0.05,5,20,5,True,True,542.478,16,1500,1448,1448,0,48,11034.25,666,1905,True,True,272.124,16,1500,1448,1424,0,59,11591.5,645,1666,661,1776,6588,6824,6590,6817,10,26,13,07-27-202612:42:35,07-27-202612:43:20
Fiber mps,600,300,4,4,1,1,1,4,16,60,90,0.05,5,20,5,True,True,543.172,16,1500,1448,1448,0,48,10860.375,731,1670,True,True,271.328,16,1500,1448,1425,0,64,11601.1875,601,1572,646,1624,6604,6807,6607,6808,10,24,62,07-27-202613:21:15,07-27-202613:22:03
Fiber mps,600,300,4,4,1,1,1,4,16,60,90,0.05,5,20,5,True,True,542.989,16,1500,1448,1448,0,48,11077.5625,621,1727,True,True,271.630,16,1500,1448,1425,0,51,11141.8125,716,1222,654,1537,6639,6850,6641,6855,10,22,75,07-27-202613:31:43,07-27-202613:32:34
Fiber mps,600,300,4,4,1,1,1,4,16,60,90,0.05,5,20,5,True,True,543.238,16,1500,1448,1448,0,48,10959.4375,739,2005,True,True,270.757,14,1500,1448,1425,0,45,11440.266666666666,689,1721,725,1867,6645,6839,6654,6841,11,27,9,07-27-202612:39:19,07-27-202612:40:03
Fiber mps,600,300,4,4,1,1,1,4,16,60,90,0.05,5,20,5,True,True,542.764,16,1500,1448,1448,0,48,10960.5625,655,1793,True,True,271.466,16,1500,1448,1425,0,49,11539.75,604,1641,630,1710,6666,6845,6670,6848,9,25,44,07-27-202613:06:56,07-27-202613:07:44
Fiber mps,600,300,4,4,1,1,1,4,16,60,90,0.05,5,20,5,True,True,543.361,12,1500,1448,1448,0,39,10939.538461538461,751,1806,True,True,272.847,12,1500,1448,1425,0,40,11394.692307692309,755,1958,754,1888,6639,6814,6648,6817,11,28,48,07-27-202613:10:18,07-27-202613:10:57
Fiber mps,600,300,4,4,1,1,1,4,16,60,90,0.05,5,20,5,True,True,542.872,10,1500,1448,1448,0,33,10472.272727272728,944,2904,True,True,273.340,14,1500,1448,1425,0,84,11613.866666666667,707,1814,758,2548,6612,6832,6647,6835,11,37,99,07-27-202613:50:57,07-27-202613:51:36
Fiber mps,600,300,4,4,1,1,1,4,16,60,90,0.05,5,20,5,True,True,543.375,16,1500,1448,1448,0,48,10902.4375,701,1970,True,True,274.352,14,1500,1448,1425,1,126,11650.933333333332,665,1780,689,1880,6620,6842,6620,6845,10,27,56,07-27-202613:16:28,07-27-202613:17:13
Fiber mps,600,300,4,4,1,1,1,4,16,60,90,0.05,5,20,5,True,True,542.730,15,1500,1448,1448,0,48,10822.375,793,1859,True,True,273.051,13,1500,1448,1424,0,45,11264.846153846154,732,1901,761,1892,6631,6839,6650,6844,11,28,32,07-27-202612:57:41,07-27-202612:58:23
Fiber mps,600,300,4,4,1,1,1,4,16,60,90,0.05,5,20,5,True,False,543.341,16,1500,1448,1448,0,48,10842.1875,688,1555,True,True,271.075,16,1500,1448,1425,0,49,11422.5,571,1580,671,1747,6645,6837,6651,6841,10,26,78,07-27-202613:34:17,07-27-202613:35:09
Fiber mps,600,300,4,4,1,1,1,4,16,60,90,0.05,5,20,5,True,True,543.538,16,1500,1448,1448,0,48,11012.75,675,1604,True,True,271.187,16,1500,1448,1424,0,49,11517.375,588,1659,641,1657,6597,6827,6594,6826,10,24,38,07-27-202613:02:11,07-27-202613:02:59
Fiber mps,600,300,4,4,1,1,1,4,16,60,90,0.05,5,20,5,True,True,543.575,12,1500,1448,1448,0,36,11032.666666666666,760,2019,True,False,271.350,16,1500,1448,1425,1,140,11733.4375,581,1545,638,2028,6632,6833,6633,6835,10,30,26,07-27-202612:52:51,07-27-202612:53:36
Fiber mps,600,300,4,4,1,1,1,4,16,60,90,0.05,5,20,5,True,True,543.616,13,1500,1448,1448,0,42,11054.5,729,2008,True,True,272.210,16,1500,1448,1425,0,60,11441.0625,619,1428,669,1786,6611,6851,6630,6858,10,26,69,07-27-202613:26:51,07-27-202613:27:36
Fiber mps,600,300,4,4,1,1,1,4,16,60,90,0.05,5,20,5,True,True,542.357,13,1500,1448,1448,0,39,10488,848,2378,True,True,272.457,13,1500,1448,1424,0,54,11116.857142857143,682,1831,738,2145,6588,6833,6616,6837,11,31,34,07-27-202612:59:14,07-27-202612:59:54
Fiber mps,600,300,4,4,1,1,1,4,16,60,90,0.05,5,20,5,True,True,542.634,16,1500,1448,1448,0,48,10750.5625,763,1646,True,True,272.025,16,1500,1448,1425,0,53,11714,591,1521,642,1591,6616,6847,6624,6840,10,23,58,07-27-202613:18:03,07-27-202613:18:52
Fiber mps,600,300,4,4,1,1,1,4,16,60,90,0.05,5,20,5,True,True,543.557,16,1500,1448,1448,1,48,10842.5,740,2055,True,True,271.639,15,1500,1448,1425,0,58,11659.25,652,1686,700,1871,6620,6821,6620,6825,11,27,30,07-27-202612:56:10,07-27-202612:56:55
Fiber mps,600,300,4,4,1,1,1,4,16,60,90,0.05,5,20,5,True,True,542.986,16,1500,1448,1448,0,48,11114.5,621,1601,True,True,272.737,12,1500,1448,1424,0,42,11351.307692307691,700,1912,640,1821,6659,6832,6659,6826,10,27,70,07-27-202613:27:40,07-27-202613:28:24
Fiber mps,600,300,4,4,1,1,1,4,16,60,90,0.05,5,20,5,True,True,542.964,14,1500,1448,1448,0,42,10865.57142857143,703,1758,True,True,271.267,12,1500,1448,1425,0,40,11041.307692307691,930,1715,744,1738,6627,6842,6641,6840,11,25,24,07-27-202612:51:24,07-27-202612:52:04
Fiber mps,600,300,4,4,1,1,1,4,16,60,90,0.05,5,20,5,True,True,543.358,16,1500,1448,1448,0,48,10418.4375,891,2006,True,True,271.879,12,1500,1448,1425,0,42,11358.916666666666,720,1983,788,1993,6622,6816,6635,6818,12,29,52,07-27-202613:13:18,07-27-202613:13:59
Fiber mps,600,300,4,4,1,1,1,4,16,60,90,0.05,5,20,5,True,True,543.413,14,1500,1448,1448,0,42,10992.357142857143,670,1933,True,True,272.109,11,1500,1448,1425,0,41,11317.25,724,2029,678,2002,6637,6815,6641,6818,10,29,36,07-27-202613:00:43,07-27-202613:01:22
Fiber mps,600,300,4,4,1,1,1,4,16,60,90,0.05,5,20,5,True,True,542.965,12,1500,1448,1448,0,36,10854.583333333334,778,2293,True,True,272.235,12,1500,1448,1425,0,60,11389.461538461539,758,1923,776,2135,6642,6837,6642,6842,12,31,2,07-27-202612:33:41,07-27-202612:34:19
Fiber mps,600,300,4,4,1,1,1,4,16,60,90,0.05,5,20,5,True,True,542.821,16,1500,1448,1448,0,48,11128.0625,609,1548,True,False,271.626,16,1500,1448,1425,0,59,11587.125,584,1567,623,1939,6652,6838,6655,6840,9,28,5,07-27-202612:35:57,07-27-202612:36:49
Fiber mps,600,300,4,4,1,1,1,4,16,60,90,0.05,5,20,5,True,True,543.011,16,1500,1448,1448,1,48,10817.125,719,1856,True,True,273.252,16,1500,1448,1424,0,52,11634.625,664,1700,686,1769,6622,6817,6628,6819,10,26,89,07-27-202613:42:58,07-27-202613:43:43
Fiber mps,600,300,4,4,1,1,1,4,16,60,90,0.05,5,20,5,True,True,543.109,16,1500,1448,1448,0,48,10999.25,663,1699,True,True,272.485,16,1500,1448,1425,2,63,11650,645,1403,652,1543,6639,6813,6640,6816,10,23,74,07-27-202613:30:49,07-27-202613:31:40
Fiber mps,600,300,4,4,1,1,1,4,16,60,90,0.05,5,20,5,True,False,542.851,16,1500,1448,1448,0,48,10705.6875,746,1456,True,True,272.389,13,1500,1448,1424,1,52,11562.357142857143,673,1758,728,1677,6636,6808,6641,6809,11,25,91,07-27-202613:44:33,07-27-202613:45:20
Fiber mps,600,300,4,4,1,1,1,4,16,60,90,0.05,5,20,5,True,True,542.734,13,1500,1448,1448,0,39,10890.923076923076,737,2159,True,True,272.685,15,1500,1448,1425,0,50,11713.375,649,1704,688,1927,6639,6806,6652,6806,10,28,53,07-27-202613:14:02,07-27-202613:14:44
Fiber mps,600,300,4,4,1,1,1,4,16,60,90,0.05,5,20,5,True,True,542.858,11,1500,1448,1448,0,36,10594.583333333334,836,2154,True,True,272.158,16,1500,1448,1424,0,52,11759.25,617,1557,661,1997,6610,6826,6619,6831,10,29,21,07-27-202612:49:05,07-27-202612:49:48
Fiber mps,600,300,4,4,1,1,1,4,16,60,90,0.05,5,20,5,True,True,542.990,16,1500,1448,1448,0,48,10690.125,670,1698,True,True,272.034,16,1500,1448,1425,0,51,11865.375,621,1668,653,1676,6615,6815,6621,6816,10,25,55,07-27-202613:15:37,07-27-202613:16:25
Fiber mps,600,300,4,4,1,1,1,4,16,60,90,0.05,5,20,5,True,True,543.301,16,1500,1448,1448,0,48,10735.875,757,1682,True,True,273.218,11,1500,1448,1425,0,43,11152.083333333334,766,2012,760,1941,6629,6859,6650,6866,11,28,27,07-27-202612:53:39,07-27-202612:54:22
Fiber mps,600,300,4,4,1,1,1,4,16,60,90,0.05,5,20,5,True,True,543.233,15,1500,1448,1448,0,45,11131.533333333333,621,1656,True,True,271.998,16,1500,1448,1424,0,70,11251.875,651,1507,634,1575,6625,6825,6632,6829,10,23,77,07-27-202613:33:27,07-27-202613:34:14
Fiber mps,600,300,4,4,1,1,1,4,16,60,90,0.05,5,20,5,True,True,543.481,12,1500,1448,1448,0,36,10752.166666666666,854,2554,True,False,271.067,16,1500,1448,1424,0,57,11473.0625,620,1546,658,2051,6617,6819,6621,6814,10,30,85,07-27-202613:39:45,07-27-202613:40:30
Fiber mps,600,300,4,4,1,1,1,4,16,60,90,0.05,5,20,5,True,True,543.359,16,1500,1448,1448,0,48,11193.625,637,1676,True,True,272.875,12,1500,1448,1424,0,41,11348.307692307691,751,1932,659,1878,6646,6839,6657,6843,10,27,86,07-27-202613:40:33,07-27-202613:41:17
Fiber mps,600,300,4,4,1,1,1,4,16,60,90,0.05,5,20,5,True,True,542.960,16,1500,1448,1448,0,48,10902,684,1506,True,True,273.419,10,1500,1448,1425,0,38,11176.454545454546,810,2120,734,2069,6641,6823,6647,6826,11,30,18,07-27-202612:46:32,07-27-202612:47:14
Fiber mps,600,300,4,4,1,1,1,4,16,60,90,0.05,5,20,5,True,True,543.187,13,1500,1448,1448,0,39,10863.846153846154,760,1906,True,True,271.992,16,1500,1448,1424,0,71,11532.4375,622,1687,656,1787,6632,6825,6632,6828,10,26,22,07-27-202612:49:51,07-27-202612:50:34
Fiber mps,600,300,4,4,1,1,1,4,16,60,90,0.05,5,20,5,True,True,544.479,16,1500,1448,1448,0,48,10568.8125,853,1786,True,True,273.661,13,1500,1448,1424,0,54,11359,743,1726,795,1752,6624,6837,6638,6835,12,26,81,07-27-202613:36:46,07-27-202613:37:31
Fiber mps,600,300,4,4,1,1,1,4,16,60,90,0.05,5,20,5,True,True,543.254,11,1500,1448,1448,0,36,10653.083333333334,769,2401,True,True,273.442,13,1500,1448,1424,0,43,11199.57142857143,898,1618,801,2164,6613,6809,6617,6813,12,32,64,07-27-202613:22:59,07-27-202613:23:39
Fiber mps,600,300,4,4,1,1,1,4,16,60,90,0.05,5,20,5,True,True,543.359,14,1500,1448,1448,0,45,11167.066666666668,683,1618,True,True,272.935,16,1500,1448,1424,1,112,11814.5625,602,1588,635,1605,6632,6838,6655,6835,10,23,7,07-27-202612:37:45,07-27-202612:38:31
Fiber mps,600,300,4,4,1,1,1,4,16,60,90,0.05,5,20,5,True,True,543.191,16,1500,1448,1448,0,48,10785.75,698,1623,True,True,272.994,14,1500,1448,1424,1,74,11490.2,718,1639,705,1638,6642,6836,6649,6841,11,24,76,07-27-202613:32:37,07-27-202613:33:24
Fiber mps,600,300,4,4,1,1,1,4,16,60,90,0.05,5,20,5,True,True,543.584,16,1500,1448,1448,0,48,10519.125,759,1881,True,True,271.296,16,1500,1448,1425,0,65,11536.125,571,1619,628,1744,6626,6836,6637,6841,9,25,98,07-27-202613:50:03,07-27-202613:50:53
Fiber mps,600,300,4,4,1,1,1,4,16,60,90,0.05,5,20,5,True,True,543.483,13,1500,1448,1448,0,39,10933.76923076923,743,2098,True,True,270.983,16,1500,1448,1424,0,53,11250.375,673,1304,707,1918,6643,6834,6643,6837,11,28,19,07-27-202612:47:17,07-27-202612:48:02
Fiber mps,600,300,4,4,1,1,1,4,16,60,90,0.05,5,20,5,True,False,543.700,16,1500,1448,1448,0,48,10927.6875,690,1539,True,True,271.406,16,1500,1448,1424,0,54,11676,636,1555,661,1561,6625,6827,6625,6833,10,23,28,07-27-202612:54:25,07-27-202612:55:16
Fiber mps,600,300,4,4,1,1,1,4,16,60,90,0.05,5,20,5,True,True,543.208,13,1500,1448,1448,1,39,10495.23076923077,812,2106,True,True,270.794,16,1500,1448,1424,0,54,11739.0625,612,1556,656,1956,6613,6822,6634,6826,10,29,67,07-27-202613:25:11,07-27-202613:25:56
Fiber mps,600,300,4,4,1,1,1,4,16,60,90,0.05,5,20,5,True,True,543.632,16,1500,1448,1448,0,48,10715.875,796,1815,True,True,272.734,13,1500,1448,1425,0,45,11514.642857142857,720,1892,754,1867,6633,6837,6633,6838,11,27,61,07-27-202613:20:28,07-27-202613:21:11
Fiber mps,600,300,4,4,1,1,1,4,16,60,90,0.05,5,20,5,True,False,543.209,16,1500,1448,1448,0,48,10731.6875,474,2875,True,True,271.777,13,1500,1448,1425,0,42,11321.461538461539,777,1945,532,2242,6614,6817,6614,6818,8,33,1,07-27-202612:32:52,07-27-202612:33:38
Fiber mps,600,300,4,4,1,1,1,4,16,60,90,0.05,5,20,5,True,True,542.974,12,1500,1448,1448,0,36,10488.083333333334,795,1877,True,True,272.225,11,1500,1448,1424,0,42,11126.666666666666,741,2068,779,2031,6622,6823,6622,6827,12,30,66,07-27-202613:24:31,07-27-202613:25:08
Fiber mps,600,300,4,4,1,1,1,4,16,60,90,0.05,5,20,5,True,True,542.907,15,1500,1448,1448,0,45,10487.066666666668,864,1876,True,True,272.096,16,1500,1448,1424,1,59,11616.3125,583,1644,657,1759,6652,6847,6652,6851,10,26,40,07-27-202613:03:44,07-27-202613:04:28
Fiber mps,600,300,4,4,1,1,1,4,16,60,90,0.05,5,20,5,True,True,543.262,14,1500,1448,1448,0,42,10371.357142857143,916,2183,True,True,271.975,14,1500,1448,1424,0,48,11691,610,1746,661,2049,6632,6824,6647,6827,10,30,73,07-27-202613:30:04,07-27-202613:30:46
Fiber mps,600,300,4,4,1,1,1,4,16,60,90,0.05,5,20,5,False,True,543.034,16,1500,1448,1448,0,48,10896.1875,692,1646,True,True,273.840,12,1500,1448,1425,0,54,11211.692307692309,745,1937,715,1853,6641,6838,6646,6841,11,27,49,07-27-202613:11:00,07-27-202613:11:51
Fiber mps,600,300,4,4,1,1,1,4,16,60,90,0.05,5,20,5,True,True,543.298,16,1500,1448,1448,0,48,10992.125,656,1872,True,True,272.249,13,1500,1448,1424,0,44,11125.92857142857,736,1715,679,1799,6643,6848,6655,6854,10,26,60,07-27-202613:19:40,07-27-202613:20:25
Fiber mps,600,300,4,4,1,1,1,4,16,60,90,0.05,5,20,5,True,True,542.964,14,1500,1448,1448,1,42,10561.642857142857,852,2021,True,False,271.251,16,1500,1448,1424,0,49,11742.9375,602,1545,674,1887,6602,6829,6622,6828,10,28,41,07-27-202613:04:31,07-27-202613:05:18
Fiber mps,600,300,4,4,1,1,1,4,16,60,90,0.05,5,20,5,True,True,542.809,16,1500,1448,1448,0,48,11114.8125,616,1945,True,True,271.846,14,1500,1448,1424,0,58,11347.214285714286,671,1803,636,1875,6612,6828,6629,6832,10,27,10,07-27-202612:40:06,07-27-202612:40:50
Fiber mps,600,300,4,4,1,1,1,4,16,60,90,0.05,5,20,5,True,True,543.405,16,1500,1448,1448,0,48,11162.9375,638,1658,True,True,273.295,12,1500,1448,1425,0,52,11411.076923076924,712,1855,658,1809,6638,6812,6661,6814,10,27,37,07-27-202613:01:25,07-27-202613:02:08
Fiber mps,600,300,4,4,1,1,1,4,16,60,90,0.05,5,20,5,True,False,543.059,16,1500,1448,1448,0,48,11079.5,624,1898,True,True,271.832,14,1500,1448,1424,0,45,11584.133333333333,635,1737,626,1823,6660,6852,6668,6858,9,27,100,07-27-202613:51:39,07-27-202613:52:27
Fiber mps,600,300,4,4,1,1,1,4,16,60,90,0.05,5,20,5,True,True,543.323,14,1500,1448,1448,0,45,11081.133333333333,686,1946,True,True,272.127,15,1500,1448,1425,0,47,11743.133333333333,679,1775,683,1853,6638,6849,6639,6853,10,27,35,07-27-202612:59:57,07-27-202613:00:40
Fiber mps,600,300,4,4,1,1,1,4,16,60,90,0.05,5,20,5,True,True,543.325,16,1500,1448,1448,0,48,10817.4375,712,2039,True,True,272.902,13,1500,1448,1425,1,52,11416.142857142857,706,1864,713,1951,6383,6799,6390,6806,11,29,11,07-27-202612:40:54,07-27-202612:41:39
Fiber mps,600,300,4,4,1,1,1,4,16,60,90,0.05,5,20,5,True,False,542.740,16,1500,1448,1448,0,48,10999.875,690,1831,True,True,272.147,16,1500,1448,1424,0,50,11634.25,597,1614,667,1870,6664,6846,6670,6850,10,27,94,07-27-202613:46:58,07-27-202613:47:48
Fiber mps,600,300,4,4,1,1,1,4,16,60,90,0.05,5,20,5,True,True,542.997,16,1500,1448,1448,0,48,11019.75,689,2038,True,True,272.182,14,1500,1448,1425,0,44,11440.214285714286,668,1745,682,1880,6614,6823,6621,6822,10,28,87,07-27-202613:41:20,07-27-202613:42:03
Fiber mps,600,300,4,4,1,1,1,4,16,60,90,0.05,5,20,5,True,True,543.170,14,1500,1448,1448,0,45,10827.666666666666,773,2084,True,True,274.021,14,1500,1448,1425,1,50,11651.666666666666,659,1725,703,1900,6631,6852,6644,6858,11,28,90,07-27-202613:43:47,07-27-202613:44:30
Fiber mps,600,300,4,4,1,1,1,4,16,60,90,0.05,5,20,5,True,True,543.378,16,1500,1448,1448,0,48,10873.75,672,1685,True,True,271.382,16,1500,1448,1424,0,49,11676.125,595,1621,633,1651,6614,6845,6625,6848,10,24,6,07-27-202612:36:52,07-27-202612:37:42
Fiber mps,600,300,4,4,1,1,1,4,16,60,90,0.05,5,20,5,True,True,542.935,11,1500,1448,1448,0,36,11010,729,2014,True,True,273.208,14,1500,1448,1424,0,53,11480.8,721,1643,723,1836,6643,6835,6651,6838,11,27,25,07-27-202612:52:08,07-27-202612:52:48
Fiber mps,600,300,4,4,1,1,1,4,16,60,90,0.05,5,20,5,True,True,544.210,16,1500,1448,1448,0,48,10948.5625,714,1652,True,True,270.945,16,1500,1448,1425,0,68,11753.4375,585,1637,632,1652,6631,6833,6642,6836,10,24,65,07-27-202613:23:42,07-27-202613:24:28
Fiber mps,600,300,4,4,1,1,1,4,16,60,90,0.05,5,20,5,True,False,543.192,16,1500,1448,1448,0,48,10459.5625,810,1957,True,True,272.181,13,1500,1448,1425,0,44,11199,700,1818,765,1859,6624,6819,6640,6822,12,27,54,07-27-202613:14:47,07-27-202613:15:34
Fiber mps,600,300,4,4,1,1,1,4,16,60,90,0.05,5,20,5,True,True,543.196,13,1500,1448,1448,0,39,11071.461538461539,728,1957,True,True,273.524,11,1500,1448,1425,1,160,11423,766,1958,737,1964,6650,6854,6662,6859,11,29,39,07-27-202613:03:03,07-27-202613:03:41
Fiber mps,600,300,4,4,1,1,1,4,16,60,90,0.05,5,20,5,True,True,544.359,15,1500,1448,1448,0,48,11069.5625,622,1847,True,True,273.032,12,1500,1448,1425,0,41,11546.153846153846,738,1924,662,1909,6632,6857,6647,6861,10,28,3,07-27-202612:34:22,07-27-202612:35:04
Fiber mps,600,300,4,4,1,1,1,4,16,60,90,0.05,5,20,5,True,True,542.731,11,1500,1448,1448,1,36,10411,877,2194,True,True,271.475,15,1500,1448,1425,0,51,11853.375,594,1663,628,2067,6606,6805,6613,6800,9,30,97,07-27-202613:49:19,07-27-202613:50:00
Fiber mps,600,300,4,4,1,1,1,4,16,60,90,0.05,5,20,5,True,True,543.111,12,1500,1448,1448,0,36,10267.083333333334,1081,1777,True,True,270.282,16,1500,1448,1425,1,52,11264.75,720,1213,774,1689,6629,6844,6631,6849,12,25,33,07-27-202612:58:26,07-27-202612:59:10
Fiber mps,600,300,4,4,1,1,1,4,16,60,90,0.05,5,20,5,True,False,543.029,16,1500,1448,1448,0,48,11299.25,571,1827,True,True,273.833,13,1500,1448,1425,0,44,11398.714285714286,672,1871,588,1908,6656,6835,6666,6829,9,28,47,07-27-202613:09:27,07-27-202613:10:14
Fiber mps,600,300,4,4,1,1,1,4,16,60,90,0.05,5,20,5,True,True,543.323,16,1500,1448,1448,0,48,11061.5625,637,1544,True,True,272.003,13,1500,1448,1425,0,44,11381.153846153846,699,1943,651,1880,6658,6870,6677,6875,10,27,96,07-27-202613:48:34,07-27-202613:49:16
Fiber mps,600,300,4,4,1,1,1,4,16,60,90,0.05,5,20,5,True,True,543.516,12,1500,1448,1448,0,39,10758.692307692309,797,2142,True,True,271.838,13,1500,1448,1424,2,111,11330.642857142857,709,1770,756,1985,6643,6828,6647,6834,11,29,72,07-27-202613:29:21,07-27-202613:30:01
Fiber mps,600,300,4,4,1,1,1,4,16,60,90,0.05,5,20,5,True,True,543.613,14,1500,1448,1448,0,42,10956.857142857143,714,1792,True,True,270.640,15,1500,1448,1425,0,51,11326.4375,702,1657,704,1716,6651,6830,6654,6836,11,25,16,07-27-202612:44:54,07-27-202612:45:36
Fiber mps,600,300,4,4,1,1,1,4,16,60,90,0.05,5,20,5,True,True,543.041,15,1500,1448,1448,1,45,10818.4,784,1782,True,True,271.947,13,1500,1448,1425,0,46,11592.857142857143,671,1795,734,1787,6614,6834,6633,6836,11,26,8,07-27-202612:38:34,07-27-202612:39:16
Fiber mps,600,300,4,4,1,1,1,4,16,60,90,0.05,5,20,5,True,True,543.005,15,1500,1448,1448,0,45,10555.333333333334,809,1777,True,True,271.580,16,1500,1448,1424,0,49,11614.875,597,1605,638,1691,6635,6843,6637,6849,10,25,14,07-27-202612:43:23,07-27-202612:44:09
Fiber mps,600,300,4,4,1,1,1,4,16,60,90,0.05,5,20,5,True,True,540.377,13,1500,1448,1448,0,39,10777.307692307691,802,2060,True,True,271.568,11,1500,1448,1424,0,38,11314.666666666666,698,2060,737,2061,6638,6825,6638,6827,11,30,82,07-27-202613:37:34,07-27-202613:38:12
Fiber mps,600,300,4,4,1,1,1,4,16,60,90,0.05,5,20,5,True,True,543.346,14,1500,1448,1448,0,42,10924.57142857143,693,1851,True,True,271.481,15,1500,1448,1424,0,57,11409.625,598,1570,645,1715,6651,6825,6658,6827,10,25,45,07-27-202613:07:47,07-27-202613:08:30
Fiber mps,600,300,4,4,1,1,1,4,16,60,90,0.05,5,20,5,True,True,542.750,15,1500,1448,1448,0,48,10658.8125,836,1950,True,True,272.148,16,1500,1448,1424,0,69,11418.6875,673,1460,729,1716,6637,6836,6637,6838,11,25,43,07-27-202613:06:06,07-27-202613:06:52
Fiber mps,600,300,4,4,1,1,1,4,16,60,90,0.05,5,20,5,True,True,543.475,14,1500,1448,1448,0,42,10866,691,1948,True,True,272.411,12,1500,1448,1424,0,40,11346.615384615385,714,1993,701,1985,6630,6832,6632,6836,11,29,83,07-27-202613:38:15,07-27-202613:38:55
Fiber mps,600,300,4,4,1,1,1,4,16,60,90,0.05,5,20,5,True,True,544.315,16,1500,1448,1448,0,48,10552.0625,752,1858,True,True,272.099,16,1500,1448,1424,0,53,11273.125,671,1304,706,1581,6615,6834,6618,6839,11,23,63,07-27-202613:22:06,07-27-202613:22:56
Fiber mps,600,300,4,4,1,1,1,4,16,60,90,0.05,5,20,5,True,True,543.346,16,1500,1448,1448,0,48,11110.5,701,1840,True,True,272.709,13,1500,1448,1424,0,44,11346.642857142857,694,1876,701,1877,6647,6849,6653,6854,11,27,80,07-27-202613:36:00,07-27-202613:36:43
Fiber mps,600,300,4,4,1,1,1,4,16,60,90,0.05,5,20,5,True,True,542.851,11,1500,1448,1448,0,36,10767.75,855,1932,True,True,271.977,16,1500,1448,1425,0,67,11773.375,597,1662,666,1806,6627,6831,6633,6834,10,26,59,07-27-202613:18:55,07-27-202613:19:37
Fiber mps,600,300,4,4,1,1,1,4,16,60,90,0.05,5,20,5,True,True,543.226,12,1500,1448,1448,0,36,10766.25,763,1948,True,True,274.329,12,1500,1448,1424,1,103,11292.692307692309,782,1928,768,1933,6618,6842,6623,6847,12,28,15,07-27-202612:44:12,07-27-202612:44:50
Fiber mps,600,300,4,4,1,1,1,4,16,60,90,0.05,5,20,5,True,False,543.538,16,1500,1448,1448,0,48,10934.125,674,1583,True,True,270.613,16,1500,1448,1425,0,72,11499.3125,627,1618,659,1623,6624,6814,6625,6813,10,24,71,07-27-202613:28:27,07-27-202613:29:18
Fiber mps,600,300,4,4,1,1,1,4,16,60,90,0.05,5,20,5,True,True,544.240,14,1500,1448,1448,0,45,10744.8,776,2152,True,True,271.814,13,1500,1448,1425,0,47,11131.92857142857,846,1518,797,1873,6628,6831,6641,6830,12,27,42,07-27-202613:05:21,07-27-202613:06:03
Fiber mps,600,300,4,4,1,1,1,4,16,60,90,0.05,5,20,5,True,True,543.119,12,1500,1448,1448,0,36,10894.666666666666,720,2158,True,True,272.785,12,1500,1448,1425,0,39,11290.307692307691,715,1919,721,2032,6628,6815,6645,6819,11,30,51,07-27-202613:12:36,07-27-202613:13:14
Fiber mps,600,300,4,4,1,1,1,4,16,60,90,0.05,5,20,5,True,True,542.871,16,1500,1448,1448,0,48,10456.25,799,1750,True,True,270.568,11,1500,1448,1425,0,48,11173,773,2045,788,1998,6644,6854,6648,6856,12,29,57,07-27-202613:17:16,07-27-202613:18:00
Fiber mps,600,300,4,4,1,1,1,4,16,60,90,0.05,5,20,5,True,True,543.317,15,1500,1448,1448,0,48,10961.6875,673,1639,True,False,270.824,16,1500,1448,1424,0,50,11516.3125,593,1602,619,1623,6617,6833,6618,6836,9,24,88,07-27-202613:42:06,07-27-202613:42:55
Fiber mps,600,300,4,4,1,1,1,4,16,60,90,0.05,5,20,5,True,True,543.170,16,1500,1448,1448,0,48,11039.4375,641,1803,True,True,270.775,15,1500,1448,1424,0,71,11397.3125,710,1389,664,1648,6606,6829,6638,6832,10,24,4,07-27-202612:35:07,07-27-202612:35:53
Fiber mps,600,300,4,4,1,1,1,4,16,60,90,0.05,5,20,5,True,True,543.045,16,1500,1448,1448,0,48,10535.3125,772,1854,True,True,270.432,16,1500,1448,1424,12,63,11588.4375,613,1537,658,1720,6590,6855,6614,6861,10,25,12,07-27-202612:41:42,07-27-202612:42:32
Fiber mps,600,300,4,4,1,1,1,4,16,80,90,0.05,5,20,5,True,True,542.980,13,1500,1448,1448,0,39,10925.153846153846,767,2368,True,True,273.417,13,1500,1448,1425,0,47,11268.142857142857,727,1768,743,2176,6609,6826,6599,6825,11,32,79,07-27-202614:55:58,07-27-202614:56:38
Fiber mps,600,300,4,4,1,1,1,4,16,80,90,0.05,5,20,5,True,True,543.033,12,1500,1448,1448,0,36,10678.583333333334,786,2196,True,True,273.429,13,1500,1448,1424,0,45,11454.142857142857,664,1871,720,2048,6632,6825,6639,6826,11,30,50,07-27-202614:33:00,07-27-202614:33:43
Fiber mps,600,300,4,4,1,1,1,4,16,80,90,0.05,5,20,5,True,False,542.742,16,1500,1448,1448,0,48,10612,720,1931,True,True,271.796,13,1500,1448,1424,0,56,11556.642857142857,638,1841,731,2066,6632,6829,6629,6817,11,30,23,07-27-202614:10:46,07-27-202614:11:35
Fiber mps,600,300,4,4,1,1,1,4,16,80,90,0.05,5,20,5,True,True,542.237,15,1500,1448,1448,0,48,10614.5625,854,1715,True,True,273.574,13,1500,1448,1425,0,40,11231.153846153846,684,1959,758,1929,6632,6833,6636,6836,11,28,68,07-27-202614:47:15,07-27-202614:47:57
Fiber mps,600,300,4,4,1,1,1,4,16,80,90,0.05,5,20,5,True,True,542.728,15,1500,1448,1448,0,45,10479.8,824,1840,True,False,271.414,16,1500,1448,1424,0,51,11379.625,611,1386,673,1679,6609,6801,6617,6802,10,25,92,07-27-202615:06:21,07-27-202615:07:09
Fiber mps,600,300,4,4,1,1,1,4,16,80,90,0.05,5,20,5,True,False,542.606,16,1500,1448,1448,0,48,10777.125,711,1556,True,True,271.427,16,1500,1448,1425,1,94,11260.8125,624,1536,714,1867,6653,6837,6652,6841,11,27,95,07-27-202615:08:44,07-27-202615:09:34
Fiber mps,600,300,4,4,1,1,1,4,16,80,90,0.05,5,20,5,True,True,542.802,13,1500,1448,1448,0,39,10969.23076923077,754,1810,True,True,272.705,16,1500,1448,1425,1,98,11476.625,671,1515,710,1673,6639,6842,6646,6844,11,24,46,07-27-202614:29:51,07-27-202614:30:34
Fiber mps,600,300,4,4,1,1,1,4,16,80,90,0.05,5,20,5,True,True,542.523,13,1500,1448,1448,0,39,10570.307692307691,867,2191,True,True,272.548,13,1500,1448,1424,1,212,11451.714285714286,665,1885,721,2048,6647,6819,6641,6822,11,30,93,07-27-202615:07:13,07-27-202615:07:53
Fiber mps,600,300,4,4,1,1,1,4,16,80,90,0.05,5,20,5,True,True,542.973,14,1500,1448,1448,0,42,10710.42857142857,805,2136,True,True,272.138,11,1500,1448,1425,0,38,11162,759,1995,783,2068,6632,6832,6630,6834,12,30,17,07-27-202614:05:49,07-27-202614:06:28
Fiber mps,600,300,4,4,1,1,1,4,16,80,90,0.05,5,20,5,True,True,542.932,16,1500,1448,1448,0,48,11070.8125,662,1841,True,True,273.709,15,1500,1448,1425,0,50,11421.266666666666,753,1636,681,1739,6650,6836,6643,6830,10,25,29,07-27-202614:15:43,07-27-202614:16:30
Fiber mps,600,300,4,4,1,1,1,4,16,80,90,0.05,5,20,5,True,True,542.854,16,1500,1448,1448,0,48,10417.625,872,1701,True,True,271.654,13,1500,1448,1424,0,45,11292.714285714286,622,1900,719,1856,6606,6804,6593,6806,11,27,20,07-27-202614:08:18,07-27-202614:09:03
Fiber mps,600,300,4,4,1,1,1,4,16,80,90,0.05,5,20,5,True,False,542.874,16,1500,1448,1448,0,48,10502.875,781,1452,True,True,272.005,12,1500,1448,1425,0,46,11260,723,2043,762,1824,6617,6819,6606,6792,12,27,31,07-27-202614:17:19,07-27-202614:18:08
Fiber mps,600,300,4,4,1,1,1,4,16,80,90,0.05,5,20,5,True,True,543.117,12,1500,1448,1448,0,36,10372.25,877,2444,True,True,270.605,16,1500,1448,1424,0,48,11606.3125,546,1522,614,2240,6628,6829,6628,6833,9,33,84,07-27-202614:59:56,07-27-202615:00:39
Fiber mps,600,300,4,4,1,1,1,4,16,80,90,0.05,5,20,5,True,False,542.883,16,1500,1448,1448,0,48,11043.5625,633,1616,True,False,271.880,16,1500,1448,1425,3,66,11436.6875,629,1433,660,1981,6626,6833,6624,6835,10,29,13,07-27-202614:02:33,07-27-202614:03:26
Fiber mps,600,300,4,4,1,1,1,4,16,80,90,0.05,5,20,5,True,True,543.095,16,1500,1448,1448,0,48,11035.625,600,1796,True,True,273.282,12,1500,1448,1425,0,52,11306.538461538461,732,1918,643,1895,6623,6820,6618,6822,10,28,62,07-27-202614:42:27,07-27-202614:43:11
Fiber mps,600,300,4,4,1,1,1,4,16,80,90,0.05,5,20,5,True,True,542.760,14,1500,1448,1448,0,45,10616,860,2027,True,True,273.209,16,1500,1448,1424,0,63,11584.375,654,1510,724,1871,6645,6817,6626,6820,11,27,75,07-27-202614:52:49,07-27-202614:53:34
Fiber mps,600,300,4,4,1,1,1,4,16,80,90,0.05,5,20,5,True,True,543.137,16,1500,1448,1448,0,48,10936.5625,646,1623,True,True,270.842,16,1500,1448,1425,1,51,11641.1875,619,1452,637,1536,6653,6827,6639,6827,10,22,9,07-27-202613:59:14,07-27-202614:00:04
Fiber mps,600,300,4,4,1,1,1,4,16,80,90,0.05,5,20,5,True,True,543.236,16,1500,1448,1448,0,48,11343.5,573,2093,True,True,271.745,12,1500,1448,1424,0,56,11497.923076923076,733,1988,606,2051,6634,6824,6636,6790,9,30,44,07-27-202614:28:15,07-27-202614:29:03
Fiber mps,600,300,4,4,1,1,1,4,16,80,90,0.05,5,20,5,True,False,543.048,16,1500,1448,1448,1,48,10609.125,699,1548,True,True,273.986,15,1500,1448,1424,0,62,11535.4375,624,1623,714,1887,6632,6823,6628,6826,11,28,48,07-27-202614:31:24,07-27-202614:32:13
Fiber mps,600,300,4,4,1,1,1,4,16,80,90,0.05,5,20,5,True,True,542.440,16,1500,1448,1448,0,48,10931.0625,740,1891,True,True,271.756,16,1500,1448,1424,0,78,11367.4375,629,1435,689,1712,6648,6821,6658,6822,10,25,99,07-27-202615:12:01,07-27-202615:12:48
Fiber mps,600,300,4,4,1,1,1,4,16,80,90,0.05,5,20,5,True,True,542.559,12,1500,1448,1448,0,36,10575.916666666666,844,2017,True,True,270.431,13,1500,1448,1425,0,49,11529.785714285714,615,1892,697,1953,6629,6826,6629,6829,11,29,56,07-27-202614:37:55,07-27-202614:38:34
Fiber mps,600,300,4,4,1,1,1,4,16,80,90,0.05,5,20,5,True,True,543.074,16,1500,1448,1448,0,48,11121.5,715,1816,True,True,273.285,13,1500,1448,1425,1,44,11618.357142857143,705,1823,707,1821,6624,6818,6624,6819,11,27,32,07-27-202614:18:11,07-27-202614:18:54
Fiber mps,600,300,4,4,1,1,1,4,16,80,90,0.05,5,20,5,True,True,542.792,15,1500,1448,1448,0,45,11030.533333333333,678,2005,True,True,271.732,14,1500,1448,1424,1,52,11224.07142857143,775,1741,709,1881,6646,6828,6649,6829,11,28,78,07-27-202614:55:13,07-27-202614:55:55
Fiber mps,600,300,4,4,1,1,1,4,16,80,90,0.05,5,20,5,True,False,543.227,16,1500,1448,1448,1,48,10917.5625,681,1949,True,True,271.942,16,1500,1448,1425,0,57,11464.75,598,1582,656,1758,6629,6817,6636,6820,10,26,38,07-27-202614:23:05,07-27-202614:23:56
Fiber mps,600,300,4,4,1,1,1,4,16,80,90,0.05,5,20,5,True,True,542.591,14,1500,1448,1448,0,42,10552.142857142857,790,1988,True,True,270.618,16,1500,1448,1424,0,56,11728.875,570,1637,632,1816,6650,6838,6647,6842,10,27,26,07-27-202614:13:17,07-27-202614:14:01
Fiber mps,600,300,4,4,1,1,1,4,16,80,90,0.05,5,20,5,True,True,543.341,15,1500,1448,1448,0,48,11083.25,687,2013,True,True,272.615,13,1500,1448,1424,0,44,11439.07142857143,715,1840,694,1921,6622,6830,6625,6833,10,28,69,07-27-202614:48:00,07-27-202614:48:43
Fiber mps,600,300,4,4,1,1,1,4,16,80,90,0.05,5,20,5,True,False,543.462,16,1500,1448,1448,0,48,10974.3125,629,1861,True,True,273.223,14,1500,1448,1425,0,42,11575.5,642,1912,635,1869,6626,6817,6631,6800,10,27,34,07-27-202614:19:51,07-27-202614:20:42
Fiber mps,600,300,4,4,1,1,1,4,16,80,90,0.05,5,20,5,True,True,543.820,11,1500,1448,1448,0,36,10420.25,938,2366,True,True,271.168,14,1500,1448,1424,0,47,11700.133333333333,597,1710,662,2181,6654,6842,6654,6847,10,32,58,07-27-202614:39:26,07-27-202614:40:06
Fiber mps,600,300,4,4,1,1,1,4,16,80,90,0.05,5,20,5,True,True,542.551,15,1500,1448,1448,0,45,10920.666666666666,724,1963,True,True,271.837,14,1500,1448,1425,0,45,11440.533333333333,666,1734,706,1841,6641,6831,6645,6830,11,27,30,07-27-202614:16:33,07-27-202614:17:16
Fiber mps,600,300,4,4,1,1,1,4,16,80,90,0.05,5,20,5,True,True,542.553,16,1500,1448,1448,1,48,10592.8125,746,1660,True,True,270.269,16,1500,1448,1425,1,87,11700.875,639,1448,681,1553,6646,6842,6672,6845,10,23,70,07-27-202614:48:46,07-27-202614:49:34
Fiber mps,600,300,4,4,1,1,1,4,16,80,90,0.05,5,20,5,True,True,542.829,16,1500,1448,1448,0,48,10847.5,734,1805,True,True,272.288,11,1500,1448,1425,0,39,11202.333333333334,726,1985,725,1943,6639,6825,6632,6828,11,28,24,07-27-202614:11:38,07-27-202614:12:19
Fiber mps,600,300,4,4,1,1,1,4,16,80,90,0.05,5,20,5,True,True,542.554,14,1500,1448,1448,0,42,10809.07142857143,728,2229,True,False,270.250,16,1500,1448,1424,0,51,11605.25,568,1559,647,1896,6632,6833,6634,6838,10,28,52,07-27-202614:34:34,07-27-202614:35:21
Fiber mps,600,300,4,4,1,1,1,4,16,80,90,0.05,5,20,5,True,True,542.316,12,1500,1448,1448,0,39,10867.076923076924,698,2021,True,True,272.519,14,1500,1448,1425,0,56,11520.6,662,1757,677,1912,6656,6834,6657,6836,10,28,36,07-27-202614:21:33,07-27-202614:22:14
Fiber mps,600,300,4,4,1,1,1,4,16,80,90,0.05,5,20,5,True,True,542.170,12,1500,1448,1448,0,36,10937.666666666666,756,2039,True,True,271.623,14,1500,1448,1425,1,56,11423.8,699,1782,719,1902,6619,6853,6630,6858,11,28,2,07-27-202613:53:20,07-27-202613:54:00
Fiber mps,600,300,4,4,1,1,1,4,16,80,90,0.05,5,20,5,True,True,543.212,16,1500,1448,1448,0,48,10965.1875,744,1478,True,True,271.477,16,1500,1448,1425,0,67,11411.75,629,1684,679,1639,6642,6833,6632,6836,10,24,5,07-27-202613:55:48,07-27-202613:56:35
Fiber mps,600,300,4,4,1,1,1,4,16,80,90,0.05,5,20,5,True,True,542.972,12,1500,1448,1448,0,36,10727.25,788,2208,True,True,270.779,16,1500,1448,1424,0,52,11488.125,711,1426,745,1975,6647,6826,6641,6829,11,29,89,07-27-202615:03:55,07-27-202615:04:37
Fiber mps,600,300,4,4,1,1,1,4,16,80,90,0.05,5,20,5,True,True,542.980,16,1500,1448,1448,0,48,11048.8125,646,1631,True,True,270.854,16,1500,1448,1424,1,53,11803.9375,581,1552,617,1595,6620,6822,6608,6779,9,24,74,07-27-202614:51:52,07-27-202614:52:46
Fiber mps,600,300,4,4,1,1,1,4,16,80,90,0.05,5,20,5,True,True,542.901,13,1500,1448,1448,0,42,10643,812,1881,True,False,271.239,16,1500,1448,1424,0,57,11827.375,582,1580,637,1785,6642,6824,6645,6827,10,26,91,07-27-202615:05:31,07-27-202615:06:18
Fiber mps,600,300,4,4,1,1,1,4,16,80,90,0.05,5,20,5,True,True,543.019,13,1500,1448,1448,0,42,10745.5,777,1872,True,False,269.578,16,1500,1448,1424,0,54,11360.3125,634,1312,720,1832,6643,6836,6642,6840,11,27,53,07-27-202614:35:24,07-27-202614:36:11
Fiber mps,600,300,4,4,1,1,1,4,16,80,90,0.05,5,20,5,True,True,542.999,11,1500,1448,1448,0,36,10711.333333333334,736,2168,True,True,271.474,16,1500,1448,1424,0,49,11657.125,584,1687,642,1967,6623,6833,6618,6836,10,29,21,07-27-202614:09:06,07-27-202614:09:48
Fiber mps,600,300,4,4,1,1,1,4,16,80,90,0.05,5,20,5,True,False,543.249,16,1500,1448,1448,0,48,11094.0625,630,1684,True,False,270.156,16,1500,1448,1425,0,49,11434.9375,580,1576,610,1606,6653,6824,6658,6825,9,24,55,07-27-202614:36:59,07-27-202614:37:52
Fiber mps,600,300,4,4,1,1,1,4,16,80,90,0.05,5,20,5,True,True,542.928,12,1500,1448,1448,1,36,10459,889,2271,True,True,271.631,16,1500,1448,1424,0,61,11652.25,583,1560,633,2026,6631,6822,6627,6817,10,30,27,07-27-202614:14:04,07-27-202614:14:46
Fiber mps,600,300,4,4,1,1,1,4,16,80,90,0.05,5,20,5,True,True,542.021,12,1500,1448,1448,0,36,10622.333333333334,783,1920,True,True,270.113,16,1500,1448,1425,0,52,11746,611,1589,665,1785,6643,6832,6651,6830,10,26,77,07-27-202614:54:23,07-27-202614:55:10
Fiber mps,600,300,4,4,1,1,1,4,16,80,90,0.05,5,20,5,True,True,543.130,16,1500,1448,1448,0,48,11049.75,667,1558,True,True,271.448,13,1500,1448,1425,0,68,11306.285714285714,714,1795,681,1679,6644,6820,6655,6801,10,25,85,07-27-202615:00:42,07-27-202615:01:32
Fiber mps,600,300,4,4,1,1,1,4,16,80,90,0.05,5,20,5,True,True,542.926,15,1500,1448,1448,0,48,10990.8125,709,1899,True,True,271.183,11,1500,1448,1425,0,36,11196.916666666666,761,1984,732,1982,6635,6822,6628,6825,11,29,86,07-27-202615:01:35,07-27-202615:02:16
Fiber mps,600,300,4,4,1,1,1,4,16,80,90,0.05,5,20,5,True,True,542.997,16,1500,1448,1448,0,48,11004,678,1642,True,True,272.761,14,1500,1448,1424,1,52,11441.533333333333,627,1775,647,1718,6647,6840,6687,6859,10,25,18,07-27-202614:06:31,07-27-202614:07:24
Fiber mps,600,300,4,4,1,1,1,4,16,80,90,0.05,5,20,5,True,False,544.199,16,1500,1448,1448,0,48,10986.625,637,1744,True,True,269.710,16,1500,1448,1425,1,53,11624.0625,585,1589,649,1787,6635,6819,6638,6802,10,26,22,07-27-202614:09:51,07-27-202614:10:43
Fiber mps,600,300,4,4,1,1,1,4,16,80,90,0.05,5,20,5,True,True,543.112,12,1500,1448,1448,0,36,10286.166666666666,1036,2295,True,True,270.237,16,1500,1448,1425,0,54,11426.5,584,1573,642,2106,6643,6835,6643,6842,10,31,81,07-27-202614:57:25,07-27-202614:58:09
Fiber mps,600,300,4,4,1,1,1,4,16,80,90,0.05,5,20,5,True,True,543.464,16,1500,1448,1448,0,48,10922.375,669,1601,True,True,271.161,16,1500,1448,1425,0,49,11631.375,592,1642,633,1636,6645,6822,6645,6826,10,24,64,07-27-202614:44:01,07-27-202614:44:49
Fiber mps,600,300,4,4,1,1,1,4,16,80,90,0.05,5,20,5,True,True,542.755,14,1500,1448,1448,0,42,10894.142857142857,749,2106,True,True,272.827,11,1500,1448,1425,0,42,11338.666666666666,672,2061,722,2081,6609,6808,6615,6804,11,31,7,07-27-202613:57:35,07-27-202613:58:15
Fiber mps,600,300,4,4,1,1,1,4,16,80,90,0.05,5,20,5,True,True,542.783,15,1500,1448,1448,1,45,10924.8,701,1973,True,True,271.976,13,1500,1448,1425,0,59,11408.5,714,1799,705,1882,6631,6844,6634,6849,11,27,76,07-27-202614:53:37,07-27-202614:54:19
Fiber mps,600,300,4,4,1,1,1,4,16,80,90,0.05,5,20,5,True,True,542.694,15,1500,1448,1448,0,45,11149.133333333333,639,1608,True,True,272.308,16,1500,1448,1424,1,57,11782.125,559,1635,581,1620,6638,6833,6633,6837,9,24,98,07-27-202615:11:13,07-27-202615:11:58
Fiber mps,600,300,4,4,1,1,1,4,16,80,90,0.05,5,20,5,True,False,543.399,16,1500,1448,1448,0,48,11182.875,702,1905,True,True,271.526,14,1500,1448,1424,0,52,11592.466666666667,663,1781,690,1836,6629,6833,6635,6837,10,27,19,07-27-202614:07:27,07-27-202614:08:15
Fiber mps,600,300,4,4,1,1,1,4,16,80,90,0.05,5,20,5,True,True,542.611,14,1500,1448,1448,0,45,10552.6,789,1937,True,True,271.322,16,1500,1448,1425,0,51,11669.75,578,1495,649,1772,6623,6820,6626,6799,10,26,28,07-27-202614:14:49,07-27-202614:15:40
Fiber mps,600,300,4,4,1,1,1,4,16,80,90,0.05,5,20,5,True,True,543.401,11,1500,1448,1448,1,33,10411.09090909091,946,2673,True,False,271.754,16,1500,1448,1424,0,50,11601.5,603,1559,653,2400,6636,6826,6642,6829,10,35,67,07-27-202614:46:27,07-27-202614:47:11
Fiber mps,600,300,4,4,1,1,1,4,16,80,90,0.05,5,20,5,True,True,542.798,14,1500,1448,1448,0,45,10666.866666666667,826,1812,True,True,272.989,15,1500,1448,1424,0,62,11680.625,614,1715,685,1769,6656,6866,6645,6811,10,26,61,07-27-202614:41:40,07-27-202614:42:24
Fiber mps,600,300,4,4,1,1,1,4,16,80,90,0.05,5,20,5,True,True,542.463,15,1500,1448,1448,1,45,10901.8,779,1902,True,True,271.252,16,1500,1448,1425,0,51,11792.0625,589,1459,652,1760,6645,6838,6654,6841,10,26,1,07-27-202613:52:30,07-27-202613:53:17
Fiber mps,600,300,4,4,1,1,1,4,16,80,90,0.05,5,20,5,True,True,542.775,16,1500,1448,1448,1,48,10801.9375,769,1757,True,False,271.846,16,1500,1448,1424,0,58,11924.5,559,1511,589,1715,6637,6825,6636,6829,9,25,66,07-27-202614:45:35,07-27-202614:46:24
Fiber mps,600,300,4,4,1,1,1,4,16,80,90,0.05,5,20,5,True,True,542.930,14,1500,1448,1448,0,45,10609.066666666668,787,1968,True,True,270.809,16,1500,1448,1424,0,57,11826.6875,578,1617,629,1809,6611,6819,6611,6823,10,27,40,07-27-202614:24:45,07-27-202614:25:31
Fiber mps,600,300,4,4,1,1,1,4,16,80,90,0.05,5,20,5,True,True,542.850,15,1500,1448,1448,0,45,10627.6,841,1592,True,True,272.859,13,1500,1448,1425,0,46,11435.785714285714,659,1776,726,1710,6624,6830,6615,6834,11,25,73,07-27-202614:51:07,07-27-202614:51:49
Fiber mps,600,300,4,4,1,1,1,4,16,80,90,0.05,5,20,5,True,True,542.595,12,1500,1448,1448,0,36,10444.75,907,2083,True,True,271.566,14,1500,1448,1425,0,51,11512.066666666668,688,1755,738,1949,6628,6828,6618,6833,11,29,49,07-27-202614:32:16,07-27-202614:32:56
Fiber mps,600,300,4,4,1,1,1,4,16,80,90,0.05,5,20,5,True,True,544.372,11,1500,1448,1448,0,36,10608.5,802,2304,True,True,271.969,15,1500,1448,1425,1,62,11595.375,608,1722,676,2115,6644,6823,6642,6826,10,31,60,07-27-202614:40:56,07-27-202614:41:37
Fiber mps,600,300,4,4,1,1,1,4,16,80,90,0.05,5,20,5,True,True,543.023,16,1500,1448,1448,0,48,11060.9375,701,1720,True,True,271.783,16,1500,1448,1424,0,54,11421.1875,633,1382,664,1561,6649,6825,6646,6787,10,23,41,07-27-202614:25:35,07-27-202614:26:28
Fiber mps,600,300,4,4,1,1,1,4,16,80,90,0.05,5,20,5,True,False,542.404,16,1500,1448,1448,2,48,11260,618,1760,True,True,272.119,13,1500,1448,1424,0,46,11438.642857142857,671,1784,632,1913,6641,6857,6625,6857,10,28,10,07-27-202614:00:07,07-27-202614:00:54
Fiber mps,600,300,4,4,1,1,1,4,16,80,90,0.05,5,20,5,True,True,542.854,16,1500,1448,1448,0,48,11116.1875,606,1969,True,True,272.090,14,1500,1448,1425,0,51,11420.266666666666,638,1796,617,1877,6629,6816,6625,6818,9,28,37,07-27-202614:22:18,07-27-202614:23:02
Fiber mps,600,300,4,4,1,1,1,4,16,80,90,0.05,5,20,5,True,True,542.529,16,1500,1448,1448,0,48,10933.6875,651,1588,True,True,271.606,16,1500,1448,1425,0,49,11516.9375,591,1587,627,1586,6642,6819,6639,6819,9,23,100,07-27-202615:12:51,07-27-202615:13:39
Fiber mps,600,300,4,4,1,1,1,4,16,80,90,0.05,5,20,5,True,True,544.357,16,1500,1448,1448,0,48,10933,681,1629,True,True,272.149,12,1500,1448,1424,0,46,11045,887,1609,725,1634,6643,6821,6640,6824,11,24,35,07-27-202614:20:45,07-27-202614:21:30
Fiber mps,600,300,4,4,1,1,1,4,16,80,90,0.05,5,20,5,True,True,542.998,11,1500,1448,1448,0,36,10400.916666666666,845,2050,True,True,271.921,15,1500,1448,1424,0,59,11426.875,732,1419,777,1912,6635,6797,6620,6799,12,28,11,07-27-202614:00:58,07-27-202614:01:39
Fiber mps,600,300,4,4,1,1,1,4,16,80,90,0.05,5,20,5,True,True,542.944,11,1500,1448,1448,0,36,10747.666666666666,771,2230,True,False,271.143,16,1500,1448,1425,0,61,11819.5,531,1570,621,1984,6617,6828,6614,6833,9,29,94,07-27-202615:07:56,07-27-202615:08:41
Fiber mps,600,300,4,4,1,1,1,4,16,80,90,0.05,5,20,5,True,True,542.866,16,1500,1448,1448,0,48,10946.0625,684,1744,True,True,273.290,14,1500,1448,1424,0,51,11539.2,634,1740,659,1742,6631,6839,6644,6843,10,25,87,07-27-202615:02:19,07-27-202615:03:08
Fiber mps,600,300,4,4,1,1,1,4,16,80,90,0.05,5,20,5,True,True,542.490,16,1500,1448,1448,0,48,11047.5,619,1573,True,True,272.099,16,1500,1448,1424,1,130,11741.25,584,1536,607,1551,6621,6816,6617,6806,9,23,90,07-27-202615:04:41,07-27-202615:05:28
Fiber mps,600,300,4,4,1,1,1,4,16,80,90,0.05,5,20,5,True,False,543.451,16,1500,1448,1448,0,48,11004.9375,671,1643,True,False,270.392,16,1500,1448,1425,0,50,11644.8125,558,1504,659,2100,6643,6847,6641,6835,10,31,6,07-27-202613:56:38,07-27-202613:57:31
Fiber mps,600,300,4,4,1,1,1,4,16,80,90,0.05,5,20,5,True,False,542.537,16,1500,1448,1448,0,48,10757.875,721,1708,True,True,271.256,16,1500,1448,1425,0,52,11853.6875,598,1512,701,2000,6623,6832,6617,6837,11,29,25,07-27-202614:12:23,07-27-202614:13:14
Fiber mps,600,300,4,4,1,1,1,4,16,80,90,0.05,5,20,5,True,True,542.895,11,1500,1448,1448,0,36,10279.083333333334,975,2157,True,True,271.822,15,1500,1448,1425,0,46,11323.266666666666,644,1825,699,2022,6620,6824,6613,6828,11,30,65,07-27-202614:44:52,07-27-202614:45:32
Fiber mps,600,300,4,4,1,1,1,4,16,80,90,0.05,5,20,5,True,True,542.993,15,1500,1448,1448,0,45,10938.533333333333,721,1760,True,True,271.796,12,1500,1448,1425,0,41,11311.538461538461,724,1926,721,1887,6614,6820,6610,6820,11,28,54,07-27-202614:36:15,07-27-202614:36:56
Fiber mps,600,300,4,4,1,1,1,4,16,80,90,0.05,5,20,5,True,True,543.229,15,1500,1448,1448,0,45,10733.466666666667,771,1812,True,True,270.616,15,1500,1448,1425,0,48,11249.733333333334,685,1745,725,1774,6632,6840,6638,6845,11,26,39,07-27-202614:23:59,07-27-202614:24:42
Fiber mps,600,300,4,4,1,1,1,4,16,80,90,0.05,5,20,5,True,True,542.910,16,1500,1448,1448,0,48,10879.25,730,1603,True,True,272.851,16,1500,1448,1425,0,51,11557.5,596,1635,639,1622,6624,6816,6628,6821,10,24,3,07-27-202613:54:03,07-27-202613:54:50
Fiber mps,600,300,4,4,1,1,1,4,16,80,90,0.05,5,20,5,True,True,542.511,12,1500,1448,1448,0,36,10681.916666666666,789,2002,True,True,273.102,16,1500,1448,1424,1,61,11608.8125,632,1621,679,1825,6623,6825,6622,6830,10,27,97,07-27-202615:10:27,07-27-202615:11:10
Fiber mps,600,300,4,4,1,1,1,4,16,80,90,0.05,5,20,5,True,False,542.771,16,1500,1448,1448,0,48,11079.875,630,1590,True,True,273.696,16,1500,1448,1424,0,52,11677.6875,589,1556,639,1778,6656,6844,6652,6850,10,26,33,07-27-202614:18:58,07-27-202614:19:48
Fiber mps,600,300,4,4,1,1,1,4,16,80,90,0.05,5,20,5,True,True,544.003,13,1500,1448,1448,0,42,10980.285714285714,752,2011,True,True,271.588,16,1500,1448,1424,0,82,11672.125,586,1575,649,1852,6597,6808,6596,6806,10,27,47,07-27-202614:30:37,07-27-202614:31:21
Fiber mps,600,300,4,4,1,1,1,4,16,80,90,0.05,5,20,5,True,True,542.594,16,1500,1448,1448,0,48,10525.1875,757,1706,True,True,271.970,16,1500,1448,1424,1,63,11731.4375,572,1628,614,1674,6634,6834,6637,6837,9,24,96,07-27-202615:09:37,07-27-202615:10:24
Fiber mps,600,300,4,4,1,1,1,4,16,80,90,0.05,5,20,5,True,True,543.199,10,1500,1448,1448,0,33,10900.363636363636,713,2006,True,True,272.215,15,1500,1448,1424,1,49,11548.066666666668,620,1727,669,1897,6629,6824,6627,6822,10,28,72,07-27-202614:50:25,07-27-202614:51:04
Fiber mps,600,300,4,4,1,1,1,4,16,80,90,0.05,5,20,5,True,True,541.928,12,1500,1448,1448,0,39,11102.76923076923,662,1845,True,True,272.555,14,1500,1448,1425,0,51,11394.533333333333,641,1849,653,1854,6622,6832,6621,6836,10,27,16,07-27-202614:05:04,07-27-202614:05:45
Fiber mps,600,300,4,4,1,1,1,4,16,80,90,0.05,5,20,5,True,False,543.845,16,1500,1448,1448,0,48,11023.5625,678,1756,True,False,272.639,16,1500,1448,1424,0,52,11484.3125,629,1392,692,1990,6632,6827,6630,6828,10,29,8,07-27-202613:58:18,07-27-202613:59:11
Fiber mps,600,300,4,4,1,1,1,4,16,80,90,0.05,5,20,5,True,True,542.285,15,1500,1448,1448,1,45,10836.6,770,1878,True,True,271.468,15,1500,1448,1425,1,54,11383.5625,622,1650,661,1765,6643,6840,6640,6810,10,26,14,07-27-202614:03:29,07-27-202614:04:17
Fiber mps,600,300,4,4,1,1,1,4,16,80,90,0.05,5,20,5,True,True,542.661,13,1500,1448,1448,0,42,10644.642857142857,787,1912,True,True,271.969,16,1500,1448,1425,0,50,11656.625,561,1587,618,1790,6622,6820,6623,6827,9,26,82,07-27-202614:58:13,07-27-202614:58:59
Fiber mps,600,300,4,4,1,1,1,4,16,80,90,0.05,5,20,5,True,True,543.276,16,1500,1448,1448,0,48,10918.75,680,1680,True,True,272.012,10,1500,1448,1425,0,37,10700.818181818182,1063,1715,740,1709,6646,6839,6648,6845,11,25,45,07-27-202614:29:06,07-27-202614:29:47
Fiber mps,600,300,4,4,1,1,1,4,16,80,90,0.05,5,20,5,True,True,542.881,15,1500,1448,1448,0,45,10761.4,790,2040,True,True,269.866,16,1500,1448,1424,0,51,11612.75,592,1653,669,1871,6623,6834,6621,6840,10,27,43,07-27-202614:27:26,07-27-202614:28:12
Fiber mps,600,300,4,4,1,1,1,4,16,80,90,0.05,5,20,5,True,True,542.392,14,1500,1448,1448,0,42,10387.92857142857,895,2063,True,False,270.206,16,1500,1448,1424,0,49,11755.875,580,1510,615,1823,6631,6821,6639,6822,9,27,83,07-27-202614:59:02,07-27-202614:59:53
Fiber mps,600,300,4,4,1,1,1,4,16,80,90,0.05,5,20,5,True,True,542.986,12,1500,1448,1448,0,36,10939.5,766,2036,True,True,272.622,16,1500,1448,1425,0,82,11681.25,550,1553,611,1831,6626,6823,6621,6827,9,27,63,07-27-202614:43:15,07-27-202614:43:58
Fiber mps,600,300,4,4,1,1,1,4,16,80,90,0.05,5,20,5,True,True,542.619,15,1500,1448,1448,0,45,10940.266666666666,745,1995,True,True,272.098,12,1500,1448,1424,0,43,11321.538461538461,726,1951,734,1970,6656,6820,6650,6823,11,29,80,07-27-202614:56:41,07-27-202614:57:22
Fiber mps,600,300,4,4,1,1,1,4,16,80,90,0.05,5,20,5,True,True,542.959,16,1500,1448,1448,0,48,10953.5,676,1687,True,True,272.996,11,1500,1448,1425,1,89,11185.916666666666,743,1990,694,1938,6654,6828,6654,6831,10,28,59,07-27-202614:40:10,07-27-202614:40:53
Fiber mps,600,300,4,4,1,1,1,4,16,80,90,0.05,5,20,5,True,True,542.950,13,1500,1448,1448,0,39,10555.615384615385,809,1984,True,True,271.613,15,1500,1448,1424,1,66,11453.866666666667,682,1727,743,1855,6644,6818,6625,6822,11,27,15,07-27-202614:04:20,07-27-202614:05:01
Fiber mps,600,300,4,4,1,1,1,4,16,80,90,0.05,5,20,5,True,True,542.735,13,1500,1448,1448,0,39,10662,850,2056,True,True,272.326,16,1500,1448,1425,0,53,11563.6875,599,1431,659,1916,6642,6817,6640,6808,10,28,71,07-27-202614:49:38,07-27-202614:50:22
Fiber mps,600,300,4,4,1,1,1,4,16,80,90,0.05,5,20,5,True,False,543.248,16,1500,1448,1448,0,48,11086.25,623,1949,True,True,271.042,16,1500,1448,1425,0,53,11516.375,557,1507,595,1829,6642,6819,6642,6822,9,27,42,07-27-202614:26:31,07-27-202614:27:23
Fiber mps,600,300,4,4,1,1,1,4,16,80,90,0.05,5,20,5,True,True,542.019,13,1500,1448,1448,0,42,10518.92857142857,819,1809,True,True,271.936,14,1500,1448,1425,0,46,11313.266666666666,653,1832,741,1833,6623,6814,6625,6796,11,27,51,07-27-202614:33:46,07-27-202614:34:31
Fiber mps,600,300,4,4,1,1,1,4,16,80,90,0.05,5,20,5,True,True,542.539,15,1500,1448,1448,0,48,10656.6875,784,1833,True,True,270.671,16,1500,1448,1424,0,58,11702.8125,633,1517,685,1699,6624,6850,6636,6857,10,25,57,07-27-202614:38:37,07-27-202614:39:23
Fiber mps,600,300,4,4,1,1,1,4,16,80,90,0.05,5,20,5,True,True,542.977,12,1500,1448,1448,0,36,10784.083333333334,789,2055,True,True,272.364,15,1500,1448,1425,1,55,11524.75,588,1731,662,1905,6624,6796,6624,6800,10,28,88,07-27-202615:03:11,07-27-202615:03:52
Fiber mps,600,300,4,4,1,1,1,4,16,80,90,0.05,5,20,5,True,True,542.824,16,1500,1448,1448,0,48,11023.8125,635,1854,True,False,270.347,16,1500,1448,1425,0,50,11619.3125,556,1579,623,1932,6625,6813,6625,6812,9,28,4,07-27-202613:54:54,07-27-202613:55:45
Fiber mps,600,300,4,4,1,1,1,4,16,80,90,0.05,5,20,5,True,True,542.182,14,1500,1448,1448,0,45,10968.2,741,1750,True,False,271.197,16,1500,1448,1424,0,69,11531.375,547,1527,619,1637,6625,6835,6625,6840,9,24,12,07-27-202614:01:42,07-27-202614:02:30
Fiber mps,600,300,4,4,1,1,1,4,16,140,90,0.05,5,20,5,True,True,541.807,16,1500,1448,1448,0,48,10801.75,761,1821,True,True,274.147,16,1500,1448,1424,0,53,11639.9375,562,1651,632,1741,6650,6827,6655,6813,9,26,79,07-27-202617:42:37,07-27-202617:43:27
Fiber mps,600,300,4,4,1,1,1,4,16,140,90,0.05,5,20,5,True,True,541.860,13,1500,1448,1448,0,39,10330.23076923077,951,2153,True,False,270.404,16,1500,1448,1424,1,64,11507.1875,506,1361,606,1929,6644,6843,6641,6848,9,28,50,07-27-202617:18:24,07-27-202617:19:10
Fiber mps,600,300,4,4,1,1,1,4,16,140,90,0.05,5,20,5,True,False,541.770,16,1500,1448,1448,0,48,10846.9375,730,1426,True,True,272.458,16,1500,1448,1425,0,71,11631.0625,426,1522,632,1587,6635,6836,6603,6841,10,23,23,07-27-202616:55:41,07-27-202616:56:33
Fiber mps,600,300,4,4,1,1,1,4,16,140,90,0.05,5,20,5,True,True,542.799,16,1500,1448,1448,0,48,10688.4375,720,1636,True,True,275.134,12,1500,1448,1425,0,42,11104.153846153846,559,1934,637,1857,6661,6841,6648,6844,10,27,68,07-27-202617:33:23,07-27-202617:34:08
Fiber mps,600,300,4,4,1,1,1,4,16,140,90,0.05,5,20,5,True,True,542.042,16,1500,1448,1448,0,48,10785.8125,776,1777,True,False,271.228,16,1500,1448,1425,0,51,11568.25,501,1574,572,1742,6630,6837,6626,6843,9,25,92,07-27-202617:53:22,07-27-202617:54:12
Fiber mps,600,300,4,4,1,1,1,4,16,140,90,0.05,5,20,5,True,True,541.971,11,1500,1448,1448,0,33,11011.272727272728,703,2078,True,True,272.076,15,1500,1448,1424,0,51,11809.875,504,1692,591,1953,6656,6863,6651,6868,9,28,95,07-27-202617:55:53,07-27-202617:56:33
Fiber mps,600,300,4,4,1,1,1,4,16,140,90,0.05,5,20,5,True,True,541.091,16,1500,1448,1448,0,48,11002.75,673,1640,True,True,270.977,15,1500,1448,1425,1,60,11873.4375,565,1663,622,1664,6637,6838,6626,6842,9,24,46,07-27-202617:15:07,07-27-202617:15:55
Fiber mps,600,300,4,4,1,1,1,4,16,140,90,0.05,5,20,5,True,True,541.854,16,1500,1448,1448,0,48,11075.8125,686,1665,True,True,271.238,16,1500,1448,1425,0,57,11604.9375,552,1704,617,1696,6650,6850,6618,6846,9,25,93,07-27-202617:54:15,07-27-202617:55:00
Fiber mps,600,300,4,4,1,1,1,4,16,140,90,0.05,5,20,5,True,False,541.282,16,1500,1448,1448,0,48,10974.4375,638,1755,True,True,272.533,15,1500,1448,1424,1,53,12025.1875,561,1688,610,1722,6657,6849,6660,6848,9,25,17,07-27-202616:50:26,07-27-202616:51:18
Fiber mps,600,300,4,4,1,1,1,4,16,140,90,0.05,5,20,5,True,True,541.953,15,1500,1448,1448,0,45,10634.533333333333,792,1580,True,True,271.020,14,1500,1448,1425,0,57,11400.2,611,1701,684,1656,6639,6840,6618,6844,10,24,29,07-27-202617:00:55,07-27-202617:01:38
Fiber mps,600,300,4,4,1,1,1,4,16,140,90,0.05,5,20,5,True,True,541.991,16,1500,1448,1448,0,48,11005.5,702,1549,True,True,271.748,14,1500,1448,1425,0,69,11663.6,557,1764,640,1708,6647,6835,6615,6837,10,25,20,07-27-202616:53:08,07-27-202616:53:54
Fiber mps,600,300,4,4,1,1,1,4,16,140,90,0.05,5,20,5,True,False,541.975,16,1500,1448,1448,0,48,10845.5625,665,1629,True,True,269.109,16,1500,1448,1425,1,54,11520.3125,567,1416,629,1533,6660,6838,6645,6843,9,22,31,07-27-202617:02:30,07-27-202617:03:22
Fiber mps,600,300,4,4,1,1,1,4,16,140,90,0.05,5,20,5,True,False,541.718,16,1500,1448,1448,0,48,10962.1875,670,1648,True,True,271.251,13,1500,1448,1424,0,45,11226.785714285714,532,1864,671,1883,6646,6834,6619,6835,10,28,84,07-27-202617:46:46,07-27-202617:47:33
Fiber mps,600,300,4,4,1,1,1,4,16,140,90,0.05,5,20,5,True,True,541.707,15,1500,1448,1448,0,45,10590.466666666667,805,1899,True,False,271.596,16,1500,1448,1425,0,52,11683.875,485,1523,528,1725,6620,6839,6610,6839,8,25,13,07-27-202616:47:11,07-27-202616:47:59
Fiber mps,600,300,4,4,1,1,1,4,16,140,90,0.05,5,20,5,True,True,541.682,16,1500,1448,1448,0,48,11356.125,590,1523,True,True,272.542,12,1500,1448,1424,0,43,11451.692307692309,575,1902,583,1824,6633,6860,6596,6869,9,27,62,07-27-202617:28:33,07-27-202617:29:18
Fiber mps,600,300,4,4,1,1,1,4,16,140,90,0.05,5,20,5,True,True,541.868,16,1500,1448,1448,0,48,10851.5625,711,1721,True,True,270.724,16,1500,1448,1424,1,55,11605.875,500,1585,560,1654,6637,6837,6619,6841,8,24,75,07-27-202617:39:19,07-27-202617:40:08
Fiber mps,600,300,4,4,1,1,1,4,16,140,90,0.05,5,20,5,True,True,541.986,11,1500,1448,1448,0,33,10454.363636363636,892,2520,True,True,271.687,13,1500,1448,1425,1,55,11362.142857142857,561,1912,654,2344,6646,6844,6635,6845,10,34,9,07-27-202616:44:00,07-27-202616:44:38
Fiber mps,600,300,4,4,1,1,1,4,16,140,90,0.05,5,20,5,True,False,542.090,16,1500,1448,1448,2,48,11062.625,674,1365,True,True,270.014,16,1500,1448,1424,0,71,11375.25,507,1690,655,1746,6654,6840,6645,6842,10,26,44,07-27-202617:13:24,07-27-202617:14:14
Fiber mps,600,300,4,4,1,1,1,4,16,140,90,0.05,5,20,5,True,True,542.240,16,1500,1448,1448,0,48,11078.6875,664,1735,True,True,270.117,16,1500,1448,1425,0,53,11836.25,518,1539,576,1633,6632,6840,6620,6845,9,24,48,07-27-202617:16:46,07-27-202617:17:36
Fiber mps,600,300,4,4,1,1,1,4,16,140,90,0.05,5,20,5,True,True,541.874,14,1500,1448,1448,1,42,10518.714285714286,863,2136,True,True,272.085,16,1500,1448,1425,1,54,11727.4375,462,1542,563,1906,6662,6830,6643,6834,8,28,99,07-27-202617:59:15,07-27-202618:00:01
Fiber mps,600,300,4,4,1,1,1,4,16,140,90,0.05,5,20,5,True,False,541.911,16,1500,1448,1448,0,48,10794.875,721,1630,True,False,270.199,16,1500,1448,1424,0,57,11562.0625,489,1471,636,1796,6656,6834,6640,6838,10,26,56,07-27-202617:23:24,07-27-202617:24:17
Fiber mps,600,300,4,4,1,1,1,4,16,140,90,0.05,5,20,5,True,True,542.077,14,1500,1448,1448,0,42,10960.857142857143,759,2182,True,True,272.811,15,1500,1448,1425,0,50,11636.375,582,1695,657,2012,6640,6834,6637,6837,10,29,32,07-27-202617:03:25,07-27-202617:04:08
Fiber mps,600,300,4,4,1,1,1,4,16,140,90,0.05,5,20,5,True,True,541.972,13,1500,1448,1448,0,39,10513.384615384615,899,1984,True,True,270.113,16,1500,1448,1424,0,52,11856.75,508,1546,577,1822,6639,6858,6626,6866,9,27,78,07-27-202617:41:48,07-27-202617:42:33
Fiber mps,600,300,4,4,1,1,1,4,16,140,90,0.05,5,20,5,True,True,542.118,10,1500,1448,1448,0,33,10878.818181818182,782,2252,True,True,271.232,16,1500,1448,1425,0,50,11685.625,559,1520,619,2082,6660,6835,6650,6838,9,30,38,07-27-202617:08:19,07-27-202617:09:01
Fiber mps,600,300,4,4,1,1,1,4,16,140,90,0.05,5,20,5,True,True,542.258,16,1500,1448,1448,0,48,10561.5625,764,1882,True,True,271.229,15,1500,1448,1424,1,60,11601.733333333334,512,1676,578,1781,6649,6836,6647,6840,9,26,26,07-27-202616:58:23,07-27-202616:59:10
Fiber mps,600,300,4,4,1,1,1,4,16,140,90,0.05,5,20,5,True,False,542.116,16,1500,1448,1448,0,48,10919.6875,662,1435,True,True,270.912,16,1500,1448,1424,0,68,11562.8125,505,1561,609,1552,6634,6847,6623,6850,9,23,69,07-27-202617:34:12,07-27-202617:35:03
Fiber mps,600,300,4,4,1,1,1,4,16,140,90,0.05,5,20,5,True,True,541.728,16,1500,1448,1448,0,48,11017.3125,674,2068,True,True,272.131,14,1500,1448,1424,0,59,11645.466666666667,561,1723,629,1887,6634,6842,6638,6803,9,28,34,07-27-202617:05:05,07-27-202617:05:51
Fiber mps,600,300,4,4,1,1,1,4,16,140,90,0.05,5,20,5,True,False,541.904,16,1500,1448,1448,0,48,11043.5625,654,1528,True,True,270.260,15,1500,1448,1425,0,55,12061.6875,522,1624,647,1794,6631,6833,6613,6829,10,26,58,07-27-202617:25:08,07-27-202617:25:57
Fiber mps,600,300,4,4,1,1,1,4,16,140,90,0.05,5,20,5,True,True,541.794,12,1500,1448,1448,0,36,11022.166666666666,759,2263,True,True,272.253,16,1500,1448,1424,1,98,11593.8125,531,1590,601,1963,6646,6843,6648,6809,9,29,30,07-27-202617:01:41,07-27-202617:02:27
Fiber mps,600,300,4,4,1,1,1,4,16,140,90,0.05,5,20,5,True,True,542.466,16,1500,1448,1448,1,48,11096.25,698,1728,True,True,271.421,14,1500,1448,1424,0,49,11240.333333333334,571,1820,641,1791,6627,6825,6616,6829,10,26,70,07-27-202617:35:06,07-27-202617:35:50
Fiber mps,600,300,4,4,1,1,1,4,16,140,90,0.05,5,20,5,True,True,542.224,16,1500,1448,1448,0,48,11148.3125,668,1723,True,False,271.861,16,1500,1448,1424,0,54,11996.5625,553,1596,608,1680,6645,6831,6655,6815,9,25,24,07-27-202616:56:37,07-27-202616:57:30
Fiber mps,600,300,4,4,1,1,1,4,16,140,90,0.05,5,20,5,True,True,541.550,15,1500,1448,1448,0,48,10712.9375,777,1766,True,True,270.983,16,1500,1448,1425,0,50,11829.8125,500,1616,596,1692,6654,6833,6644,6834,9,25,52,07-27-202617:20:01,07-27-202617:20:48
Fiber mps,600,300,4,4,1,1,1,4,16,140,90,0.05,5,20,5,True,True,542.102,16,1500,1448,1448,0,48,11001.1875,744,1738,True,True,271.911,11,1500,1448,1425,1,42,11209.545454545454,714,2146,729,2068,6622,6826,6614,6831,11,30,36,07-27-202617:06:44,07-27-202617:07:25
Fiber mps,600,300,4,4,1,1,1,4,16,140,90,0.05,5,20,5,True,False,542.481,16,1500,1448,1448,1,48,11284,592,1803,True,True,271.634,16,1500,1448,1425,0,59,11768.125,522,1563,557,1651,6645,6833,6634,6835,8,24,2,07-27-202616:38:09,07-27-202616:38:59
Fiber mps,600,300,4,4,1,1,1,4,16,140,90,0.05,5,20,5,True,True,542.002,16,1500,1448,1448,1,48,11170.1875,653,1918,True,True,270.869,16,1500,1448,1425,0,51,11678.75,563,1580,610,1762,6606,6825,6566,6828,9,26,5,07-27-202616:40:47,07-27-202616:41:35
Fiber mps,600,300,4,4,1,1,1,4,16,140,90,0.05,5,20,5,True,True,541.495,16,1500,1448,1448,0,48,10730.0625,772,1768,True,True,270.598,16,1500,1448,1424,0,70,11958.5,503,1614,591,1695,6644,6833,6645,6833,9,25,89,07-27-202617:50:52,07-27-202617:51:41
Fiber mps,600,300,4,4,1,1,1,4,16,140,90,0.05,5,20,5,True,True,542.499,14,1500,1448,1448,0,42,10748.642857142857,836,2062,True,True,273.528,13,1500,1448,1425,0,43,11251.076923076924,585,1981,675,2021,6600,6838,6541,6843,10,30,74,07-27-202617:38:36,07-27-202617:39:16
Fiber mps,600,300,4,4,1,1,1,4,16,140,90,0.05,5,20,5,True,False,542.088,16,1500,1448,1448,0,48,10891.375,696,1905,True,True,273.057,10,1500,1448,1424,0,41,11272.818181818182,722,2092,735,2118,6625,6835,6617,6842,11,31,91,07-27-202617:52:35,07-27-202617:53:19
Fiber mps,600,300,4,4,1,1,1,4,16,140,90,0.05,5,20,5,True,True,541.844,14,1500,1448,1448,0,42,11357.357142857143,630,1809,True,True,271.217,16,1500,1448,1425,1,67,11550.625,516,1544,567,1705,6648,6840,6675,6821,8,25,53,07-27-202617:20:52,07-27-202617:21:41
Fiber mps,600,300,4,4,1,1,1,4,16,140,90,0.05,5,20,5,True,True,541.964,16,1500,1448,1448,0,48,10999.875,668,1855,True,True,270.310,16,1500,1448,1425,1,54,11945.25,483,1548,552,1700,6627,6841,6619,6848,8,25,21,07-27-202616:53:58,07-27-202616:54:45
Fiber mps,600,300,4,4,1,1,1,4,16,140,90,0.05,5,20,5,True,True,542.080,16,1500,1448,1448,0,48,10903.875,696,1982,True,True,274.098,13,1500,1448,1425,0,43,11359.153846153846,634,1959,663,1977,6630,6832,6623,6839,10,29,55,07-27-202617:22:37,07-27-202617:23:20
Fiber mps,600,300,4,4,1,1,1,4,16,140,90,0.05,5,20,5,True,False,541.974,16,1500,1448,1448,2,48,11194.0625,626,1460,True,True,272.431,15,1500,1448,1425,2,92,11470.0625,595,1585,645,1618,6668,6847,6680,6823,10,24,27,07-27-202616:59:13,07-27-202617:00:05
Fiber mps,600,300,4,4,1,1,1,4,16,140,90,0.05,5,20,5,True,False,542.379,16,1500,1448,1448,0,48,10953.875,708,1694,True,True,272.216,11,1500,1448,1425,0,38,11185.916666666666,593,2034,666,1965,6620,6823,6618,6827,10,29,77,07-27-202617:41:00,07-27-202617:41:45
Fiber mps,600,300,4,4,1,1,1,4,16,140,90,0.05,5,20,5,True,True,541.430,16,1500,1448,1448,0,48,10734.5,740,1905,True,False,269.604,16,1500,1448,1424,0,51,11811.1875,489,1513,553,1735,6640,6833,6632,6837,8,25,85,07-27-202617:47:36,07-27-202617:48:26
Fiber mps,600,300,4,4,1,1,1,4,16,140,90,0.05,5,20,5,True,True,541.221,16,1500,1448,1448,0,48,10598.625,777,1442,True,True,272.783,14,1500,1448,1425,0,48,11472,534,1753,637,1669,6638,6820,6623,6822,10,24,86,07-27-202617:48:30,07-27-202617:49:17
Fiber mps,600,300,4,4,1,1,1,4,16,140,90,0.05,5,20,5,True,True,542.354,16,1500,1448,1448,0,48,11176.9375,643,1962,True,True,271.977,15,1500,1448,1424,0,60,11788.5,496,1654,581,1804,6643,6831,6642,6833,9,26,18,07-27-202616:51:21,07-27-202616:52:07
Fiber mps,600,300,4,4,1,1,1,4,16,140,90,0.05,5,20,5,True,True,542.015,16,1500,1448,1448,0,48,11209.6875,699,1663,True,True,272.118,15,1500,1448,1424,0,70,11391.9375,579,1666,642,1680,6642,6852,6643,6794,10,25,22,07-27-202616:54:48,07-27-202616:55:38
Fiber mps,600,300,4,4,1,1,1,4,16,140,90,0.05,5,20,5,True,True,542.417,16,1500,1448,1448,0,48,11118.9375,693,1908,True,True,271.049,15,1500,1448,1425,0,51,11915.9375,522,1727,597,1820,6597,6836,6562,6841,9,27,81,07-27-202617:44:23,07-27-202617:45:08
Fiber mps,600,300,4,4,1,1,1,4,16,140,90,0.05,5,20,5,True,True,542.034,11,1500,1448,1448,0,36,10271.916666666666,1095,2327,True,True,271.443,12,1500,1448,1425,0,53,11286.615384615385,611,1988,710,2186,6654,6850,6646,6857,11,32,64,07-27-202617:30:14,07-27-202617:30:52
Fiber mps,600,300,4,4,1,1,1,4,16,140,90,0.05,5,20,5,True,False,542.199,16,1500,1448,1448,0,48,11023.0625,660,1624,True,True,271.375,10,1500,1448,1425,1,39,11151.09090909091,690,2139,687,1996,6658,6830,6651,6834,10,29,7,07-27-202616:42:26,07-27-202616:43:10
Fiber mps,600,300,4,4,1,1,1,4,16,140,90,0.05,5,20,5,True,True,542.046,13,1500,1448,1448,0,42,10710.42857142857,759,1941,True,True,270.990,16,1500,1448,1424,0,68,11694.75,545,1586,602,1790,6643,6838,6637,6844,9,26,76,07-27-202617:40:12,07-27-202617:40:57
Fiber mps,600,300,4,4,1,1,1,4,16,140,90,0.05,5,20,5,True,True,542.197,16,1500,1448,1448,0,48,10811.5,777,1555,True,True,271.239,16,1500,1448,1425,0,54,11495.5,453,1513,532,1540,6629,6843,6593,6844,8,23,98,07-27-202617:58:23,07-27-202617:59:12
Fiber mps,600,300,4,4,1,1,1,4,16,140,90,0.05,5,20,5,True,True,541.954,13,1500,1448,1448,0,39,10697.076923076924,800,1807,False,True,272.494,16,1500,1448,1424,1,75,11532.3125,570,1378,646,1641,6641,6834,6645,6814,10,24,19,07-27-202616:52:10,07-27-202616:53:05
Fiber mps,600,300,4,4,1,1,1,4,16,140,90,0.05,5,20,5,True,True,541.600,14,1500,1448,1448,0,42,10825.285714285714,766,1958,True,True,272.708,16,1500,1448,1425,0,50,11793.125,509,1700,588,1838,6607,6819,6593,6822,9,27,28,07-27-202617:00:08,07-27-202617:00:52
Fiber mps,600,300,4,4,1,1,1,4,16,140,90,0.05,5,20,5,True,True,542.131,16,1500,1448,1448,0,48,10643.5625,854,2100,True,False,269.036,16,1500,1448,1425,0,76,11732.9375,492,1452,543,1756,6653,6859,6656,6866,8,26,67,07-27-202617:32:31,07-27-202617:33:20
Fiber mps,600,300,4,4,1,1,1,4,16,140,90,0.05,5,20,5,True,True,541.585,15,1500,1448,1448,0,45,10588.6,842,1839,True,False,271.179,16,1500,1448,1424,0,49,11636.5,502,1508,557,1779,6620,6823,6573,6810,8,26,61,07-27-202617:27:42,07-27-202617:28:30
Fiber mps,600,300,4,4,1,1,1,4,16,140,90,0.05,5,20,5,True,True,541.865,16,1500,1448,1448,0,48,11043.625,677,1564,True,False,270.418,16,1500,1448,1448,2,97,11759.375,483,1523,552,1701,6619,6842,6593,6848,8,25,1,07-27-202616:37:14,07-27-202616:38:05
Fiber mps,600,300,4,4,1,1,1,4,16,140,90,0.05,5,20,5,True,True,542.151,16,1500,1448,1448,0,48,11018.0625,642,1798,True,True,271.510,12,1500,1448,1424,0,44,11361.153846153846,622,1943,638,1905,6649,6821,6625,6822,10,28,66,07-27-202617:31:45,07-27-202617:32:28
Fiber mps,600,300,4,4,1,1,1,4,16,140,90,0.05,5,20,5,True,False,542.139,16,1500,1448,1448,0,48,11130.5625,584,1821,True,False,270.639,16,1500,1448,1424,1,61,11650.25,535,1385,596,1830,6620,6825,6608,6831,9,27,40,07-27-202617:09:54,07-27-202617:10:47
Fiber mps,600,300,4,4,1,1,1,4,16,140,90,0.05,5,20,5,True,True,542.109,15,1500,1448,1448,0,45,11081.266666666666,747,1875,True,False,271.107,16,1500,1448,1424,0,61,11733.4375,524,1546,585,1956,6638,6816,6644,6802,9,29,73,07-27-202617:37:42,07-27-202617:38:33
Fiber mps,600,300,4,4,1,1,1,4,16,140,90,0.05,5,20,5,True,True,541.548,14,1500,1448,1448,0,42,10573.857142857143,859,1969,True,True,271.751,14,1500,1448,1425,0,67,11337.533333333333,649,1620,730,1820,6629,6825,6613,6829,11,27,49,07-27-202617:17:39,07-27-202617:18:21
Fiber mps,600,300,4,4,1,1,1,4,16,140,90,0.05,5,20,5,True,True,542.198,16,1500,1448,1448,1,48,11065.1875,663,1758,True,True,272.368,15,1500,1448,1424,0,60,11630.625,490,1643,566,1699,6634,6838,6596,6841,9,25,60,07-27-202617:26:52,07-27-202617:27:39
Fiber mps,600,300,4,4,1,1,1,4,16,140,90,0.05,5,20,5,False,True,541.842,16,1500,1448,1448,0,48,11027,635,1644,True,True,273.369,14,1500,1448,1425,1,140,11621,487,1672,587,1680,6639,6848,6637,6854,9,25,41,07-27-202617:10:50,07-27-202617:11:43
Fiber mps,600,300,4,4,1,1,1,4,16,140,90,0.05,5,20,5,True,True,541.602,15,1500,1448,1448,0,45,10421.6,911,1630,True,True,270.353,16,1500,1448,1424,0,65,11673.1875,540,1556,613,1600,6631,6845,6631,6848,9,23,10,07-27-202616:44:41,07-27-202616:45:26
Fiber mps,600,300,4,4,1,1,1,4,16,140,90,0.05,5,20,5,True,True,541.863,16,1500,1448,1448,0,48,11103,668,1494,True,True,271.739,16,1500,1448,1425,1,73,11497.8125,591,1530,626,1523,6644,6830,6633,6835,9,22,37,07-27-202617:07:28,07-27-202617:08:16
Fiber mps,600,300,4,4,1,1,1,4,16,140,90,0.05,5,20,5,True,False,541.889,16,1500,1448,1448,0,48,11226.1875,622,1652,True,True,271.591,16,1500,1448,1425,0,52,11665.3125,507,1647,620,1772,6630,6842,6621,6845,9,26,100,07-27-202618:00:04,07-27-202618:00:54
Fiber mps,600,300,4,4,1,1,1,4,16,140,90,0.05,5,20,5,True,True,541.624,13,1500,1448,1448,0,42,10532.57142857143,817,2034,True,True,271.255,14,1500,1448,1425,0,66,11644.533333333333,539,1844,618,1949,6650,6829,6664,6818,9,29,35,07-27-202617:05:54,07-27-202617:06:40
Fiber mps,600,300,4,4,1,1,1,4,16,140,90,0.05,5,20,5,True,True,541.606,15,1500,1448,1448,0,45,10768.666666666666,763,1796,True,True,271.508,13,1500,1448,1425,0,69,11457.142857142857,661,1785,728,1793,6643,6838,6631,6815,11,26,11,07-27-202616:45:29,07-27-202616:46:11
Fiber mps,600,300,4,4,1,1,1,4,16,140,90,0.05,5,20,5,True,True,542.042,16,1500,1448,1448,0,48,10734.3125,756,2027,True,True,271.666,16,1500,1448,1424,0,63,11640.375,492,1630,564,1844,6628,6852,6615,6857,9,27,94,07-27-202617:55:04,07-27-202617:55:50
Fiber mps,600,300,4,4,1,1,1,4,16,140,90,0.05,5,20,5,True,True,541.471,13,1500,1448,1448,0,39,10993.076923076924,749,1962,True,True,269.725,16,1500,1448,1425,0,52,11489.875,501,1528,581,1808,6625,6863,6584,6869,9,26,87,07-27-202617:49:20,07-27-202617:50:05
Fiber mps,600,300,4,4,1,1,1,4,16,140,90,0.05,5,20,5,True,False,541.957,16,1500,1448,1448,0,48,10998.375,678,1717,True,True,270.706,14,1500,1448,1424,0,51,11569.5,587,1811,657,1791,6631,6840,6608,6846,10,26,90,07-27-202617:51:45,07-27-202617:52:32
Fiber mps,600,300,4,4,1,1,1,4,16,140,90,0.05,5,20,5,True,True,541.414,12,1500,1448,1448,0,36,10660,815,1989,True,True,271.631,16,1500,1448,1425,1,59,11752.125,520,1594,599,1823,6638,6829,6651,6811,9,27,6,07-27-202616:41:39,07-27-202616:42:23
Fiber mps,600,300,4,4,1,1,1,4,16,140,90,0.05,5,20,5,True,True,542.416,16,1500,1448,1448,0,48,10946.4375,685,1967,True,True,272.485,15,1500,1448,1424,0,50,11845.1875,557,1687,609,1844,6637,6837,6637,6839,9,27,25,07-27-202616:57:33,07-27-202616:58:20
Fiber mps,600,300,4,4,1,1,1,4,16,140,90,0.05,5,20,5,True,True,541.850,14,1500,1448,1448,0,42,10994.214285714286,701,1890,True,True,270.155,16,1500,1448,1425,1,69,11595.25,508,1528,584,1762,6656,6843,6651,6849,9,26,65,07-27-202617:30:55,07-27-202617:31:41
Fiber mps,600,300,4,4,1,1,1,4,16,140,90,0.05,5,20,5,True,True,541.949,16,1500,1448,1448,0,48,11086.6875,690,1809,True,False,271.248,16,1500,1448,1424,1,55,11840.875,489,1640,518,1971,6645,6841,6638,6847,8,29,54,07-27-202617:21:44,07-27-202617:22:34
Fiber mps,600,300,4,4,1,1,1,4,16,140,90,0.05,5,20,5,True,False,542.358,16,1500,1448,1448,0,48,10878.8125,707,1936,True,True,272.227,12,1500,1448,1424,1,158,11338.538461538461,544,1919,708,2168,6646,6838,6640,6841,11,32,39,07-27-202617:09:04,07-27-202617:09:50
Fiber mps,600,300,4,4,1,1,1,4,16,140,90,0.05,5,20,5,True,True,541.799,16,1500,1448,1448,0,48,10776.375,737,1799,True,True,270.474,16,1500,1448,1425,0,54,11856.0625,512,1517,584,1653,6632,6831,6599,6834,9,24,3,07-27-202616:39:02,07-27-202616:39:53
Fiber mps,600,300,4,4,1,1,1,4,16,140,90,0.05,5,20,5,True,True,543.758,16,1500,1448,1448,0,48,10943.6875,704,1829,True,True,271.282,16,1500,1448,1425,0,55,11417.5625,597,1453,650,1633,6626,6834,6619,6841,10,24,97,07-27-202617:57:30,07-27-202617:58:19
Fiber mps,600,300,4,4,1,1,1,4,16,140,90,0.05,5,20,5,True,True,541.922,16,1500,1448,1448,0,48,10656.9375,750,1691,True,False,270.805,16,1500,1448,1425,0,56,11568.9375,489,1507,535,1619,6643,6861,6631,6869,8,24,33,07-27-202617:04:11,07-27-202617:05:02
Fiber mps,600,300,4,4,1,1,1,4,16,140,90,0.05,5,20,5,True,True,542.502,16,1500,1448,1448,0,48,10993.75,663,1541,True,True,272.731,13,1500,1448,1425,1,85,11486.23076923077,627,1972,648,1890,6632,6849,6635,6854,10,28,47,07-27-202617:15:59,07-27-202617:16:43
Fiber mps,600,300,4,4,1,1,1,4,16,140,90,0.05,5,20,5,True,False,541.481,16,1500,1448,1448,0,48,10716.0625,734,1875,True,True,270.797,15,1500,1448,1424,0,55,11589.9375,545,1687,702,2136,6638,6826,6654,6796,11,31,96,07-27-202617:56:36,07-27-202617:57:27
Fiber mps,600,300,4,4,1,1,1,4,16,140,90,0.05,5,20,5,True,False,542.385,16,1500,1448,1448,0,48,11097.8125,627,1511,True,False,269.122,16,1500,1448,1425,0,51,11380.8125,452,1486,591,1759,6636,6838,6602,6844,9,26,72,07-27-202617:36:45,07-27-202617:37:39
Fiber mps,600,300,4,4,1,1,1,4,16,140,90,0.05,5,20,5,True,True,542.168,16,1500,1448,1448,0,48,10989.4375,715,2011,True,True,272.644,16,1500,1448,1425,0,74,11657.9375,533,1655,627,1829,6633,6828,6595,6833,10,27,16,07-27-202616:49:37,07-27-202616:50:23
Fiber mps,600,300,4,4,1,1,1,4,16,140,90,0.05,5,20,5,True,True,542.096,12,1500,1448,1448,0,36,10608.833333333334,830,2095,True,True,273.078,16,1500,1448,1425,0,60,11786.6875,561,1578,642,1949,6660,6837,6654,6835,10,29,8,07-27-202616:43:13,07-27-202616:43:56
Fiber mps,600,300,4,4,1,1,1,4,16,140,90,0.05,5,20,5,True,True,542.237,16,1500,1448,1448,0,48,11140.5625,660,1915,True,True,271.848,13,1500,1448,1424,0,44,11375.214285714286,595,1812,635,1865,6654,6853,6641,6858,10,27,14,07-27-202616:48:02,07-27-202616:48:46
Fiber mps,600,300,4,4,1,1,1,4,16,140,90,0.05,5,20,5,True,True,541.508,15,1500,1448,1448,0,45,10791.666666666666,777,2007,True,True,272.612,12,1500,1448,1424,0,44,11525.923076923076,552,1953,661,1980,6633,6844,6617,6848,10,29,82,07-27-202617:45:12,07-27-202617:45:53
Fiber mps,600,300,4,4,1,1,1,4,16,140,90,0.05,5,20,5,True,True,541.893,16,1500,1448,1448,0,48,10747.6875,755,1740,True,True,271.222,15,1500,1448,1424,0,54,11573.8125,537,1746,610,1755,6630,6853,6624,6849,9,26,45,07-27-202617:14:18,07-27-202617:15:04
Fiber mps,600,300,4,4,1,1,1,4,16,140,90,0.05,5,20,5,True,True,542.455,14,1500,1448,1448,0,42,10878.92857142857,730,2087,True,True,270.231,16,1500,1448,1425,0,51,11799.625,555,1571,608,1883,6645,6842,6624,6848,9,27,43,07-27-202617:12:37,07-27-202617:13:21
Fiber mps,600,300,4,4,1,1,1,4,16,140,90,0.05,5,20,5,True,False,542.013,16,1500,1448,1448,0,48,10923.1875,656,1436,True,True,272.189,14,1500,1448,1425,1,58,11450,597,1844,631,1726,6637,6833,6582,6837,10,25,83,07-27-202617:45:56,07-27-202617:46:43
Fiber mps,600,300,4,4,1,1,1,4,16,140,90,0.05,5,20,5,True,True,541.899,15,1500,1448,1448,0,48,11013.5625,698,1753,True,False,271.751,16,1500,1448,1425,0,57,11772.3125,455,1552,554,1920,6636,6828,6629,6829,8,28,63,07-27-202617:29:22,07-27-202617:30:11
Fiber mps,600,300,4,4,1,1,1,4,16,140,90,0.05,5,20,5,True,True,541.601,14,1500,1448,1448,0,42,10699.92857142857,821,1714,True,True,269.571,16,1500,1448,1425,0,62,11880.6875,521,1550,588,1637,6649,6838,6663,6817,9,24,80,07-27-202617:43:30,07-27-202617:44:20
Fiber mps,600,300,4,4,1,1,1,4,16,140,90,0.05,5,20,5,True,True,542.070,16,1500,1448,1448,0,48,10803.1875,752,1814,True,True,272.619,16,1500,1448,1424,1,117,11684.875,547,1619,620,1716,6605,6834,6594,6841,9,25,59,07-27-202617:26:01,07-27-202617:26:49
Fiber mps,600,300,4,4,1,1,1,4,16,140,90,0.05,5,20,5,True,True,542.197,16,1500,1448,1448,0,48,10994.8125,671,1860,True,True,271.575,13,1500,1448,1424,0,45,11237.57142857143,694,1756,679,1815,6645,6839,6628,6843,10,27,15,07-27-202616:48:49,07-27-202616:49:34
Fiber mps,600,300,4,4,1,1,1,4,16,140,90,0.05,5,20,5,True,True,542.201,14,1500,1448,1448,0,42,10396.714285714286,886,2137,True,False,271.732,16,1500,1448,1425,1,95,11641.0625,495,1509,573,1994,6647,6843,6648,6812,9,29,71,07-27-202617:35:53,07-27-202617:36:42
Fiber mps,600,300,4,4,1,1,1,4,16,140,90,0.05,5,20,5,True,True,541.184,15,1500,1448,1448,0,45,11112.6,692,1898,True,True,270.629,16,1500,1448,1425,0,71,11394.4375,568,1279,625,1685,6644,6832,6625,6836,9,25,42,07-27-202617:11:46,07-27-202617:12:33
Fiber mps,600,300,4,4,1,1,1,4,16,140,90,0.05,5,20,5,True,False,541.880,16,1500,1448,1448,0,48,10956,660,1517,True,True,272.234,10,1500,1448,1425,0,38,11185.727272727272,666,2058,703,1974,6658,6831,6651,6829,11,29,51,07-27-202617:19:14,07-27-202617:19:58
Fiber mps,600,300,4,4,1,1,1,4,16,140,90,0.05,5,20,5,True,False,541.924,16,1500,1448,1448,0,48,10571.0625,775,1721,True,True,270.855,11,1500,1448,1425,1,49,11350.583333333334,610,2051,762,2071,6652,6847,6644,6853,11,30,57,07-27-202617:24:20,07-27-202617:25:05
Fiber mps,600,300,4,4,1,1,1,4,16,140,90,0.05,5,20,5,True,True,541.522,13,1500,1448,1448,0,42,10495.07142857143,817,1868,True,True,272.222,14,1500,1448,1424,0,48,11378.666666666666,536,1802,628,1838,6635,6832,6626,6838,9,27,88,07-27-202617:50:08,07-27-202617:50:49
Fiber mps,600,300,4,4,1,1,1,4,16,140,90,0.05,5,20,5,True,True,541.548,16,1500,1448,1448,0,48,10920.6875,749,2099,True,True,271.715,16,1500,1448,1424,0,52,11521.625,506,1543,573,1873,6624,6814,6583,6817,9,27,4,07-27-202616:39:56,07-27-202616:40:44
Fiber mps,600,300,4,4,1,1,1,4,16,140,90,0.05,5,20,5,True,False,542.008,16,1500,1448,1448,0,48,11297.5,589,2010,True,False,270.838,16,1500,1448,1424,0,68,11932.8125,504,1528,558,1795,6653,6846,6641,6853,8,26,12,07-27-202616:46:14,07-27-202616:47:07
Fiber mps,600,300,4,4,1,1,1,4,16,40,90,0.05,5,20,5,True,True,543.068,12,1500,1448,1448,0,39,10506,909,2243,True,True,273.617,16,1500,1448,1425,0,58,11386.9375,688,1489,752,2103,6608,6799,6617,6803,11,31,79,07-27-202612:15:42,07-27-202612:16:25
Fiber mps,600,300,4,4,1,1,1,4,16,40,90,0.05,5,20,5,True,True,543.492,15,1500,1448,1448,0,45,10827.866666666667,731,1968,True,True,271.746,13,1500,1448,1424,0,60,11478.461538461539,720,1922,722,1950,6619,6819,6621,6821,11,29,50,07-27-202611:53:35,07-27-202611:54:16
Fiber mps,600,300,4,4,1,1,1,4,16,40,90,0.05,5,20,5,True,True,543.919,13,1500,1448,1448,0,39,10967.923076923076,735,1875,True,True,273.218,11,1500,1448,1424,0,48,11221.75,810,1990,770,1948,6608,6806,6601,6809,12,29,23,07-27-202611:32:52,07-27-202611:33:30
Fiber mps,600,300,4,4,1,1,1,4,16,40,90,0.05,5,20,5,True,True,543.486,12,1500,1448,1448,1,36,10841.916666666666,723,1969,True,True,272.919,14,1500,1448,1425,0,46,11415.466666666667,781,1631,742,1845,6598,6819,6591,6823,11,27,68,07-27-202612:07:44,07-27-202612:08:24
Fiber mps,600,300,4,4,1,1,1,4,16,40,90,0.05,5,20,5,True,False,543.814,16,1500,1448,1448,1,48,10610.25,737,1850,True,True,271.741,15,1500,1448,1425,0,48,11769,646,1681,683,1770,6615,6832,6612,6836,10,26,92,07-27-202612:25:27,07-27-202612:26:16
Fiber mps,600,300,4,4,1,1,1,4,16,40,90,0.05,5,20,5,True,False,543.535,16,1500,1448,1448,1,48,10971.1875,653,1490,True,True,272.167,14,1500,1448,1425,1,79,11421.466666666667,668,1746,658,1645,6572,6812,6571,6818,10,24,95,07-27-202612:27:49,07-27-202612:28:37
Fiber mps,600,300,4,4,1,1,1,4,16,40,90,0.05,5,20,5,True,True,543.890,12,1500,1448,1448,0,36,10531.5,811,1845,True,True,272.115,12,1500,1448,1425,0,47,11268.538461538461,734,1947,768,1913,6624,6816,6620,6821,12,28,46,07-27-202611:50:43,07-27-202611:51:22
Fiber mps,600,300,4,4,1,1,1,4,16,40,90,0.05,5,20,5,True,True,543.475,10,1500,1448,1448,0,33,11085.727272727272,754,2281,True,True,271.033,15,1500,1448,1448,3,102,12016.875,605,1374,651,2088,6644,6807,6641,6807,10,31,93,07-27-202612:26:20,07-27-202612:27:00
Fiber mps,600,300,4,4,1,1,1,4,16,40,90,0.05,5,20,5,True,True,543.653,13,1500,1448,1448,0,39,10529.923076923076,807,1826,True,False,270.573,16,1500,1448,1424,1,81,11648.0625,628,1429,685,1698,6638,6827,6644,6831,10,25,17,07-27-202611:27:55,07-27-202611:28:41
Fiber mps,600,300,4,4,1,1,1,4,16,40,90,0.05,5,20,5,True,True,543.496,16,1500,1448,1448,0,48,11032.875,708,1913,True,True,273.759,15,1500,1448,1424,1,141,11479.4,647,1817,664,1858,6623,6815,6623,6819,10,27,29,07-27-202611:37:21,07-27-202611:38:07
Fiber mps,600,300,4,4,1,1,1,4,16,40,90,0.05,5,20,5,True,True,543.131,14,1500,1448,1448,0,45,10954.933333333332,714,1891,True,True,273.495,16,1500,1448,1425,0,48,11654.5625,599,1719,660,1794,6629,6823,6627,6829,10,26,20,07-27-202611:30:22,07-27-202611:31:07
Fiber mps,600,300,4,4,1,1,1,4,16,40,90,0.05,5,20,5,True,True,543.094,12,1500,1448,1448,0,39,10518.153846153846,868,2087,True,True,271.219,16,1500,1448,1425,0,50,11651.9375,632,1581,688,1908,6611,6806,6612,6810,10,28,31,07-27-202611:38:50,07-27-202611:39:34
Fiber mps,600,300,4,4,1,1,1,4,16,40,90,0.05,5,20,5,True,True,543.097,14,1500,1448,1448,0,45,10705.2,888,1902,True,True,273.873,13,1500,1448,1425,0,51,11509.214285714286,688,1838,736,1866,6629,6808,6620,6811,11,27,84,07-27-202612:19:16,07-27-202612:19:58
Fiber mps,600,300,4,4,1,1,1,4,16,40,90,0.05,5,20,5,True,True,543.204,16,1500,1448,1448,0,48,10683.1875,743,1633,True,True,271.990,16,1500,1448,1424,0,48,11652.25,592,1549,621,1600,6616,6814,6621,6819,9,23,13,07-27-202611:24:47,07-27-202611:25:35
Fiber mps,600,300,4,4,1,1,1,4,16,40,90,0.05,5,20,5,True,True,543.482,12,1500,1448,1448,0,36,10423.833333333334,905,2359,True,True,273.703,14,1500,1448,1425,0,53,11553.666666666666,658,1772,719,2188,6615,6825,6614,6829,11,32,62,07-27-202612:03:08,07-27-202612:03:48
Fiber mps,600,300,4,4,1,1,1,4,16,40,90,0.05,5,20,5,True,True,544.004,15,1500,1448,1448,0,45,10325.533333333333,916,2156,True,True,272.199,11,1500,1448,1424,0,37,11333.416666666666,841,1999,866,2083,6601,6798,6593,6803,13,31,75,07-27-202612:12:50,07-27-202612:13:30
Fiber mps,600,300,4,4,1,1,1,4,16,40,90,0.05,5,20,5,True,True,543.710,12,1500,1448,1448,0,36,10731.833333333334,778,1962,True,True,273.098,15,1500,1448,1425,1,64,11575.5625,654,1695,714,1830,6631,6832,6633,6834,11,27,9,07-27-202611:21:47,07-27-202611:22:28
Fiber mps,600,300,4,4,1,1,1,4,16,40,90,0.05,5,20,5,True,True,543.358,12,1500,1448,1448,0,36,10958.5,711,1807,True,True,272.707,15,1500,1448,1425,0,48,11276.9375,681,1614,694,1721,6639,6811,6619,6811,10,25,44,07-27-202611:49:07,07-27-202611:49:48
Fiber mps,600,300,4,4,1,1,1,4,16,40,90,0.05,5,20,5,True,True,543.410,12,1500,1448,1448,0,36,10578.333333333334,880,2055,True,True,272.500,10,1500,1448,1425,0,49,11268.272727272728,830,2132,866,2105,6605,6809,6614,6812,13,31,48,07-27-202611:52:11,07-27-202611:52:47
Fiber mps,600,300,4,4,1,1,1,4,16,40,90,0.05,5,20,5,True,True,543.388,15,1500,1448,1448,2,48,11327.1875,593,1897,True,True,272.594,12,1500,1448,1424,1,77,11090.75,922,1888,643,1915,6603,6853,6600,6858,10,28,99,07-27-202612:31:17,07-27-202612:31:58
Fiber mps,600,300,4,4,1,1,1,4,16,40,90,0.05,5,20,5,True,False,543.450,16,1500,1448,1448,0,48,10887.6875,642,1470,True,True,272.798,14,1500,1448,1425,0,46,11620,697,1724,665,1635,6599,6850,6599,6855,10,24,56,07-27-202611:58:21,07-27-202611:59:09
Fiber mps,600,300,4,4,1,1,1,4,16,40,90,0.05,5,20,5,True,True,543.785,11,1500,1448,1448,0,36,10257.5,960,2091,True,True,273.577,14,1500,1448,1425,0,64,11571.8,670,1709,723,1926,6646,6818,6624,6818,11,28,32,07-27-202611:39:38,07-27-202611:40:18
Fiber mps,600,300,4,4,1,1,1,4,16,40,90,0.05,5,20,5,True,True,543.499,12,1500,1448,1448,0,36,10825.916666666666,799,2328,True,True,273.987,13,1500,1448,1424,0,49,11473.5,729,1878,785,2115,6623,6822,6638,6827,12,31,78,07-27-202612:15:00,07-27-202612:15:39
Fiber mps,600,300,4,4,1,1,1,4,16,40,90,0.05,5,20,5,True,True,543.285,14,1500,1448,1448,0,42,10484.92857142857,804,2013,True,True,271.792,11,1500,1448,1425,0,34,11122.181818181818,816,2134,813,2095,6620,6804,6622,6806,12,31,38,07-27-202611:44:21,07-27-202611:44:59
Fiber mps,600,300,4,4,1,1,1,4,16,40,90,0.05,5,20,5,True,True,544.165,16,1500,1448,1448,0,48,10903.5,670,1720,True,True,271.868,16,1500,1448,1425,0,75,11535.1875,679,1656,675,1728,6660,6805,6652,6810,10,25,26,07-27-202611:35:03,07-27-202611:35:49
Fiber mps,600,300,4,4,1,1,1,4,16,40,90,0.05,5,20,5,True,True,543.684,16,1500,1448,1448,0,48,11029.625,671,1832,True,True,272.760,12,1500,1448,1424,0,40,11246.461538461539,809,1947,695,1925,6609,6820,6628,6824,10,28,69,07-27-202612:08:27,07-27-202612:09:10
Fiber mps,600,300,4,4,1,1,1,4,16,40,90,0.05,5,20,5,True,True,543.605,14,1500,1448,1448,0,42,10430.5,871,1917,True,True,271.035,15,1500,1448,1424,0,49,11519.6875,638,1632,690,1756,6576,6791,6578,6796,10,26,34,07-27-202611:41:06,07-27-202611:41:49
Fiber mps,600,300,4,4,1,1,1,4,16,40,90,0.05,5,20,5,True,True,543.488,11,1500,1448,1448,0,36,10259.083333333334,991,2267,True,True,271.928,16,1500,1448,1424,0,50,11577.25,632,1536,687,2159,6599,6818,6594,6822,10,32,58,07-27-202612:00:01,07-27-202612:00:45
Fiber mps,600,300,4,4,1,1,1,4,16,40,90,0.05,5,20,5,True,True,544.700,12,1500,1448,1448,0,36,10988.333333333334,754,1903,True,True,273.064,11,1500,1448,1424,0,36,11246.25,762,2036,760,1984,6591,6791,6587,6793,12,29,30,07-27-202611:38:10,07-27-202611:38:47
Fiber mps,600,300,4,4,1,1,1,4,16,40,90,0.05,5,20,5,True,True,543.520,14,1500,1448,1448,0,42,10787.142857142857,765,1943,True,True,271.952,16,1500,1448,1424,0,59,11831.25,618,1594,646,1775,6635,6829,6624,6832,10,26,70,07-27-202612:09:13,07-27-202612:09:59
Fiber mps,600,300,4,4,1,1,1,4,16,40,90,0.05,5,20,5,True,True,543.842,16,1500,1448,1448,0,48,10712.8125,769,2166,True,True,273.717,10,1500,1448,1425,0,40,10838.454545454546,1099,1830,841,1994,6597,6838,6595,6843,13,29,24,07-27-202611:33:33,07-27-202611:34:13
Fiber mps,600,300,4,4,1,1,1,4,16,40,90,0.05,5,20,5,True,True,543.294,13,1500,1448,1448,0,42,10715.142857142857,815,1692,True,True,273.223,14,1500,1448,1424,0,71,11467.6,668,1635,728,1663,6634,6810,6649,6813,11,24,52,07-27-202611:55:06,07-27-202611:55:48
Fiber mps,600,300,4,4,1,1,1,4,16,40,90,0.05,5,20,5,True,True,543.599,16,1500,1448,1448,0,48,11118.25,587,2014,True,True,270.862,16,1500,1448,1424,0,51,11656,622,1647,610,1838,6644,6822,6648,6823,9,27,36,07-27-202611:42:48,07-27-202611:43:35
Fiber mps,600,300,4,4,1,1,1,4,16,40,90,0.05,5,20,5,True,False,543.477,16,1500,1448,1448,0,48,10647.0625,714,1232,True,True,273.052,12,1500,1448,1425,0,42,11400.307692307691,729,1922,725,1826,6615,6804,6619,6804,11,27,2,07-27-202611:16:24,07-27-202611:17:10
Fiber mps,600,300,4,4,1,1,1,4,16,40,90,0.05,5,20,5,True,True,543.402,15,1500,1448,1448,0,45,10603.266666666666,792,1836,True,True,271.854,14,1500,1448,1424,0,47,11543.333333333334,713,1734,767,1780,6616,6817,6613,6824,12,26,5,07-27-202611:18:41,07-27-202611:19:24
Fiber mps,600,300,4,4,1,1,1,4,16,40,90,0.05,5,20,5,True,True,542.925,12,1500,1448,1448,0,36,10589.25,790,2042,True,True,273.226,12,1500,1448,1424,0,47,11406.615384615385,699,1953,751,1988,6614,6837,6614,6844,11,29,89,07-27-202612:23:21,07-27-202612:23:59
Fiber mps,600,300,4,4,1,1,1,4,16,40,90,0.05,5,20,5,True,True,543.734,11,1500,1448,1448,0,36,10634.833333333334,864,2645,True,True,273.986,11,1500,1448,1424,0,38,11241.75,816,2058,828,2423,6634,6836,6632,6844,12,35,74,07-27-202612:12:10,07-27-202612:12:47
Fiber mps,600,300,4,4,1,1,1,4,16,40,90,0.05,5,20,5,True,True,543.212,11,1500,1448,1448,0,36,10735.5,736,1840,True,True,271.927,16,1500,1448,1425,0,49,11503.5,637,1650,681,1754,6630,6807,6628,6802,10,26,91,07-27-202612:24:42,07-27-202612:25:24
Fiber mps,600,300,4,4,1,1,1,4,16,40,90,0.05,5,20,5,True,True,543.663,16,1500,1448,1448,0,48,10666.3125,788,1783,True,True,271.628,15,1500,1448,1424,0,72,11490.875,650,1642,705,1731,6625,6824,6611,6825,11,25,53,07-27-202611:55:51,07-27-202611:56:37
Fiber mps,600,300,4,4,1,1,1,4,16,40,90,0.05,5,20,5,True,True,543.302,15,1500,1448,1448,0,45,10864.666666666666,742,1801,True,False,272.178,16,1500,1448,1424,1,48,11756.125,605,1478,682,1902,6610,6826,6605,6828,10,28,21,07-27-202611:31:10,07-27-202611:31:58
Fiber mps,600,300,4,4,1,1,1,4,16,40,90,0.05,5,20,5,True,True,543.605,15,1500,1448,1448,0,48,11198,658,1949,True,True,272.105,16,1500,1448,1424,1,120,11456.5,649,1552,656,1759,6623,6836,6612,6843,10,26,55,07-27-202611:57:32,07-27-202611:58:18
Fiber mps,600,300,4,4,1,1,1,4,16,40,90,0.05,5,20,5,True,True,544.091,15,1500,1448,1448,0,48,10996,707,1765,True,True,273.654,11,1500,1448,1425,0,36,11519.666666666666,779,1951,723,1905,6587,6807,6584,6812,11,28,27,07-27-202611:35:53,07-27-202611:36:34
Fiber mps,600,300,4,4,1,1,1,4,16,40,90,0.05,5,20,5,True,True,542.616,12,1500,1448,1448,0,39,10565.307692307691,836,1967,True,True,272.472,16,1500,1448,1425,0,52,11756.125,615,1549,673,1736,6634,6836,6637,6840,10,25,77,07-27-202612:14:14,07-27-202612:14:57
Fiber mps,600,300,4,4,1,1,1,4,16,40,90,0.05,5,20,5,True,True,543.373,15,1500,1448,1448,0,45,10730.4,740,1820,True,False,271.735,16,1500,1448,1425,0,59,11429.6875,601,1544,649,1681,6604,6801,6623,6805,10,25,85,07-27-202612:20:01,07-27-202612:20:49
Fiber mps,600,300,4,4,1,1,1,4,16,40,90,0.05,5,20,5,True,True,543.396,13,1500,1448,1448,0,39,10698.538461538461,778,2496,False,True,272.366,16,1500,1448,1425,0,53,11647.125,580,1562,608,2200,6632,6847,6636,6853,9,32,86,07-27-202612:20:52,07-27-202612:21:43
Fiber mps,600,300,4,4,1,1,1,4,16,40,90,0.05,5,20,5,True,True,543.302,12,1500,1448,1448,0,36,10952.416666666666,732,1718,True,True,271.898,16,1500,1448,1424,0,50,11758.0625,617,1649,656,1683,6589,6813,6589,6817,10,25,18,07-27-202611:28:45,07-27-202611:29:28
Fiber mps,600,300,4,4,1,1,1,4,16,40,90,0.05,5,20,5,True,True,543.549,16,1500,1448,1448,0,48,10635.75,756,1760,True,True,273.667,15,1500,1448,1425,0,78,11503.0625,689,1658,708,1705,6606,6795,6604,6799,11,25,22,07-27-202611:32:01,07-27-202611:32:48
Fiber mps,600,300,4,4,1,1,1,4,16,40,90,0.05,5,20,5,True,True,543.427,12,1500,1448,1448,0,36,11039.916666666666,774,2004,True,True,273.420,11,1500,1448,1425,0,38,11346.25,793,2031,781,2012,6646,6836,6648,6840,12,29,81,07-27-202612:17:09,07-27-202612:17:46
Fiber mps,600,300,4,4,1,1,1,4,16,40,90,0.05,5,20,5,True,True,543.305,15,1500,1448,1448,0,48,10504.5,854,1814,True,True,272.211,15,1500,1448,1424,0,54,11499.875,677,1685,720,1746,6608,6802,6619,6806,11,26,64,07-27-202612:04:38,07-27-202612:05:23
Fiber mps,600,300,4,4,1,1,1,4,16,40,90,0.05,5,20,5,True,True,543.844,12,1500,1448,1448,0,36,10914,718,2217,True,False,272.095,16,1500,1448,1424,0,48,11618.5625,682,1386,695,2115,6613,6835,6632,6839,10,31,7,07-27-202611:20:13,07-27-202611:20:59
Fiber mps,600,300,4,4,1,1,1,4,16,40,90,0.05,5,20,5,True,True,544.435,12,1500,1448,1448,0,36,10901.5,826,2387,True,True,274.283,12,1500,1448,1424,0,39,11407.538461538461,748,1846,785,2186,6630,6831,6625,6834,12,32,76,07-27-202612:13:33,07-27-202612:14:11
Fiber mps,600,300,4,4,1,1,1,4,16,40,90,0.05,5,20,5,True,True,543.104,15,1500,1448,1448,1,45,10042.733333333334,1102,1908,False,True,272.819,16,1500,1448,1424,2,90,11549.4375,580,1565,632,1780,6597,6806,6596,6813,10,26,98,07-27-202612:30:21,07-27-202612:31:14
Fiber mps,600,300,4,4,1,1,1,4,16,40,90,0.05,5,20,5,True,False,543.614,16,1500,1448,1448,0,48,10728.875,+Inf,NaN,True,True,272.775,14,1500,1448,1425,0,52,11540.2,670,1785,675,1790,6612,6808,6612,6812,10,26,19,07-27-202611:29:31,07-27-202611:30:19
Fiber mps,600,300,4,4,1,1,1,4,16,40,90,0.05,5,20,5,True,True,542.727,16,1500,1448,1448,0,48,11018.8125,648,1597,True,True,272.750,10,1500,1448,1424,0,46,11144.09090909091,839,2075,674,1972,6606,6827,6625,6832,10,29,28,07-27-202611:36:37,07-27-202611:37:18
Fiber mps,600,300,4,4,1,1,1,4,16,40,90,0.05,5,20,5,True,True,543.300,11,1500,1448,1448,0,36,10488.75,884,2369,True,True,273.020,16,1500,1448,1425,0,48,11404.6875,650,1768,714,2112,6587,6816,6572,6802,11,31,67,07-27-202612:07:00,07-27-202612:07:41
Fiber mps,600,300,4,4,1,1,1,4,16,40,90,0.05,5,20,5,True,True,543.828,16,1500,1448,1448,0,48,10701.1875,660,1648,True,True,269.505,16,1500,1448,1424,0,49,11365.5625,706,1318,682,1513,6615,6825,6623,6828,10,22,61,07-27-202612:02:15,07-27-202612:03:04
Fiber mps,600,300,4,4,1,1,1,4,16,40,90,0.05,5,20,5,True,True,544.044,12,1500,1448,1448,0,39,11057.846153846154,697,1833,True,False,270.362,16,1500,1448,1424,1,67,11601.4375,+Inf,NaN,691,1782,6623,6824,6618,6830,10,26,1,07-27-202611:15:34,07-27-202611:16:20
Fiber mps,600,300,4,4,1,1,1,4,16,40,90,0.05,5,20,5,True,True,543.856,16,1500,1448,1448,0,48,11024.5,674,1890,True,True,272.319,13,1500,1448,1425,0,59,11417,717,1837,693,1859,6637,6814,6640,6814,10,27,66,07-27-202612:06:13,07-27-202612:06:57
Fiber mps,600,300,4,4,1,1,1,4,16,40,90,0.05,5,20,5,True,True,543.543,16,1500,1448,1448,0,48,10742.6875,756,1973,True,True,271.984,16,1500,1448,1425,0,49,11695.1875,594,1571,637,1802,6632,6811,6643,6814,10,26,40,07-27-202611:45:56,07-27-202611:46:45
Fiber mps,600,300,4,4,1,1,1,4,16,40,90,0.05,5,20,5,True,True,544.988,12,1500,1448,1448,0,39,10480,840,1961,True,True,271.987,11,1500,1448,1425,1,98,11362.25,767,1987,798,1986,6575,6830,6570,6830,12,29,73,07-27-202612:11:29,07-27-202612:12:07
Fiber mps,600,300,4,4,1,1,1,4,16,40,90,0.05,5,20,5,True,True,543.403,13,1500,1448,1448,0,39,10673.76923076923,750,2257,True,True,271.959,14,1500,1448,1424,0,45,11586.466666666667,659,1748,709,2019,6585,6818,6582,6822,11,30,49,07-27-202611:52:50,07-27-202611:53:31
Fiber mps,600,300,4,4,1,1,1,4,16,40,90,0.05,5,20,5,True,True,543.331,12,1500,1448,1448,0,36,10372.583333333334,962,2424,True,True,272.091,16,1500,1448,1424,0,68,11695.4375,636,1706,707,2251,6618,6807,6626,6812,11,33,60,07-27-202612:01:31,07-27-202612:02:12
Fiber mps,600,300,4,4,1,1,1,4,16,40,90,0.05,5,20,5,True,True,543.673,15,1500,1448,1448,0,48,10788.1875,746,1790,True,True,271.858,16,1500,1448,1424,0,48,11636.875,651,1572,680,1676,6620,6836,6620,6827,10,25,41,07-27-202611:46:48,07-27-202611:47:34
Fiber mps,600,300,4,4,1,1,1,4,16,40,90,0.05,5,20,5,True,True,543.775,13,1500,1448,1448,0,39,10681.307692307691,784,2209,True,True,273.328,14,1500,1448,1424,0,48,11321.666666666666,683,1816,719,2053,6607,6804,6602,6807,11,30,10,07-27-202611:22:31,07-27-202611:23:12
Fiber mps,600,300,4,4,1,1,1,4,16,40,90,0.05,5,20,5,True,True,542.891,13,1500,1448,1448,0,39,10750.384615384615,783,1999,True,True,271.863,14,1500,1448,1424,0,51,11324.285714285714,734,1863,760,1919,6626,6799,6628,6802,11,28,37,07-27-202611:43:38,07-27-202611:44:18
Fiber mps,600,300,4,4,1,1,1,4,16,40,90,0.05,5,20,5,True,False,544.629,16,1500,1448,1448,0,48,10999.125,682,1624,True,True,272.554,13,1500,1448,1424,0,43,11425.57142857143,718,1835,707,1692,6568,6791,6577,6784,11,25,100,07-27-202612:32:02,07-27-202612:32:49
Fiber mps,600,300,4,4,1,1,1,4,16,40,90,0.05,5,20,5,True,True,543.537,16,1500,1448,1448,0,48,11254.6875,638,1623,True,False,272.101,16,1500,1448,1424,0,50,11321.1875,697,1196,692,1738,6624,6818,6622,6823,10,25,35,07-27-202611:41:53,07-27-202611:42:45
Fiber mps,600,300,4,4,1,1,1,4,16,40,90,0.05,5,20,5,True,True,544.061,12,1500,1448,1448,0,36,10164,1058,2202,True,True,273.338,12,1500,1448,1425,0,39,11351.923076923076,730,1967,788,2090,6619,6794,6620,6798,12,31,11,07-27-202611:23:16,07-27-202611:23:54
Fiber mps,600,300,4,4,1,1,1,4,16,40,90,0.05,5,20,5,True,True,543.551,12,1500,1448,1448,0,36,10786.75,810,2121,True,True,272.462,16,1500,1448,1425,0,60,11648.8125,606,1578,648,1996,6601,6811,6596,6814,10,29,94,07-27-202612:27:03,07-27-202612:27:46
Fiber mps,600,300,4,4,1,1,1,4,16,40,90,0.05,5,20,5,True,True,543.677,14,1500,1448,1448,0,42,10760.357142857143,827,2442,True,False,272.332,16,1500,1448,1424,0,50,11818.125,607,1570,647,2057,6624,6830,6624,6831,10,30,87,07-27-202612:21:46,07-27-202612:22:33
Fiber mps,600,300,4,4,1,1,1,4,16,40,90,0.05,5,20,5,True,True,543.478,12,1500,1448,1448,0,36,10672.916666666666,742,2120,True,True,273.590,11,1500,1448,1425,2,40,11230.25,790,2020,774,2072,6612,6822,6624,6825,12,30,90,07-27-202612:24:02,07-27-202612:24:39
Fiber mps,600,300,4,4,1,1,1,4,16,40,90,0.05,5,20,5,True,True,543.366,11,1500,1448,1448,0,36,10581.5,774,2328,True,True,271.962,16,1500,1448,1424,0,48,11739.25,611,1602,662,2056,6603,6832,6597,6838,10,30,6,07-27-202611:19:27,07-27-202611:20:10
Fiber mps,600,300,4,4,1,1,1,4,16,40,90,0.05,5,20,5,True,True,543.633,16,1500,1448,1448,0,48,11042,720,1831,True,True,273.246,14,1500,1448,1424,0,46,11647.866666666667,659,1765,706,1792,6565,6820,6562,6823,11,26,25,07-27-202611:34:16,07-27-202611:35:00
Fiber mps,600,300,4,4,1,1,1,4,16,40,90,0.05,5,20,5,True,True,543.660,16,1500,1448,1448,0,48,11098.0625,649,1790,True,True,273.187,14,1500,1448,1425,0,53,11668.133333333333,670,1712,655,1741,6646,6818,6646,6822,10,26,65,07-27-202612:05:26,07-27-202612:06:10
Fiber mps,600,300,4,4,1,1,1,4,16,40,90,0.05,5,20,5,True,True,543.300,15,1500,1448,1448,0,48,10925.25,553,1557,True,False,271.981,16,1500,1448,1425,0,51,11624.375,620,1529,599,1547,6653,6814,6652,6816,9,23,54,07-27-202611:56:40,07-27-202611:57:29
Fiber mps,600,300,4,4,1,1,1,4,16,40,90,0.05,5,20,5,True,True,543.429,11,1500,1448,1448,0,36,10500,824,2245,False,True,271.190,16,1500,1448,1424,3,119,11411.5,677,1406,714,2030,6624,6802,6629,6807,11,30,39,07-27-202611:45:02,07-27-202611:45:52
Fiber mps,600,300,4,4,1,1,1,4,16,40,90,0.05,5,20,5,True,True,543.830,11,1500,1448,1448,0,36,10978.583333333334,756,2521,True,True,271.944,11,1500,1448,1425,0,37,11238.25,797,2000,771,2246,6619,6803,6617,6805,12,33,3,07-27-202611:17:13,07-27-202611:17:50
Fiber mps,600,300,4,4,1,1,1,4,16,40,90,0.05,5,20,5,True,True,543.210,16,1500,1448,1448,2,48,10971.4375,663,1918,True,True,271.569,16,1500,1448,1424,1,54,11774.125,585,1572,617,1729,6626,6822,6631,6824,9,25,97,07-27-202612:29:27,07-27-202612:30:18
Fiber mps,600,300,4,4,1,1,1,4,16,40,90,0.05,5,20,5,True,True,543.414,15,1500,1448,1448,0,48,11086.9375,645,1724,True,True,273.201,13,1500,1448,1424,0,45,11327.846153846154,764,1910,684,1857,6639,6844,6632,6848,10,27,33,07-27-202611:40:21,07-27-202611:41:03
Fiber mps,600,300,4,4,1,1,1,4,16,40,90,0.05,5,20,5,True,True,543.786,16,1500,1448,1448,0,48,10721.875,739,1611,True,True,271.760,12,1500,1448,1424,0,47,11407.461538461539,769,1973,755,1904,6600,6827,6614,6832,11,28,47,07-27-202611:51:25,07-27-202611:52:08
Fiber mps,600,300,4,4,1,1,1,4,16,40,90,0.05,5,20,5,True,True,543.329,16,1500,1448,1448,1,48,11213.5,639,1886,True,True,272.870,10,1500,1448,1424,0,74,11090.90909090909,801,2178,680,2101,6623,6802,6608,6806,10,31,96,07-27-202612:28:41,07-27-202612:29:24
Fiber mps,600,300,4,4,1,1,1,4,16,40,90,0.05,5,20,5,True,True,543.360,16,1500,1448,1448,0,48,11034.5,683,1787,True,True,273.862,10,1500,1448,1424,0,56,11191.727272727272,841,2164,716,2114,6652,6836,6648,6841,11,31,72,07-27-202612:10:43,07-27-202612:11:25
Fiber mps,600,300,4,4,1,1,1,4,16,40,90,0.05,5,20,5,True,True,543.597,15,1500,1448,1448,0,48,10769.4375,727,1979,True,True,271.952,16,1500,1448,1424,0,64,11829.4375,630,1576,679,1764,6616,6794,6619,6798,10,26,16,07-27-202611:27:05,07-27-202611:27:52
Fiber mps,600,300,4,4,1,1,1,4,16,40,90,0.05,5,20,5,True,True,543.504,14,1500,1448,1448,0,45,11206.133333333333,658,1957,True,True,274.008,14,1500,1448,1424,0,45,11362.07142857143,681,1834,671,1888,6631,6819,6628,6824,10,28,8,07-27-202611:21:02,07-27-202611:21:44
Fiber mps,600,300,4,4,1,1,1,4,16,40,90,0.05,5,20,5,True,True,543.668,16,1500,1448,1448,0,48,10955.5625,685,1698,True,True,273.347,13,1500,1448,1425,0,50,11333.23076923077,749,1967,708,1926,6615,6780,6620,6772,11,28,14,07-27-202611:25:38,07-27-202611:26:21
Fiber mps,600,300,4,4,1,1,1,4,16,40,90,0.05,5,20,5,True,True,543.563,14,1500,1448,1448,0,45,10467.866666666667,837,2059,True,True,272.366,14,1500,1448,1425,0,74,11172.333333333334,904,1462,869,1753,6628,6834,6628,6842,13,26,82,07-27-202612:17:49,07-27-202612:18:32
Fiber mps,600,300,4,4,1,1,1,4,16,40,90,0.05,5,20,5,True,True,543.907,16,1500,1448,1448,1,48,10890,701,1794,True,True,272.397,16,1500,1448,1424,1,124,11702.625,595,1501,647,1682,6635,6807,6622,6809,10,25,45,07-27-202611:49:51,07-27-202611:50:40
Fiber mps,600,300,4,4,1,1,1,4,16,40,90,0.05,5,20,5,True,True,543.265,13,1500,1448,1448,0,39,10580.384615384615,785,2050,True,True,272.407,16,1500,1448,1424,0,70,11573.125,665,1412,706,1872,6583,6799,6574,6804,11,28,43,07-27-202611:48:20,07-27-202611:49:04
Fiber mps,600,300,4,4,1,1,1,4,16,40,90,0.05,5,20,5,True,True,545.489,11,1500,1448,1448,0,36,10744,756,2097,True,True,273.373,12,1500,1448,1425,0,43,11337.25,787,1978,770,2042,6610,6828,6611,6832,12,30,83,07-27-202612:18:35,07-27-202612:19:12
Fiber mps,600,300,4,4,1,1,1,4,16,40,90,0.05,5,20,5,True,True,543.399,16,1500,1448,1448,0,48,10599.8125,771,1555,True,True,273.408,13,1500,1448,1424,0,45,11314.846153846154,709,1914,744,1860,6614,6814,6616,6817,11,27,63,07-27-202612:03:51,07-27-202612:04:35
Fiber mps,600,300,4,4,1,1,1,4,16,40,90,0.05,5,20,5,True,True,543.617,12,1500,1448,1448,0,36,10972.416666666666,691,2432,True,True,272.429,11,1500,1448,1424,0,36,11006.25,952,1909,754,2180,6627,6819,6627,6815,11,32,80,07-27-202612:16:29,07-27-202612:17:06
Fiber mps,600,300,4,4,1,1,1,4,16,40,90,0.05,5,20,5,True,True,543.411,16,1500,1448,1448,0,48,11185.5,634,1749,True,True,273.611,10,1500,1448,1425,0,35,10803.181818181818,1058,1921,677,1884,6649,6818,6631,6820,10,28,59,07-27-202612:00:48,07-27-202612:01:28
Fiber mps,600,300,4,4,1,1,1,4,16,40,90,0.05,5,20,5,True,True,543.733,12,1500,1448,1448,1,36,10993.583333333334,722,1964,True,True,272.211,12,1500,1448,1425,0,52,11336.846153846154,759,1884,734,1922,6591,6815,6607,6820,11,28,15,07-27-202611:26:24,07-27-202611:27:02
Fiber mps,600,300,4,4,1,1,1,4,16,40,90,0.05,5,20,5,True,True,543.375,11,1500,1448,1448,0,36,10739.416666666666,801,2224,True,True,272.483,13,1500,1448,1425,0,41,11302.615384615385,760,1910,789,2106,6586,6834,6586,6839,12,31,71,07-27-202612:10:02,07-27-202612:10:40
Fiber mps,600,300,4,4,1,1,1,4,16,40,90,0.05,5,20,5,True,True,543.447,12,1500,1448,1448,0,36,10396.833333333334,934,2270,True,True,272.749,14,1500,1448,1425,0,66,11359.266666666666,746,1719,792,2151,6614,6822,6626,6830,12,31,42,07-27-202611:47:37,07-27-202611:48:17
Fiber mps,600,300,4,4,1,1,1,4,16,40,90,0.05,5,20,5,True,True,543.633,16,1500,1448,1448,0,48,10919.375,721,1793,True,True,273.538,14,1500,1448,1425,0,51,11514.666666666666,677,1705,698,1748,6609,6841,6623,6847,11,26,51,07-27-202611:54:19,07-27-202611:55:03
Fiber mps,600,300,4,4,1,1,1,4,16,40,90,0.05,5,20,5,True,True,543.145,15,1500,1448,1448,0,45,10690.533333333333,783,2011,True,True,271.826,16,1500,1448,1425,1,62,11485.875,643,1668,672,1840,6625,6842,6609,6809,10,27,57,07-27-202611:59:13,07-27-202611:59:58
Fiber mps,600,300,4,4,1,1,1,4,16,40,90,0.05,5,20,5,True,True,543.044,15,1500,1448,1448,0,48,10907.625,744,2059,True,True,273.545,11,1500,1448,1424,0,37,11337.583333333334,765,2047,760,2047,6604,6808,6604,6807,12,30,88,07-27-202612:22:37,07-27-202612:23:18
Fiber mps,600,300,4,4,1,1,1,4,16,40,90,0.05,5,20,5,True,True,542.882,15,1500,1448,1448,0,48,11131.625,659,1791,True,True,272.323,15,1500,1448,1424,0,49,11841.9375,633,1689,651,1731,6633,6827,6632,6834,10,25,4,07-27-202611:17:53,07-27-202611:18:38
Fiber mps,600,300,4,4,1,1,1,4,16,40,90,0.05,5,20,5,True,True,543.206,16,1500,1448,1448,0,48,10932,698,1863,True,True,273.636,16,1500,1448,1424,0,50,11558.625,618,1691,654,1761,6599,6805,6595,6806,10,26,12,07-27-202611:23:57,07-27-202611:24:44
Fiber mps,600,300,4,4,1,1,1,4,16,120,90,0.05,5,20,5,True,False,541.965,16,1500,1448,1448,0,48,11003.875,640,1594,True,True,274.207,11,1500,1448,1425,0,36,10816.818181818182,971,1928,691,1864,6485,6777,6503,6783,11,27,79,07-27-202616:18:46,07-27-202616:19:30
Fiber mps,600,300,4,4,1,1,1,4,16,120,90,0.05,5,20,5,True,True,542.436,13,1500,1448,1448,0,39,10804.538461538461,795,1991,True,False,269.693,16,1500,1448,1424,0,49,11824.75,565,1511,617,1989,6497,6808,6495,6816,9,29,50,07-27-202615:54:17,07-27-202615:55:03
Fiber mps,600,300,4,4,1,1,1,4,16,120,90,0.05,5,20,5,True,True,542.358,12,1500,1448,1448,0,39,10242.461538461539,1049,1708,True,True,270.712,16,1500,1448,1424,0,55,11576.8125,543,1651,613,1689,6467,6806,6467,6799,9,25,23,07-27-202615:31:22,07-27-202615:32:05
Fiber mps,600,300,4,4,1,1,1,4,16,120,90,0.05,5,20,5,True,True,542.434,16,1500,1448,1448,0,48,10654.9375,778,1854,True,True,271.605,14,1500,1448,1425,0,52,11313.066666666668,741,1514,771,1695,6468,6780,6472,6779,12,25,68,07-27-202616:09:50,07-27-202616:10:34
Fiber mps,600,300,4,4,1,1,1,4,16,120,90,0.05,5,20,5,True,False,542.436,16,1500,1448,1448,0,48,11007.1875,660,1733,True,False,270.690,16,1500,1448,1424,0,52,11650.9375,535,1519,656,1872,6494,6802,6514,6798,10,28,92,07-27-202616:29:49,07-27-202616:30:42
Fiber mps,600,300,4,4,1,1,1,4,16,120,90,0.05,5,20,5,True,True,542.487,12,1500,1448,1448,0,36,10879.25,793,2017,True,False,271.020,16,1500,1448,1425,1,55,11849.875,542,1534,601,1798,6517,6789,6533,6794,9,26,95,07-27-202616:32:21,07-27-202616:33:06
Fiber mps,600,300,4,4,1,1,1,4,16,120,90,0.05,5,20,5,True,True,542.354,16,1500,1448,1448,0,48,10943.9375,780,1747,True,True,270.321,16,1500,1448,1424,0,54,11738.625,496,1596,565,1675,6483,6785,6499,6785,9,25,46,07-27-202615:50:57,07-27-202615:51:44
Fiber mps,600,300,4,4,1,1,1,4,16,120,90,0.05,5,20,5,True,True,542.815,15,1500,1448,1448,0,45,11022.933333333332,732,2021,True,True,270.368,12,1500,1448,1425,0,46,11450.692307692309,583,1825,676,1920,6480,6788,6510,6793,10,28,93,07-27-202616:30:45,07-27-202616:31:26
Fiber mps,600,300,4,4,1,1,1,4,16,120,90,0.05,5,20,5,True,True,542.410,13,1500,1448,1448,0,39,10696.538461538461,851,2284,True,True,271.125,13,1500,1448,1425,0,49,11409.714285714286,547,1844,625,2077,6480,6792,6481,6797,10,31,17,07-27-202615:26:35,07-27-202615:27:15
Fiber mps,600,300,4,4,1,1,1,4,16,120,90,0.05,5,20,5,True,False,542.392,16,1500,1448,1448,0,48,10998.375,690,1585,True,True,272.921,13,1500,1448,1425,6,51,11249.214285714286,633,1806,700,1944,6492,6800,6495,6807,11,29,29,07-27-202615:36:39,07-27-202615:37:26
Fiber mps,600,300,4,4,1,1,1,4,16,120,90,0.05,5,20,5,True,True,541.988,15,1500,1448,1448,1,45,11038.6,669,1961,True,True,270.388,16,1500,1448,1424,1,57,11748.75,519,1564,577,1805,6473,6777,6460,6782,9,27,20,07-27-202615:28:54,07-27-202615:29:41
Fiber mps,600,300,4,4,1,1,1,4,16,120,90,0.05,5,20,5,True,True,542.009,15,1500,1448,1448,0,45,10640.4,808,1933,True,True,272.136,14,1500,1448,1425,0,61,11469,623,1825,703,1881,6475,6796,6475,6800,11,28,31,07-27-202615:38:22,07-27-202615:39:04
Fiber mps,600,300,4,4,1,1,1,4,16,120,90,0.05,5,20,5,True,True,542.435,16,1500,1448,1448,0,48,11046.375,694,1747,True,True,272.387,11,1500,1448,1424,0,45,11210.5,626,1970,672,1926,6477,6791,6500,6790,10,28,84,07-27-202616:23:05,07-27-202616:23:49
Fiber mps,600,300,4,4,1,1,1,4,16,120,90,0.05,5,20,5,True,True,542.371,16,1500,1448,1448,0,48,11027.4375,625,1677,True,True,272.301,16,1500,1448,1425,0,65,11619.6875,571,1619,609,1650,6492,6777,6527,6778,9,24,13,07-27-202615:23:15,07-27-202615:24:04
Fiber mps,600,300,4,4,1,1,1,4,16,120,90,0.05,5,20,5,True,True,541.848,16,1500,1448,1448,0,48,10671.5625,762,1662,False,True,269.332,16,1500,1448,1425,0,52,11670.25,553,1529,615,1599,6484,6776,6517,6774,9,24,62,07-27-202616:04:44,07-27-202616:05:40
Fiber mps,600,300,4,4,1,1,1,4,16,120,90,0.05,5,20,5,True,True,542.547,14,1500,1448,1448,0,42,10408.142857142857,880,2085,True,True,272.330,16,1500,1448,1424,0,58,12085.25,502,1897,576,2004,6486,6791,6485,6773,9,30,75,07-27-202616:15:31,07-27-202616:16:17
Fiber mps,600,300,4,4,1,1,1,4,16,120,90,0.05,5,20,5,True,True,542.848,11,1500,1448,1448,0,36,10385,886,2236,True,True,271.994,10,1500,1448,1425,0,34,11316.90909090909,716,2091,819,2162,6475,6785,6482,6790,13,32,9,07-27-202615:20:16,07-27-202615:20:52
Fiber mps,600,300,4,4,1,1,1,4,16,120,90,0.05,5,20,5,True,True,541.998,13,1500,1448,1448,0,42,10602.57142857143,824,1957,True,False,272.353,16,1500,1448,1424,0,55,11712.4375,539,1490,612,1804,6503,6783,6505,6787,9,27,44,07-27-202615:49:13,07-27-202615:50:00
Fiber mps,600,300,4,4,1,1,1,4,16,120,90,0.05,5,20,5,True,True,542.078,14,1500,1448,1448,1,45,10848.466666666667,748,1793,True,True,271.429,16,1500,1448,1425,1,106,11656.1875,564,1519,611,1660,6499,6798,6480,6803,9,24,48,07-27-202615:52:42,07-27-202615:53:28
Fiber mps,600,300,4,4,1,1,1,4,16,120,90,0.05,5,20,5,True,False,542.466,16,1500,1448,1448,0,48,11032.5,642,1867,True,True,268.836,16,1500,1448,1425,0,62,11427.375,610,1439,649,1993,6475,6782,6485,6783,10,29,99,07-27-202616:35:32,07-27-202616:36:25
Fiber mps,600,300,4,4,1,1,1,4,16,120,90,0.05,5,20,5,True,False,542.662,16,1500,1448,1448,0,48,10557.125,805,1718,True,True,270.484,16,1500,1448,1425,0,53,11758.375,552,1558,680,1764,6477,6797,6469,6802,11,26,56,07-27-202615:59:26,07-27-202616:00:17
Fiber mps,600,300,4,4,1,1,1,4,16,120,90,0.05,5,20,5,True,True,542.262,12,1500,1448,1448,0,36,10685.75,769,2119,True,True,272.146,14,1500,1448,1425,0,54,11587.4,569,1823,646,1990,6474,6783,6452,6788,10,29,32,07-27-202615:39:07,07-27-202615:39:47
Fiber mps,600,300,4,4,1,1,1,4,16,120,90,0.05,5,20,5,True,True,542.586,16,1500,1448,1448,0,48,10987.4375,756,1592,True,True,271.603,16,1500,1448,1425,0,53,11905.5,567,1574,622,1590,6491,6803,6479,6796,10,23,78,07-27-202616:17:54,07-27-202616:18:43
Fiber mps,600,300,4,4,1,1,1,4,16,120,90,0.05,5,20,5,True,True,542.082,12,1500,1448,1448,0,39,10642.923076923076,783,1944,True,True,271.335,11,1500,1448,1425,0,50,11515.5,658,2066,737,2032,6454,6797,6456,6794,11,30,38,07-27-202615:44:23,07-27-202615:45:01
Fiber mps,600,300,4,4,1,1,1,4,16,120,90,0.05,5,20,5,True,True,542.033,14,1500,1448,1448,1,42,10724,761,2218,False,True,271.199,16,1500,1448,1424,0,52,11563.0625,522,1550,582,2044,6455,6763,6467,6762,9,30,26,07-27-202615:33:47,07-27-202615:34:39
Fiber mps,600,300,4,4,1,1,1,4,16,120,90,0.05,5,20,5,True,True,542.240,16,1500,1448,1448,0,48,11006.6875,702,1769,True,True,271.758,16,1500,1448,1425,0,59,11560.4375,504,1586,571,1674,6495,6798,6500,6801,9,25,69,07-27-202616:10:37,07-27-202616:11:27
Fiber mps,600,300,4,4,1,1,1,4,16,120,90,0.05,5,20,5,True,True,542.299,16,1500,1448,1448,0,48,11085.4375,685,1787,True,True,271.935,16,1500,1448,1425,1,93,11809.125,535,1565,598,1670,6486,6785,6485,6790,9,25,34,07-27-202615:40:44,07-27-202615:41:34
Fiber mps,600,300,4,4,1,1,1,4,16,120,90,0.05,5,20,5,True,True,542.213,14,1500,1448,1448,0,42,10791.214285714286,789,2030,True,True,272.294,16,1500,1448,1424,6,60,11607.4375,555,1520,616,1834,6487,6789,6500,6791,9,27,58,07-27-202616:01:07,07-27-202616:01:53
Fiber mps,600,300,4,4,1,1,1,4,16,120,90,0.05,5,20,5,True,True,541.929,16,1500,1448,1448,0,48,10705.375,732,1711,True,True,272.125,16,1500,1448,1425,0,51,11643.875,496,1585,584,1653,6469,6788,6469,6794,9,24,30,07-27-202615:37:29,07-27-202615:38:18
Fiber mps,600,300,4,4,1,1,1,4,16,120,90,0.05,5,20,5,True,True,542.697,16,1500,1448,1448,0,48,10714.75,720,1742,True,True,270.724,12,1500,1448,1424,0,41,11401.166666666666,683,2036,703,1965,6456,6793,6445,6794,11,29,70,07-27-202616:11:31,07-27-202616:12:14
Fiber mps,600,300,4,4,1,1,1,4,16,120,90,0.05,5,20,5,True,True,541.997,14,1500,1448,1448,1,42,10757.857142857143,799,1868,True,True,272.203,16,1500,1448,1424,0,61,11673.625,547,1556,623,1730,6472,6784,6492,6790,10,25,24,07-27-202615:32:08,07-27-202615:32:54
Fiber mps,600,300,4,4,1,1,1,4,16,120,90,0.05,5,20,5,True,True,541.668,13,1500,1448,1448,0,39,10573.461538461539,891,1893,True,True,268.862,16,1500,1448,1425,0,53,11325.875,611,1308,687,1692,6479,6771,6476,6775,11,25,52,07-27-202615:56:00,07-27-202615:56:45
Fiber mps,600,300,4,4,1,1,1,4,16,120,90,0.05,5,20,5,True,False,542.097,16,1500,1448,1448,0,48,11167.25,585,1716,True,False,270.517,16,1500,1448,1424,0,56,11691.3125,523,1520,591,1793,6498,6800,6513,6793,9,26,36,07-27-202615:42:27,07-27-202615:43:23
Fiber mps,600,300,4,4,1,1,1,4,16,120,90,0.05,5,20,5,True,True,542.399,13,1500,1448,1448,0,39,10360,929,2233,True,False,269.844,16,1500,1448,1424,0,51,11689.625,552,1598,589,1900,6458,6799,6472,6805,9,28,2,07-27-202615:14:35,07-27-202615:15:21
Fiber mps,600,300,4,4,1,1,1,4,16,120,90,0.05,5,20,5,True,True,542.308,16,1500,1448,1448,0,48,10876.9375,737,1702,True,False,271.699,16,1500,1448,1424,0,63,11679.375,562,1562,614,1635,6463,6787,6470,6791,9,24,5,07-27-202615:17:03,07-27-202615:17:53
Fiber mps,600,300,4,4,1,1,1,4,16,120,90,0.05,5,20,5,True,False,543.398,16,1500,1448,1448,0,48,11196.875,621,1709,True,False,271.695,16,1500,1448,1425,0,56,11979.0625,534,1551,617,1828,6466,6783,6472,6784,10,27,89,07-27-202616:27:05,07-27-202616:27:58
Fiber mps,600,300,4,4,1,1,1,4,16,120,90,0.05,5,20,5,True,True,542.423,15,1500,1448,1448,0,48,11138.75,747,1696,True,True,270.349,16,1500,1448,1424,0,49,11596.0625,580,1595,639,1646,6508,6792,6516,6799,10,24,74,07-27-202616:14:42,07-27-202616:15:28
Fiber mps,600,300,4,4,1,1,1,4,16,120,90,0.05,5,20,5,True,False,542.231,16,1500,1448,1448,0,48,10852.8125,688,1651,True,False,273.629,16,1500,1448,1425,0,50,11745.875,569,1529,601,1651,6480,6780,6472,6783,9,24,91,07-27-202616:28:52,07-27-202616:29:45
Fiber mps,600,300,4,4,1,1,1,4,16,120,90,0.05,5,20,5,True,True,543.781,16,1500,1448,1448,0,48,10676.4375,797,1732,True,False,270.004,16,1500,1448,1424,0,50,11516.5,531,1565,614,1942,6527,6799,6526,6802,9,29,53,07-27-202615:56:48,07-27-202615:57:38
Fiber mps,600,300,4,4,1,1,1,4,16,120,90,0.05,5,20,5,True,True,542.361,16,1500,1448,1448,0,48,10999.6875,627,1673,True,True,272.926,12,1500,1448,1424,0,44,11391.76923076923,631,1964,629,1883,6500,6773,6500,6774,10,28,21,07-27-202615:29:44,07-27-202615:30:28
Fiber mps,600,300,4,4,1,1,1,4,16,120,90,0.05,5,20,5,True,True,542.220,15,1500,1448,1448,0,45,10624.666666666666,876,1919,True,True,270.227,16,1500,1448,1424,0,54,11629,509,1558,586,1759,6488,6800,6493,6807,9,26,55,07-27-202615:58:37,07-27-202615:59:23
Fiber mps,600,300,4,4,1,1,1,4,16,120,90,0.05,5,20,5,True,True,542.367,16,1500,1448,1448,0,48,10831.375,707,1736,False,True,269.518,16,1500,1448,1424,0,54,11580.8125,549,1511,602,1622,6534,6787,6490,6793,9,24,27,07-27-202615:34:42,07-27-202615:35:37
Fiber mps,600,300,4,4,1,1,1,4,16,120,90,0.05,5,20,5,True,True,542.585,11,1500,1448,1448,0,36,9913.916666666666,1241,2060,True,True,271.899,13,1500,1448,1424,0,49,11309.642857142857,602,1851,671,1981,6508,6781,6502,6786,10,29,77,07-27-202616:17:11,07-27-202616:17:50
Fiber mps,600,300,4,4,1,1,1,4,16,120,90,0.05,5,20,5,True,True,541.988,16,1500,1448,1448,0,48,10675.75,768,1815,True,True,269.847,16,1500,1448,1425,0,62,11759.6875,534,1540,607,1671,6482,6798,6475,6800,9,25,85,07-27-202616:23:52,07-27-202616:24:38
Fiber mps,600,300,4,4,1,1,1,4,16,120,90,0.05,5,20,5,True,True,542.414,14,1500,1448,1448,0,42,10917.785714285714,765,2225,True,True,272.588,12,1500,1448,1425,0,75,11313.23076923077,657,1966,708,2095,6474,6798,6474,6803,11,31,86,07-27-202616:24:41,07-27-202616:25:21
Fiber mps,600,300,4,4,1,1,1,4,16,120,90,0.05,5,20,5,True,True,540.878,16,1500,1448,1448,0,48,10783.5625,767,1663,True,True,271.324,13,1500,1448,1424,0,55,11220.57142857143,636,1909,709,1838,6468,6777,6470,6782,11,27,18,07-27-202615:27:18,07-27-202615:28:01
Fiber mps,600,300,4,4,1,1,1,4,16,120,90,0.05,5,20,5,True,False,542.524,16,1500,1448,1448,0,48,10938.9375,716,1567,True,True,273.270,13,1500,1448,1424,0,52,11547.214285714286,584,1863,723,1863,6486,6804,6502,6811,11,27,22,07-27-202615:30:31,07-27-202615:31:18
Fiber mps,600,300,4,4,1,1,1,4,16,120,90,0.05,5,20,5,True,True,542.776,12,1500,1448,1448,0,36,10606.583333333334,813,2186,True,True,271.835,16,1500,1448,1424,0,52,11406.5625,628,1243,697,2004,6501,6809,6540,6804,11,29,81,07-27-202616:20:28,07-27-202616:21:15
Fiber mps,600,300,4,4,1,1,1,4,16,120,90,0.05,5,20,5,True,True,541.976,12,1500,1448,1448,0,36,10490.833333333334,881,2069,True,True,272.592,16,1500,1448,1425,2,58,11459.75,490,1419,592,1837,6504,6779,6515,6780,9,27,64,07-27-202616:06:33,07-27-202616:07:17
Fiber mps,600,300,4,4,1,1,1,4,16,120,90,0.05,5,20,5,True,True,542.179,16,1500,1448,1448,0,48,10494.125,848,1787,True,True,272.363,12,1500,1448,1425,0,43,11372.692307692309,622,1881,702,1868,6485,6793,6483,6800,11,27,7,07-27-202615:18:42,07-27-202615:19:26
Fiber mps,600,300,4,4,1,1,1,4,16,120,90,0.05,5,20,5,True,True,542.124,15,1500,1448,1448,0,45,10896.933333333332,741,2022,True,False,271.967,16,1500,1448,1424,0,55,11662.4375,538,1578,598,1939,6512,6792,6537,6797,9,29,76,07-27-202616:16:20,07-27-202616:17:08
Fiber mps,600,300,4,4,1,1,1,4,16,120,90,0.05,5,20,5,True,True,542.116,12,1500,1448,1448,0,36,10342.25,945,2169,True,True,271.250,16,1500,1448,1425,0,51,11661.375,558,1620,624,2021,6473,6790,6483,6791,10,30,98,07-27-202616:34:47,07-27-202616:35:29
Fiber mps,600,300,4,4,1,1,1,4,16,120,90,0.05,5,20,5,True,True,541.958,16,1500,1448,1448,0,48,11022.1875,671,1733,True,True,270.980,14,1500,1448,1424,1,52,11509.466666666667,609,1707,641,1726,6471,6797,6471,6804,10,25,19,07-27-202615:28:04,07-27-202615:28:50
Fiber mps,600,300,4,4,1,1,1,4,16,120,90,0.05,5,20,5,False,True,542.292,16,1500,1448,1448,1,48,10998.125,675,1532,True,True,272.059,16,1500,1448,1425,1,59,11596.125,551,1628,599,1609,6463,6792,6467,6796,9,24,28,07-27-202615:35:41,07-27-202615:36:36
Fiber mps,600,300,4,4,1,1,1,4,16,120,90,0.05,5,20,5,True,True,541.952,14,1500,1448,1448,0,42,10815,808,2071,True,True,271.256,16,1500,1448,1425,0,52,11688,544,1562,603,1841,6470,6782,6473,6768,9,27,67,07-27-202616:09:01,07-27-202616:09:47
Fiber mps,600,300,4,4,1,1,1,4,16,120,90,0.05,5,20,5,False,True,542.227,16,1500,1448,1448,0,48,10930.4375,659,1822,True,True,270.591,16,1500,1448,1425,0,73,11753.875,572,1535,620,1670,6488,6771,6506,6776,10,25,61,07-27-202616:03:44,07-27-202616:04:41
Fiber mps,600,300,4,4,1,1,1,4,16,120,90,0.05,5,20,5,True,False,542.609,16,1500,1448,1448,0,48,10897.8125,706,1603,True,True,269.750,16,1500,1448,1425,1,57,11882.0625,591,1552,681,1667,6494,6783,6490,6789,10,25,1,07-27-202615:13:42,07-27-202615:14:32
Fiber mps,600,300,4,4,1,1,1,4,16,120,90,0.05,5,20,5,True,False,542.115,16,1500,1448,1448,0,48,11044.8125,636,1627,True,True,273.274,11,1500,1448,1425,0,46,11410,664,2018,674,1914,6504,6774,6522,6767,10,28,66,07-27-202616:08:08,07-27-202616:08:58
Fiber mps,600,300,4,4,1,1,1,4,16,120,90,0.05,5,20,5,True,True,542.178,11,1500,1448,1448,0,36,10810.833333333334,779,2085,True,True,271.149,15,1500,1448,1425,1,85,11522.4,597,1752,687,1932,6496,6795,6533,6799,11,28,40,07-27-202615:45:51,07-27-202615:46:31
Fiber mps,600,300,4,4,1,1,1,4,16,120,90,0.05,5,20,5,True,True,542.143,16,1500,1448,1448,0,48,11005.8125,733,1952,True,False,270.301,16,1500,1448,1425,0,61,11788.1875,522,1531,604,1782,6528,6789,6528,6790,9,26,73,07-27-202616:13:49,07-27-202616:14:38
Fiber mps,600,300,4,4,1,1,1,4,16,120,90,0.05,5,20,5,True,True,542.318,16,1500,1448,1448,0,48,10839.25,707,1710,True,True,272.603,12,1500,1448,1425,0,41,11062.923076923076,701,2026,707,1941,6468,6801,6468,6805,11,29,49,07-27-202615:53:32,07-27-202615:54:14
Fiber mps,600,300,4,4,1,1,1,4,16,120,90,0.05,5,20,5,True,True,542.239,16,1500,1448,1448,0,48,11136.5,642,1762,True,True,270.816,16,1500,1448,1424,0,51,11869.75,573,1648,611,1704,6459,6793,6459,6781,9,25,60,07-27-202616:02:53,07-27-202616:03:41
Fiber mps,600,300,4,4,1,1,1,4,16,120,90,0.05,5,20,5,True,True,541.760,16,1500,1448,1448,0,48,10743.0625,721,1718,True,True,271.357,16,1500,1448,1425,0,49,11631.1875,524,1574,581,1646,6476,6793,6475,6793,9,24,41,07-27-202615:46:34,07-27-202615:47:25
Fiber mps,600,300,4,4,1,1,1,4,16,120,90,0.05,5,20,5,True,True,542.230,16,1500,1448,1448,0,48,10356.5,875,1662,True,True,272.569,13,1500,1448,1425,0,51,11379.42857142857,606,1810,683,1803,6496,6797,6503,6800,10,27,10,07-27-202615:20:55,07-27-202615:21:39
Fiber mps,600,300,4,4,1,1,1,4,16,120,90,0.05,5,20,5,True,False,542.347,16,1500,1448,1448,0,48,10929.3125,720,1707,True,False,270.752,16,1500,1448,1425,0,52,11744.1875,483,1545,609,1898,6505,6790,6513,6796,9,28,37,07-27-202615:43:26,07-27-202615:44:20
Fiber mps,600,300,4,4,1,1,1,4,16,120,90,0.05,5,20,5,True,True,542.091,13,1500,1448,1448,0,39,10797.307692307691,738,1931,True,True,270.062,16,1500,1448,1425,0,55,11367.25,602,1488,668,1766,6530,6805,6533,6806,10,26,100,07-27-202616:36:28,07-27-202616:37:11
Fiber mps,600,300,4,4,1,1,1,4,16,120,90,0.05,5,20,5,True,True,541.864,15,1500,1448,1448,0,45,10814.8,728,1980,True,True,269.617,16,1500,1448,1425,0,57,11628.75,545,1501,604,1778,6516,6788,6516,6792,9,26,35,07-27-202615:41:37,07-27-202615:42:24
Fiber mps,600,300,4,4,1,1,1,4,16,120,90,0.05,5,20,5,True,True,542.170,16,1500,1448,1448,1,48,10752.0625,738,1655,True,True,271.743,16,1500,1448,1424,0,54,11757.875,527,1632,604,1651,6505,6783,6481,6771,9,24,11,07-27-202615:21:43,07-27-202615:22:31
Fiber mps,600,300,4,4,1,1,1,4,16,120,90,0.05,5,20,5,True,True,544.222,16,1500,1448,1448,0,48,10817,702,1698,True,True,270.997,16,1500,1448,1424,3,55,11756.3125,501,1534,580,1617,6478,6785,6488,6782,9,24,94,07-27-202616:31:29,07-27-202616:32:18
Fiber mps,600,300,4,4,1,1,1,4,16,120,90,0.05,5,20,5,True,True,541.970,14,1500,1448,1448,0,42,10977.714285714286,715,1944,True,True,271.890,14,1500,1448,1425,0,44,11558.857142857143,609,1833,665,1885,6462,6811,6462,6819,10,28,87,07-27-202616:25:24,07-27-202616:26:05
Fiber mps,600,300,4,4,1,1,1,4,16,120,90,0.05,5,20,5,True,True,542.500,16,1500,1448,1448,0,48,10949.3125,659,1591,True,True,272.923,16,1500,1448,1425,1,61,11795.6875,539,1562,588,1581,6455,6773,6459,6778,9,23,90,07-27-202616:28:01,07-27-202616:28:49
Fiber mps,600,300,4,4,1,1,1,4,16,120,90,0.05,5,20,5,True,True,541.741,14,1500,1448,1448,0,42,10664.214285714286,869,2050,True,True,274.491,14,1500,1448,1425,0,59,11517.266666666666,590,1730,687,1892,6519,6784,6547,6777,10,28,6,07-27-202615:17:57,07-27-202615:18:39
Fiber mps,600,300,4,4,1,1,1,4,16,120,90,0.05,5,20,5,True,True,542.632,16,1500,1448,1448,0,48,11023.6875,669,1822,True,True,270.466,16,1500,1448,1425,3,113,11862.75,529,1572,594,1690,6492,6789,6501,6794,9,25,25,07-27-202615:32:57,07-27-202615:33:44
Fiber mps,600,300,4,4,1,1,1,4,16,120,90,0.05,5,20,5,True,True,542.174,16,1500,1448,1448,0,48,10747.4375,702,1560,True,True,273.258,12,1500,1448,1424,0,64,11350.666666666666,658,1995,690,1914,6577,6790,6578,6795,10,28,65,07-27-202616:07:20,07-27-202616:08:04
Fiber mps,600,300,4,4,1,1,1,4,16,120,90,0.05,5,20,5,True,True,542.408,16,1500,1448,1448,1,48,11073.5,633,1684,True,False,271.122,16,1500,1448,1424,0,74,11466.125,530,1534,574,1700,6563,6788,6570,6794,9,25,54,07-27-202615:57:41,07-27-202615:58:33
Fiber mps,600,300,4,4,1,1,1,4,16,120,90,0.05,5,20,5,True,True,542.193,16,1500,1448,1448,0,48,10892.3125,733,1752,True,True,273.837,13,1500,1448,1424,0,56,11714.92857142857,626,1841,696,1811,6453,6815,6483,6821,11,27,39,07-27-202615:45:04,07-27-202615:45:48
Fiber mps,600,300,4,4,1,1,1,4,16,120,90,0.05,5,20,5,True,True,541.743,16,1500,1448,1448,0,48,10848.375,797,1546,True,True,271.682,16,1500,1448,1424,1,70,11530.8125,626,1388,705,1461,6490,6770,6504,6773,11,22,3,07-27-202615:15:25,07-27-202615:16:13
Fiber mps,600,300,4,4,1,1,1,4,16,120,90,0.05,5,20,5,True,True,542.128,13,1500,1448,1448,0,39,10541.923076923076,789,2029,True,False,271.024,16,1500,1448,1425,0,52,11710.25,538,1546,593,2009,6497,6793,6489,6796,9,30,97,07-27-202616:33:58,07-27-202616:34:44
Fiber mps,600,300,4,4,1,1,1,4,16,120,90,0.05,5,20,5,True,True,542.329,16,1500,1448,1448,0,48,10851.3125,692,1597,True,True,269.397,16,1500,1448,1424,0,56,11818.125,545,1500,597,1549,6504,6789,6504,6786,9,23,33,07-27-202615:39:50,07-27-202615:40:41
Fiber mps,600,300,4,4,1,1,1,4,16,120,90,0.05,5,20,5,True,True,542.189,16,1500,1448,1448,0,48,10820.8125,744,1476,True,False,271.228,16,1500,1448,1425,0,57,11848.6875,525,1528,569,1855,6483,6765,6494,6769,9,27,47,07-27-202615:51:47,07-27-202615:52:39
Fiber mps,600,300,4,4,1,1,1,4,16,120,90,0.05,5,20,5,True,True,542.539,16,1500,1448,1448,0,48,10591.625,772,1856,True,True,270.641,13,1500,1448,1424,0,45,11343.285714285714,644,1943,720,1918,6466,6773,6478,6774,11,28,96,07-27-202616:33:10,07-27-202616:33:55
Fiber mps,600,300,4,4,1,1,1,4,16,120,90,0.05,5,20,5,True,True,542.057,16,1500,1448,1448,0,48,10440.5625,824,1966,True,True,272.136,12,1500,1448,1424,1,46,11359.23076923077,628,1949,713,1965,6464,6792,6468,6794,11,29,72,07-27-202616:13:04,07-27-202616:13:46
Fiber mps,600,300,4,4,1,1,1,4,16,120,90,0.05,5,20,5,True,True,541.973,16,1500,1448,1448,0,48,11064.6875,724,1755,True,True,270.244,16,1500,1448,1424,0,51,11659.0625,585,1574,639,1664,6490,6798,6486,6801,10,24,16,07-27-202615:25:42,07-27-202615:26:32
Fiber mps,600,300,4,4,1,1,1,4,16,120,90,0.05,5,20,5,True,True,541.521,12,1500,1448,1448,0,39,10559.692307692309,841,2240,True,True,270.440,16,1500,1448,1424,0,50,11518.375,553,1548,628,2084,6512,6791,6522,6792,10,31,8,07-27-202615:19:29,07-27-202615:20:13
Fiber mps,600,300,4,4,1,1,1,4,16,120,90,0.05,5,20,5,True,True,542.481,13,1500,1448,1448,0,39,10480.846153846154,900,2140,True,True,271.506,11,1500,1448,1425,0,42,11138.5,652,2003,739,2074,6463,6792,6464,6797,11,31,14,07-27-202615:24:07,07-27-202615:24:45
Fiber mps,600,300,4,4,1,1,1,4,16,120,90,0.05,5,20,5,True,False,542.304,16,1500,1448,1448,0,48,10971.5625,671,1769,True,False,270.304,16,1500,1448,1424,0,52,11635.5625,544,1568,588,1701,6482,6810,6482,6814,9,25,82,07-27-202616:21:18,07-27-202616:22:11
Fiber mps,600,300,4,4,1,1,1,4,16,120,90,0.05,5,20,5,True,False,542.249,16,1500,1448,1448,0,48,10971.9375,651,1791,True,True,270.867,16,1500,1448,1424,0,52,11798.375,593,1630,649,1940,6489,6801,6500,6804,10,29,45,07-27-202615:50:03,07-27-202615:50:53
Fiber mps,600,300,4,4,1,1,1,4,16,120,90,0.05,5,20,5,True,True,542.384,15,1500,1448,1448,0,45,11093.466666666667,672,1927,True,False,271.738,16,1500,1448,1425,0,78,11928.3125,517,1544,579,1898,6495,6780,6495,6778,9,28,43,07-27-202615:48:22,07-27-202615:49:10
Fiber mps,600,300,4,4,1,1,1,4,16,120,90,0.05,5,20,5,True,True,541.856,15,1500,1448,1448,1,45,11102.133333333333,708,1737,True,True,271.433,16,1500,1448,1425,0,56,11613.4375,571,1551,630,1643,6486,6786,6508,6787,10,24,83,07-27-202616:22:14,07-27-202616:23:01
Fiber mps,600,300,4,4,1,1,1,4,16,120,90,0.05,5,20,5,True,False,542.273,16,1500,1448,1448,0,48,10937.8125,653,1955,True,True,272.093,13,1500,1448,1424,0,45,11529.714285714286,629,1776,657,1900,6462,6789,6462,6788,10,28,63,07-27-202616:05:43,07-27-202616:06:30
Fiber mps,600,300,4,4,1,1,1,4,16,120,90,0.05,5,20,5,True,True,542.332,16,1500,1448,1448,0,48,10641.125,737,1735,True,True,269.496,16,1500,1448,1424,0,52,11379.875,559,1591,613,1666,6473,6785,6484,6785,9,25,80,07-27-202616:19:33,07-27-202616:20:24
Fiber mps,600,300,4,4,1,1,1,4,16,120,90,0.05,5,20,5,True,False,542.125,16,1500,1448,1448,0,48,10967.5,674,1719,True,False,271.160,16,1500,1448,1424,0,53,11793.3125,584,1516,649,2041,6502,6784,6493,6786,10,30,59,07-27-202616:01:57,07-27-202616:02:50
Fiber mps,600,300,4,4,1,1,1,4,16,120,90,0.05,5,20,5,True,False,542.386,16,1500,1448,1448,0,48,11124.875,616,1786,True,True,270.485,16,1500,1448,1424,0,50,11568.375,553,1537,622,1845,6472,6785,6504,6791,10,27,15,07-27-202615:24:48,07-27-202615:25:39
Fiber mps,600,300,4,4,1,1,1,4,16,120,90,0.05,5,20,5,True,True,542.398,11,1500,1448,1448,0,36,10441.666666666666,906,2110,True,True,270.224,16,1500,1448,1424,0,62,11827,534,1418,606,1960,6451,6799,6452,6803,9,29,71,07-27-202616:12:17,07-27-202616:13:01
Fiber mps,600,300,4,4,1,1,1,4,16,120,90,0.05,5,20,5,True,True,541.513,16,1500,1448,1448,0,48,10704.5,792,1752,True,False,271.211,16,1500,1448,1424,0,53,11727.1875,499,1557,557,1704,6488,6814,6516,6820,9,25,42,07-27-202615:47:28,07-27-202615:48:19
Fiber mps,600,300,4,4,1,1,1,4,16,120,90,0.05,5,20,5,True,True,542.066,16,1500,1448,1448,0,48,10845.875,743,1503,True,True,270.989,16,1500,1448,1425,0,62,11644.625,528,1512,592,1519,6479,6816,6487,6824,9,22,51,07-27-202615:55:06,07-27-202615:55:57
Fiber mps,600,300,4,4,1,1,1,4,16,120,90,0.05,5,20,5,True,True,542.105,13,1500,1448,1448,0,39,10538.76923076923,800,2061,True,True,271.236,16,1500,1448,1425,0,51,11175.8125,662,1311,721,1841,6530,6809,6530,6814,11,27,57,07-27-202616:00:20,07-27-202616:01:04
Fiber mps,600,300,4,4,1,1,1,4,16,120,90,0.05,5,20,5,True,False,541.233,16,1500,1448,1448,0,48,10988.75,653,1559,True,False,269.103,16,1500,1448,1425,0,53,11562.5,520,1532,624,1886,6462,6788,6474,6792,10,28,88,07-27-202616:26:08,07-27-202616:27:01
Fiber mps,600,300,4,4,1,1,1,4,16,120,90,0.05,5,20,5,True,True,542.937,16,1500,1448,1448,0,48,10995.0625,742,1927,True,True,273.212,14,1500,1448,1424,0,47,11612.466666666667,596,1663,662,1812,6482,6784,6495,6788,10,27,4,07-27-202615:16:16,07-27-202615:17:00
Fiber mps,600,300,4,4,1,1,1,4,16,120,90,0.05,5,20,5,True,True,542.248,12,1500,1448,1448,0,36,10487.5,861,2026,True,True,272.223,12,1500,1448,1425,0,37,11143.75,641,2019,741,2027,6475,6788,6476,6793,11,30,12,07-27-202615:22:34,07-27-202615:23:11
Fiber,600,300,4,4,1,1,1,4,16,100,90,0.05,5,20,5,False,False,542.765,6,1500,1448,1448,0,21,10466.285714285714,867,2526,False,False,271.603,6,1500,1448,1448,0,32,10613.714285714286,813,2406,824,2452,6639,6816,6632,6815,12,36,79,07-27-202610:38:23,07-27-202610:40:01
Fiber,600,300,4,4,1,1,1,4,16,100,90,0.05,5,20,5,False,False,542.569,6,1500,1448,1448,0,21,10384.142857142857,866,2433,False,False,271.309,6,1500,1448,1425,1,93,11163.142857142857,637,2395,737,2411,6631,6833,6627,6830,11,35,50,07-27-202609:49:23,07-27-202609:51:01
Fiber,600,300,4,4,1,1,1,4,16,100,90,0.05,5,20,5,False,False,542.897,6,1500,1448,1448,0,21,10450.857142857143,1020,2895,False,False,271.652,6,1500,1448,1424,1,71,10636,948,2256,934,2565,6627,6811,6630,6816,14,38,23,07-27-202609:03:46,07-27-202609:05:24
Fiber,600,300,4,4,1,1,1,4,16,100,90,0.05,5,20,5,False,False,542.871,6,1500,1448,1448,0,21,10298,1027,2466,False,False,271.398,6,1500,1448,1425,1,66,11268.142857142857,571,2480,679,2503,6627,6844,6632,6851,10,37,68,07-27-202610:19:48,07-27-202610:21:26
Fiber,600,300,4,4,1,1,1,4,16,100,90,0.05,5,20,5,False,False,542.674,6,1500,1448,1448,0,21,10395.57142857143,971,2617,False,False,271.146,6,1500,1448,1425,0,30,10578.142857142857,897,2396,930,2479,6645,6837,6646,6844,14,36,92,07-27-202611:00:22,07-27-202611:02:00
Fiber,600,300,4,4,1,1,1,4,16,100,90,0.05,5,20,5,False,False,542.722,6,1500,1448,1448,0,21,10509.857142857143,844,2408,False,False,271.394,6,1500,1448,1424,0,36,11382.857142857143,653,2480,732,2444,6628,6835,6628,6842,11,36,95,07-27-202611:05:26,07-27-202611:07:04
Fiber,600,300,4,4,1,1,1,4,16,100,90,0.05,5,20,5,False,False,542.682,6,1500,1448,1448,0,21,10280.714285714286,965,2738,False,False,271.418,6,1500,1448,1425,0,32,10747.285714285714,903,2372,909,2518,6614,6834,6608,6827,14,37,46,07-27-202609:42:37,07-27-202609:44:15
Fiber,600,300,4,4,1,1,1,4,16,100,90,0.05,5,20,5,False,False,542.528,6,1500,1448,1448,0,21,10212.714285714286,1121,2399,False,False,271.394,6,1500,1448,1424,0,37,10933.42857142857,850,2401,921,2401,6651,6858,6644,6849,14,35,93,07-27-202611:02:03,07-27-202611:03:41
Fiber,600,300,4,4,1,1,1,4,16,100,90,0.05,5,20,5,False,False,542.697,6,1500,1448,1448,0,21,10083.57142857143,1211,2637,False,False,271.133,6,1500,1448,1424,0,54,10064.285714285714,1354,2175,1215,2446,6636,6842,6648,6847,18,36,17,07-27-202608:53:38,07-27-202608:55:16
Fiber,600,300,4,4,1,1,1,4,16,100,90,0.05,5,20,5,False,False,542.824,6,1500,1448,1448,0,21,10426.57142857143,897,2846,False,False,271.239,6,1500,1448,1425,0,31,10652.285714285714,911,2377,888,2596,6650,6828,6647,6832,13,38,29,07-27-202609:13:54,07-27-202609:15:32
Fiber,600,300,4,4,1,1,1,4,16,100,90,0.05,5,20,5,False,False,542.649,6,1500,1448,1448,1,21,10473.714285714286,847,2322,False,False,271.465,6,1500,1448,1425,0,37,11151.714285714286,507,2477,650,2423,6627,6828,6617,6832,10,35,20,07-27-202608:58:42,07-27-202609:00:20
Fiber,600,300,4,4,1,1,1,4,16,100,90,0.05,5,20,5,False,False,543.378,6,1500,1448,1448,0,21,10374,963,2741,False,False,271.359,6,1500,1448,1424,0,29,10684.714285714286,936,2322,923,2493,6642,6834,6636,6835,14,36,31,07-27-202609:17:17,07-27-202609:18:55
Fiber,600,300,4,4,1,1,1,4,16,100,90,0.05,5,20,5,False,False,542.891,6,1500,1448,1448,0,21,9982.142857142857,1174,2940,False,False,271.197,6,1500,1448,1425,0,30,11145.714285714286,680,2406,760,2673,6634,6820,6624,6822,11,39,84,07-27-202610:46:50,07-27-202610:48:29
Fiber,600,300,4,4,1,1,1,4,16,100,90,0.05,5,20,5,False,False,542.933,6,1500,1448,1448,0,21,10404,864,2639,False,False,271.293,6,1500,1448,1425,1,32,10845.857142857143,941,2378,859,2484,6638,6838,6638,6845,13,36,13,07-27-202608:46:52,07-27-202608:48:30
Fiber,600,300,4,4,1,1,1,4,16,100,90,0.05,5,20,5,False,False,542.676,6,1500,1448,1448,0,21,9944.285714285714,1161,2495,False,False,271.366,6,1500,1448,1424,0,28,10718.857142857143,905,2336,935,2396,6634,6825,6624,6827,14,35,62,07-27-202610:09:39,07-27-202610:11:17
Fiber,600,300,4,4,1,1,1,4,16,100,90,0.05,5,20,5,False,False,542.936,6,1500,1448,1448,1,21,10322.57142857143,1042,2630,False,False,271.533,6,1500,1448,1425,0,33,10661.142857142857,930,2392,960,2471,6642,6848,6645,6856,14,36,75,07-27-202610:31:38,07-27-202610:33:16
Fiber,600,300,4,4,1,1,1,4,16,100,90,0.05,5,20,5,False,False,542.731,7,1500,1448,1448,0,21,10495.42857142857,844,2357,False,False,271.085,6,1500,1448,1425,0,33,10580.714285714286,924,2363,855,2370,6633,6852,6629,6844,13,35,9,07-27-202608:40:07,07-27-202608:41:45
Fiber,600,300,4,4,1,1,1,4,16,100,90,0.05,5,20,5,False,False,542.770,6,1500,1448,1448,0,21,10205.714285714286,1127,2224,False,False,271.524,6,1500,1448,1424,0,37,10637.42857142857,856,2313,935,2292,6623,6842,6616,6849,14,33,44,07-27-202609:39:14,07-27-202609:40:53
Fiber,600,300,4,4,1,1,1,4,16,100,90,0.05,5,20,5,False,False,542.870,6,1500,1448,1448,0,21,10255.714285714286,1079,2291,False,False,271.313,6,1500,1448,1425,0,28,10615,918,2369,963,2345,6646,6827,6639,6831,15,34,48,07-27-202609:46:00,07-27-202609:47:38
Fiber,600,300,4,4,1,1,1,4,16,100,90,0.05,5,20,5,False,False,542.790,6,1500,1448,1448,0,21,10231.285714285714,1081,2534,False,False,271.490,6,1500,1448,1425,4,43,10745.857142857143,833,2376,889,2422,6637,6859,6637,6866,13,35,99,07-27-202611:12:11,07-27-202611:13:50
Fiber,600,300,4,4,1,1,1,4,16,100,90,0.05,5,20,5,False,False,542.943,6,1500,1448,1448,0,21,10387.42857142857,878,3082,False,False,271.504,6,1500,1448,1424,0,31,10767.857142857143,937,2362,876,2688,6651,6836,6641,6836,13,39,56,07-27-202609:59:31,07-27-202610:01:09
Fiber,600,300,4,4,1,1,1,4,16,100,90,0.05,5,20,5,False,False,542.852,6,1500,1448,1448,0,21,10227.285714285714,973,2509,False,False,271.496,6,1500,1448,1425,0,32,10593.57142857143,952,2356,917,2397,6637,6823,6634,6824,14,35,32,07-27-202609:18:58,07-27-202609:20:36
Fiber,600,300,4,4,1,1,1,4,16,100,90,0.05,5,20,5,False,False,542.816,6,1500,1448,1448,0,21,10081.57142857143,1186,2648,False,False,271.283,6,1500,1448,1425,0,31,10756.57142857143,821,2420,892,2498,6639,6831,6630,6830,13,37,78,07-27-202610:36:42,07-27-202610:38:20
Fiber,600,300,4,4,1,1,1,4,16,100,90,0.05,5,20,5,False,False,542.867,6,1500,1448,1448,0,21,10422.42857142857,888,2709,False,False,271.239,6,1500,1448,1424,0,34,10678.42857142857,922,2371,876,2524,6640,6852,6627,6821,13,37,38,07-27-202609:29:06,07-27-202609:30:44
Fiber,600,300,4,4,1,1,1,4,16,100,90,0.05,5,20,5,False,False,542.887,6,1500,1448,1448,0,21,10358.714285714286,967,3108,False,False,271.332,6,1500,1448,1425,2,37,10592.714285714286,896,2393,919,2643,6612,6841,6592,6834,14,39,26,07-27-202609:08:50,07-27-202609:10:28
Fiber,600,300,4,4,1,1,1,4,16,100,90,0.05,5,20,5,False,False,542.743,6,1500,1448,1448,0,21,10652.42857142857,976,2299,False,False,271.586,6,1500,1448,1425,1,34,10633,920,2352,899,2330,6647,6839,6639,6834,14,34,69,07-27-202610:21:29,07-27-202610:23:07
Fiber,600,300,4,4,1,1,1,4,16,100,90,0.05,5,20,5,False,False,542.846,6,1500,1448,1448,0,21,10574.285714285714,920,2891,False,False,271.243,6,1500,1448,1424,3,86,10647,953,2364,915,2617,6626,6838,6617,6837,14,38,34,07-27-202609:22:21,07-27-202609:23:59
Fiber,600,300,4,4,1,1,1,4,16,100,90,0.05,5,20,5,False,False,542.690,6,1500,1448,1448,0,21,10786.714285714286,792,2216,False,False,271.078,6,1500,1448,1425,1,85,10397.714285714286,842,2408,784,2379,6632,6851,6642,6859,12,35,58,07-27-202610:02:54,07-27-202610:04:32
Fiber,600,300,4,4,1,1,1,4,16,100,90,0.05,5,20,5,False,False,542.682,6,1500,1448,1448,0,21,9826.57142857143,1212,2371,False,False,271.462,6,1500,1448,1425,0,34,11297.857142857143,455,2569,572,2548,6635,6839,6629,6829,9,37,30,07-27-202609:15:36,07-27-202609:17:14
Fiber,600,300,4,4,1,1,1,4,16,100,90,0.05,5,20,5,False,False,542.849,6,1500,1448,1448,0,21,10029.714285714286,925,2515,False,False,271.334,6,1500,1448,1425,0,38,10679.285714285714,931,2367,916,2409,6637,6846,6628,6845,14,35,70,07-27-202610:23:11,07-27-202610:24:49
Fiber,600,300,4,4,1,1,1,4,16,100,90,0.05,5,20,5,False,False,542.729,6,1500,1448,1448,0,21,10384.42857142857,931,2328,False,False,271.327,6,1500,1448,1424,0,29,10591,922,2363,894,2351,6643,6834,6642,6839,13,34,24,07-27-202609:05:27,07-27-202609:07:05
Fiber,600,300,4,4,1,1,1,4,16,100,90,0.05,5,20,5,False,False,542.847,6,1500,1448,1448,0,21,10465.714285714286,927,2692,False,False,271.291,6,1500,1448,1425,0,37,10516.857142857143,953,2358,929,2518,6651,6835,6641,6837,14,37,52,07-27-202609:52:45,07-27-202609:54:23
Fiber,600,300,4,4,1,1,1,4,16,100,90,0.05,5,20,5,False,False,542.722,6,1500,1448,1448,0,21,10341,1068,2307,False,False,271.774,6,1500,1448,1425,1,37,11287.57142857143,533,2448,685,2402,6644,6841,6656,6844,10,35,36,07-27-202609:25:44,07-27-202609:27:22
Fiber,600,300,4,4,1,1,1,4,16,100,90,0.05,5,20,5,False,False,542.740,6,1500,1448,1448,0,21,10002.42857142857,1220,2405,False,False,271.487,6,1500,1448,1425,0,30,10853.142857142857,872,2392,962,2391,6636,6825,6635,6823,14,35,2,07-27-202608:28:17,07-27-202608:29:56
Fiber,600,300,4,4,1,1,1,4,16,100,90,0.05,5,20,5,False,False,542.740,6,1500,1448,1448,1,21,10154.857142857143,1117,2590,False,False,271.283,6,1500,1448,1424,0,49,10688.714285714286,940,2375,996,2447,6621,6826,6624,6831,15,36,5,07-27-202608:33:22,07-27-202608:35:00
Fiber,600,300,4,4,1,1,1,4,16,100,90,0.05,5,20,5,False,False,542.921,6,1500,1448,1448,0,21,10250.714285714286,949,2643,False,False,271.501,6,1500,1448,1425,1,40,10708.714285714286,921,2377,898,2501,6635,6828,6642,6832,14,37,89,07-27-202610:55:17,07-27-202610:56:56
Fiber,600,300,4,4,1,1,1,4,16,100,90,0.05,5,20,5,False,False,542.851,6,1500,1448,1448,0,21,10339.142857142857,930,2570,False,False,271.329,6,1500,1448,1425,8,45,10788.285714285714,881,2374,884,2444,6627,6829,6623,6835,13,36,74,07-27-202610:29:56,07-27-202610:31:34
Fiber,600,300,4,4,1,1,1,4,16,100,90,0.05,5,20,5,False,False,542.944,6,1500,1448,1448,0,21,10282.714285714286,1063,2512,False,False,271.597,6,1500,1448,1425,0,33,10711.714285714286,907,2380,943,2426,6635,6842,6635,6842,14,35,91,07-27-202610:58:40,07-27-202611:00:18
Fiber,600,300,4,4,1,1,1,4,16,100,90,0.05,5,20,5,False,False,542.937,6,1500,1448,1448,0,21,10202.857142857143,1063,2924,False,False,271.283,6,1500,1448,1425,0,38,10646.857142857143,950,2398,1002,2630,6627,6820,6622,6825,15,39,53,07-27-202609:54:27,07-27-202609:56:05
Fiber,600,300,4,4,1,1,1,4,16,100,90,0.05,5,20,5,False,False,542.856,6,1500,1448,1448,2,21,10351.857142857143,991,2725,False,False,271.397,6,1500,1448,1448,0,28,10844.857142857143,870,2342,906,2488,6642,6857,6652,6863,14,36,21,07-27-202609:00:23,07-27-202609:02:01
Fiber,600,300,4,4,1,1,1,4,16,100,90,0.05,5,20,5,False,False,542.957,6,1500,1448,1448,0,21,10365.57142857143,918,3049,False,False,271.322,6,1500,1448,1424,0,51,10767.857142857143,737,2430,847,2717,6661,6840,6663,6841,13,40,55,07-27-202609:57:50,07-27-202609:59:28
Fiber,600,300,4,4,1,1,1,4,16,100,90,0.05,5,20,5,False,False,542.908,6,1500,1448,1448,0,21,10288.142857142857,985,2890,False,False,271.496,6,1500,1448,1425,0,39,10626.714285714286,889,2369,927,2627,6640,6851,6633,6856,14,38,27,07-27-202609:10:31,07-27-202609:12:09
Fiber,600,300,4,4,1,1,1,4,16,100,90,0.05,5,20,5,False,False,542.993,6,1500,1448,1448,0,21,10558.42857142857,889,2811,False,False,271.373,6,1500,1448,1425,0,72,10747,910,2375,885,2599,6639,6846,6641,6845,13,38,77,07-27-202610:35:00,07-27-202610:36:38
Fiber,600,300,4,4,1,1,1,4,16,100,90,0.05,5,20,5,False,False,542.768,6,1500,1448,1448,0,21,10270.285714285714,1068,2697,False,False,271.442,6,1500,1448,1425,1,78,10691.285714285714,928,2360,933,2484,6641,6845,6642,6845,14,36,85,07-27-202610:48:32,07-27-202610:50:10
Fiber,600,300,4,4,1,1,1,4,16,100,90,0.05,5,20,5,False,False,542.688,6,1500,1448,1448,0,21,10691.714285714286,818,2974,False,False,271.273,6,1500,1448,1425,0,28,10758.857142857143,905,2345,819,2739,6638,6840,6629,6845,12,40,86,07-27-202610:50:13,07-27-202610:51:51
Fiber,600,300,4,4,1,1,1,4,16,100,90,0.05,5,20,5,False,False,542.996,6,1500,1448,1448,0,21,10304.285714285714,1017,2685,False,False,271.384,6,1500,1448,1425,1,184,10603.714285714286,977,2362,973,2481,6634,6836,6624,6832,15,36,18,07-27-202608:55:19,07-27-202608:56:57
Fiber,600,300,4,4,1,1,1,4,16,100,90,0.05,5,20,5,False,False,542.822,6,1500,1448,1448,0,21,10371.857142857143,908,2500,False,False,271.239,6,1500,1448,1425,0,31,10525.57142857143,805,2408,862,2433,6646,6831,6634,6831,13,36,22,07-27-202609:02:05,07-27-202609:03:43
Fiber,600,300,4,4,1,1,1,4,16,100,90,0.05,5,20,5,False,False,542.677,6,1500,1448,1448,0,21,10305,932,2553,False,False,271.469,6,1500,1448,1425,5,81,10679.57142857143,945,2367,897,2424,6630,6827,6632,6831,14,35,81,07-27-202610:41:46,07-27-202610:43:24
Fiber,600,300,4,4,1,1,1,4,16,100,90,0.05,5,20,5,False,False,542.912,6,1500,1448,1448,0,21,10264.142857142857,1056,2659,False,False,271.425,6,1500,1448,1424,1,67,10127.142857142857,1194,2198,1067,2472,6641,6834,6635,6836,16,36,64,07-27-202610:13:02,07-27-202610:14:40
Fiber,600,300,4,4,1,1,1,4,16,100,90,0.05,5,20,5,False,False,542.733,6,1500,1448,1448,0,21,10453.57142857143,926,2284,False,False,271.189,6,1500,1448,1425,0,39,10487.42857142857,1036,2247,937,2263,6639,6844,6639,6844,14,33,7,07-27-202608:36:45,07-27-202608:38:23
Fiber,600,300,4,4,1,1,1,4,16,100,90,0.05,5,20,5,False,False,542.750,6,1500,1448,1448,0,21,10268.42857142857,984,2181,False,False,271.407,6,1500,1448,1424,0,47,10431,766,2475,881,2395,6609,6820,6610,6824,13,35,76,07-27-202610:33:19,07-27-202610:34:57
Fiber,600,300,4,4,1,1,1,4,16,100,90,0.05,5,20,5,False,False,542.895,6,1500,1448,1448,0,21,10551.714285714286,867,2494,False,False,271.767,6,1500,1448,1425,0,31,10658.285714285714,908,2372,853,2421,6640,6836,6640,6836,13,35,98,07-27-202611:10:30,07-27-202611:12:08
Fiber,600,300,4,4,1,1,1,4,16,100,90,0.05,5,20,5,False,False,542.746,6,1500,1448,1448,1,21,10192.285714285714,1051,2477,False,False,271.120,6,1500,1448,1425,1,33,10326.285714285714,1064,2305,1025,2372,6648,6841,6648,6846,15,35,19,07-27-202608:57:00,07-27-202608:58:38
Fiber,600,300,4,4,1,1,1,4,16,100,90,0.05,5,20,5,False,False,542.567,6,1500,1448,1448,0,21,9987.142857142857,1259,2101,False,False,271.196,6,1500,1448,1424,0,29,10511.42857142857,924,2370,1023,2341,6636,6842,6638,6848,15,34,28,07-27-202609:12:13,07-27-202609:13:51
Fiber,600,300,4,4,1,1,1,4,16,100,90,0.05,5,20,5,False,False,542.705,7,1500,1448,1448,0,21,10653,868,2207,False,False,271.405,6,1500,1448,1425,1,42,10882.42857142857,889,2396,853,2357,6658,6847,6663,6855,13,34,67,07-27-202610:18:06,07-27-202610:19:44
Fiber,600,300,4,4,1,1,1,4,16,100,90,0.05,5,20,5,False,False,542.919,6,1500,1448,1448,0,21,10262.142857142857,1002,2621,False,False,271.184,6,1500,1448,1425,0,31,10860.857142857143,770,2379,846,2472,6621,6829,6616,6834,13,36,61,07-27-202610:07:58,07-27-202610:09:36
Fiber,600,300,4,4,1,1,1,4,16,100,90,0.05,5,20,5,False,False,542.751,6,1500,1448,1448,1,21,10260.57142857143,992,2505,False,False,271.447,6,1500,1448,1424,0,36,10549.142857142857,931,2400,935,2434,6647,6833,6645,6838,14,36,1,07-27-202608:26:36,07-27-202608:28:14
Fiber,600,300,4,4,1,1,1,4,16,100,90,0.05,5,20,5,False,False,542.798,6,1500,1448,1448,0,21,10215.857142857143,855,2437,False,False,271.303,6,1500,1448,1424,0,31,10862.714285714286,822,2376,856,2388,6647,6839,6639,6820,13,35,66,07-27-202610:16:25,07-27-202610:18:03
Fiber,600,300,4,4,1,1,1,4,16,100,90,0.05,5,20,5,False,False,542.768,6,1500,1448,1448,0,21,10386.714285714286,1035,2682,False,False,271.346,6,1500,1448,1424,0,29,10644,892,2382,918,2479,6622,6813,6619,6818,14,36,40,07-27-202609:32:29,07-27-202609:34:07
Fiber,600,300,4,4,1,1,1,4,16,100,90,0.05,5,20,5,False,False,542.848,6,1500,1448,1448,1,21,10088.714285714286,1025,2571,False,False,271.275,6,1500,1448,1425,0,32,11169.42857142857,413,2512,557,2567,6640,6820,6631,6817,8,38,73,07-27-202610:28:15,07-27-202610:29:53
Fiber,600,300,4,4,1,1,1,4,16,100,90,0.05,5,20,5,False,False,542.710,6,1500,1448,1448,0,21,10124.285714285714,1121,2521,False,False,271.350,6,1500,1448,1425,0,29,10669,904,2318,965,2404,6646,6840,6639,6841,15,35,49,07-27-202609:47:41,07-27-202609:49:19
Fiber,600,300,4,4,1,1,1,4,16,100,90,0.05,5,20,5,False,False,542.641,6,1500,1448,1448,0,21,10268.857142857143,1000,2307,False,False,271.752,6,1500,1448,1425,0,31,10764.857142857143,909,2316,926,2298,6642,6845,6648,6851,14,34,60,07-27-202610:06:16,07-27-202610:07:55
Fiber,600,300,4,4,1,1,1,4,16,100,90,0.05,5,20,5,False,False,542.891,6,1500,1448,1448,0,21,10337.714285714286,1006,2718,False,False,271.263,6,1500,1448,1424,1,78,10226.42857142857,1075,2187,995,2496,6622,6819,6616,6818,15,37,41,07-27-202609:34:10,07-27-202609:35:48
Fiber,600,300,4,4,1,1,1,4,16,100,90,0.05,5,20,5,False,False,543.313,6,1500,1448,1448,0,21,10339.57142857143,1012,2908,False,False,271.200,6,1500,1448,1425,0,33,10587.285714285714,878,2397,931,2652,6659,6838,6656,6834,14,39,10,07-27-202608:41:49,07-27-202608:43:27
Fiber,600,300,4,4,1,1,1,4,16,100,90,0.05,5,20,5,False,False,542.873,6,1500,1448,1448,0,21,10334.57142857143,904,2828,False,False,271.335,6,1500,1448,1424,0,28,10641.285714285714,836,2350,869,2550,6654,6866,6643,6847,13,37,37,07-27-202609:27:25,07-27-202609:29:03
Fiber,600,300,4,4,1,1,1,4,16,100,90,0.05,5,20,5,False,False,542.792,6,1500,1448,1448,0,21,10284.57142857143,1028,2596,False,False,271.392,6,1500,1448,1424,0,29,11221.285714285714,568,2502,661,2524,6646,6843,6641,6846,10,37,100,07-27-202611:13:53,07-27-202611:15:31
Fiber,600,300,4,4,1,1,1,4,16,100,90,0.05,5,20,5,False,False,542.818,6,1500,1448,1448,0,21,10650.857142857143,969,2755,False,False,271.263,6,1500,1448,1425,0,28,10709.42857142857,941,2363,939,2509,6655,6845,6648,6837,14,37,35,07-27-202609:24:02,07-27-202609:25:40
Fiber,600,300,4,4,1,1,1,4,16,100,90,0.05,5,20,5,False,False,542.638,6,1500,1448,1448,0,21,10884.285714285714,814,2168,False,False,271.222,6,1500,1448,1425,0,34,10614.57142857143,917,2371,819,2335,6652,6836,6653,6841,12,34,11,07-27-202608:43:30,07-27-202608:45:08
Fiber,600,300,4,4,1,1,1,4,16,100,90,0.05,5,20,5,False,False,542.745,6,1500,1448,1448,0,21,10166,1137,2611,False,False,271.520,6,1500,1448,1424,0,51,10678.142857142857,919,2385,994,2462,6642,6837,6648,6839,15,36,94,07-27-202611:03:45,07-27-202611:05:23
Fiber,600,300,4,4,1,1,1,4,16,100,90,0.05,5,20,5,False,False,542.822,6,1500,1448,1448,1,21,10292.142857142857,1044,2243,False,False,271.397,6,1500,1448,1425,0,29,10744.857142857143,858,2415,926,2357,6626,6821,6622,6825,14,35,87,07-27-202610:51:55,07-27-202610:53:33
Fiber,600,300,4,4,1,1,1,4,16,100,90,0.05,5,20,5,False,False,542.721,6,1500,1448,1448,0,21,10497.142857142857,920,2521,False,False,271.450,6,1500,1448,1425,0,40,10548.714285714286,907,2328,905,2411,6635,6844,6624,6849,14,35,90,07-27-202610:56:59,07-27-202610:58:37
Fiber,600,300,4,4,1,1,1,4,16,100,90,0.05,5,20,5,False,False,542.832,6,1500,1448,1448,0,21,10347.714285714286,1008,2766,False,False,271.410,6,1500,1448,1424,1,36,10825.42857142857,737,2412,866,2587,6638,6827,6658,6832,13,38,6,07-27-202608:35:03,07-27-202608:36:41
Fiber,600,300,4,4,1,1,1,4,16,100,90,0.05,5,20,5,False,False,542.797,6,1500,1448,1448,1,21,10276,958,2445,False,False,271.084,6,1500,1448,1425,2,102,10587.285714285714,1063,2323,976,2380,6640,6829,6626,6828,15,35,25,07-27-202609:07:08,07-27-202609:08:46
Fiber,600,300,4,4,1,1,1,4,16,100,90,0.05,5,20,5,False,False,542.713,6,1500,1448,1448,0,21,10206.142857142857,1119,2539,False,False,271.312,6,1500,1448,1425,0,34,10517.857142857143,936,2370,988,2418,6639,6819,6631,6819,15,35,65,07-27-202610:14:44,07-27-202610:16:22
Fiber,600,300,4,4,1,1,1,4,16,100,90,0.05,5,20,5,False,False,542.985,6,1500,1448,1448,0,21,10259.42857142857,896,2921,False,False,271.418,6,1500,1448,1424,0,33,10691.142857142857,888,2378,876,2680,6650,6838,6640,6839,13,39,54,07-27-202609:56:08,07-27-202609:57:46
Fiber,600,300,4,4,1,1,1,4,16,100,90,0.05,5,20,5,False,False,542.822,7,1500,1448,1448,0,21,10101.857142857143,1125,2642,False,False,271.473,6,1500,1448,1424,1,79,10650,941,2362,984,2491,6657,6857,6652,6862,15,36,39,07-27-202609:30:48,07-27-202609:32:26
Fiber,600,300,4,4,1,1,1,4,16,100,90,0.05,5,20,5,False,False,542.773,6,1500,1448,1448,0,21,10264,975,2346,False,False,271.409,6,1500,1448,1425,1,68,11020.285714285714,930,2365,906,2348,6624,6831,6616,6833,14,34,3,07-27-202608:29:59,07-27-202608:31:37
Fiber,600,300,4,4,1,1,1,4,16,100,90,0.05,5,20,5,False,False,542.885,6,1500,1448,1448,0,21,10519.285714285714,860,3014,False,False,271.463,6,1500,1448,1424,0,34,10744.714285714286,926,2329,865,2646,6639,6832,6636,6831,13,39,97,07-27-202611:08:49,07-27-202611:10:27
Fiber,600,300,4,4,1,1,1,4,16,100,90,0.05,5,20,5,False,False,542.801,6,1500,1448,1448,0,21,10410.285714285714,841,2644,False,False,271.299,6,1500,1448,1424,0,31,10676.57142857143,964,2365,848,2472,6629,6828,6620,6817,13,36,33,07-27-202609:20:40,07-27-202609:22:18
Fiber,600,300,4,4,1,1,1,4,16,100,90,0.05,5,20,5,False,False,542.695,6,1500,1448,1448,1,21,10690.857142857143,896,2497,False,False,271.386,6,1500,1448,1448,0,45,10792.714285714286,926,2360,862,2415,6654,6828,6644,6829,13,35,47,07-27-202609:44:18,07-27-202609:45:57
Fiber,600,300,4,4,1,1,1,4,16,100,90,0.05,5,20,5,False,False,542.846,6,1500,1448,1448,0,21,10389.285714285714,869,2533,False,False,271.518,6,1500,1448,1424,0,35,10759.714285714286,871,2383,857,2432,6649,6854,6640,6853,13,35,96,07-27-202611:07:07,07-27-202611:08:45
Fiber,600,300,4,4,1,1,1,4,16,100,90,0.05,5,20,5,False,False,542.716,6,1500,1448,1448,0,21,10520.857142857143,878,2419,False,False,271.390,6,1500,1448,1425,0,38,10560.714285714286,872,2419,840,2415,6643,6837,6634,6826,13,35,72,07-27-202610:26:33,07-27-202610:28:12
Fiber,600,300,4,4,1,1,1,4,16,100,90,0.05,5,20,5,False,False,542.757,6,1500,1448,1448,0,21,10013.857142857143,1128,2534,False,False,271.336,6,1500,1448,1424,0,36,10730.285714285714,959,2361,1003,2421,6645,6840,6646,6846,15,35,16,07-27-202608:51:56,07-27-202608:53:34
Fiber,600,300,4,4,1,1,1,4,16,100,90,0.05,5,20,5,False,False,542.700,6,1500,1448,1448,0,21,10507.57142857143,886,2443,False,False,271.319,6,1500,1448,1424,0,30,10677.714285714286,908,2378,879,2390,6629,6826,6629,6830,13,35,8,07-27-202608:38:26,07-27-202608:40:04
Fiber,600,300,4,4,1,1,1,4,16,100,90,0.05,5,20,5,False,False,542.649,6,1500,1448,1448,0,21,10233.57142857143,1099,2548,False,False,271.861,6,1500,1448,1425,1,56,10686.857142857143,906,2376,928,2435,6645,6845,6645,6850,14,36,14,07-27-202608:48:34,07-27-202608:50:12
Fiber,600,300,4,4,1,1,1,4,16,100,90,0.05,5,20,5,False,False,542.822,7,1500,1448,1448,0,21,10502.285714285714,710,2487,False,False,271.447,6,1500,1448,1425,1,41,10999.285714285714,806,2340,729,2411,6634,6821,6633,6825,11,35,82,07-27-202610:43:28,07-27-202610:45:06
Fiber,600,300,4,4,1,1,1,4,16,100,90,0.05,5,20,5,False,False,542.666,6,1500,1448,1448,0,21,9959.142857142857,1082,2386,False,False,271.373,6,1500,1448,1424,1,114,10729.57142857143,845,2359,936,2378,6629,6831,6615,6828,14,35,45,07-27-202609:40:56,07-27-202609:42:34
Fiber,600,300,4,4,1,1,1,4,16,100,90,0.05,5,20,5,False,False,542.741,6,1500,1448,1448,0,21,10366.142857142857,1131,2457,False,False,271.138,6,1500,1448,1425,0,40,10365.714285714286,1120,2286,1061,2346,6639,6829,6638,6833,16,34,43,07-27-202609:37:33,07-27-202609:39:11
Fiber,600,300,4,4,1,1,1,4,16,100,90,0.05,5,20,5,False,False,542.860,6,1500,1448,1448,0,21,10592.285714285714,891,2785,False,False,271.240,6,1500,1448,1424,0,32,10355.42857142857,1166,2270,919,2575,6648,6829,6642,6831,14,38,83,07-27-202610:45:09,07-27-202610:46:47
Fiber,600,300,4,4,1,1,1,4,16,100,90,0.05,5,20,5,False,False,542.768,6,1500,1448,1448,0,21,10236.57142857143,968,2510,False,False,271.417,6,1500,1448,1424,1,85,10692.714285714286,1003,2370,950,2417,6633,6831,6624,6832,14,35,63,07-27-202610:11:21,07-27-202610:12:59
Fiber,600,300,4,4,1,1,1,4,16,100,90,0.05,5,20,5,False,False,542.749,6,1500,1448,1448,0,21,10535.57142857143,852,2441,False,False,271.318,6,1500,1448,1425,0,34,10701,959,2359,864,2388,6636,6818,6630,6822,13,35,80,07-27-202610:40:05,07-27-202610:41:43
Fiber,600,300,4,4,1,1,1,4,16,100,90,0.05,5,20,5,False,False,542.852,6,1500,1448,1448,1,21,10574.285714285714,903,2538,False,False,271.523,6,1500,1448,1424,0,35,11421.57142857143,525,2543,631,2527,6633,6832,6620,6836,10,37,59,07-27-202610:04:35,07-27-202610:06:13
Fiber,600,300,4,4,1,1,1,4,16,100,90,0.05,5,20,5,False,False,542.918,6,1500,1448,1448,0,21,10309.57142857143,966,3551,False,False,271.408,6,1500,1448,1425,0,29,10516.714285714286,965,2330,970,2898,6628,6837,6621,6831,15,42,15,07-27-202608:50:15,07-27-202608:51:53
Fiber,600,300,4,4,1,1,1,4,16,100,90,0.05,5,20,5,False,False,542.833,6,1500,1448,1448,0,21,10383.714285714286,916,2689,False,False,271.321,6,1500,1448,1424,0,32,10725.57142857143,853,2329,880,2483,6642,6829,6638,6831,13,36,71,07-27-202610:24:52,07-27-202610:26:30
Fiber,600,300,4,4,1,1,1,4,16,100,90,0.05,5,20,5,False,False,542.958,6,1500,1448,1448,0,21,10239,974,2551,False,False,271.487,6,1500,1448,1424,0,30,10561.42857142857,899,2362,926,2432,6637,6828,6631,6828,14,36,42,07-27-202609:35:52,07-27-202609:37:30
Fiber,600,300,4,4,1,1,1,4,16,100,90,0.05,5,20,5,False,False,542.644,6,1500,1448,1448,0,21,9966,1099,2293,False,False,271.261,6,1500,1448,1424,0,32,10678,952,2371,991,2341,6649,6828,6641,6828,15,34,51,07-27-202609:51:04,07-27-202609:52:42
Fiber,600,300,4,4,1,1,1,4,16,100,90,0.05,5,20,5,False,False,542.699,6,1500,1448,1448,0,21,10590.285714285714,852,2574,False,False,271.266,6,1500,1448,1424,1,76,10633.285714285714,918,2361,859,2465,6632,6837,6623,6832,13,36,57,07-27-202610:01:12,07-27-202610:02:50
Fiber,600,300,4,4,1,1,1,4,16,100,90,0.05,5,20,5,False,False,542.919,6,1500,1448,1448,0,21,10304.714285714286,877,2583,False,False,271.395,6,1500,1448,1424,0,37,11409,681,2473,744,2490,6648,6845,6642,6847,11,36,88,07-27-202610:53:36,07-27-202610:55:14
Fiber,600,300,4,4,1,1,1,4,16,100,90,0.05,5,20,5,False,False,542.765,6,1500,1448,1448,0,21,9929,1176,2567,False,False,271.422,6,1500,1448,1424,1,110,10723.857142857143,822,2374,929,2442,6656,6857,6652,6855,14,36,4,07-27-202608:31:40,07-27-202608:33:18
Fiber,600,300,4,4,1,1,1,4,16,100,90,0.05,5,20,5,False,False,542.899,6,1500,1448,1448,0,21,10127.142857142857,1155,2446,False,False,271.373,6,1500,1448,1425,1,85,10622.285714285714,957,2404,1020,2416,6636,6826,6635,6832,15,35,12,07-27-202608:45:11,07-27-202608:46:49
Fiber mnp,600,300,4,4,1,1,1,4,12,100,90,0.05,5,20,5,True,False,542.591,12,1500,1448,1448,1,36,11022.916666666666,630,1881,True,False,270.618,12,1500,1448,1425,0,39,11285.5,596,1753,635,1779,6635,6861,6622,6866,10,26,79,07-27-202621:22:09,07-27-202621:23:02
Fiber mnp,600,300,4,4,1,1,1,4,12,100,90,0.05,5,20,5,True,True,542.970,12,1500,1448,1448,0,36,10558.083333333334,758,1886,True,True,270.734,12,1500,1448,1424,0,39,11269.833333333334,639,1738,714,1808,6629,6852,6624,6853,11,26,50,07-27-202621:00:10,07-27-202621:00:53
Fiber mnp,600,300,4,4,1,1,1,4,12,100,90,0.05,5,20,5,True,True,542.477,12,1500,1448,1448,1,36,10523.583333333334,792,1876,True,True,271.742,12,1500,1448,1425,0,39,11327.833333333334,634,1774,721,1830,6621,6835,6631,6812,11,27,23,07-27-202620:39:48,07-27-202620:40:34
Fiber mnp,600,300,4,4,1,1,1,4,12,100,90,0.05,5,20,5,True,True,542.422,12,1500,1448,1448,0,36,10707.333333333334,783,2022,True,True,271.984,12,1500,1448,1425,0,37,11011.583333333334,767,1700,774,1887,6662,6834,6659,6837,12,28,68,07-27-202621:13:51,07-27-202621:14:31
Fiber mnp,600,300,4,4,1,1,1,4,12,100,90,0.05,5,20,5,True,True,542.598,12,1500,1448,1448,1,36,10621.833333333334,739,2057,True,True,270.361,12,1500,1448,1425,1,50,11229.666666666666,661,1743,716,1910,6662,6872,6662,6861,11,28,92,07-27-202621:32:24,07-27-202621:33:08
Fiber mnp,600,300,4,4,1,1,1,4,12,100,90,0.05,5,20,5,True,True,543.392,12,1500,1448,1448,0,36,10721.666666666666,803,1918,True,True,271.194,12,1500,1448,1424,0,39,11261.333333333334,647,1678,720,1792,6606,6859,6580,6862,11,26,95,07-27-202621:34:44,07-27-202621:35:26
Fiber mnp,600,300,4,4,1,1,1,4,12,100,90,0.05,5,20,5,True,True,542.354,12,1500,1448,1448,0,36,10319.666666666666,876,1999,True,True,270.580,12,1500,1448,1424,0,36,11185.333333333334,741,1749,800,1878,6628,6858,6627,6861,12,27,46,07-27-202620:57:13,07-27-202620:57:53
Fiber mnp,600,300,4,4,1,1,1,4,12,100,90,0.05,5,20,5,True,True,542.346,11,1500,1448,1448,0,36,11086.666666666666,672,1890,True,True,273.127,11,1500,1448,1425,0,62,11273.75,724,2027,682,1988,6637,6860,6626,6864,10,29,93,07-27-202621:33:11,07-27-202621:33:48
Fiber mnp,600,300,4,4,1,1,1,4,12,100,90,0.05,5,20,5,True,True,543.003,11,1500,1448,1448,0,36,10302.833333333334,1044,2155,True,True,271.881,12,1500,1448,1425,0,38,11216.666666666666,707,1914,782,2052,6624,6850,6588,6847,12,30,17,07-27-202620:35:19,07-27-202620:35:58
Fiber mnp,600,300,4,4,1,1,1,4,12,100,90,0.05,5,20,5,True,False,544.090,12,1500,1448,1448,0,36,10839.916666666666,+Inf,NaN,True,True,269.922,12,1500,1448,1424,0,38,10958.166666666666,756,1512,757,1547,6608,6847,6604,6847,11,23,29,07-27-202620:44:23,07-27-202620:45:13
Fiber mnp,600,300,4,4,1,1,1,4,12,100,90,0.05,5,20,5,True,True,542.481,12,1500,1448,1448,0,36,10403.75,829,2070,True,True,273.479,12,1500,1448,1424,0,45,11323.25,667,1983,749,2024,6639,6857,6626,6862,11,29,20,07-27-202620:37:24,07-27-202620:38:09
Fiber mnp,600,300,4,4,1,1,1,4,12,100,90,0.05,5,20,5,True,True,542.413,12,1500,1448,1448,0,36,10421.75,846,1994,True,True,270.365,11,1500,1448,1424,1,46,11204.166666666666,725,1992,780,1995,6626,6860,6631,6862,12,29,31,07-27-202620:46:02,07-27-202620:46:39
Fiber mnp,600,300,4,4,1,1,1,4,12,100,90,0.05,5,20,5,True,True,542.075,12,1500,1448,1448,0,36,10349.583333333334,882,1707,True,True,271.971,12,1500,1448,1424,0,43,11260.833333333334,642,1785,709,1793,6623,6844,6615,6837,11,26,84,07-27-202621:26:12,07-27-202621:26:55
Fiber mnp,600,300,4,4,1,1,1,4,12,100,90,0.05,5,20,5,True,True,542.462,12,1500,1448,1448,0,36,10999,760,1923,True,True,270.516,12,1500,1448,1425,0,43,11284.25,618,1729,676,1821,6625,6861,6611,6866,10,27,13,07-27-202620:32:09,07-27-202620:32:51
Fiber mnp,600,300,4,4,1,1,1,4,12,100,90,0.05,5,20,5,True,True,542.509,12,1500,1448,1448,0,36,10717.833333333334,722,2041,True,True,272.607,11,1500,1448,1425,1,68,11338.727272727272,749,2089,729,2075,6651,6862,6643,6866,11,30,62,07-27-202621:09:16,07-27-202621:09:55
Fiber mnp,600,300,4,4,1,1,1,4,12,100,90,0.05,5,20,5,True,True,542.722,12,1500,1448,1448,0,36,10938.916666666666,679,2110,True,True,271.617,12,1500,1448,1425,0,41,11349.25,616,1964,662,2045,6646,6848,6640,6853,10,30,75,07-27-202621:19:09,07-27-202621:19:50
Fiber mnp,600,300,4,4,1,1,1,4,12,100,90,0.05,5,20,5,True,True,542.107,12,1500,1448,1448,0,36,10940.666666666666,748,1919,True,True,271.116,12,1500,1448,1425,1,44,11102.416666666666,616,1812,689,1862,6638,6877,6634,6882,10,27,9,07-27-202620:29:07,07-27-202620:29:49
Fiber mnp,600,300,4,4,1,1,1,4,12,100,90,0.05,5,20,5,True,True,542.750,11,1500,1448,1448,0,33,10426.90909090909,952,2161,True,True,271.092,12,1500,1448,1424,0,53,11341.416666666666,619,1802,697,1985,6626,6849,6609,6838,11,29,44,07-27-202620:55:49,07-27-202620:56:28
Fiber mnp,600,300,4,4,1,1,1,4,12,100,90,0.05,5,20,5,True,True,543.295,12,1500,1448,1448,0,36,10529.583333333334,761,1972,True,True,269.429,12,1500,1448,1424,0,50,11251.166666666666,647,1997,708,2000,6631,6864,6626,6863,11,29,48,07-27-202620:58:43,07-27-202620:59:25
Fiber mnp,600,300,4,4,1,1,1,4,12,100,90,0.05,5,20,5,True,True,542.982,12,1500,1448,1448,0,36,11004,691,1824,True,True,272.571,12,1500,1448,1424,0,41,11294.333333333334,712,2014,697,1952,6640,6867,6642,6875,10,28,99,07-27-202621:37:51,07-27-202621:38:33
Fiber mnp,600,300,4,4,1,1,1,4,12,100,90,0.05,5,20,5,True,True,542.532,12,1500,1448,1448,0,36,10548.583333333334,800,2030,True,True,270.355,12,1500,1448,1425,1,51,11367.25,674,1746,727,1888,6629,6851,6610,6856,11,28,56,07-27-202621:04:42,07-27-202621:05:27
Fiber mnp,600,300,4,4,1,1,1,4,12,100,90,0.05,5,20,5,True,True,542.221,12,1500,1448,1448,0,36,10671.666666666666,840,2276,True,True,271.375,10,1500,1448,1425,0,36,11208,738,2038,792,2165,6608,6839,6557,6844,12,32,32,07-27-202620:46:42,07-27-202620:47:18
Fiber mnp,600,300,4,4,1,1,1,4,12,100,90,0.05,5,20,5,True,True,542.724,12,1500,1448,1448,0,36,10540.583333333334,815,1868,True,True,272.092,12,1500,1448,1425,0,40,11121.75,693,1653,749,1756,6618,6846,6607,6849,11,26,78,07-27-202621:21:21,07-27-202621:22:06
Fiber mnp,600,300,4,4,1,1,1,4,12,100,90,0.05,5,20,5,True,True,542.845,12,1500,1448,1448,0,36,10505.5,819,1799,True,True,270.651,12,1500,1448,1424,0,38,11216.333333333334,678,1880,728,1863,6623,6836,6623,6841,11,27,38,07-27-202620:51:09,07-27-202620:51:52
Fiber mnp,600,300,4,4,1,1,1,4,12,100,90,0.05,5,20,5,True,True,543.004,12,1500,1448,1448,0,36,10978.75,708,1867,True,True,271.134,12,1500,1448,1424,0,44,11357.25,688,1911,698,1897,6626,6878,6630,6883,11,28,26,07-27-202620:42:09,07-27-202620:42:51
Fiber mnp,600,300,4,4,1,1,1,4,12,100,90,0.05,5,20,5,True,True,542.564,11,1500,1448,1448,0,36,10826.916666666666,760,1884,True,True,271.424,12,1500,1448,1425,1,82,11370.75,617,1697,702,1794,6629,6852,6625,6857,11,26,69,07-27-202621:14:35,07-27-202621:15:16
Fiber mnp,600,300,4,4,1,1,1,4,12,100,90,0.05,5,20,5,True,True,542.476,12,1500,1448,1448,0,36,10851.083333333334,731,1861,True,True,270.452,12,1500,1448,1424,0,39,11122,650,1787,700,1829,6641,6847,6647,6848,11,27,34,07-27-202620:48:03,07-27-202620:48:50
Fiber mnp,600,300,4,4,1,1,1,4,12,100,90,0.05,5,20,5,True,True,543.130,12,1500,1448,1448,0,36,10514.833333333334,814,1936,True,True,270.968,12,1500,1448,1425,0,41,11128.833333333334,670,1819,729,1873,6647,6842,6653,6844,11,27,58,07-27-202621:06:20,07-27-202621:07:03
Fiber mnp,600,300,4,4,1,1,1,4,12,100,90,0.05,5,20,5,True,True,542.302,12,1500,1448,1448,0,36,10733.583333333334,747,2128,True,True,271.464,12,1500,1448,1425,0,61,11080.416666666666,615,1731,683,1988,6643,6839,6626,6844,10,29,30,07-27-202620:45:16,07-27-202620:45:58
Fiber mnp,600,300,4,4,1,1,1,4,12,100,90,0.05,5,20,5,True,True,542.332,12,1500,1448,1448,1,36,10481.75,836,2206,True,True,270.964,12,1500,1448,1424,2,40,11381.166666666666,650,1769,722,2029,6629,6840,6633,6844,11,30,70,07-27-202621:15:19,07-27-202621:16:03
Fiber mnp,600,300,4,4,1,1,1,4,12,100,90,0.05,5,20,5,True,True,542.659,12,1500,1448,1448,0,36,10434.166666666666,846,1990,True,True,271.873,12,1500,1448,1425,0,45,11360.5,656,1923,738,1960,6615,6835,6601,6833,11,29,24,07-27-202620:40:37,07-27-202620:41:16
Fiber mnp,600,300,4,4,1,1,1,4,12,100,90,0.05,5,20,5,True,True,542.151,12,1500,1448,1448,0,36,10735,752,2094,True,True,271.778,12,1500,1448,1425,0,47,11282.5,684,1825,719,1964,6658,6862,6643,6865,11,29,52,07-27-202621:01:45,07-27-202621:02:27
Fiber mnp,600,300,4,4,1,1,1,4,12,100,90,0.05,5,20,5,True,True,542.328,12,1500,1448,1448,0,36,10243.25,862,2019,True,True,270.604,12,1500,1448,1424,0,39,11219.833333333334,646,1748,711,1891,6632,6847,6612,6848,11,28,36,07-27-202620:49:39,07-27-202620:50:23
Fiber mnp,600,300,4,4,1,1,1,4,12,100,90,0.05,5,20,5,True,True,541.932,12,1500,1448,1448,0,36,10575.833333333334,772,2182,True,True,270.866,12,1500,1448,1424,0,43,11389.25,659,1793,716,1998,6613,6835,6605,6839,11,29,2,07-27-202620:23:40,07-27-202620:24:22
Fiber mnp,600,300,4,4,1,1,1,4,12,100,90,0.05,5,20,5,True,True,542.293,12,1500,1448,1448,0,36,10600.25,850,1605,True,True,272.766,12,1500,1448,1424,0,39,11345.75,634,1788,721,1740,6604,6859,6592,6865,11,25,5,07-27-202620:25:58,07-27-202620:26:40
Fiber mnp,600,300,4,4,1,1,1,4,12,100,90,0.05,5,20,5,True,True,542.674,12,1500,1448,1448,0,36,10700.333333333334,771,1886,True,True,271.358,12,1500,1448,1425,0,39,11178.75,614,1726,679,1802,6616,6848,6616,6852,10,26,89,07-27-202621:29:58,07-27-202621:30:42
Fiber mnp,600,300,4,4,1,1,1,4,12,100,90,0.05,5,20,5,True,True,542.485,12,1500,1448,1448,0,36,10790.75,745,1831,True,True,270.604,12,1500,1448,1425,0,43,11248.666666666666,617,1715,692,1772,6635,6861,6631,6861,10,26,74,07-27-202621:18:21,07-27-202621:19:06
Fiber mnp,600,300,4,4,1,1,1,4,12,100,90,0.05,5,20,5,True,True,542.558,12,1500,1448,1448,0,36,10808.5,720,2149,True,True,271.106,12,1500,1448,1424,0,44,11482.083333333334,652,1815,692,2002,6618,6845,6592,6848,10,29,91,07-27-202621:31:37,07-27-202621:32:21
Fiber mnp,600,300,4,4,1,1,1,4,12,100,90,0.05,5,20,5,True,True,542.634,12,1500,1448,1448,0,36,10935.5,705,1733,True,True,271.150,12,1500,1448,1424,0,56,11320.333333333334,636,1804,678,1790,6637,6873,6625,6879,10,26,53,07-27-202621:02:30,07-27-202621:03:11
Fiber mnp,600,300,4,4,1,1,1,4,12,100,90,0.05,5,20,5,True,True,542.468,12,1500,1448,1448,0,36,10405.25,882,1791,True,True,271.096,12,1500,1448,1425,0,42,11297.416666666666,697,1836,774,1834,6626,6823,6625,6814,12,27,21,07-27-202620:38:13,07-27-202620:38:58
Fiber mnp,600,300,4,4,1,1,1,4,12,100,90,0.05,5,20,5,True,True,541.821,12,1500,1448,1448,0,36,10353.416666666666,790,1948,True,True,270.234,12,1500,1448,1425,0,56,11400.75,620,1800,702,1874,6638,6868,6638,6876,11,27,55,07-27-202621:03:55,07-27-202621:04:38
Fiber mnp,600,300,4,4,1,1,1,4,12,100,90,0.05,5,20,5,True,True,542.395,12,1500,1448,1448,0,36,10868.25,733,2013,True,True,271.612,12,1500,1448,1425,1,40,11333.416666666666,646,1836,689,1917,6635,6854,6623,6857,10,28,27,07-27-202620:42:54,07-27-202620:43:36
Fiber mnp,600,300,4,4,1,1,1,4,12,100,90,0.05,5,20,5,True,True,542.735,12,1500,1448,1448,0,36,10585.916666666666,817,1860,True,True,272.113,12,1500,1448,1425,0,41,11083.666666666666,738,1722,785,1787,6668,6879,6668,6874,12,26,77,07-27-202621:20:36,07-27-202621:21:17
Fiber mnp,600,300,4,4,1,1,1,4,12,100,90,0.05,5,20,5,True,True,542.645,12,1500,1448,1448,0,36,10239.083333333334,991,2094,True,True,271.408,12,1500,1448,1424,0,60,11310.333333333334,669,1727,722,1918,6637,6832,6613,6833,11,28,85,07-27-202621:26:59,07-27-202621:27:41
Fiber mnp,600,300,4,4,1,1,1,4,12,100,90,0.05,5,20,5,True,True,542.362,12,1500,1448,1448,0,36,10412.333333333334,921,1910,True,True,270.943,12,1500,1448,1424,0,68,11174,699,1693,786,1801,6590,6839,6570,6838,12,26,86,07-27-202621:27:44,07-27-202621:28:26
Fiber mnp,600,300,4,4,1,1,1,4,12,100,90,0.05,5,20,5,True,True,542.529,11,1500,1448,1448,0,36,10679.75,838,2404,True,True,270.851,12,1500,1448,1425,6,56,11413.666666666666,677,1898,725,2200,6628,6856,6622,6855,11,32,18,07-27-202620:36:01,07-27-202620:36:39
Fiber mnp,600,300,4,4,1,1,1,4,12,100,90,0.05,5,20,5,True,True,543.902,12,1500,1448,1448,0,36,10920,705,1614,True,True,269.965,12,1500,1448,1424,0,39,11181.583333333334,598,1838,655,1801,6597,6849,6582,6856,10,26,22,07-27-202620:39:01,07-27-202620:39:45
Fiber mnp,600,300,4,4,1,1,1,4,12,100,90,0.05,5,20,5,True,True,542.589,12,1500,1448,1448,0,36,10956.25,757,2133,True,True,270.931,12,1500,1448,1424,0,37,11227.75,643,1769,689,1955,6599,6846,6603,6852,10,29,81,07-27-202621:23:48,07-27-202621:24:32
Fiber mnp,600,300,4,4,1,1,1,4,12,100,90,0.05,5,20,5,True,True,542.594,12,1500,1448,1448,0,36,10835.75,723,1818,True,True,271.637,12,1500,1448,1424,0,57,11261.75,675,1791,707,1807,6632,6859,6624,6856,11,26,64,07-27-202621:10:44,07-27-202621:11:27
Fiber mnp,600,300,4,4,1,1,1,4,12,100,90,0.05,5,20,5,True,True,543.019,12,1500,1448,1448,0,36,10720.333333333334,739,2080,True,True,271.010,12,1500,1448,1424,1,71,11161.333333333334,718,1695,733,1913,6624,6856,6606,6851,11,28,7,07-27-202620:27:33,07-27-202620:28:19
Fiber mnp,600,300,4,4,1,1,1,4,12,100,90,0.05,5,20,5,True,True,542.570,12,1500,1448,1448,0,36,10591.416666666666,809,2073,True,True,272.285,10,1500,1448,1425,0,39,11076.272727272728,643,2157,741,2151,6639,6849,6625,6853,11,31,76,07-27-202621:19:53,07-27-202621:20:33
Fiber mnp,600,300,4,4,1,1,1,4,12,100,90,0.05,5,20,5,True,True,542.368,12,1500,1448,1448,0,36,10475.583333333334,788,1917,True,True,271.578,12,1500,1448,1425,0,41,11059.166666666666,701,1974,737,1977,6635,6862,6626,6859,11,29,98,07-27-202621:37:05,07-27-202621:37:47
Fiber mnp,600,300,4,4,1,1,1,4,12,100,90,0.05,5,20,5,True,True,542.354,12,1500,1448,1448,0,36,10516.833333333334,840,2026,True,True,270.985,12,1500,1448,1425,0,36,11190.5,638,1867,689,1957,6632,6855,6632,6858,10,29,19,07-27-202620:36:42,07-27-202620:37:21
Fiber mnp,600,300,4,4,1,1,1,4,12,100,90,0.05,5,20,5,True,True,542.827,12,1500,1448,1448,0,36,10741.25,775,2043,True,True,272.155,12,1500,1448,1425,0,38,11270.083333333334,621,1810,698,1918,6625,6852,6588,6851,11,28,28,07-27-202620:43:39,07-27-202620:44:20
Fiber mnp,600,300,4,4,1,1,1,4,12,100,90,0.05,5,20,5,True,True,542.481,12,1500,1448,1448,0,36,10696,743,1962,True,True,271.239,12,1500,1448,1425,0,55,11266.833333333334,638,1846,698,1900,6659,6852,6661,6856,10,28,67,07-27-202621:13:07,07-27-202621:13:48
Fiber mnp,600,300,4,4,1,1,1,4,12,100,90,0.05,5,20,5,True,True,542.693,12,1500,1448,1448,0,36,11017.833333333334,723,1996,True,True,270.862,12,1500,1448,1425,0,38,11349.5,597,1784,664,1898,6629,6850,6624,6851,10,28,61,07-27-202621:08:33,07-27-202621:09:13
Fiber mnp,600,300,4,4,1,1,1,4,12,100,90,0.05,5,20,5,True,True,542.132,12,1500,1448,1448,0,36,10646.666666666666,774,1925,True,True,269.490,12,1500,1448,1425,0,55,11351.333333333334,668,1710,731,1810,6601,6856,6588,6862,11,26,1,07-27-202620:22:54,07-27-202620:23:37
Fiber mnp,600,300,4,4,1,1,1,4,12,100,90,0.05,5,20,5,True,True,542.202,12,1500,1448,1448,0,36,10707.5,759,1780,True,True,270.245,12,1500,1448,1425,0,66,11246.333333333334,599,1700,677,1745,6638,6842,6610,6846,10,25,66,07-27-202621:12:19,07-27-202621:13:04
Fiber mnp,600,300,4,4,1,1,1,4,12,100,90,0.05,5,20,5,True,True,542.887,12,1500,1448,1448,1,36,10963.083333333334,682,1947,True,True,271.863,12,1500,1448,1424,0,52,11299,623,1819,660,1880,6636,6838,6633,6841,10,27,40,07-27-202620:52:38,07-27-202620:53:21
Fiber mnp,600,300,4,4,1,1,1,4,12,100,90,0.05,5,20,5,True,True,542.346,12,1500,1448,1448,0,36,11023.166666666666,735,1878,True,True,271.685,12,1500,1448,1424,0,51,11082.333333333334,642,1816,698,1853,6644,6854,6648,6858,10,27,73,07-27-202621:17:35,07-27-202621:18:18
Fiber mnp,600,300,4,4,1,1,1,4,12,100,90,0.05,5,20,5,True,True,542.622,12,1500,1448,1448,0,36,10965.083333333334,785,1895,True,True,271.107,12,1500,1448,1425,1,48,11203.25,670,1810,730,1849,6600,6826,6583,6827,11,27,49,07-27-202620:59:28,07-27-202621:00:07
Fiber mnp,600,300,4,4,1,1,1,4,12,100,90,0.05,5,20,5,True,True,542.349,12,1500,1448,1448,0,36,10384.166666666666,834,2059,True,True,272.581,12,1500,1448,1425,1,91,11446.25,627,1864,692,1959,6639,6856,6636,6855,10,29,60,07-27-202621:07:47,07-27-202621:08:30
Fiber mnp,600,300,4,4,1,1,1,4,12,100,90,0.05,5,20,5,True,True,542.364,12,1500,1448,1448,0,36,10933.916666666666,725,2061,True,True,271.754,12,1500,1448,1425,0,52,11234,684,1830,707,1959,6646,6877,6633,6875,11,28,41,07-27-202620:53:24,07-27-202620:54:04
Fiber mnp,600,300,4,4,1,1,1,4,12,100,90,0.05,5,20,5,True,True,542.055,12,1500,1448,1448,0,36,10685.583333333334,776,2161,True,True,272.383,12,1500,1448,1425,0,50,11222.666666666666,636,1758,718,2024,6626,6824,6613,6827,11,30,10,07-27-202620:29:53,07-27-202620:30:38
Fiber mnp,600,300,4,4,1,1,1,4,12,100,90,0.05,5,20,5,True,True,542.612,12,1500,1448,1448,0,36,10258.916666666666,878,2067,True,True,273.059,10,1500,1448,1424,0,36,10703.272727272728,1061,1920,922,1993,6625,6820,6610,6824,14,29,37,07-27-202620:50:26,07-27-202620:51:06
Fiber mnp,600,300,4,4,1,1,1,4,12,100,90,0.05,5,20,5,True,True,542.595,12,1500,1448,1448,0,36,10769.333333333334,748,2004,True,True,272.663,11,1500,1448,1424,0,45,11150.583333333334,651,2020,692,2012,6613,6862,6602,6865,10,29,100,07-27-202621:38:36,07-27-202621:39:16
Fiber mnp,600,300,4,4,1,1,1,4,12,100,90,0.05,5,20,5,True,True,542.239,12,1500,1448,1448,0,36,10821,774,1987,True,True,271.505,12,1500,1448,1425,0,61,11147.333333333334,657,1887,708,1934,6615,6851,6596,6853,11,28,35,07-27-202620:48:53,07-27-202620:49:35
Fiber mnp,600,300,4,4,1,1,1,4,12,100,90,0.05,5,20,5,True,True,542.495,11,1500,1448,1448,0,36,10682.166666666666,813,2188,True,True,272.109,12,1500,1448,1425,0,57,11169.083333333334,578,1792,699,2022,6641,6851,6609,6853,11,30,11,07-27-202620:30:41,07-27-202620:31:21
Fiber mnp,600,300,4,4,1,1,1,4,12,100,90,0.05,5,20,5,True,True,542.557,12,1500,1448,1448,0,36,9857.916666666666,1141,1868,True,True,271.631,12,1500,1448,1425,0,39,11378.833333333334,584,1887,711,1903,6642,6856,6669,6862,11,28,94,07-27-202621:33:52,07-27-202621:34:41
Fiber mnp,600,300,4,4,1,1,1,4,12,100,90,0.05,5,20,5,True,True,542.780,12,1500,1448,1448,0,36,10903.25,727,1948,True,True,271.422,12,1500,1448,1424,0,53,11343.583333333334,642,1799,699,1869,6624,6846,6614,6846,11,27,87,07-27-202621:28:29,07-27-202621:29:10
Fiber mnp,600,300,4,4,1,1,1,4,12,100,90,0.05,5,20,5,True,True,542.715,12,1500,1448,1448,0,36,10568.833333333334,768,2129,True,True,272.434,12,1500,1448,1425,0,39,11209.25,640,1701,699,1959,6642,6853,6626,6857,11,29,90,07-27-202621:30:46,07-27-202621:31:34
Fiber mnp,600,300,4,4,1,1,1,4,12,100,90,0.05,5,20,5,True,True,543.443,12,1500,1448,1448,0,36,10461.083333333334,851,1721,True,True,270.857,12,1500,1448,1424,0,38,11368.25,610,1737,674,1760,6664,6863,6653,6868,10,26,6,07-27-202620:26:43,07-27-202620:27:30
Fiber mnp,600,300,4,4,1,1,1,4,12,100,90,0.05,5,20,5,True,True,542.288,12,1500,1448,1448,0,36,10625.666666666666,775,1991,True,True,270.948,12,1500,1448,1425,0,38,11256.083333333334,691,1752,739,1866,6620,6860,6614,6865,11,27,25,07-27-202620:41:19,07-27-202620:42:05
Fiber mnp,600,300,4,4,1,1,1,4,12,100,90,0.05,5,20,5,True,True,543.733,12,1500,1448,1448,0,36,11035.083333333334,690,1861,True,True,273.343,12,1500,1448,1424,0,38,11246.083333333334,636,1984,674,1957,6639,6878,6636,6881,10,28,65,07-27-202621:11:30,07-27-202621:12:15
Fiber mnp,600,300,4,4,1,1,1,4,12,100,90,0.05,5,20,5,True,True,542.750,12,1500,1448,1448,0,36,10655.916666666666,797,2589,True,True,271.617,12,1500,1448,1424,0,62,11329.666666666666,618,1942,712,2298,6628,6855,6614,6862,11,33,54,07-27-202621:03:14,07-27-202621:03:52
Fiber mnp,600,300,4,4,1,1,1,4,12,100,90,0.05,5,20,5,True,True,541.992,11,1500,1448,1448,0,36,10887,754,2043,True,True,271.963,12,1500,1448,1424,0,61,11291.25,635,1770,692,1900,6591,6837,6600,6842,10,28,39,07-27-202620:51:55,07-27-202620:52:35
Fiber mnp,600,300,4,4,1,1,1,4,12,100,90,0.05,5,20,5,True,True,542.721,12,1500,1448,1448,0,36,10864.583333333334,660,1772,True,True,270.727,12,1500,1448,1425,0,38,11164.166666666666,645,1812,651,1810,6645,6867,6642,6874,10,26,3,07-27-202620:24:25,07-27-202620:25:08
Fiber mnp,600,300,4,4,1,1,1,4,12,100,90,0.05,5,20,5,True,True,542.428,12,1500,1448,1448,0,36,10530.666666666666,767,1841,True,True,271.598,12,1500,1448,1425,0,61,11353.916666666666,652,1683,704,1762,6626,6858,6622,6858,11,26,97,07-27-202621:36:17,07-27-202621:37:02
Fiber mnp,600,300,4,4,1,1,1,4,12,100,90,0.05,5,20,5,True,True,543.478,11,1500,1448,1448,0,36,10643.333333333334,798,2370,True,True,271.530,12,1500,1448,1425,0,40,11198.333333333334,663,1857,726,2149,6630,6845,6608,6852,11,31,33,07-27-202620:47:21,07-27-202620:48:00
Fiber mnp,600,300,4,4,1,1,1,4,12,100,90,0.05,5,20,5,True,True,542.602,12,1500,1448,1448,0,36,10365.166666666666,912,1905,True,True,271.579,12,1500,1448,1424,0,51,11262.083333333334,643,1833,693,1874,6626,6851,6610,6856,10,27,47,07-27-202620:57:56,07-27-202620:58:40
Fiber mnp,600,300,4,4,1,1,1,4,12,100,90,0.05,5,20,5,True,True,542.824,12,1500,1448,1448,0,36,10869,703,1860,True,True,270.935,12,1500,1448,1425,0,50,11275.916666666666,708,1835,706,1857,6579,6848,6572,6852,11,27,96,07-27-202621:35:29,07-27-202621:36:14
Fiber mnp,600,300,4,4,1,1,1,4,12,100,90,0.05,5,20,5,True,True,542.790,12,1500,1448,1448,0,36,11008.583333333334,655,1795,True,True,270.979,12,1500,1448,1425,1,83,11090.583333333334,679,1912,663,1870,6610,6849,6610,6854,10,27,72,07-27-202621:16:51,07-27-202621:17:31
Fiber mnp,600,300,4,4,1,1,1,4,12,100,90,0.05,5,20,5,True,True,542.874,12,1500,1448,1448,0,36,10433.083333333334,801,2178,True,True,271.168,12,1500,1448,1425,0,41,11124.833333333334,723,1644,765,1978,6641,6848,6630,6853,12,29,16,07-27-202620:34:33,07-27-202620:35:16
Fiber mnp,600,300,4,4,1,1,1,4,12,100,90,0.05,5,20,5,True,True,542.934,12,1500,1448,1448,0,36,10806.25,762,2256,True,True,272.270,12,1500,1448,1425,0,46,11232.333333333334,643,1710,711,2030,6637,6841,6624,6841,11,30,8,07-27-202620:28:22,07-27-202620:29:04
Fiber mnp,600,300,4,4,1,1,1,4,12,100,90,0.05,5,20,5,True,True,542.797,12,1500,1448,1448,0,36,10761.666666666666,712,1893,True,True,271.984,12,1500,1448,1424,0,39,11291.916666666666,666,1816,691,1857,6635,6845,6643,6832,10,27,14,07-27-202620:32:54,07-27-202620:33:41
Fiber mnp,600,300,4,4,1,1,1,4,12,100,90,0.05,5,20,5,True,True,542.852,12,1500,1448,1448,0,36,10595.416666666666,771,1897,True,True,270.879,12,1500,1448,1425,0,71,11328.416666666666,633,1766,680,1843,6610,6861,6600,6861,10,27,82,07-27-202621:24:35,07-27-202621:25:20
Fiber mnp,600,300,4,4,1,1,1,4,12,100,90,0.05,5,20,5,True,True,542.669,12,1500,1448,1448,0,36,10432.25,834,2037,True,True,272.371,10,1500,1448,1425,0,39,11110.181818181818,761,2040,799,2047,6579,6862,6569,6866,12,30,45,07-27-202620:56:31,07-27-202620:57:09
Fiber mnp,600,300,4,4,1,1,1,4,12,100,90,0.05,5,20,5,True,True,542.865,12,1500,1448,1448,0,36,10834.833333333334,731,1981,True,True,272.088,12,1500,1448,1424,0,39,11412.166666666666,583,1773,652,1878,6629,6838,6669,6820,10,28,43,07-27-202620:54:55,07-27-202620:55:46
Fiber mnp,600,300,4,4,1,1,1,4,12,100,90,0.05,5,20,5,True,True,542.495,12,1500,1448,1448,0,36,10384.166666666666,787,2082,True,True,272.387,12,1500,1448,1425,0,38,11372.666666666666,637,1669,683,1885,6629,6843,6627,6847,10,28,83,07-27-202621:25:23,07-27-202621:26:09
Fiber mnp,600,300,4,4,1,1,1,4,12,100,90,0.05,5,20,5,True,True,542.220,12,1500,1448,1448,0,36,10808.75,751,2007,True,True,270.893,12,1500,1448,1425,0,41,11119.25,650,1791,691,1891,6618,6860,6604,6864,10,28,63,07-27-202621:09:58,07-27-202621:10:41
Fiber mnp,600,300,4,4,1,1,1,4,12,100,90,0.05,5,20,5,True,True,542.595,11,1500,1448,1448,0,36,10924.166666666666,742,2321,True,True,270.712,12,1500,1448,1424,0,56,11140.333333333334,643,1772,715,2119,6647,6842,6617,6845,11,31,80,07-27-202621:23:05,07-27-202621:23:45
Fiber mnp,600,300,4,4,1,1,1,4,12,100,90,0.05,5,20,5,True,True,542.240,12,1500,1448,1448,0,36,10701.583333333334,733,1910,True,True,273.255,10,1500,1448,1424,0,35,11147.727272727272,724,2095,728,2045,6572,6832,6572,6835,11,30,59,07-27-202621:07:06,07-27-202621:07:44
Fiber mnp,600,300,4,4,1,1,1,4,12,100,90,0.05,5,20,5,True,True,542.874,12,1500,1448,1448,0,36,10463.25,786,1839,True,True,270.897,12,1500,1448,1424,0,39,11238.166666666666,698,1818,741,1827,6636,6860,6618,6869,11,27,15,07-27-202620:33:44,07-27-202620:34:30
Fiber mnp,600,300,4,4,1,1,1,4,12,100,90,0.05,5,20,5,True,True,543.014,12,1500,1448,1448,0,36,10985.25,708,1800,True,True,271.596,12,1500,1448,1425,0,47,11361.416666666666,665,1912,700,1882,6647,6858,6646,6858,11,27,71,07-27-202621:16:06,07-27-202621:16:48
Fiber mnp,600,300,4,4,1,1,1,4,12,100,90,0.05,5,20,5,True,True,542.567,12,1500,1448,1448,0,36,10502.666666666666,845,2263,True,False,271.274,12,1500,1448,1425,0,41,11206.25,609,1774,742,2152,6605,6838,6602,6844,11,31,42,07-27-202620:54:07,07-27-202620:54:52
Fiber mnp,600,300,4,4,1,1,1,4,12,100,90,0.05,5,20,5,True,True,542.762,12,1500,1448,1448,0,36,11043.416666666666,699,1992,True,True,271.470,12,1500,1448,1424,3,46,11288.166666666666,650,1764,678,1880,6604,6837,6575,6841,10,27,51,07-27-202621:00:57,07-27-202621:01:42
Fiber mnp,600,300,4,4,1,1,1,4,12,100,90,0.05,5,20,5,True,True,544.389,12,1500,1448,1448,0,36,11070.916666666666,639,1680,True,True,271.025,12,1500,1448,1424,1,55,11198.333333333334,774,1584,669,1634,6635,6846,6607,6850,10,24,57,07-27-202621:05:30,07-27-202621:06:17
Fiber mnp,600,300,4,4,1,1,1,4,12,100,90,0.05,5,20,5,True,True,542.709,12,1500,1448,1448,0,36,10286.5,985,1914,True,True,272.240,10,1500,1448,1424,0,36,11082.272727272728,750,2157,836,2100,6625,6849,6640,6838,13,31,88,07-27-202621:29:13,07-27-202621:29:55
Fiber mnp,600,300,4,4,1,1,1,4,12,100,90,0.05,5,20,5,True,True,542.390,12,1500,1448,1448,0,36,10517.25,835,1697,True,True,272.115,12,1500,1448,1424,0,48,11070,734,1677,784,1697,6650,6845,6649,6846,12,25,4,07-27-202620:25:11,07-27-202620:25:54
Fiber mnp,600,300,4,4,1,1,1,4,12,100,90,0.05,5,20,5,True,True,542.843,12,1500,1448,1448,0,36,10724.166666666666,745,2032,True,True,272.238,12,1500,1448,1424,0,39,11179,679,1792,717,1915,6604,6869,6594,6860,11,28,12,07-27-202620:31:24,07-27-202620:32:05
Fiber mnp,600,300,4,4,1,1,1,4,8,100,90,0.05,5,20,5,True,True,542.719,8,1500,1448,1448,0,24,10589.625,809,2167,True,True,271.428,8,1500,1448,1425,1,84,10843.5,824,2035,811,2101,6623,6842,6622,6842,12,31,79,07-27-202620:06:20,07-27-202620:06:59
Fiber mnp,600,300,4,4,1,1,1,4,8,100,90,0.05,5,20,5,True,True,542.430,8,1500,1448,1448,0,24,10291.875,933,2192,True,True,270.273,8,1500,1448,1425,0,25,10840.875,793,2021,871,2106,6606,6819,6588,6820,13,31,50,07-27-202619:45:09,07-27-202619:45:48
Fiber mnp,600,300,4,4,1,1,1,4,8,100,90,0.05,5,20,5,True,True,542.633,8,1500,1448,1448,0,24,10435.125,883,1952,True,True,271.671,8,1500,1448,1425,0,25,10767.625,819,2056,846,2048,6616,6835,6603,6838,13,30,23,07-27-202619:25:59,07-27-202619:26:46
Fiber mnp,600,300,4,4,1,1,1,4,8,100,90,0.05,5,20,5,True,True,542.788,8,1500,1448,1448,0,24,10304,900,2632,True,False,272.223,8,1500,1448,1424,1,36,10894,+Inf,NaN,901,2572,6642,6851,6651,6855,14,38,68,07-27-202619:58:15,07-27-202619:59:00
Fiber mnp,600,300,4,4,1,1,1,4,8,100,90,0.05,5,20,5,True,False,542.673,8,1500,1448,1448,0,24,10550,811,2505,True,True,271.567,8,1500,1448,1424,0,25,10755.875,808,2130,809,2345,6617,6836,6607,6833,12,34,92,07-27-202620:16:12,07-27-202620:16:56
Fiber mnp,600,300,4,4,1,1,1,4,8,100,90,0.05,5,20,5,True,True,542.476,8,1500,1448,1448,0,24,10541.125,853,1946,True,True,271.902,8,1500,1448,1424,1,71,10693.75,792,2120,824,2109,6633,6864,6617,6870,12,31,95,07-27-202620:18:18,07-27-202620:19:08
Fiber mnp,600,300,4,4,1,1,1,4,8,100,90,0.05,5,20,5,True,True,543.072,8,1500,1448,1448,0,24,10257,968,2174,True,True,270.794,8,1500,1448,1425,0,28,10959.25,682,2111,766,2148,6625,6839,6625,6830,12,31,46,07-27-202619:42:12,07-27-202619:42:53
Fiber mnp,600,300,4,4,1,1,1,4,8,100,90,0.05,5,20,5,True,True,543.117,8,1500,1448,1448,0,24,10186.375,949,2300,True,True,270.114,8,1500,1448,1425,0,36,10569.625,904,1972,930,2163,6611,6852,6623,6852,14,32,93,07-27-202620:16:59,07-27-202620:17:35
Fiber mnp,600,300,4,4,1,1,1,4,8,100,90,0.05,5,20,5,True,True,542.856,8,1500,1448,1448,0,24,10499.625,823,2046,True,True,271.333,8,1500,1448,1424,0,25,10854.125,799,2084,815,2094,6624,6855,6624,6863,12,31,17,07-27-202619:21:47,07-27-202619:22:27
Fiber mnp,600,300,4,4,1,1,1,4,8,100,90,0.05,5,20,5,True,True,542.981,8,1500,1448,1448,0,24,10291,951,2208,True,True,271.938,8,1500,1448,1425,0,27,10701,715,2082,844,2145,6624,6851,6602,6853,13,31,29,07-27-202619:30:15,07-27-202619:30:56
Fiber mnp,600,300,4,4,1,1,1,4,8,100,90,0.05,5,20,5,True,True,542.600,8,1500,1448,1448,0,24,10386.25,854,2361,True,True,270.858,8,1500,1448,1424,0,37,10759.625,717,2144,789,2254,6635,6851,6631,6855,12,33,20,07-27-202619:23:53,07-27-202619:24:29
Fiber mnp,600,300,4,4,1,1,1,4,8,100,90,0.05,5,20,5,True,True,542.603,8,1500,1448,1448,0,24,10541.5,804,2185,True,True,270.202,8,1500,1448,1425,0,68,10191.5,1141,1824,857,2097,6633,6851,6633,6845,13,31,31,07-27-202619:31:40,07-27-202619:32:19
Fiber mnp,600,300,4,4,1,1,1,4,8,100,90,0.05,5,20,5,True,True,544.194,8,1500,1448,1448,0,24,10107.625,944,2213,True,True,271.218,8,1500,1448,1424,0,28,10692,796,2140,861,2176,6651,6857,6658,6860,13,32,84,07-27-202620:10:13,07-27-202620:10:52
Fiber mnp,600,300,4,4,1,1,1,4,8,100,90,0.05,5,20,5,True,True,542.735,8,1500,1448,1448,0,24,10294.625,942,2168,True,True,271.116,8,1500,1448,1424,0,26,10799.125,754,2097,850,2131,6604,6841,6590,6846,13,31,13,07-27-202619:18:58,07-27-202619:19:37
Fiber mnp,600,300,4,4,1,1,1,4,8,100,90,0.05,5,20,5,True,True,542.359,8,1500,1448,1448,0,24,10329.375,859,2241,True,True,270.392,8,1500,1448,1425,0,33,10405.25,1025,1809,900,2088,6609,6866,6594,6878,14,30,62,07-27-202619:54:03,07-27-202619:54:41
Fiber mnp,600,300,4,4,1,1,1,4,8,100,90,0.05,5,20,5,True,True,542.974,8,1500,1448,1448,0,24,10488.25,820,2395,True,True,270.925,8,1500,1448,1424,0,36,10828,794,2168,814,2275,6617,6867,6597,6853,12,33,75,07-27-202620:03:41,07-27-202620:04:16
Fiber mnp,600,300,4,4,1,1,1,4,8,100,90,0.05,5,20,5,True,True,541.510,8,1500,1448,1448,0,24,10294.875,935,2604,True,True,271.604,8,1500,1448,1425,1,31,10886.125,764,2127,838,2389,6637,6863,6623,6866,13,35,9,07-27-202619:16:02,07-27-202619:16:40
Fiber mnp,600,300,4,4,1,1,1,4,8,100,90,0.05,5,20,5,True,True,542.602,8,1500,1448,1448,0,24,10206.25,956,2349,True,True,271.518,8,1500,1448,1425,1,94,10753.125,809,2098,881,2223,6613,6837,6627,6842,13,32,44,07-27-202619:40:49,07-27-202619:41:28
Fiber mnp,600,300,4,4,1,1,1,4,8,100,90,0.05,5,20,5,True,True,542.165,8,1500,1448,1448,0,24,10380.75,938,1990,True,True,270.011,8,1500,1448,1425,0,34,10731.875,853,2052,901,2055,6615,6850,6627,6837,14,30,48,07-27-202619:43:39,07-27-202619:44:21
Fiber mnp,600,300,4,4,1,1,1,4,8,100,90,0.05,5,20,5,False,True,542.981,8,1500,1448,1448,0,24,10295.25,874,2085,True,True,271.366,8,1500,1448,1424,0,25,10873.875,785,2158,839,2142,6627,6865,6595,6862,13,31,99,07-27-202620:21:13,07-27-202620:22:02
Fiber mnp,600,300,4,4,1,1,1,4,8,100,90,0.05,5,20,5,True,True,542.614,8,1500,1448,1448,0,24,10458.5,837,2160,True,True,270.737,8,1500,1448,1424,0,25,10696,745,2114,802,2147,6572,6831,6555,6833,12,31,56,07-27-202619:49:27,07-27-202619:50:13
Fiber mnp,600,300,4,4,1,1,1,4,8,100,90,0.05,5,20,5,True,True,542.428,8,1500,1448,1448,0,24,10137.125,958,2228,True,True,271.456,8,1500,1448,1424,0,25,10688,770,2137,834,2193,6620,6831,6619,6831,13,32,32,07-27-202619:32:22,07-27-202619:33:02
Fiber mnp,600,300,4,4,1,1,1,4,8,100,90,0.05,5,20,5,True,True,543.222,8,1500,1448,1448,0,24,10375.125,966,2254,True,True,271.616,8,1500,1448,1424,0,36,10796.625,745,2155,814,2203,6640,6845,6613,6849,12,32,78,07-27-202620:05:38,07-27-202620:06:17
Fiber mnp,600,300,4,4,1,1,1,4,8,100,90,0.05,5,20,5,True,True,542.615,8,1500,1448,1448,0,24,10455.5,805,2192,True,True,271.257,8,1500,1448,1424,0,27,10847,801,2017,805,2105,6628,6837,6623,6825,12,31,38,07-27-202619:36:33,07-27-202619:37:10
Fiber mnp,600,300,4,4,1,1,1,4,8,100,90,0.05,5,20,5,True,True,542.805,8,1500,1448,1448,0,24,10331.5,960,2070,True,True,272.369,8,1500,1448,1425,0,25,10848.5,749,2097,842,2088,6606,6858,6611,6863,13,30,26,07-27-202619:28:10,07-27-202619:28:46
Fiber mnp,600,300,4,4,1,1,1,4,8,100,90,0.05,5,20,5,True,True,542.554,8,1500,1448,1448,0,24,10572.375,759,2265,True,True,271.844,8,1500,1448,1423,0,50,10794.25,800,2020,774,2145,6621,6820,6610,6821,12,31,69,07-27-202619:59:04,07-27-202619:59:50
Fiber mnp,600,300,4,4,1,1,1,4,8,100,90,0.05,5,20,5,True,True,543.099,8,1500,1448,1448,0,24,10445.375,879,2460,True,True,272.101,8,1500,1448,1425,0,28,10911.25,791,1999,832,2247,6651,6862,6652,6866,13,33,34,07-27-202619:33:45,07-27-202619:34:21
Fiber mnp,600,300,4,4,1,1,1,4,8,100,90,0.05,5,20,5,True,True,543.165,8,1500,1448,1448,0,24,10672.125,714,2491,True,True,270.975,8,1500,1448,1424,0,25,10711.875,737,2155,721,2346,6650,6866,6642,6873,11,34,58,07-27-202619:51:10,07-27-202619:51:46
Fiber mnp,600,300,4,4,1,1,1,4,8,100,90,0.05,5,20,5,True,True,542.851,8,1500,1448,1448,0,24,10265.75,937,2161,True,True,270.856,8,1500,1448,1425,0,61,10510.625,955,2011,939,2083,6628,6863,6613,6867,14,30,30,07-27-202619:30:59,07-27-202619:31:37
Fiber mnp,600,300,4,4,1,1,1,4,8,100,90,0.05,5,20,5,True,True,543.508,8,1500,1448,1448,0,24,10690.25,810,1895,True,True,271.072,8,1500,1448,1424,0,27,10885.75,718,2078,772,2066,6600,6861,6613,6864,12,30,70,07-27-202619:59:53,07-27-202620:00:39
Fiber mnp,600,300,4,4,1,1,1,4,8,100,90,0.05,5,20,5,True,True,543.015,8,1500,1448,1448,0,24,10297,976,2107,True,True,271.101,8,1500,1448,1425,0,29,10974,801,2173,882,2160,6635,6827,6633,6829,13,32,24,07-27-202619:26:49,07-27-202619:27:28
Fiber mnp,600,300,4,4,1,1,1,4,8,100,90,0.05,5,20,5,True,True,542.992,8,1500,1448,1448,0,24,10077.5,922,2479,True,True,272.359,8,1500,1448,1424,0,27,10495.5,974,2003,935,2333,6633,6833,6619,6826,14,34,52,07-27-202619:46:34,07-27-202619:47:09
Fiber mnp,600,300,4,4,1,1,1,4,8,100,90,0.05,5,20,5,True,True,542.721,8,1500,1448,1448,0,24,10317.5,878,2058,True,True,271.366,8,1500,1448,1425,0,33,10804.875,788,2083,847,2087,6601,6836,6579,6836,13,31,36,07-27-202619:35:05,07-27-202619:35:48
Fiber mnp,600,300,4,4,1,1,1,4,8,100,90,0.05,5,20,5,True,True,542.664,8,1500,1448,1448,0,24,10326.75,922,2022,True,True,270.979,8,1500,1448,1425,0,27,10753.25,819,2066,876,2071,6649,6851,6649,6849,13,30,2,07-27-202619:11:06,07-27-202619:11:49
Fiber mnp,600,300,4,4,1,1,1,4,8,100,90,0.05,5,20,5,True,True,542.859,8,1500,1448,1448,0,24,10194.75,925,2507,True,True,270.248,8,1500,1448,1425,0,27,10713.75,748,2100,828,2296,6614,6858,6607,6863,13,33,5,07-27-202619:13:21,07-27-202619:13:59
Fiber mnp,600,300,4,4,1,1,1,4,8,100,90,0.05,5,20,5,True,True,542.294,8,1500,1448,1448,0,24,10837.5,743,1966,True,True,271.078,8,1500,1448,1424,0,29,10691.75,740,2113,741,2105,6615,6850,6592,6855,11,31,89,07-27-202620:13:51,07-27-202620:14:33
Fiber mnp,600,300,4,4,1,1,1,4,8,100,90,0.05,5,20,5,True,True,542.579,8,1500,1448,1448,1,24,10050.375,1120,2139,True,False,270.884,8,1500,1448,1425,0,31,10869.5,769,2084,850,2126,6627,6838,6624,6841,13,31,74,07-27-202620:02:49,07-27-202620:03:38
Fiber mnp,600,300,4,4,1,1,1,4,8,100,90,0.05,5,20,5,True,True,542.814,8,1500,1448,1448,0,24,10453.75,830,1979,True,True,269.128,8,1500,1448,1424,0,26,10846.75,820,1998,830,1994,6626,6869,6601,6874,13,29,91,07-27-202620:15:33,07-27-202620:16:09
Fiber mnp,600,300,4,4,1,1,1,4,8,100,90,0.05,5,20,5,True,True,542.989,8,1500,1448,1448,0,24,10564.125,764,2483,True,True,270.954,8,1500,1448,1424,0,59,10597.25,983,2015,795,2329,6613,6858,6603,6863,12,34,53,07-27-202619:47:12,07-27-202619:47:48
Fiber mnp,600,300,4,4,1,1,1,4,8,100,90,0.05,5,20,5,True,True,542.845,8,1500,1448,1448,0,24,10579.875,844,2224,True,True,270.836,8,1500,1448,1424,1,35,10733.125,805,2136,825,2182,6610,6859,6613,6833,12,32,21,07-27-202619:24:33,07-27-202619:25:12
Fiber mnp,600,300,4,4,1,1,1,4,8,100,90,0.05,5,20,5,True,True,542.529,8,1500,1448,1448,0,24,10526.25,858,2213,True,True,271.572,8,1500,1448,1425,0,24,10752.75,735,2070,814,2138,6631,6871,6619,6875,12,31,55,07-27-202619:48:43,07-27-202619:49:24
Fiber mnp,600,300,4,4,1,1,1,4,8,100,90,0.05,5,20,5,True,True,540.985,8,1500,1448,1448,0,24,10600.875,849,2602,True,True,270.483,8,1500,1448,1425,0,31,10810.5,797,2149,835,2415,6602,6839,6602,6841,13,35,27,07-27-202619:28:49,07-27-202619:29:25
Fiber mnp,600,300,4,4,1,1,1,4,8,100,90,0.05,5,20,5,True,True,542.483,8,1500,1448,1448,0,24,10562.625,795,2017,True,True,270.990,8,1500,1448,1424,1,36,10674.875,735,2103,774,2083,6620,6852,6584,6857,12,30,77,07-27-202620:04:59,07-27-202620:05:35
Fiber mnp,600,300,4,4,1,1,1,4,8,100,90,0.05,5,20,5,True,True,542.388,8,1500,1448,1448,0,24,10601.25,795,1875,True,True,271.394,8,1500,1448,1425,0,25,10994.125,764,2021,781,2003,6606,6857,6606,6855,12,29,85,07-27-202620:10:56,07-27-202620:11:37
Fiber mnp,600,300,4,4,1,1,1,4,8,100,90,0.05,5,20,5,True,True,543.897,8,1500,1448,1448,0,24,10290.75,888,2524,True,True,271.218,8,1500,1448,1425,0,25,10783.5,798,2055,840,2369,6604,6849,6605,6853,13,35,86,07-27-202620:11:40,07-27-202620:12:22
Fiber mnp,600,300,4,4,1,1,1,4,8,100,90,0.05,5,20,5,True,True,543.486,8,1500,1448,1448,0,24,10364.75,842,2089,True,True,271.271,8,1500,1448,1425,1,43,10879.25,770,2108,809,2128,6640,6870,6637,6878,12,31,18,07-27-202619:22:30,07-27-202619:23:07
Fiber mnp,600,300,4,4,1,1,1,4,8,100,90,0.05,5,20,5,True,True,542.607,8,1500,1448,1448,0,24,10265.5,908,2128,True,True,271.185,8,1500,1448,1424,0,27,10820.375,728,2101,785,2125,6616,6850,6616,6852,12,31,22,07-27-202619:25:15,07-27-202619:25:56
Fiber mnp,600,300,4,4,1,1,1,4,8,100,90,0.05,5,20,5,False,True,542.831,8,1500,1448,1448,0,24,10248.25,939,2240,True,True,270.729,8,1500,1448,1424,0,24,10786.75,708,2131,802,2186,6604,6862,6608,6868,12,32,81,07-27-202620:07:50,07-27-202620:08:39
Fiber mnp,600,300,4,4,1,1,1,4,8,100,90,0.05,5,20,5,True,False,542.927,8,1500,1448,1448,0,24,10756.875,745,2110,True,True,270.102,8,1500,1448,1425,0,25,10977,757,2083,753,2118,6610,6859,6614,6835,11,31,64,07-27-202619:55:23,07-27-202619:56:07
Fiber mnp,600,300,4,4,1,1,1,4,8,100,90,0.05,5,20,5,True,True,542.796,8,1500,1448,1448,0,24,10076.125,1100,2272,True,True,271.538,8,1500,1448,1425,0,32,10718.375,802,2156,889,2216,6609,6859,6590,6862,13,32,7,07-27-202619:14:41,07-27-202619:15:19
Fiber mnp,600,300,4,4,1,1,1,4,8,100,90,0.05,5,20,5,True,True,542.346,8,1500,1448,1448,0,24,10622.125,840,2112,True,True,270.761,8,1500,1448,1425,0,34,10838.5,718,2067,784,2091,6637,6850,6643,6854,12,31,76,07-27-202620:04:19,07-27-202620:04:55
Fiber mnp,600,300,4,4,1,1,1,4,8,100,90,0.05,5,20,5,True,True,542.947,8,1500,1448,1448,0,24,10310.125,905,2223,True,True,271.491,8,1500,1448,1424,1,49,10621.625,988,1940,926,2084,6631,6842,6624,6840,14,30,98,07-27-202620:20:33,07-27-202620:21:10
Fiber mnp,600,300,4,4,1,1,1,4,8,100,90,0.05,5,20,5,True,True,542.429,8,1500,1448,1448,0,24,10364.625,821,2291,True,True,270.672,8,1500,1448,1425,0,25,10738,737,2095,786,2190,6589,6831,6575,6837,12,32,19,07-27-202619:23:10,07-27-202619:23:50
Fiber mnp,600,300,4,4,1,1,1,4,8,100,90,0.05,5,20,5,True,True,543.304,8,1500,1448,1448,0,24,10201.75,869,2661,True,True,271.357,8,1500,1448,1424,0,27,10788,714,2073,791,2376,6622,6863,6551,6855,12,35,28,07-27-202619:29:28,07-27-202619:30:11
Fiber mnp,600,300,4,4,1,1,1,4,8,100,90,0.05,5,20,5,True,True,539.603,8,1500,1448,1448,0,24,10280,1025,2188,True,True,269.994,8,1500,1448,1424,0,40,10652,833,2114,910,2152,6617,6854,6628,6857,14,31,67,07-27-202619:57:36,07-27-202619:58:12
Fiber mnp,600,300,4,4,1,1,1,4,8,100,90,0.05,5,20,5,True,True,542.752,8,1500,1448,1448,0,24,10297.25,985,2251,True,True,270.757,8,1500,1448,1424,0,28,10937.75,789,2079,880,2163,6626,6861,6627,6865,13,32,61,07-27-202619:53:22,07-27-202619:54:00
Fiber mnp,600,300,4,4,1,1,1,4,8,100,90,0.05,5,20,5,True,True,542.710,8,1500,1448,1448,0,24,10699.375,783,2037,True,True,272.057,8,1500,1448,1424,0,90,10736.25,764,2049,777,2061,6618,6831,6616,6826,12,30,1,07-27-202619:10:26,07-27-202619:11:03
Fiber mnp,600,300,4,4,1,1,1,4,8,100,90,0.05,5,20,5,True,True,542.990,8,1500,1448,1448,0,24,10555.625,818,2319,True,True,271.362,8,1500,1448,1425,1,30,10769.5,785,2051,807,2191,6630,6842,6617,6840,12,32,66,07-27-202619:56:51,07-27-202619:57:33
Fiber mnp,600,300,4,4,1,1,1,4,8,100,90,0.05,5,20,5,True,True,542.767,8,1500,1448,1448,0,25,10748,747,2119,True,True,270.987,8,1500,1448,1424,0,26,10735.375,873,2114,772,2128,6586,6837,6577,6842,12,31,40,07-27-202619:37:53,07-27-202619:38:29
Fiber mnp,600,300,4,4,1,1,1,4,8,100,90,0.05,5,20,5,True,True,542.368,8,1500,1448,1448,0,24,10613.25,817,2193,True,True,270.304,8,1500,1448,1425,0,49,10585.25,943,1969,837,2108,6616,6851,6641,6851,13,31,73,07-27-202620:02:10,07-27-202620:02:46
Fiber mnp,600,300,4,4,1,1,1,4,8,100,90,0.05,5,20,5,True,True,542.622,8,1500,1448,1448,0,24,10431.625,812,1978,True,True,270.403,8,1500,1448,1424,0,29,10690.25,771,2103,796,2096,6647,6857,6634,6863,12,31,49,07-27-202619:44:25,07-27-202619:45:06
Fiber mnp,600,300,4,4,1,1,1,4,8,100,90,0.05,5,20,5,True,True,542.733,8,1500,1448,1448,0,24,10324.625,867,2374,True,True,270.949,8,1500,1448,1425,0,28,10703,947,1978,888,2216,6617,6852,6608,6858,13,32,60,07-27-202619:52:37,07-27-202619:53:19
Fiber mnp,600,300,4,4,1,1,1,4,8,100,90,0.05,5,20,5,True,True,542.690,8,1500,1448,1448,0,24,10591.25,826,2244,True,True,271.574,8,1500,1448,1425,0,25,10605.125,927,1962,855,2110,6619,6846,6625,6851,13,31,41,07-27-202619:38:33,07-27-202619:39:15
Fiber mnp,600,300,4,4,1,1,1,4,8,100,90,0.05,5,20,5,True,True,542.863,8,1500,1448,1448,0,24,10323.875,843,2248,True,True,271.275,8,1500,1448,1425,0,27,10836,763,2131,800,2186,6613,6821,6596,6817,12,32,10,07-27-202619:16:43,07-27-202619:17:19
Fiber mnp,600,300,4,4,1,1,1,4,8,100,90,0.05,5,20,5,True,True,542.966,8,1500,1448,1448,0,24,10325.875,883,2082,True,True,271.150,8,1500,1448,1424,0,27,10825.875,760,2115,830,2130,6636,6841,6613,6842,13,31,37,07-27-202619:35:51,07-27-202619:36:30
Fiber mnp,600,300,4,4,1,1,1,4,8,100,90,0.05,5,20,5,True,True,542.634,8,1500,1448,1448,0,24,10440.125,881,1890,True,False,271.210,8,1500,1448,1424,0,32,10794.25,776,2104,825,2094,6609,6838,6614,6844,12,31,100,07-27-202620:22:06,07-27-202620:22:51
Fiber mnp,600,300,4,4,1,1,1,4,8,100,90,0.05,5,20,5,True,True,542.392,8,1500,1448,1448,0,24,10180.875,1023,2190,True,True,271.955,8,1500,1448,1425,4,58,10700.75,833,1962,877,2100,6633,6865,6607,6862,13,31,35,07-27-202619:34:24,07-27-202619:35:01
Fiber mnp,600,300,4,4,1,1,1,4,8,100,90,0.05,5,20,5,True,True,543.572,8,1500,1448,1448,0,24,10482,834,2302,False,True,270.874,8,1500,1448,1425,3,42,10757,783,2078,816,2198,6642,6876,6639,6882,12,32,11,07-27-202619:17:22,07-27-202619:18:12
Fiber mnp,600,300,4,4,1,1,1,4,8,100,90,0.05,5,20,5,True,True,545.150,8,1500,1448,1448,0,24,10320.5,1062,2637,True,True,271.340,8,1500,1448,1424,0,41,10865,810,2138,904,2449,6624,6859,6639,6863,14,36,94,07-27-202620:17:38,07-27-202620:18:14
Fiber mnp,600,300,4,4,1,1,1,4,8,100,90,0.05,5,20,5,True,True,542.847,8,1500,1448,1448,1,24,10487.125,851,2033,True,True,270.744,8,1500,1448,1425,0,36,10709.875,780,2117,815,2114,6632,6853,6620,6850,12,31,87,07-27-202620:12:25,07-27-202620:13:08
Fiber mnp,600,300,4,4,1,1,1,4,8,100,90,0.05,5,20,5,True,False,542.877,8,1500,1448,1448,1,24,10524.375,766,2420,True,False,271.112,8,1500,1448,1424,0,27,11044.125,802,2084,774,2263,6630,6866,6629,6865,12,33,90,07-27-202620:14:37,07-27-202620:15:30
Fiber mnp,600,300,4,4,1,1,1,4,8,100,90,0.05,5,20,5,True,True,543.803,8,1500,1448,1448,0,24,10341.75,814,2095,True,True,271.622,8,1500,1448,1425,0,26,10710,871,2105,825,2107,6628,6843,6606,6844,12,31,6,07-27-202619:14:02,07-27-202619:14:38
Fiber mnp,600,300,4,4,1,1,1,4,8,100,90,0.05,5,20,5,True,True,542.591,8,1500,1448,1448,1,24,10284.25,926,2434,True,True,270.979,8,1500,1448,1424,0,29,10779.75,767,2175,830,2302,6625,6869,6616,6859,13,34,25,07-27-202619:27:31,07-27-202619:28:07
Fiber mnp,600,300,4,4,1,1,1,4,8,100,90,0.05,5,20,5,True,True,542.864,8,1500,1448,1448,0,24,10250.625,933,2118,True,True,271.714,8,1500,1448,1425,0,26,10901.75,800,2070,873,2102,6660,6862,6651,6855,13,31,65,07-27-202619:56:11,07-27-202619:56:48
Fiber mnp,600,300,4,4,1,1,1,4,8,100,90,0.05,5,20,5,True,True,543.105,8,1500,1448,1448,0,24,10195.25,963,2223,True,False,271.108,8,1500,1448,1424,0,29,10724.75,748,2136,809,2173,6644,6875,6627,6880,12,32,54,07-27-202619:47:52,07-27-202619:48:40
Fiber mnp,600,300,4,4,1,1,1,4,8,100,90,0.05,5,20,5,True,True,542.722,8,1500,1448,1448,0,24,10703.75,842,2158,True,True,271.103,8,1500,1448,1424,0,40,10662.125,806,2125,832,2150,6632,6850,6619,6845,13,31,39,07-27-202619:37:13,07-27-202619:37:50
Fiber mnp,600,300,4,4,1,1,1,4,8,100,90,0.05,5,20,5,True,True,542.866,8,1500,1448,1448,0,24,10507.875,862,2405,True,True,271.376,8,1500,1448,1424,0,27,10789.875,757,2121,810,2290,6609,6862,6600,6868,12,33,3,07-27-202619:11:52,07-27-202619:12:31
Fiber mnp,600,300,4,4,1,1,1,4,8,100,90,0.05,5,20,5,True,True,542.715,8,1500,1448,1448,0,24,10352.375,953,2536,True,True,272.072,8,1500,1448,1424,1,56,10595.375,916,1957,945,2372,6637,6834,6622,6823,14,35,97,07-27-202620:19:51,07-27-202620:20:30
Fiber mnp,600,300,4,4,1,1,1,4,8,100,90,0.05,5,20,5,True,True,542.973,8,1500,1448,1448,0,24,10507.375,849,2185,True,True,270.985,8,1500,1448,1424,0,27,10729.25,776,2067,814,2128,6598,6850,6587,6853,12,31,33,07-27-202619:33:05,07-27-202619:33:42
Fiber mnp,600,300,4,4,1,1,1,4,8,100,90,0.05,5,20,5,True,True,542.390,8,1500,1448,1448,0,24,10546.875,834,2216,True,True,270.386,8,1500,1448,1424,1,159,10831,822,2058,833,2139,6630,6848,6628,6851,13,31,47,07-27-202619:42:56,07-27-202619:43:36
Fiber mnp,600,300,4,4,1,1,1,4,8,100,90,0.05,5,20,5,True,True,541.363,8,1500,1448,1448,0,24,10291.25,907,2289,True,True,271.324,8,1500,1448,1425,0,32,10843,784,2022,852,2160,6634,6864,6634,6870,13,31,96,07-27-202620:19:11,07-27-202620:19:48
Fiber mnp,600,300,4,4,1,1,1,4,8,100,90,0.05,5,20,5,True,True,543.250,8,1500,1448,1448,1,24,10301.75,921,2340,True,True,270.985,8,1500,1448,1424,0,26,10890.25,747,2058,816,2221,6608,6832,6602,6836,12,32,72,07-27-202620:01:31,07-27-202620:02:07
Fiber mnp,600,300,4,4,1,1,1,4,8,100,90,0.05,5,20,5,True,True,542.773,8,1500,1448,1448,0,24,10253.875,945,2230,True,True,270.090,8,1500,1448,1425,0,29,10899.875,736,2150,812,2190,6612,6842,6590,6846,12,32,16,07-27-202619:21:07,07-27-202619:21:43
Fiber mnp,600,300,4,4,1,1,1,4,8,100,90,0.05,5,20,5,True,True,543.000,8,1500,1448,1448,0,24,10289.75,914,2334,True,True,269.900,8,1500,1448,1425,0,30,10713.125,743,2106,818,2225,6638,6842,6608,6834,12,33,8,07-27-202619:15:23,07-27-202619:15:59
Fiber mnp,600,300,4,4,1,1,1,4,8,100,90,0.05,5,20,5,True,False,542.523,8,1500,1448,1448,0,24,10559.25,+Inf,NaN,True,True,271.343,8,1500,1448,1424,1,106,10852.875,772,2087,777,2239,6642,6864,6627,6853,12,33,14,07-27-202619:19:40,07-27-202619:20:25
Fiber mnp,600,300,4,4,1,1,1,4,8,100,90,0.05,5,20,5,True,True,542.941,8,1500,1448,1448,0,24,10369.25,890,2064,True,True,271.324,8,1500,1448,1425,1,49,10555.375,856,2023,878,2042,6623,6832,6606,6834,13,30,82,07-27-202620:08:43,07-27-202620:09:19
Fiber mnp,600,300,4,4,1,1,1,4,8,100,90,0.05,5,20,5,True,True,543.403,8,1500,1448,1448,0,24,10362.875,834,2392,True,True,270.362,8,1500,1448,1424,0,28,10866.875,815,2061,833,2248,6628,6861,6622,6850,13,33,45,07-27-202619:41:32,07-27-202619:42:09
Fiber mnp,600,300,4,4,1,1,1,4,8,100,90,0.05,5,20,5,True,True,542.242,8,1500,1448,1448,0,24,10497.375,821,1843,True,True,271.707,8,1500,1448,1424,0,29,10872.625,711,2140,772,2128,6634,6853,6630,6858,12,31,43,07-27-202619:40:03,07-27-202619:40:46
Fiber mnp,600,300,4,4,1,1,1,4,8,100,90,0.05,5,20,5,True,True,542.608,8,1500,1448,1448,0,24,10346.75,926,2085,True,False,270.680,8,1500,1448,1424,1,34,10684.25,671,2126,799,2130,6621,6841,6648,6838,12,31,83,07-27-202620:09:22,07-27-202620:10:10
Fiber mnp,600,300,4,4,1,1,1,4,8,100,90,0.05,5,20,5,True,True,542.720,8,1500,1448,1448,0,24,10477.5,805,2224,True,True,272.070,8,1500,1448,1425,0,26,10826,744,2183,780,2207,6644,6854,6635,6856,12,32,63,07-27-202619:54:44,07-27-202619:55:20
Fiber mnp,600,300,4,4,1,1,1,4,8,100,90,0.05,5,20,5,True,True,543.098,8,1500,1448,1448,1,24,10299,890,2716,True,True,270.842,8,1500,1448,1424,0,33,10798.625,719,2112,792,2430,6631,6854,6611,6844,12,35,80,07-27-202620:07:02,07-27-202620:07:47
Fiber mnp,600,300,4,4,1,1,1,4,8,100,90,0.05,5,20,5,True,False,544.468,8,1500,1448,1448,0,24,10774.875,+Inf,NaN,True,True,270.776,8,1500,1448,1425,0,25,10859.5,689,2087,701,2087,6646,6848,6640,6852,11,30,59,07-27-202619:51:50,07-27-202619:52:34
Fiber mnp,600,300,4,4,1,1,1,4,8,100,90,0.05,5,20,5,True,True,542.676,8,1500,1448,1448,0,24,10018.375,1065,2395,True,True,271.370,8,1500,1448,1425,0,25,10831.25,830,2138,913,2271,6618,6849,6609,6853,14,33,15,07-27-202619:20:28,07-27-202619:21:04
Fiber mnp,600,300,4,4,1,1,1,4,8,100,90,0.05,5,20,5,True,True,542.691,8,1500,1448,1448,0,24,10334.125,918,1869,True,True,272.306,8,1500,1448,1425,0,30,10608.25,817,2075,868,2066,6644,6843,6626,6844,13,30,71,07-27-202620:00:42,07-27-202620:01:28
Fiber mnp,600,300,4,4,1,1,1,4,8,100,90,0.05,5,20,5,True,True,542.978,8,1500,1448,1448,0,24,10391.625,865,1958,True,True,270.744,8,1500,1448,1424,0,28,10800.875,859,2046,863,2040,6632,6840,6622,6845,13,30,42,07-27-202619:39:18,07-27-202619:40:00
Fiber mnp,600,300,4,4,1,1,1,4,8,100,90,0.05,5,20,5,True,True,542.858,8,1500,1448,1448,0,24,10599.25,786,2216,True,True,270.079,8,1500,1448,1425,0,35,10655,715,2091,767,2151,6627,6841,6632,6846,12,31,51,07-27-202619:45:51,07-27-202619:46:31
Fiber mnp,600,300,4,4,1,1,1,4,8,100,90,0.05,5,20,5,True,True,542.570,8,1500,1448,1448,0,24,10636.375,788,2365,True,True,271.306,8,1500,1448,1425,0,32,10771,783,2120,787,2254,6638,6838,6656,6837,12,33,57,07-27-202619:50:16,07-27-202619:51:07
Fiber mnp,600,300,4,4,1,1,1,4,8,100,90,0.05,5,20,5,True,True,543.018,8,1500,1448,1448,0,24,10239,1004,2868,True,True,271.586,8,1500,1448,1424,0,25,10807.25,808,2092,873,2563,6622,6832,6586,6828,13,38,88,07-27-202620:13:11,07-27-202620:13:48
Fiber mnp,600,300,4,4,1,1,1,4,8,100,90,0.05,5,20,5,True,True,543.157,8,1500,1448,1448,0,24,10118.875,1110,2129,True,True,270.745,8,1500,1448,1424,0,24,10870.75,714,2201,826,2185,6632,6865,6628,6870,12,32,4,07-27-202619:12:35,07-27-202619:13:18
Fiber mnp,600,300,4,4,1,1,1,4,8,100,90,0.05,5,20,5,True,True,542.863,8,1500,1448,1448,0,24,10347.5,895,2076,True,True,271.269,8,1500,1448,1424,0,31,10828,981,1985,918,2031,6626,6842,6646,6834,14,30,12,07-27-202619:18:16,07-27-202619:18:55
Fiber mnp,600,300,4,4,1,1,1,4,1,100,90,0.05,5,20,5,True,True,459.863,1,1500,1448,1448,0,3,8092,6402,6834,True,True,271.474,1,1500,1448,1424,0,12,9527,2860,3147,2898,6808,6650,6861,6642,6864,44,99,79,07-27-202618:55:12,07-27-202618:55:51
Fiber mnp,600,300,4,4,1,1,1,4,1,100,90,0.05,5,20,5,True,False,459.081,1,1500,1448,1448,0,3,8153,6337,6874,True,True,271.720,1,1500,1448,1424,0,6,9519,2873,3069,2930,6850,6641,6856,6621,6854,44,100,50,07-27-202618:34:59,07-27-202618:35:43
Fiber mnp,600,300,4,4,1,1,1,4,1,100,90,0.05,5,20,5,True,True,469.418,1,1500,1448,1448,0,3,8173,6406,6898,True,True,270.116,1,1500,1448,1425,0,5,9566,2867,3181,2909,6863,6604,6838,6590,6842,44,100,23,07-27-202618:16:15,07-27-202618:16:56
Fiber mnp,600,300,4,4,1,1,1,4,1,100,90,0.05,5,20,5,True,True,471.865,1,1500,1448,1448,0,3,8153,6373,6855,True,True,271.370,1,1500,1448,1425,1,14,9519,2861,3141,2909,6828,6618,6840,6618,6815,44,100,68,07-27-202618:47:31,07-27-202618:48:10
Fiber mnp,600,300,4,4,1,1,1,4,1,100,90,0.05,5,20,5,True,True,458.478,1,1500,1448,1448,0,3,8163,6349,6844,True,True,271.556,1,1500,1448,1425,0,37,9613,2881,3090,2918,6817,6631,6832,6606,6836,44,100,92,07-27-202619:03:59,07-27-202619:04:38
Fiber mnp,600,300,4,4,1,1,1,4,1,100,90,0.05,5,20,5,True,True,447.611,1,1500,1448,1448,0,3,8161,6357,6854,True,True,271.797,1,1500,1448,1425,0,7,9529,2878,3078,2922,6831,6624,6842,6622,6846,44,100,95,07-27-202619:06:07,07-27-202619:06:45
Fiber mnp,600,300,4,4,1,1,1,4,1,100,90,0.05,5,20,5,True,True,461.577,1,1500,1448,1448,0,3,8115,6369,6880,True,True,271.367,1,1500,1448,1424,0,14,9545,2867,3118,2913,6844,6635,6863,6625,6870,44,100,46,07-27-202618:32:00,07-27-202618:32:37
Fiber mnp,600,300,4,4,1,1,1,4,1,100,90,0.05,5,20,5,True,True,473.890,1,1500,1448,1448,0,3,8135,6194,6886,True,True,271.471,1,1500,1448,1424,3,12,9556,2873,3075,2917,6856,6601,6851,6566,6857,44,100,93,07-27-202619:04:41,07-27-202619:05:19
Fiber mnp,600,300,4,4,1,1,1,4,1,100,90,0.05,5,20,5,True,True,459.353,1,1500,1448,1448,0,3,8127,6413,6888,True,False,271.603,1,1500,1448,1425,0,9,9558,2867,3138,2947,6870,6634,6872,6637,6876,44,100,17,07-27-202618:12:05,07-27-202618:12:49
Fiber mnp,600,300,4,4,1,1,1,4,1,100,90,0.05,5,20,5,True,True,483.093,1,1500,1448,1448,0,3,8135,6344,6871,True,True,271.529,1,1500,1448,1425,0,15,9473,2879,3073,2930,6840,6621,6854,6618,6858,44,100,29,07-27-202618:20:26,07-27-202618:21:07
Fiber mnp,600,300,4,4,1,1,1,4,1,100,90,0.05,5,20,5,True,True,476.491,1,1500,1448,1448,0,3,8118,6406,6869,True,True,271.612,1,1500,1448,1424,0,11,9492,2865,3152,2927,6834,6625,6851,6620,6852,44,100,20,07-27-202618:14:17,07-27-202618:14:52
Fiber mnp,600,300,4,4,1,1,1,4,1,100,90,0.05,5,20,5,True,True,426.903,1,1500,1448,1448,0,3,8162,6429,6864,True,True,272.094,1,1500,1448,1425,0,13,9492,2863,3112,2909,6835,6628,6841,6628,6845,44,100,31,07-27-202618:21:54,07-27-202618:22:38
Fiber mnp,600,300,4,4,1,1,1,4,1,100,90,0.05,5,20,5,True,True,455.406,1,1500,1448,1448,0,3,8161,6370,6866,True,True,271.619,1,1500,1448,1425,0,7,9481,2878,3220,2920,6834,6635,6848,6624,6850,44,100,84,07-27-202618:58:32,07-27-202618:59:09
Fiber mnp,600,300,4,4,1,1,1,4,1,100,90,0.05,5,20,5,True,True,444.459,1,1500,1448,1448,0,3,8165,6426,6860,True,True,271.694,1,1500,1448,1424,0,6,9369,2876,3166,2915,6826,6650,6841,6641,6846,44,100,13,07-27-202618:09:23,07-27-202618:10:01
Fiber mnp,600,300,4,4,1,1,1,4,1,100,90,0.05,5,20,5,True,True,451.485,1,1500,1448,1448,0,3,8122,6377,6885,True,True,271.722,1,1500,1448,1424,0,7,9484,2862,3129,2913,6857,6595,6848,6585,6843,44,100,62,07-27-202618:43:25,07-27-202618:44:00
Fiber mnp,600,300,4,4,1,1,1,4,1,100,90,0.05,5,20,5,True,True,476.794,1,1500,1448,1448,0,3,8155,6408,6873,True,True,271.574,1,1500,1448,1425,0,21,9497,2844,3128,2901,6838,6621,6853,6616,6859,44,100,75,07-27-202618:52:23,07-27-202618:53:01
Fiber mnp,600,300,4,4,1,1,1,4,1,100,90,0.05,5,20,5,True,True,468.990,1,1500,1448,1448,0,3,8139,6442,6882,True,True,271.603,1,1500,1448,1425,0,8,9554,2875,3098,2917,6853,6604,6853,6597,6853,44,100,9,07-27-202618:06:41,07-27-202618:07:16
Fiber mnp,600,300,4,4,1,1,1,4,1,100,90,0.05,5,20,5,True,True,465.523,1,1500,1448,1448,0,3,8131,6397,6861,True,True,271.488,1,1500,1448,1424,0,17,9297,2873,3169,2919,6831,6621,6865,6618,6869,44,99,44,07-27-202618:30:41,07-27-202618:31:19
Fiber mnp,600,300,4,4,1,1,1,4,1,100,90,0.05,5,20,5,True,True,446.619,1,1500,1448,1448,0,3,8165,6424,6840,True,True,271.746,1,1500,1448,1425,0,20,9117,2888,3197,2928,6812,6606,6824,6603,6828,44,100,48,07-27-202618:33:27,07-27-202618:34:02
Fiber mnp,600,300,4,4,1,1,1,4,1,100,90,0.05,5,20,5,True,True,465.862,1,1500,1448,1448,0,3,8103,6434,6867,True,True,271.620,1,1500,1448,1425,1,99,9507,2873,3115,2917,6836,6646,6848,6648,6849,44,100,99,07-27-202619:09:00,07-27-202619:09:38
Fiber mnp,600,300,4,4,1,1,1,4,1,100,90,0.05,5,20,5,True,True,493.793,1,1500,1448,1448,0,3,8172,6395,6879,True,True,271.479,1,1500,1448,1424,0,4,9554,2869,3088,2908,6845,6619,6824,6616,6823,44,100,56,07-27-202618:39:17,07-27-202618:39:52
Fiber mnp,600,300,4,4,1,1,1,4,1,100,90,0.05,5,20,5,True,True,482.223,1,1500,1448,1448,0,3,8146,6405,6877,True,True,271.604,1,1500,1448,1425,0,9,9501,2868,3121,2907,6840,6618,6845,6615,6849,44,100,32,07-27-202618:22:41,07-27-202618:23:19
Fiber mnp,600,300,4,4,1,1,1,4,1,100,90,0.05,5,20,5,True,True,499.968,1,1500,1448,1448,0,3,9541,6368,6855,True,True,271.737,1,1500,1448,438,0,21,9519,2874,3117,2907,6830,6628,6856,6628,6861,44,100,78,07-27-202618:54:34,07-27-202618:55:09
Fiber mnp,600,300,4,4,1,1,1,4,1,100,90,0.05,5,20,5,True,True,456.591,1,1500,1448,1448,0,3,8126,6399,6896,True,True,271.450,1,1500,1448,1424,0,28,9557,2866,3101,2901,6860,6615,6849,6603,6851,44,100,38,07-27-202618:26:40,07-27-202618:27:17
Fiber mnp,600,300,4,4,1,1,1,4,1,100,90,0.05,5,20,5,True,True,438.374,1,1500,1448,1448,0,3,8109,6424,6881,True,True,270.886,1,1500,1448,1425,0,16,9473,2863,3091,2910,6845,6607,6864,6580,6857,44,100,26,07-27-202618:18:22,07-27-202618:18:58
Fiber mnp,600,300,4,4,1,1,1,4,1,100,90,0.05,5,20,5,True,True,453.794,1,1500,1448,1448,0,3,8151,6442,6884,True,True,271.343,1,1500,1448,1424,0,8,9597,2886,3173,2927,6854,6630,6839,6600,6843,44,100,69,07-27-202618:48:13,07-27-202618:48:56
Fiber mnp,600,300,4,4,1,1,1,4,1,100,90,0.05,5,20,5,True,True,467.726,1,1500,1448,1448,0,3,8126,6374,6868,True,True,271.605,1,1500,1448,1424,0,29,9496,2873,3155,2914,6845,6642,6837,6634,6839,44,100,34,07-27-202618:24:01,07-27-202618:24:39
Fiber mnp,600,300,4,4,1,1,1,4,1,100,90,0.05,5,20,5,True,True,468.351,1,1500,1448,1448,1,3,8122,6434,6875,True,True,271.683,1,1500,1448,1425,0,8,9491,2887,3084,2921,6842,6620,6851,6640,6828,44,100,58,07-27-202618:40:34,07-27-202618:41:21
Fiber mnp,600,300,4,4,1,1,1,4,1,100,90,0.05,5,20,5,True,True,465.470,1,1500,1448,1448,0,3,8142,6340,6868,True,True,271.740,1,1500,1448,1425,0,7,9517,2871,3077,2907,6836,6632,6860,6586,6853,44,100,30,07-27-202618:21:10,07-27-202618:21:51
Fiber mnp,600,300,4,4,1,1,1,4,1,100,90,0.05,5,20,5,True,True,474.088,1,1500,1448,1448,0,3,8114,6440,6872,True,True,271.608,1,1500,1448,1425,0,7,9510,2869,3092,2922,6839,6566,6838,6616,6843,44,100,70,07-27-202618:48:59,07-27-202618:49:34
Fiber mnp,600,300,4,4,1,1,1,4,1,100,90,0.05,5,20,5,True,True,483.193,1,1500,1448,1448,0,3,8123,5704,6885,True,True,271.620,1,1500,1448,1425,0,6,9485,2880,3159,2927,6848,6622,6844,6627,6842,44,100,24,07-27-202618:16:59,07-27-202618:17:40
Fiber mnp,600,300,4,4,1,1,1,4,1,100,90,0.05,5,20,5,True,True,471.919,1,1500,1448,1448,0,3,8137,6445,6885,True,True,271.518,1,1500,1448,1425,0,43,9502,2872,3119,2907,6860,6623,6859,6626,6867,44,100,52,07-27-202618:36:28,07-27-202618:37:03
Fiber mnp,600,300,4,4,1,1,1,4,1,100,90,0.05,5,20,5,True,True,438.358,1,1500,1448,1448,0,3,8168,6444,6888,True,True,271.390,1,1500,1448,1424,0,14,9624,2861,3327,2904,6863,6604,6832,6604,6836,44,100,36,07-27-202618:25:20,07-27-202618:25:58
Fiber mnp,600,300,4,4,1,1,1,4,1,100,90,0.05,5,20,5,True,True,430.434,1,1500,1448,1448,0,3,8097,6437,6873,True,True,271.448,1,1500,1448,1424,0,6,9517,2865,3133,2910,6842,6627,6844,6613,6847,44,100,2,07-27-202618:01:40,07-27-202618:02:15
Fiber mnp,600,300,4,4,1,1,1,4,1,100,90,0.05,5,20,5,True,True,486.743,1,1500,1448,1448,0,3,8157,6390,6900,True,True,271.619,1,1500,1448,1424,0,17,9570,2874,3214,2919,6863,6630,6888,6606,6894,44,100,5,07-27-202618:03:36,07-27-202618:04:19
Fiber mnp,600,300,4,4,1,1,1,4,1,100,90,0.05,5,20,5,True,True,474.821,1,1500,1448,1448,0,3,8131,6386,6868,True,True,271.703,1,1500,1448,1425,0,6,9589,2872,3110,2904,6841,6624,6840,6613,6839,44,100,89,07-27-202619:02:01,07-27-202619:02:36
Fiber mnp,600,300,4,4,1,1,1,4,1,100,90,0.05,5,20,5,True,True,450.286,1,1500,1448,1448,0,3,8107,6402,6879,True,True,271.470,1,1500,1448,1425,0,5,9556,2858,3179,2905,6838,6621,6841,6619,6841,44,100,74,07-27-202618:51:38,07-27-202618:52:20
Fiber mnp,600,300,4,4,1,1,1,4,1,100,90,0.05,5,20,5,True,True,481.564,1,1500,1448,1448,0,3,8178,6447,6879,True,True,271.614,1,1500,1448,1425,0,9,9507,2874,3476,2913,6849,6639,6846,6626,6850,44,100,91,07-27-202619:03:18,07-27-202619:03:55
Fiber mnp,600,300,4,4,1,1,1,4,1,100,90,0.05,5,20,5,True,True,476.861,1,1500,1448,1448,0,3,9491,6442,6879,True,True,271.402,1,1500,1448,1425,1,19,9338,2884,3147,2919,6846,6641,6845,6641,6850,44,100,53,07-27-202618:37:06,07-27-202618:37:45
Fiber mnp,600,300,4,4,1,1,1,4,1,100,90,0.05,5,20,5,True,True,487.104,1,1500,1448,1448,0,3,8122,6434,6899,True,True,271.588,1,1500,1448,1424,0,17,9515,2859,3129,2909,6864,6607,6863,6565,6862,44,100,21,07-27-202618:14:55,07-27-202618:15:33
Fiber mnp,600,300,4,4,1,1,1,4,1,100,90,0.05,5,20,5,True,True,466.722,1,1500,1448,1448,0,3,8130,6455,6862,True,True,271.723,1,1500,1448,1425,0,22,9558,2868,3092,2907,6833,6625,6860,6624,6867,44,100,55,07-27-202618:38:35,07-27-202618:39:14
Fiber mnp,600,300,4,4,1,1,1,4,1,100,90,0.05,5,20,5,True,True,481.112,1,1500,1448,1448,0,3,8099,6434,6871,True,True,271.849,1,1500,1448,1424,2,166,9776,2875,3083,2920,6841,6646,6872,6639,6876,44,99,27,07-27-202618:19:01,07-27-202618:19:42
Fiber mnp,600,300,4,4,1,1,1,4,1,100,90,0.05,5,20,5,True,True,466.071,1,1500,1448,1448,0,3,8095,6447,6877,True,True,271.739,1,1500,1448,1424,0,9,9519,2877,3094,2918,6847,6629,6856,6636,6860,44,100,77,07-27-202618:53:49,07-27-202618:54:31
Fiber mnp,600,300,4,4,1,1,1,4,1,100,90,0.05,5,20,5,True,True,469.351,1,1500,1448,1448,0,3,8110,6429,6875,True,False,271.741,1,1500,1448,1424,0,6,9586,2880,3077,2918,6837,6629,6848,6623,6851,44,100,85,07-27-202618:59:12,07-27-202618:59:57
Fiber mnp,600,300,4,4,1,1,1,4,1,100,90,0.05,5,20,5,True,True,471.803,1,1500,1448,1448,0,3,8174,6437,6864,True,True,270.969,1,1500,1448,1425,0,5,9662,2864,3170,2902,6833,6628,6840,6621,6838,44,100,86,07-27-202619:00:01,07-27-202619:00:37
Fiber mnp,600,300,4,4,1,1,1,4,1,100,90,0.05,5,20,5,True,True,475.099,1,1500,1448,1448,0,3,8128,6433,6861,True,True,271.744,1,1500,1448,1425,0,9,9526,2873,3105,2931,6830,6631,6830,6625,6832,44,100,18,07-27-202618:12:53,07-27-202618:13:36
Fiber mnp,600,300,4,4,1,1,1,4,1,100,90,0.05,5,20,5,True,True,507.371,1,1500,1448,1448,0,3,9210,6385,6866,True,True,271.618,1,1500,1448,1425,0,13,9511,2883,3080,2913,6830,6638,6860,6634,6864,44,100,22,07-27-202618:15:36,07-27-202618:16:11
Fiber mnp,600,300,4,4,1,1,1,4,1,100,90,0.05,5,20,5,True,True,482.348,1,1500,1448,1448,0,3,8136,6204,6878,True,True,271.620,1,1500,1448,1424,1,14,9537,2864,3107,2906,6851,6615,6845,6612,6850,44,100,81,07-27-202618:56:36,07-27-202618:57:12
Fiber mnp,600,300,4,4,1,1,1,4,1,100,90,0.05,5,20,5,True,True,447.111,1,1500,1448,1448,0,3,8118,6429,6878,True,True,271.480,1,1500,1448,1425,1,99,9769,2874,3114,2928,6845,6637,6855,6637,6861,44,100,64,07-27-202618:44:44,07-27-202618:45:22
Fiber mnp,600,300,4,4,1,1,1,4,1,100,90,0.05,5,20,5,True,True,488.434,1,1500,1448,1448,0,3,8123,6348,6850,True,True,271.604,1,1500,1448,1424,0,24,9515,2868,3170,2914,6824,6616,6846,6619,6823,44,100,7,07-27-202618:05:09,07-27-202618:05:51
Fiber mnp,600,300,4,4,1,1,1,4,1,100,90,0.05,5,20,5,True,True,457.971,1,1500,1448,1448,0,3,8131,6453,6868,True,True,271.708,1,1500,1448,1425,0,5,9520,2857,3130,2902,6838,6626,6852,6623,6857,44,100,76,07-27-202618:53:05,07-27-202618:53:46
Fiber mnp,600,300,4,4,1,1,1,4,1,100,90,0.05,5,20,5,True,True,480.107,1,1500,1448,1448,0,3,8185,6424,6862,True,True,271.720,1,1500,1448,1425,0,4,9598,2875,3047,2914,6832,6632,6851,6625,6854,44,100,98,07-27-202619:08:16,07-27-202619:08:57
Fiber mnp,600,300,4,4,1,1,1,4,1,100,90,0.05,5,20,5,True,True,484.798,1,1500,1448,1448,0,3,8095,6481,6887,True,True,271.469,1,1500,1448,1424,0,7,9406,2862,3147,2897,6853,6599,6837,6566,6839,44,100,19,07-27-202618:13:39,07-27-202618:14:14
Fiber mnp,600,300,4,4,1,1,1,4,1,100,90,0.05,5,20,5,True,True,480.039,1,1500,1448,1448,0,3,8137,6373,6843,True,True,271.479,1,1500,1448,1425,0,20,9322,2866,3115,2899,6814,6661,6869,6660,6876,44,99,28,07-27-202618:19:45,07-27-202618:20:23
Fiber mnp,600,300,4,4,1,1,1,4,1,100,90,0.05,5,20,5,True,True,443.798,1,1500,1448,1448,1,3,8155,6382,6859,True,True,271.655,1,1500,1448,1424,0,8,9529,2872,3068,2915,6826,6638,6855,6638,6859,44,100,67,07-27-202618:46:49,07-27-202618:47:28
Fiber mnp,600,300,4,4,1,1,1,4,1,100,90,0.05,5,20,5,True,True,459.731,1,1500,1448,1448,0,3,8150,6436,6893,True,True,271.573,1,1500,1448,1425,0,12,9357,2864,3131,2902,6861,6630,6890,6624,6895,44,100,61,07-27-202618:42:46,07-27-202618:43:21
Fiber mnp,600,300,4,4,1,1,1,4,1,100,90,0.05,5,20,5,True,True,435.115,1,1500,1448,1448,0,3,8098,6487,6866,True,True,271.680,1,1500,1448,1424,0,32,9390,2881,3136,2915,6838,6631,6853,6632,6858,44,100,1,07-27-202618:00:57,07-27-202618:01:37
Fiber mnp,600,300,4,4,1,1,1,4,1,100,90,0.05,5,20,5,True,True,455.487,1,1500,1448,1448,1,3,8129,6412,6859,True,True,271.494,1,1500,1448,1424,0,7,9504,2868,3095,2910,6837,6635,6841,6635,6844,44,100,66,07-27-202618:46:09,07-27-202618:46:46
Fiber mnp,600,300,4,4,1,1,1,4,1,100,90,0.05,5,20,5,True,True,462.291,1,1500,1448,1448,0,3,8131,6434,6866,True,True,271.550,1,1500,1448,1425,0,11,9528,2858,3164,2918,6838,6627,6859,6618,6864,44,100,40,07-27-202618:28:01,07-27-202618:28:36
Fiber mnp,600,300,4,4,1,1,1,4,1,100,90,0.05,5,20,5,True,True,479.106,1,1500,1448,1448,0,3,8108,6440,6863,True,True,271.969,1,1500,1448,1425,1,96,9527,2856,3073,2902,6836,6629,6853,6620,6852,44,100,73,07-27-202618:50:57,07-27-202618:51:35
Fiber mnp,600,300,4,4,1,1,1,4,1,100,90,0.05,5,20,5,True,True,489.601,1,1500,1448,1448,0,3,8124,6377,6856,True,False,271.641,1,1500,1448,1424,0,6,9489,2872,3104,2909,6824,6617,6853,6617,6837,44,100,49,07-27-202618:34:05,07-27-202618:34:56
Fiber mnp,600,300,4,4,1,1,1,4,1,100,90,0.05,5,20,5,True,True,499.075,1,1500,1448,1448,0,3,8115,6469,6884,True,True,271.604,1,1500,1448,1425,0,8,10074,2859,3192,2894,6854,6625,6844,6625,6847,44,100,60,07-27-202618:42:05,07-27-202618:42:43
Fiber mnp,600,300,4,4,1,1,1,4,1,100,90,0.05,5,20,5,True,True,488.608,1,1500,1448,1448,0,3,8099,6403,6895,True,True,271.477,1,1500,1448,1425,0,7,9485,2868,3080,2913,6855,6636,6855,6613,6865,44,100,41,07-27-202618:28:39,07-27-202618:29:14
Fiber mnp,600,300,4,4,1,1,1,4,1,100,90,0.05,5,20,5,True,True,479.988,1,1500,1448,1448,0,3,8131,6451,6858,True,True,271.470,1,1500,1448,1425,0,11,9123,2874,3186,2906,6831,6644,6838,6624,6841,44,100,10,07-27-202618:07:19,07-27-202618:07:59
Fiber mnp,600,300,4,4,1,1,1,4,1,100,90,0.05,5,20,5,True,True,427.043,1,1500,1448,1448,0,3,8148,6451,6877,True,True,271.692,1,1500,1448,1424,0,13,9470,2870,3143,2920,6839,6632,6845,6628,6846,44,100,37,07-27-202618:26:01,07-27-202618:26:37
Fiber mnp,600,300,4,4,1,1,1,4,1,100,90,0.05,5,20,5,True,True,463.227,1,1500,1448,1448,0,3,8136,6076,6871,True,True,271.834,1,1500,1448,1425,1,7,9509,2866,3152,2904,6837,6635,6860,6630,6864,44,100,100,07-27-202619:09:42,07-27-202619:10:23
Fiber mnp,600,300,4,4,1,1,1,4,1,100,90,0.05,5,20,5,True,True,455.115,1,1500,1448,1448,0,3,8103,6375,6879,True,True,271.697,1,1500,1448,1424,2,15,9530,2877,3135,2919,6844,6623,6839,6613,6836,44,100,35,07-27-202618:24:42,07-27-202618:25:17
Fiber mnp,600,300,4,4,1,1,1,4,1,100,90,0.05,5,20,5,True,True,471.462,1,1500,1448,1448,0,3,8156,6437,6871,True,True,271.736,1,1500,1448,1424,1,77,9507,2861,3108,2908,6841,6612,6821,6608,6825,44,100,11,07-27-202618:08:02,07-27-202618:08:38
Fiber mnp,600,300,4,4,1,1,1,4,1,100,90,0.05,5,20,5,True,True,500.363,1,1500,1448,1448,0,3,8131,6313,6865,True,True,271.635,1,1500,1448,1424,1,16,9564,2853,3090,2897,6832,6625,6868,6625,6866,44,100,94,07-27-202619:05:22,07-27-202619:06:04
Fiber mnp,600,300,4,4,1,1,1,4,1,100,90,0.05,5,20,5,True,True,489.605,1,1500,1448,1448,0,3,8124,6427,6882,True,True,271.437,1,1500,1448,1423,0,7,9528,2867,3218,2913,6844,6651,6847,6655,6850,44,100,87,07-27-202619:00:40,07-27-202619:01:16
Fiber mnp,600,300,4,4,1,1,1,4,1,100,90,0.05,5,20,5,True,True,452.614,1,1500,1448,1448,0,3,8163,6415,6886,True,True,271.354,1,1500,1448,1424,1,52,9469,2869,3113,2921,6846,6640,6838,6614,6843,44,100,90,07-27-202619:02:39,07-27-202619:03:15
Fiber mnp,600,300,4,4,1,1,1,4,1,100,90,0.05,5,20,5,True,False,515.488,1,1500,1448,1448,0,3,8092,6385,6881,True,True,271.956,1,1500,1448,1424,0,8,9531,2873,3111,2928,6860,6628,6861,6608,6867,44,100,6,07-27-202618:04:22,07-27-202618:05:06
Fiber mnp,600,300,4,4,1,1,1,4,1,100,90,0.05,5,20,5,True,True,486.721,1,1500,1448,1448,0,3,8115,6363,6879,True,True,271.436,1,1500,1448,1425,0,18,9531,2860,3106,2902,6849,6611,6833,6589,6831,44,100,25,07-27-202618:17:43,07-27-202618:18:19
Fiber mnp,600,300,4,4,1,1,1,4,1,100,90,0.05,5,20,5,True,True,451.241,1,1500,1448,1448,0,3,8126,6379,6880,True,True,271.476,1,1500,1448,1424,0,10,9506,2864,3235,2909,6841,6640,6838,6631,6842,44,100,65,07-27-202618:45:26,07-27-202618:46:06
Fiber mnp,600,300,4,4,1,1,1,4,1,100,90,0.05,5,20,5,True,True,474.198,1,1500,1448,1448,0,3,8144,6430,6867,True,True,271.719,1,1500,1448,1425,0,28,9552,2870,3070,2910,6841,6614,6853,6611,6838,44,100,54,07-27-202618:37:48,07-27-202618:38:32
Fiber mnp,600,300,4,4,1,1,1,4,1,100,90,0.05,5,20,5,True,True,473.720,1,1500,1448,1448,0,3,8116,6423,6862,True,True,271.559,1,1500,1448,1425,0,9,9522,2879,3098,2928,6833,6603,6840,6595,6843,44,100,39,07-27-202618:27:20,07-27-202618:27:58
Fiber mnp,600,300,4,4,1,1,1,4,1,100,90,0.05,5,20,5,True,True,456.513,1,1500,1448,1448,0,3,8114,6441,6868,True,True,271.614,1,1500,1448,1425,0,7,9576,2868,3097,2906,6837,6589,6839,6545,6842,44,100,3,07-27-202618:02:18,07-27-202618:02:54
Fiber mnp,600,300,4,4,1,1,1,4,1,100,90,0.05,5,20,5,True,True,454.610,1,1500,1448,1448,0,3,8115,6282,6898,True,True,271.523,1,1500,1448,1425,0,10,9527,2862,3108,2900,6864,6624,6858,6670,6857,43,100,97,07-27-202619:07:32,07-27-202619:08:13
Fiber mnp,600,300,4,4,1,1,1,4,1,100,90,0.05,5,20,5,True,True,439.989,1,1500,1448,1448,0,3,8136,6423,6843,True,True,271.485,1,1500,1448,1425,0,34,9302,2863,3245,2916,6818,6626,6878,6620,6884,44,99,33,07-27-202618:23:22,07-27-202618:23:57
Fiber mnp,600,300,4,4,1,1,1,4,1,100,90,0.05,5,20,5,True,True,470.322,1,1500,1448,1448,0,3,8115,6389,6843,True,True,272.094,1,1500,1448,1425,1,19,9613,2882,3107,2919,6816,6637,6864,6641,6869,44,99,47,07-27-202618:32:41,07-27-202618:33:24
Fiber mnp,600,300,4,4,1,1,1,4,1,100,90,0.05,5,20,5,True,True,445.225,1,1500,1448,1448,0,3,8146,6425,6886,True,True,271.237,1,1500,1448,1425,1,98,9507,2857,3076,2899,6849,6629,6853,6629,6858,44,100,96,07-27-202619:06:49,07-27-202619:07:29
Fiber mnp,600,300,4,4,1,1,1,4,1,100,90,0.05,5,20,5,True,True,471.919,1,1500,1448,1448,0,3,8169,6436,6894,True,True,271.615,1,1500,1448,1425,0,25,9605,2880,3055,2912,6854,6637,6832,6628,6833,44,100,72,07-27-202618:50:17,07-27-202618:50:54
Fiber mnp,600,300,4,4,1,1,1,4,1,100,90,0.05,5,20,5,True,True,460.226,1,1500,1448,1448,0,3,8178,6376,6842,True,True,272.244,1,1500,1448,1424,0,36,9506,2867,3174,2920,6807,6633,6843,6618,6847,44,99,16,07-27-202618:11:25,07-27-202618:12:02
Fiber mnp,600,300,4,4,1,1,1,4,1,100,90,0.05,5,20,5,True,True,473.347,1,1500,1448,1448,1,3,8134,6362,6845,True,True,271.698,1,1500,1448,1424,0,20,9467,2871,3107,2911,6817,6629,6829,6627,6828,44,100,8,07-27-202618:05:54,07-27-202618:06:37
Fiber mnp,600,300,4,4,1,1,1,4,1,100,90,0.05,5,20,5,True,True,453.279,1,1500,1448,1448,0,3,8117,6314,6869,True,True,271.470,1,1500,1448,1424,0,11,9506,2871,3095,2912,6839,6644,6856,6645,6860,44,100,14,07-27-202618:10:05,07-27-202618:10:44
Fiber mnp,600,300,4,4,1,1,1,4,1,100,90,0.05,5,20,5,True,True,505.610,1,1500,1448,1448,0,3,8092,6457,6886,True,True,271.548,1,1500,1448,1424,0,6,9520,2870,3119,2919,6857,6634,6873,6625,6879,44,100,82,07-27-202618:57:15,07-27-202618:57:50
Fiber mnp,600,300,4,4,1,1,1,4,1,100,90,0.05,5,20,5,True,True,453.482,1,1500,1448,1448,0,3,8179,6372,6871,True,True,272.172,1,1500,1448,1425,0,8,9553,2873,3082,2918,6835,6576,6845,6569,6848,44,100,45,07-27-202618:31:22,07-27-202618:31:57
Fiber mnp,600,300,4,4,1,1,1,4,1,100,90,0.05,5,20,5,True,True,483.723,1,1500,1448,1448,0,3,8126,6437,6882,True,True,271.484,1,1500,1448,1425,0,14,9516,2855,3146,2903,6846,6620,6859,6620,6865,44,100,43,07-27-202618:30:00,07-27-202618:30:38
Fiber mnp,600,300,4,4,1,1,1,4,1,100,90,0.05,5,20,5,True,True,474.108,1,1500,1448,1448,0,3,8123,6394,6870,True,True,271.855,1,1500,1448,1424,0,6,9537,2868,3117,2908,6836,6604,6842,6604,6836,44,100,83,07-27-202618:57:53,07-27-202618:58:29
Fiber mnp,600,300,4,4,1,1,1,4,1,100,90,0.05,5,20,5,True,True,476.492,1,1500,1448,1448,0,3,8111,6358,6899,True,True,271.610,1,1500,1448,1425,0,10,9487,2873,3101,2926,6862,6638,6866,6634,6871,44,100,63,07-27-202618:44:03,07-27-202618:44:41
Fiber mnp,600,300,4,4,1,1,1,4,1,100,90,0.05,5,20,5,True,True,504.714,1,1500,1448,1448,0,3,8157,6379,6850,True,True,271.364,1,1500,1448,1424,1,14,9503,2868,3097,2912,6814,6632,6834,6625,6836,44,100,80,07-27-202618:55:54,07-27-202618:56:32
Fiber mnp,600,300,4,4,1,1,1,4,1,100,90,0.05,5,20,5,True,True,478.784,1,1500,1448,1448,0,3,8546,6439,6896,True,True,271.482,1,1500,1448,1425,0,6,9519,2876,3126,2933,6862,6641,6855,6638,6860,44,100,59,07-27-202618:41:24,07-27-202618:42:02
Fiber mnp,600,300,4,4,1,1,1,4,1,100,90,0.05,5,20,5,True,True,507.660,1,1500,1448,1448,0,3,8146,6443,6886,True,True,271.744,1,1500,1448,1425,0,5,9531,2872,3117,2912,6850,6640,6850,6630,6846,44,100,15,07-27-202618:10:47,07-27-202618:11:22
Fiber mnp,600,300,4,4,1,1,1,4,1,100,90,0.05,5,20,5,True,True,490.299,1,1500,1448,1448,0,3,8173,6418,6885,True,True,271.378,1,1500,1448,1424,0,6,9516,2864,3098,2920,6843,6625,6855,6607,6849,44,100,71,07-27-202618:49:37,07-27-202618:50:13
Fiber mnp,600,300,4,4,1,1,1,4,1,100,90,0.05,5,20,5,True,True,490.112,1,1500,1448,1448,0,3,8137,6463,6884,True,True,271.606,1,1500,1448,1424,1,14,9474,2879,3114,2921,6856,6652,6878,6659,6884,44,100,42,07-27-202618:29:18,07-27-202618:29:57
Fiber mnp,600,300,4,4,1,1,1,4,1,100,90,0.05,5,20,5,True,True,464.544,1,1500,1448,1448,0,3,8102,6456,6898,True,True,271.463,1,1500,1448,1424,0,9,9539,2869,3123,2919,6864,6595,6832,6590,6835,44,100,51,07-27-202618:35:46,07-27-202618:36:25
Fiber mnp,600,300,4,4,1,1,1,4,1,100,90,0.05,5,20,5,True,True,488.291,1,1500,1448,1448,0,3,8118,6434,6882,True,True,271.613,1,1500,1448,1425,0,29,9502,2883,3094,2921,6852,6606,6839,6585,6841,44,100,57,07-27-202618:39:55,07-27-202618:40:30
Fiber mnp,600,300,4,4,1,1,1,4,1,100,90,0.05,5,20,5,True,True,432.977,1,1500,1448,1448,0,3,8129,6436,6865,True,True,271.553,1,1500,1448,1425,0,7,9514,2876,3108,2929,6841,6638,6853,6638,6849,44,100,88,07-27-202619:01:19,07-27-202619:01:58
Fiber mnp,600,300,4,4,1,1,1,4,1,100,90,0.05,5,20,5,True,True,483.660,1,1500,1448,1448,0,3,8111,6445,6865,True,True,271.427,1,1500,1448,1424,0,9,9601,2872,3118,2918,6832,6632,6859,6618,6865,44,100,4,07-27-202618:02:57,07-27-202618:03:33
Fiber mnp,600,300,4,4,1,1,1,4,1,100,90,0.05,5,20,5,True,True,478.216,1,1500,1448,1448,0,3,8120,6448,6867,True,True,271.463,1,1500,1448,1425,0,6,9509,2870,3114,2915,6834,6587,6853,6572,6860,44,100,12,07-27-202618:08:41,07-27-202618:09:20
Fiber mnp,600,300,4,4,1,1,1,4,20,100,90,0.05,5,20,5,True,False,542.732,19,1500,1448,1448,0,60,11026.5,696,1564,True,True,273.201,11,1500,1448,1425,0,41,11308.833333333334,706,2042,725,1995,6607,6834,6571,6838,11,29,79,07-27-202622:42:10,07-27-202622:42:55
Fiber mnp,600,300,4,4,1,1,1,4,20,100,90,0.05,5,20,5,True,False,542.727,19,1500,1448,1448,0,60,11078.8,649,1677,True,True,273.026,19,1500,1448,1424,0,59,11940.684210526315,544,1578,645,1911,6669,6870,6665,6874,10,28,50,07-27-202622:18:38,07-27-202622:19:30
Fiber mnp,600,300,4,4,1,1,1,4,20,100,90,0.05,5,20,5,True,True,542.424,15,1500,1448,1448,0,45,10675.4,748,1720,False,True,272.871,20,1500,1448,1425,0,62,11925.8,529,1404,593,1576,6620,6838,6596,6843,9,23,23,07-27-202621:56:37,07-27-202621:57:30
Fiber mnp,600,300,4,4,1,1,1,4,20,100,90,0.05,5,20,5,True,True,542.479,13,1500,1448,1448,0,42,10815.142857142857,739,1762,True,True,273.010,16,1500,1448,1424,0,58,11544.823529411764,561,1604,636,1684,6623,6837,6613,6837,10,25,68,07-27-202622:33:23,07-27-202622:34:07
Fiber mnp,600,300,4,4,1,1,1,4,20,100,90,0.05,5,20,5,True,True,542.761,16,1500,1448,1448,0,48,10903.3125,720,1578,True,True,274.731,17,1500,1448,1424,0,61,11968,535,1574,617,1591,6645,6840,6640,6841,9,23,92,07-27-202622:53:26,07-27-202622:54:12
Fiber mnp,600,300,4,4,1,1,1,4,20,100,90,0.05,5,20,5,True,True,542.774,12,1500,1448,1448,0,39,10662.846153846154,822,1931,True,True,271.297,18,1500,1448,1424,0,67,12111.631578947368,587,1525,630,1765,6622,6852,6627,6856,10,26,95,07-27-202622:55:50,07-27-202622:56:35
Fiber mnp,600,300,4,4,1,1,1,4,20,100,90,0.05,5,20,5,True,True,542.001,13,1500,1448,1448,0,42,10918.285714285714,726,1870,True,True,272.701,15,1500,1448,1424,1,59,11632.1875,581,1687,620,1774,6630,6856,6626,6859,9,26,46,07-27-202622:15:12,07-27-202622:15:55
Fiber mnp,600,300,4,4,1,1,1,4,20,100,90,0.05,5,20,5,True,True,542.381,11,1500,1448,1448,0,36,11016.666666666666,715,1692,True,True,272.603,12,1500,1448,1424,0,48,11441.923076923076,660,1880,700,1808,6631,6827,6630,6830,11,26,93,07-27-202622:54:15,07-27-202622:54:53
Fiber mnp,600,300,4,4,1,1,1,4,20,100,90,0.05,5,20,5,True,True,542.472,13,1500,1448,1448,0,39,10523.923076923076,796,2156,True,True,272.545,18,1500,1448,1425,0,60,11874.315789473685,603,1368,676,2019,6600,6844,6588,6844,10,30,17,07-27-202621:51:57,07-27-202621:52:42
Fiber mnp,600,300,4,4,1,1,1,4,20,100,90,0.05,5,20,5,True,True,542.434,13,1500,1448,1448,0,42,10778,809,1881,True,True,271.097,13,1500,1448,1425,0,47,11312.57142857143,680,1804,728,1840,6636,6853,6644,6852,11,27,29,07-27-202622:01:43,07-27-202622:02:24
Fiber mnp,600,300,4,4,1,1,1,4,20,100,90,0.05,5,20,5,True,True,542.145,17,1500,1448,1448,0,54,10707.333333333334,796,1618,True,True,271.549,13,1500,1448,1425,0,45,11404.857142857143,674,1808,728,1734,6631,6849,6628,6848,11,25,20,07-27-202621:54:16,07-27-202621:55:01
Fiber mnp,600,300,4,4,1,1,1,4,20,100,90,0.05,5,20,5,True,True,542.545,18,1500,1448,1448,0,57,11121.105263157895,618,1653,True,True,271.602,12,1500,1448,1424,0,51,11115,758,1920,653,1842,6611,6849,6575,6853,10,27,31,07-27-202622:03:09,07-27-202622:03:53
Fiber mnp,600,300,4,4,1,1,1,4,20,100,90,0.05,5,20,5,True,False,542.000,19,1500,1448,1448,0,60,11242.85,603,1550,True,True,271.086,18,1500,1448,1424,1,64,11978.947368421053,565,1552,618,1678,6612,6853,6611,6846,9,25,84,07-27-202622:46:06,07-27-202622:46:58
Fiber mnp,600,300,4,4,1,1,1,4,20,100,90,0.05,5,20,5,True,True,543.617,14,1500,1448,1448,0,45,10985.533333333333,770,1696,True,True,270.662,14,1500,1448,1424,0,49,11894.8,598,1745,667,1734,6592,6856,6578,6861,10,25,13,07-27-202621:48:52,07-27-202621:49:35
Fiber mnp,600,300,4,4,1,1,1,4,20,100,90,0.05,5,20,5,True,False,542.542,19,1500,1448,1448,0,60,11054.55,759,1600,True,False,271.652,19,1500,1448,1424,0,64,11680.8,551,1520,627,1821,6632,6842,6623,6844,9,27,62,07-27-202622:28:27,07-27-202622:29:20
Fiber mnp,600,300,4,4,1,1,1,4,20,100,90,0.05,5,20,5,True,True,542.970,14,1500,1448,1448,0,45,10786.466666666667,769,1722,True,True,272.501,12,1500,1448,1425,0,42,11420.76923076923,697,1958,743,1892,6623,6854,6620,6852,11,28,75,07-27-202622:39:15,07-27-202622:39:56
Fiber mnp,600,300,4,4,1,1,1,4,20,100,90,0.05,5,20,5,True,True,542.647,17,1500,1448,1448,0,51,11104.70588235294,699,1513,True,False,272.297,19,1500,1448,1425,1,71,11948.95,531,1472,585,1532,6612,6878,6553,6885,9,22,9,07-27-202621:45:30,07-27-202621:46:20
Fiber mnp,600,300,4,4,1,1,1,4,20,100,90,0.05,5,20,5,True,False,542.367,19,1500,1448,1448,0,60,11233.55,615,1430,True,True,272.651,13,1500,1448,1424,0,45,11408.57142857143,629,1811,648,1798,6644,6867,6644,6873,10,26,44,07-27-202622:13:43,07-27-202622:14:30
Fiber mnp,600,300,4,4,1,1,1,4,20,100,90,0.05,5,20,5,True,True,542.708,12,1500,1448,1448,0,36,10255.416666666666,879,2404,True,False,270.726,19,1500,1448,1425,0,86,12009.05,521,1451,577,2233,6620,6872,6598,6876,9,32,48,07-27-202622:16:48,07-27-202622:17:33
Fiber mnp,600,300,4,4,1,1,1,4,20,100,90,0.05,5,20,5,True,True,541.984,13,1500,1448,1448,0,39,10797.153846153846,804,1879,True,True,271.100,12,1500,1448,1424,0,39,11248.76923076923,686,1921,733,1905,6629,6888,6628,6891,11,28,99,07-27-202622:58:53,07-27-202622:59:32
Fiber mnp,600,300,4,4,1,1,1,4,20,100,90,0.05,5,20,5,True,True,541.924,15,1500,1448,1448,0,45,11040.933333333332,723,1945,True,True,270.859,19,1500,1448,1425,0,65,11758.157894736842,618,1351,668,1656,6615,6879,6586,6879,10,24,56,07-27-202622:23:26,07-27-202622:24:13
Fiber mnp,600,300,4,4,1,1,1,4,20,100,90,0.05,5,20,5,True,False,542.381,19,1500,1448,1448,0,60,11138.45,705,1697,True,True,272.204,16,1500,1448,1424,0,60,11655.882352941177,552,1639,655,1728,6627,6835,6621,6836,10,25,32,07-27-202622:03:57,07-27-202622:04:47
Fiber mnp,600,300,4,4,1,1,1,4,20,100,90,0.05,5,20,5,True,True,541.938,16,1500,1448,1448,0,51,11122.764705882353,644,1891,True,True,271.948,11,1500,1448,1424,0,38,11340.083333333334,683,1981,650,1961,6643,6868,6647,6876,10,29,78,07-27-202622:41:25,07-27-202622:42:07
Fiber mnp,600,300,4,4,1,1,1,4,20,100,90,0.05,5,20,5,True,True,542.755,12,1500,1448,1448,0,36,10546.666666666666,818,1900,True,True,271.695,10,1500,1448,1424,1,42,11049.545454545454,746,2105,797,2052,6639,6864,6621,6863,12,30,38,07-27-202622:08:50,07-27-202622:09:26
Fiber mnp,600,300,4,4,1,1,1,4,20,100,90,0.05,5,20,5,True,False,542.276,19,1500,1448,1448,0,60,11168.95,638,1724,True,False,272.342,19,1500,1448,1424,0,63,11995.55,526,1498,630,1995,6631,6831,6625,6811,10,29,26,07-27-202621:59:09,07-27-202622:00:04
Fiber mnp,600,300,4,4,1,1,1,4,20,100,90,0.05,5,20,5,True,True,542.250,12,1500,1448,1448,0,36,10830.75,766,2252,True,True,271.941,16,1500,1448,1425,0,66,11619.470588235294,574,1623,649,2050,6607,6822,6602,6828,10,30,69,07-27-202622:34:10,07-27-202622:34:52
Fiber mnp,600,300,4,4,1,1,1,4,20,100,90,0.05,5,20,5,True,True,542.184,15,1500,1448,1448,0,45,10601.466666666667,813,2153,True,True,272.993,15,1500,1448,1425,0,50,11545.5625,540,1678,636,1942,6616,6837,6579,6835,10,28,34,07-27-202622:05:40,07-27-202622:06:24
Fiber mnp,600,300,4,4,1,1,1,4,20,100,90,0.05,5,20,5,True,False,542.469,19,1500,1448,1448,0,60,11013.35,663,1518,True,True,271.251,17,1500,1448,1424,0,61,11808.111111111111,545,1590,653,1778,6629,6858,6597,6859,10,26,58,07-27-202622:25:03,07-27-202622:25:54
Fiber mnp,600,300,4,4,1,1,1,4,20,100,90,0.05,5,20,5,True,True,542.745,12,1500,1448,1448,0,36,10754.25,765,2375,True,True,270.506,13,1500,1448,1425,1,56,11515.5,658,1796,715,2174,6617,6840,6612,6842,11,32,30,07-27-202622:02:27,07-27-202622:03:06
Fiber mnp,600,300,4,4,1,1,1,4,20,100,90,0.05,5,20,5,True,True,542.722,18,1500,1448,1448,0,54,11134.555555555555,653,1712,True,False,271.196,19,1500,1448,1425,0,69,11962.6,527,1467,602,1905,6608,6864,6585,6875,9,28,70,07-27-202622:34:55,07-27-202622:35:46
Fiber mnp,600,300,4,4,1,1,1,4,20,100,90,0.05,5,20,5,True,False,541.971,19,1500,1448,1448,0,60,11170.2,625,1416,True,True,272.786,14,1500,1448,1425,0,56,11639.333333333334,580,1726,646,1744,6614,6847,6597,6839,10,26,24,07-27-202621:57:33,07-27-202621:58:21
Fiber mnp,600,300,4,4,1,1,1,4,20,100,90,0.05,5,20,5,True,True,542.671,12,1500,1448,1448,0,36,10854.75,764,2236,True,False,272.846,19,1500,1448,1424,1,75,11883.2,417,1417,589,2132,6639,6849,6640,6852,9,31,52,07-27-202622:20:19,07-27-202622:21:04
Fiber mnp,600,300,4,4,1,1,1,4,20,100,90,0.05,5,20,5,True,True,542.395,17,1500,1448,1448,0,51,11043.117647058823,774,1839,True,True,271.562,15,1500,1448,1424,0,54,11714.25,539,1734,639,1788,6627,6846,6623,6851,10,26,36,07-27-202622:07:20,07-27-202622:08:06
Fiber mnp,600,300,4,4,1,1,1,4,20,100,90,0.05,5,20,5,True,True,542.695,11,1500,1448,1448,0,36,10951.75,768,2027,True,True,272.654,18,1500,1448,1424,0,67,11907.894736842105,563,1562,616,1850,6632,6869,6620,6865,9,27,2,07-27-202621:40:11,07-27-202621:40:55
Fiber mnp,600,300,4,4,1,1,1,4,20,100,90,0.05,5,20,5,True,True,542.603,12,1500,1448,1448,0,36,10528.75,790,1933,True,True,272.201,16,1500,1448,1425,0,52,11858.941176470587,592,1669,645,1807,6625,6846,6625,6850,10,26,5,07-27-202621:42:32,07-27-202621:43:14
Fiber mnp,600,300,4,4,1,1,1,4,20,100,90,0.05,5,20,5,True,True,542.404,17,1500,1448,1448,0,54,11034.111111111111,664,1530,True,True,270.138,15,1500,1448,1425,1,143,11876.0625,609,1694,633,1653,6643,6853,6641,6859,10,24,89,07-27-202622:50:45,07-27-202622:51:32
Fiber mnp,600,300,4,4,1,1,1,4,20,100,90,0.05,5,20,5,True,True,542.883,18,1500,1448,1448,0,54,11115.388888888889,680,1487,True,False,272.684,19,1500,1448,1425,0,66,12079.1,537,1518,589,1550,6620,6832,6601,6834,9,23,74,07-27-202622:38:21,07-27-202622:39:12
Fiber mnp,600,300,4,4,1,1,1,4,20,100,90,0.05,5,20,5,True,False,544.109,19,1500,1448,1448,0,60,11011.8,695,1537,True,True,270.841,13,1500,1448,1424,0,45,11332.357142857143,578,1819,699,1964,6614,6857,6621,6864,11,29,91,07-27-202622:52:36,07-27-202622:53:23
Fiber mnp,600,300,4,4,1,1,1,4,20,100,90,0.05,5,20,5,True,True,542.289,15,1500,1448,1448,0,45,10850.933333333332,793,1832,True,True,270.714,17,1500,1448,1424,0,66,11769.388888888889,565,1540,628,1695,6591,6871,6575,6868,10,25,53,07-27-202622:21:07,07-27-202622:21:53
Fiber mnp,600,300,4,4,1,1,1,4,20,100,90,0.05,5,20,5,True,True,542.515,12,1500,1448,1448,0,36,10498.166666666666,900,2029,True,False,272.831,19,1500,1448,1424,0,65,11901.25,517,1434,600,1924,6641,6841,6648,6844,9,28,21,07-27-202621:55:04,07-27-202621:55:49
Fiber mnp,600,300,4,4,1,1,1,4,20,100,90,0.05,5,20,5,True,True,542.712,14,1500,1448,1448,0,42,11015.42857142857,731,1955,True,True,271.619,18,1500,1448,1424,0,57,11711.722222222223,556,1598,614,1787,6657,6846,6644,6845,9,26,55,07-27-202622:22:38,07-27-202622:23:23
Fiber mnp,600,300,4,4,1,1,1,4,20,100,90,0.05,5,20,5,True,False,543.847,19,1500,1448,1448,0,60,11035.75,+Inf,NaN,True,True,271.936,13,1500,1448,1424,1,57,11457.142857142857,733,1730,685,1717,6626,6852,6604,6847,10,25,27,07-27-202622:00:08,07-27-202622:00:55
Fiber mnp,600,300,4,4,1,1,1,4,20,100,90,0.05,5,20,5,True,True,542.311,15,1500,1448,1448,0,45,10378.533333333333,930,2075,True,True,273.043,11,1500,1448,1425,1,90,11218.833333333334,742,2014,822,2056,6588,6867,6540,6874,13,30,77,07-27-202622:40:42,07-27-202622:41:22
Fiber mnp,600,300,4,4,1,1,1,4,20,100,90,0.05,5,20,5,True,False,542.326,19,1500,1448,1448,0,60,11069.75,639,1530,True,True,273.873,15,1500,1448,1425,0,49,11618.133333333333,596,1793,621,1698,6636,6868,6630,6870,9,25,85,07-27-202622:47:01,07-27-202622:47:49
Fiber mnp,600,300,4,4,1,1,1,4,20,100,90,0.05,5,20,5,True,False,542.109,19,1500,1448,1448,0,60,11240.9,594,1374,False,True,269.622,20,1500,1448,1425,0,65,11942.95,502,1433,595,1710,6621,6861,6607,6866,9,25,86,07-27-202622:47:53,07-27-202622:48:51
Fiber mnp,600,300,4,4,1,1,1,4,20,100,90,0.05,5,20,5,True,True,542.843,19,1500,1448,1448,0,57,10987.684210526315,700,1641,True,True,271.593,15,1500,1448,1425,0,52,11580.3125,544,1679,622,1682,6634,6842,6620,6836,9,25,18,07-27-202621:52:45,07-27-202621:53:33
Fiber mnp,600,300,4,4,1,1,1,4,20,100,90,0.05,5,20,5,True,True,542.664,16,1500,1448,1448,0,48,10601.125,775,1643,True,True,272.170,11,1500,1448,1424,0,58,11359.666666666666,689,2003,736,1921,6641,6847,6637,6847,11,28,22,07-27-202621:55:52,07-27-202621:56:33
Fiber mnp,600,300,4,4,1,1,1,4,20,100,90,0.05,5,20,5,True,True,542.347,13,1500,1448,1448,0,39,10488.538461538461,802,2081,True,True,273.873,18,1500,1448,1425,0,78,11990.944444444445,555,1650,609,1917,6613,6846,6605,6851,9,28,81,07-27-202622:43:46,07-27-202622:44:30
Fiber mnp,600,300,4,4,1,1,1,4,20,100,90,0.05,5,20,5,True,True,542.623,19,1500,1448,1448,0,57,11179.315789473685,625,1688,True,True,272.330,12,1500,1448,1424,0,40,11573.692307692309,649,1983,631,1930,6621,6828,6611,6830,10,28,64,07-27-202622:30:14,07-27-202622:30:59
Fiber mnp,600,300,4,4,1,1,1,4,20,100,90,0.05,5,20,5,True,True,541.871,16,1500,1448,1448,0,51,10459.29411764706,891,1846,True,True,270.767,14,1500,1448,1424,0,61,11379.57142857143,621,1800,698,1829,6646,6833,6641,6834,11,27,7,07-27-202621:43:57,07-27-202621:44:41
Fiber mnp,600,300,4,4,1,1,1,4,20,100,90,0.05,5,20,5,True,True,542.868,12,1500,1448,1448,0,36,10984.5,756,2075,True,True,274.121,10,1500,1448,1424,0,37,11269.272727272728,741,2118,752,2118,6613,6841,6624,6829,11,31,76,07-27-202622:39:59,07-27-202622:40:38
Fiber mnp,600,300,4,4,1,1,1,4,20,100,90,0.05,5,20,5,True,True,542.301,11,1500,1448,1448,0,36,10744.583333333334,783,1944,True,True,272.075,15,1500,1448,1424,0,51,11710.3125,601,1639,659,1805,6646,6855,6635,6859,10,26,98,07-27-202622:58:09,07-27-202622:58:50
Fiber mnp,600,300,4,4,1,1,1,4,20,100,90,0.05,5,20,5,True,True,542.512,11,1500,1448,1448,0,33,10421.272727272728,845,2529,True,True,271.060,11,1500,1448,1424,0,42,11167.5,689,1990,761,2342,6642,6859,6642,6866,11,34,19,07-27-202621:53:37,07-27-202621:54:13
Fiber mnp,600,300,4,4,1,1,1,4,20,100,90,0.05,5,20,5,True,True,542.628,12,1500,1448,1448,0,36,10504.666666666666,852,1957,True,True,271.908,16,1500,1448,1425,0,55,11635.882352941177,561,1590,634,1817,6621,6859,6623,6866,10,26,28,07-27-202622:00:58,07-27-202622:01:40
Fiber mnp,600,300,4,4,1,1,1,4,20,100,90,0.05,5,20,5,True,True,541.855,11,1500,1448,1448,0,36,10967.75,746,2061,True,True,272.587,12,1500,1448,1425,0,41,11256,707,1858,721,1963,6651,6864,6656,6869,11,29,67,07-27-202622:32:42,07-27-202622:33:20
Fiber mnp,600,300,4,4,1,1,1,4,20,100,90,0.05,5,20,5,True,False,542.486,19,1500,1448,1448,0,60,11067.15,609,1609,True,True,274.078,13,1500,1448,1424,0,46,11250.076923076924,648,1924,642,1902,6648,6840,6638,6841,10,28,61,07-27-202622:27:37,07-27-202622:28:23
Fiber mnp,600,300,4,4,1,1,1,4,20,100,90,0.05,5,20,5,True,True,542.609,16,1500,1448,1448,1,48,10965.9375,760,1958,True,True,272.526,18,1500,1448,1424,0,69,11748.368421052632,528,1512,603,1741,6655,6874,6657,6871,9,25,1,07-27-202621:39:19,07-27-202621:40:07
Fiber mnp,600,300,4,4,1,1,1,4,20,100,90,0.05,5,20,5,True,True,542.599,12,1500,1448,1448,0,36,10694,850,2209,True,False,270.953,19,1500,1448,1425,0,62,11853.75,514,1498,584,1936,6638,6864,6627,6870,9,28,66,07-27-202622:31:54,07-27-202622:32:39
Fiber mnp,600,300,4,4,1,1,1,4,20,100,90,0.05,5,20,5,True,True,542.103,18,1500,1448,1448,0,54,11030.5,626,1517,True,True,271.458,15,1500,1448,1425,0,51,11421.3125,572,1706,612,1660,6624,6871,6617,6875,9,24,40,07-27-202622:10:19,07-27-202622:11:06
Fiber mnp,600,300,4,4,1,1,1,4,20,100,90,0.05,5,20,5,True,True,542.583,12,1500,1448,1448,0,36,10954.666666666666,740,2227,True,True,273.216,15,1500,1448,1425,0,55,11411.5,633,1654,677,2026,6621,6873,6602,6875,10,29,73,07-27-202622:37:37,07-27-202622:38:18
Fiber mnp,600,300,4,4,1,1,1,4,20,100,90,0.05,5,20,5,True,False,542.220,19,1500,1448,1448,0,60,11196.5,611,1613,False,True,270.762,20,1500,1448,1425,0,65,11973.5,495,1463,593,1755,6647,6841,6643,6843,9,26,49,07-27-202622:17:36,07-27-202622:18:34
Fiber mnp,600,300,4,4,1,1,1,4,20,100,90,0.05,5,20,5,True,True,541.806,18,1500,1448,1448,0,54,11406.888888888889,562,1734,True,True,272.116,15,1500,1448,1424,0,61,11583.6875,589,1630,571,1682,6616,6843,6605,6847,9,25,60,07-27-202622:26:47,07-27-202622:27:34
Fiber mnp,600,300,4,4,1,1,1,4,20,100,90,0.05,5,20,5,True,True,542.479,14,1500,1448,1448,0,42,11094.92857142857,722,2098,True,True,272.574,11,1500,1448,1424,0,38,11243.333333333334,707,2017,718,2063,6617,6835,6606,6833,11,30,41,07-27-202622:11:09,07-27-202622:11:50
Fiber mnp,600,300,4,4,1,1,1,4,20,100,90,0.05,5,20,5,True,False,542.396,19,1500,1448,1448,0,60,11310.75,592,1708,True,True,271.428,15,1500,1448,1424,0,49,11198.666666666666,632,1821,603,1794,6658,6839,6646,6842,9,26,10,07-27-202621:46:23,07-27-202621:47:11
Fiber mnp,600,300,4,4,1,1,1,4,20,100,90,0.05,5,20,5,True,True,542.471,12,1500,1448,1448,0,36,10477.416666666666,861,2110,True,True,273.068,12,1500,1448,1425,0,44,11314.846153846154,646,1960,707,2033,6633,6873,6622,6878,11,30,37,07-27-202622:08:09,07-27-202622:08:47
Fiber mnp,600,300,4,4,1,1,1,4,20,100,90,0.05,5,20,5,True,True,542.608,13,1500,1448,1448,0,39,10566.23076923077,873,1898,True,True,273.083,15,1500,1448,1425,1,81,11634.5625,598,1679,670,1790,6629,6882,6616,6866,10,26,100,07-27-202622:59:35,07-27-202623:00:17
Fiber mnp,600,300,4,4,1,1,1,4,20,100,90,0.05,5,20,5,True,True,542.182,18,1500,1448,1448,0,54,11127.611111111111,650,1459,True,True,271.630,15,1500,1448,1424,0,106,11335.066666666668,728,1449,679,1457,6621,6853,6627,6837,10,21,35,07-27-202622:06:27,07-27-202622:07:16
Fiber mnp,600,300,4,4,1,1,1,4,20,100,90,0.05,5,20,5,True,True,542.367,16,1500,1448,1448,0,48,10690.8125,798,1835,True,False,271.491,19,1500,1448,1425,0,68,11833.3,543,1377,632,1688,6637,6860,6660,6859,9,25,11,07-27-202621:47:15,07-27-202621:48:07
Fiber mnp,600,300,4,4,1,1,1,4,20,100,90,0.05,5,20,5,True,True,541.981,17,1500,1448,1448,0,51,10629.235294117647,792,1891,True,False,270.992,19,1500,1448,1424,0,63,11880.35,530,1502,587,1726,6626,6863,6608,6865,9,25,94,07-27-202622:54:56,07-27-202622:55:46
Fiber mnp,600,300,4,4,1,1,1,4,20,100,90,0.05,5,20,5,True,True,544.400,15,1500,1448,1448,0,45,11057,745,1707,True,False,272.362,19,1500,1448,1424,0,63,11833.85,541,1465,596,1902,6623,6842,6628,6816,9,28,87,07-27-202622:48:54,07-27-202622:49:45
Fiber mnp,600,300,4,4,1,1,1,4,20,100,90,0.05,5,20,5,True,True,542.598,19,1500,1448,1448,0,57,11013.157894736842,659,1827,False,True,271.977,20,1500,1448,1425,0,69,11709.65,523,1412,577,1595,6633,6832,6631,6835,9,23,90,07-27-202622:51:36,07-27-202622:52:33
Fiber mnp,600,300,4,4,1,1,1,4,20,100,90,0.05,5,20,5,True,True,544.732,11,1500,1448,1448,0,36,10590.333333333334,783,1925,True,True,271.965,11,1500,1448,1424,0,39,11122.09090909091,743,2135,777,2064,6638,6846,6634,6850,12,30,6,07-27-202621:43:18,07-27-202621:43:54
Fiber mnp,600,300,4,4,1,1,1,4,20,100,90,0.05,5,20,5,True,True,542.481,14,1500,1448,1448,0,45,10933.066666666668,678,1918,True,True,272.127,13,1500,1448,1424,0,47,11226.5,657,1803,671,1857,6622,6848,6616,6853,10,27,25,07-27-202621:58:24,07-27-202621:59:06
Fiber mnp,600,300,4,4,1,1,1,4,20,100,90,0.05,5,20,5,True,False,542.745,19,1500,1448,1448,0,60,11013.25,676,1828,True,True,273.022,14,1500,1448,1424,2,52,11675.266666666666,638,1667,676,1880,6619,6828,6610,6832,10,28,65,07-27-202622:31:03,07-27-202622:31:51
Fiber mnp,600,300,4,4,1,1,1,4,20,100,90,0.05,5,20,5,True,True,542.135,12,1500,1448,1448,0,36,10498.75,872,2025,True,True,272.610,12,1500,1448,1425,0,40,11407.615384615385,659,1956,724,1989,6602,6834,6592,6838,11,29,54,07-27-202622:21:57,07-27-202622:22:35
Fiber mnp,600,300,4,4,1,1,1,4,20,100,90,0.05,5,20,5,True,True,541.613,15,1500,1448,1448,1,45,10876.4,736,1870,True,True,270.820,17,1500,1448,1425,0,69,11642.722222222223,540,1533,604,1710,6606,6842,6608,6845,9,25,39,07-27-202622:09:30,07-27-202622:10:16
Fiber mnp,600,300,4,4,1,1,1,4,20,100,90,0.05,5,20,5,True,True,542.867,14,1500,1448,1448,1,42,10895.42857142857,728,1837,True,True,273.488,14,1500,1448,1424,0,68,11357.214285714286,688,1838,714,1842,6638,6864,6646,6858,11,27,3,07-27-202621:40:58,07-27-202621:41:39
Fiber mnp,600,300,4,4,1,1,1,4,20,100,90,0.05,5,20,5,True,True,542.509,12,1500,1448,1448,0,39,10653.384615384615,752,2003,True,True,272.814,12,1500,1448,1424,0,40,11339.923076923076,641,1965,696,1988,6622,6836,6608,6836,11,29,97,07-27-202622:57:27,07-27-202622:58:06
Fiber mnp,600,300,4,4,1,1,1,4,20,100,90,0.05,5,20,5,True,False,542.695,19,1500,1448,1448,0,60,11085.65,633,1508,True,True,273.428,13,1500,1448,1425,0,48,11311.42857142857,594,1934,637,1820,6620,6838,6605,6834,10,27,33,07-27-202622:04:50,07-27-202622:05:37
Fiber mnp,600,300,4,4,1,1,1,4,20,100,90,0.05,5,20,5,True,True,542.221,18,1500,1448,1448,0,54,11053.722222222223,638,1731,True,True,273.596,14,1500,1448,1425,0,77,11567.666666666666,609,1735,632,1737,6625,6879,6604,6841,10,25,47,07-27-202622:15:59,07-27-202622:16:45
Fiber mnp,600,300,4,4,1,1,1,4,20,100,90,0.05,5,20,5,True,False,542.356,19,1500,1448,1448,2,60,11104.75,619,1546,True,True,271.930,12,1500,1448,1424,0,43,11256.384615384615,709,1886,642,1848,6680,6858,6668,6863,10,27,96,07-27-202622:56:38,07-27-202622:57:24
Fiber mnp,600,300,4,4,1,1,1,4,20,100,90,0.05,5,20,5,True,True,543.361,11,1500,1448,1448,0,33,10772,806,2461,False,True,270.915,20,1500,1448,1424,0,86,11779.9,528,1431,567,2238,6631,6872,6620,6864,9,33,72,07-27-202622:36:45,07-27-202622:37:34
Fiber mnp,600,300,4,4,1,1,1,4,20,100,90,0.05,5,20,5,True,True,541.898,12,1500,1448,1448,0,36,11019.083333333334,687,1879,True,True,270.826,17,1500,1448,1425,0,58,11810.833333333334,570,1566,621,1762,6637,6850,6617,6848,9,26,16,07-27-202621:51:11,07-27-202621:51:54
Fiber mnp,600,300,4,4,1,1,1,4,20,100,90,0.05,5,20,5,True,True,544.630,11,1500,1448,1448,0,36,10290.833333333334,988,2192,True,True,270.446,18,1500,1448,1425,1,72,11758.555555555555,589,1444,648,2040,6635,6872,6655,6873,10,30,8,07-27-202621:44:44,07-27-202621:45:27
Fiber mnp,600,300,4,4,1,1,1,4,20,100,90,0.05,5,20,5,True,False,542.732,19,1500,1448,1448,1,60,11304.6,603,1630,True,True,272.991,11,1500,1448,1425,0,40,11278.333333333334,733,1987,638,1932,6648,6842,6641,6839,10,28,14,07-27-202621:49:38,07-27-202621:50:23
Fiber mnp,600,300,4,4,1,1,1,4,20,100,90,0.05,5,20,5,True,True,542.746,12,1500,1448,1448,0,36,10661.25,811,2211,True,True,272.250,12,1500,1448,1424,1,90,11371.23076923077,654,1903,733,2091,6642,6845,6623,6846,11,31,82,07-27-202622:44:33,07-27-202622:45:11
Fiber mnp,600,300,4,4,1,1,1,4,20,100,90,0.05,5,20,5,True,True,541.843,11,1500,1448,1448,0,36,10216.583333333334,1053,2414,True,True,272.889,10,1500,1448,1424,0,37,11225.818181818182,750,2130,834,2283,6624,6848,6619,6850,13,33,45,07-27-202622:14:33,07-27-202622:15:09
Fiber mnp,600,300,4,4,1,1,1,4,20,100,90,0.05,5,20,5,True,False,542.205,19,1500,1448,1448,0,60,11369.55,613,1704,True,True,271.036,13,1500,1448,1424,0,46,11445.142857142857,620,1823,643,1875,6601,6851,6546,6860,10,27,43,07-27-202622:12:53,07-27-202622:13:40
Fiber mnp,600,300,4,4,1,1,1,4,20,100,90,0.05,5,20,5,True,True,542.916,17,1500,1448,1448,0,54,11000,675,1904,True,True,273.237,18,1500,1448,1424,0,60,11865.111111111111,560,1618,616,1754,6629,6842,6608,6845,9,26,83,07-27-202622:45:14,07-27-202622:46:03
Fiber mnp,600,300,4,4,1,1,1,4,20,100,90,0.05,5,20,5,True,False,542.193,19,1500,1448,1448,0,60,11083.45,632,1535,True,True,272.282,14,1500,1448,1424,0,50,11381.133333333333,639,1624,662,1661,6637,6852,6637,6857,10,24,63,07-27-202622:29:23,07-27-202622:30:11
Fiber mnp,600,300,4,4,1,1,1,4,20,100,90,0.05,5,20,5,True,True,543.030,18,1500,1448,1448,0,57,10913.894736842105,721,1617,True,True,271.617,11,1500,1448,1424,0,37,11197.916666666666,759,1987,733,1928,6633,6842,6628,6846,11,28,80,07-27-202622:42:58,07-27-202622:43:42
Fiber mnp,600,300,4,4,1,1,1,4,20,100,90,0.05,5,20,5,True,False,542.548,19,1500,1448,1448,0,60,11397.55,604,1797,True,True,272.180,12,1500,1448,1424,0,50,11205.692307692309,666,1920,632,2024,6637,6847,6635,6852,10,30,59,07-27-202622:25:58,07-27-202622:26:44
Fiber mnp,600,300,4,4,1,1,1,4,20,100,90,0.05,5,20,5,True,True,542.466,12,1500,1448,1448,0,36,10752.666666666666,786,2144,True,True,271.093,16,1500,1448,1424,0,52,12055.375,536,1721,638,1993,6617,6843,6611,6845,10,29,15,07-27-202621:50:27,07-27-202621:51:08
Fiber mnp,600,300,4,4,1,1,1,4,20,100,90,0.05,5,20,5,True,False,542.589,19,1500,1448,1448,0,60,10894,746,1636,True,True,272.126,18,1500,1448,1425,0,62,11774.78947368421,555,1553,674,1883,6636,6883,6598,6855,10,27,71,07-27-202622:35:49,07-27-202622:36:41
Fiber mnp,600,300,4,4,1,1,1,4,20,100,90,0.05,5,20,5,False,True,542.509,20,1500,1448,1448,1,60,11164.25,586,1258,True,True,271.963,17,1500,1448,1424,0,55,11857.333333333334,555,1529,578,1450,6630,6862,6636,6867,9,21,42,07-27-202622:11:53,07-27-202622:12:49
Fiber mnp,600,300,4,4,1,1,1,4,20,100,90,0.05,5,20,5,True,True,541.160,10,1500,1448,1448,0,33,10457.545454545454,924,1980,True,True,270.369,18,1500,1448,1425,0,61,11807.105263157895,575,1529,652,1795,6605,6850,6578,6857,10,26,51,07-27-202622:19:33,07-27-202622:20:16
Fiber mnp,600,300,4,4,1,1,1,4,20,100,90,0.05,5,20,5,True,True,542.490,15,1500,1448,1448,0,45,10582.266666666666,797,1880,True,True,273.378,16,1500,1448,1425,1,56,11551.6875,646,1691,716,1787,6628,6855,6625,6860,11,26,57,07-27-202622:24:16,07-27-202622:25:00
Fiber mnp,600,300,4,4,1,1,1,4,20,100,90,0.05,5,20,5,False,True,542.807,20,1500,1448,1448,0,60,11281,579,1421,True,True,272.065,15,1500,1448,1425,0,51,11445.125,646,1638,599,1587,6603,6849,6599,6853,9,23,88,07-27-202622:49:48,07-27-202622:50:42
Fiber mnp,600,300,4,4,1,1,1,4,20,100,90,0.05,5,20,5,True,False,542.668,19,1500,1448,1448,0,60,11025.2,662,1774,True,True,273.037,13,1500,1448,1425,1,55,11309.785714285714,628,1872,698,2011,6627,6865,6614,6870,11,29,4,07-27-202621:41:42,07-27-202621:42:29
Fiber mnp,600,300,4,4,1,1,1,4,20,100,90,0.05,5,20,5,True,True,542.538,12,1500,1448,1448,0,36,10603.416666666666,819,1960,True,True,271.210,13,1500,1448,1425,0,44,11477.642857142857,651,1822,710,1895,6617,6850,6624,6845,11,28,12,07-27-202621:48:10,07-27-202621:48:49
Fiber sdt,600,300,4,4,1,1,1,4,16,100,90,0.05,3,20,5,True,True,542.665,14,1500,1448,1448,0,42,10960,716,1737,True,True,271.551,16,1500,1448,1424,0,50,11670.625,540,1540,612,1634,6635,6845,6640,6836,9,24,79,07-28-202600:11:15,07-28-202600:12:04
Fiber sdt,600,300,4,4,1,1,1,4,16,100,90,0.05,3,20,5,True,True,542.757,16,1500,1448,1448,0,48,10973.625,673,1933,True,True,271.247,16,1500,1448,1424,0,54,11655,553,1589,613,1743,6651,6876,6644,6884,9,25,50,07-27-202623:44:44,07-27-202623:45:32
Fiber sdt,600,300,4,4,1,1,1,4,16,100,90,0.05,3,20,5,True,True,542.766,16,1500,1448,1448,0,48,11039.125,668,1486,True,True,271.248,16,1500,1448,1424,0,54,11519.5,584,1673,620,1630,6641,6844,6669,6820,9,24,23,07-27-202623:20:42,07-27-202623:21:36
Fiber sdt,600,300,4,4,1,1,1,4,16,100,90,0.05,3,20,5,True,True,542.351,16,1500,1448,1448,0,48,11199.8125,596,1694,True,True,271.080,14,1500,1448,1425,0,47,11601.933333333332,616,1667,603,1685,6599,6845,6591,6849,9,25,68,07-28-202600:01:12,07-28-202600:01:58
Fiber sdt,600,300,4,4,1,1,1,4,16,100,90,0.05,3,20,5,True,True,542.623,16,1500,1448,1448,0,48,10702.0625,740,1620,True,True,270.248,16,1500,1448,1425,0,53,11515.625,530,1560,587,1598,6635,6869,6643,6844,9,23,92,07-28-202600:22:57,07-28-202600:23:50
Fiber sdt,600,300,4,4,1,1,1,4,16,100,90,0.05,3,20,5,True,True,542.349,16,1500,1448,1448,0,48,10818.9375,746,1638,True,False,269.828,16,1500,1448,1424,0,67,11516,556,1525,626,1690,6643,6859,6616,6853,9,25,95,07-28-202600:25:38,07-28-202600:26:29
Fiber sdt,600,300,4,4,1,1,1,4,16,100,90,0.05,3,20,5,True,True,542.621,16,1500,1448,1448,0,48,11050.25,666,1605,True,True,271.227,16,1500,1448,1424,0,51,11551.4375,575,1526,621,1558,6621,6844,6621,6851,9,23,46,07-27-202623:41:13,07-27-202623:42:04
Fiber sdt,600,300,4,4,1,1,1,4,16,100,90,0.05,3,20,5,True,True,542.804,16,1500,1448,1448,0,48,11054.1875,657,1539,True,True,271.731,16,1500,1448,1425,0,49,11884.5,566,1571,607,1560,6617,6840,6617,6836,9,23,93,07-28-202600:23:53,07-28-202600:24:45
Fiber sdt,600,300,4,4,1,1,1,4,16,100,90,0.05,3,20,5,True,True,542.680,16,1500,1448,1448,0,48,11290,624,1840,False,True,270.732,16,1500,1448,1425,0,51,11624.4375,589,1588,608,1715,6624,6838,6628,6834,9,25,17,07-27-202623:14:54,07-27-202623:16:00
Fiber sdt,600,300,4,4,1,1,1,4,16,100,90,0.05,3,20,5,True,False,542.711,16,1500,1448,1448,0,48,10785.75,690,1599,True,True,271.747,16,1500,1448,1424,0,55,11870.8125,543,1572,605,1586,6651,6867,6642,6871,9,23,29,07-27-202623:26:03,07-27-202623:26:55
Fiber sdt,600,300,4,4,1,1,1,4,16,100,90,0.05,3,20,5,True,True,543.260,16,1500,1448,1448,0,48,11093.5,643,2105,True,False,271.297,16,1500,1448,1424,0,64,11722.125,568,1489,619,1992,6627,6857,6616,6863,9,29,20,07-27-202623:17:57,07-27-202623:18:46
Fiber sdt,600,300,4,4,1,1,1,4,16,100,90,0.05,3,20,5,True,False,542.370,16,1500,1448,1448,0,48,11065.0625,583,1620,True,True,271.942,16,1500,1448,1424,0,58,11641.0625,551,1666,611,1940,6613,6855,6583,6858,9,28,31,07-27-202623:27:59,07-27-202623:28:48
Fiber sdt,600,300,4,4,1,1,1,4,16,100,90,0.05,3,20,5,True,True,542.993,16,1500,1448,1448,0,48,10610.0625,784,1871,True,False,271.580,16,1500,1448,1424,0,56,11717.5625,550,1496,616,1909,6631,6864,6636,6870,9,28,84,07-28-202600:15:53,07-28-202600:16:45
Fiber sdt,600,300,4,4,1,1,1,4,16,100,90,0.05,3,20,5,True,True,542.350,16,1500,1448,1448,0,48,10643.125,787,1963,True,True,270.088,16,1500,1448,1424,0,50,11470.25,566,1535,638,1807,6627,6846,6641,6818,10,27,13,07-27-202623:11:12,07-27-202623:12:05
Fiber sdt,600,300,4,4,1,1,1,4,16,100,90,0.05,3,20,5,True,False,542.941,16,1500,1448,1448,0,48,10938.625,645,1674,True,True,271.960,16,1500,1448,1424,0,56,11664.375,532,1518,631,1750,6640,6862,6662,6881,9,25,62,07-27-202623:55:42,07-27-202623:56:36
Fiber sdt,600,300,4,4,1,1,1,4,16,100,90,0.05,3,20,5,True,True,542.440,16,1500,1448,1448,0,48,11046.3125,640,1751,True,True,271.503,16,1500,1448,1425,0,52,11581.5625,591,1554,614,1645,6614,6842,6601,6848,9,24,75,07-28-202600:07:48,07-28-202600:08:39
Fiber sdt,600,300,4,4,1,1,1,4,16,100,90,0.05,3,20,5,True,True,542.726,16,1500,1448,1448,0,48,11011,670,1664,True,True,271.350,16,1500,1448,1424,0,61,11708.9375,551,1526,610,1593,6589,6821,6607,6807,9,23,9,07-27-202623:07:20,07-27-202623:08:14
Fiber sdt,600,300,4,4,1,1,1,4,16,100,90,0.05,3,20,5,True,True,543.004,12,1500,1448,1448,0,39,10774.076923076924,819,2282,True,True,272.259,16,1500,1448,1425,0,52,11542.5,613,1522,674,2095,6653,6838,6635,6840,10,31,44,07-27-202623:39:24,07-27-202623:40:07
Fiber sdt,600,300,4,4,1,1,1,4,16,100,90,0.05,3,20,5,True,False,542.619,16,1500,1448,1448,0,48,10962.25,676,1738,True,True,269.698,16,1500,1448,1425,0,55,11704.5,564,1567,672,2044,6627,6836,6627,6841,10,30,48,07-27-202623:42:57,07-27-202623:43:49
Fiber sdt,600,300,4,4,1,1,1,4,16,100,90,0.05,3,20,5,True,True,542.570,16,1500,1448,1448,0,48,10864.625,722,1777,True,True,271.701,15,1500,1448,1425,0,48,11540.533333333333,590,1723,654,1750,6625,6862,6645,6847,10,26,99,07-28-202600:29:12,07-28-202600:30:01
Fiber sdt,600,300,4,4,1,1,1,4,16,100,90,0.05,3,20,5,True,True,542.777,16,1500,1448,1448,0,48,10993.4375,648,1633,True,True,272.792,14,1500,1448,1425,0,49,11512.733333333334,616,1768,640,1757,6641,6851,6656,6852,10,26,56,07-27-202623:50:13,07-27-202623:51:02
Fiber sdt,600,300,4,4,1,1,1,4,16,100,90,0.05,3,20,5,True,True,542.344,16,1500,1448,1448,0,48,11074.625,664,1515,True,True,271.535,14,1500,1448,1425,0,57,11577.6,554,1812,618,1726,6620,6863,6628,6850,9,25,32,07-27-202623:28:51,07-27-202623:29:43
Fiber sdt,600,300,4,4,1,1,1,4,16,100,90,0.05,3,20,5,True,True,542.620,15,1500,1448,1448,1,45,11129.4,640,1977,True,True,270.807,16,1500,1448,1424,0,54,11564.9375,588,1638,615,1834,6626,6852,6655,6861,9,27,78,07-28-202600:10:21,07-28-202600:11:12
Fiber sdt,600,300,4,4,1,1,1,4,16,100,90,0.05,3,20,5,True,True,542.732,16,1500,1448,1448,0,48,11027.625,636,1989,True,True,271.630,11,1500,1448,1425,0,44,11227.25,725,1978,662,1999,6622,6869,6607,6873,10,29,38,07-27-202623:34:06,07-27-202623:34:48
Fiber sdt,600,300,4,4,1,1,1,4,16,100,90,0.05,3,20,5,True,True,542.129,15,1500,1448,1448,0,45,10548.933333333332,832,1720,True,True,270.262,16,1500,1448,1424,0,93,11891.875,535,1524,592,1627,6648,6849,6662,6828,9,24,26,07-27-202623:23:29,07-27-202623:24:19
Fiber sdt,600,300,4,4,1,1,1,4,16,100,90,0.05,3,20,5,True,False,543.157,16,1500,1448,1448,0,48,10966.9375,690,1495,True,False,270.263,16,1500,1448,1424,0,53,11618.875,570,1561,651,1713,6639,6841,6656,6822,10,25,69,07-28-202600:02:02,07-28-202600:03:01
Fiber sdt,600,300,4,4,1,1,1,4,16,100,90,0.05,3,20,5,True,True,542.821,16,1500,1448,1448,0,48,11133.125,639,1626,True,True,270.067,16,1500,1448,1424,1,69,11567.9375,491,1544,580,1582,6636,6850,6646,6840,9,23,34,07-27-202623:30:34,07-27-202623:31:27
Fiber sdt,600,300,4,4,1,1,1,4,16,100,90,0.05,3,20,5,True,True,542.911,15,1500,1448,1448,0,48,11412.125,610,1653,True,False,271.432,16,1500,1448,1424,0,54,11733.4375,551,1499,613,1864,6641,6868,6633,6837,9,27,58,07-27-202623:51:57,07-27-202623:52:49
Fiber sdt,600,300,4,4,1,1,1,4,16,100,90,0.05,3,20,5,False,True,543.289,16,1500,1448,1448,0,48,10925.75,633,1467,True,True,273.552,16,1500,1448,1424,0,50,11770.1875,617,1599,632,1590,6610,6832,6628,6798,10,23,30,07-27-202623:26:58,07-27-202623:27:56
Fiber sdt,600,300,4,4,1,1,1,4,16,100,90,0.05,3,20,5,True,True,542.814,16,1500,1448,1448,0,48,10739.6875,741,1646,True,True,270.804,16,1500,1448,1424,0,55,11606.5,554,1579,590,1614,6634,6850,6634,6849,9,24,70,07-28-202600:03:04,07-28-202600:03:58
Fiber sdt,600,300,4,4,1,1,1,4,16,100,90,0.05,3,20,5,True,True,542.664,15,1500,1448,1448,0,48,10791.5625,788,1947,True,True,272.362,16,1500,1448,1425,1,64,11610.6875,553,1484,607,1679,6616,6847,6618,6824,9,25,24,07-27-202623:21:39,07-27-202623:22:31
Fiber sdt,600,300,4,4,1,1,1,4,16,100,90,0.05,3,20,5,True,True,543.028,16,1500,1448,1448,0,48,10988.5,668,1793,True,False,271.238,16,1500,1448,1425,3,55,11664.8125,593,1530,637,1687,6619,6848,6619,6853,10,25,52,07-27-202623:46:30,07-27-202623:47:21
Fiber sdt,600,300,4,4,1,1,1,4,16,100,90,0.05,3,20,5,True,True,542.236,16,1500,1448,1448,0,48,10752.3125,690,1897,True,True,270.189,16,1500,1448,1425,0,54,11685.1875,572,1625,621,1754,6630,6836,6634,6839,9,26,36,07-27-202623:32:23,07-27-202623:33:12
Fiber sdt,600,300,4,4,1,1,1,4,16,100,90,0.05,3,20,5,True,True,542.029,11,1500,1448,1448,0,36,10745.416666666666,814,1881,True,True,270.398,16,1500,1448,1425,0,53,11535.9375,551,1469,618,1759,6643,6855,6646,6859,9,26,2,07-27-202623:01:09,07-27-202623:01:55
Fiber sdt,600,300,4,4,1,1,1,4,16,100,90,0.05,3,20,5,True,True,542.126,13,1500,1448,1448,0,42,10938.857142857143,780,2129,True,False,270.403,16,1500,1448,1425,0,52,11465.625,544,1526,628,2033,6636,6849,6626,6853,9,30,5,07-27-202623:03:42,07-27-202623:04:29
Fiber sdt,600,300,4,4,1,1,1,4,16,100,90,0.05,3,20,5,True,False,542.507,16,1500,1448,1448,0,48,11076.6875,611,1694,True,True,272.509,12,1500,1448,1424,0,44,11506.538461538461,699,1913,656,1862,6595,6865,6582,6870,10,27,89,07-28-202600:20:20,07-28-202600:21:06
Fiber sdt,600,300,4,4,1,1,1,4,16,100,90,0.05,3,20,5,True,True,542.791,16,1500,1448,1448,0,48,10941.8125,704,1604,True,True,271.621,14,1500,1448,1424,0,70,11625.8,676,1711,690,1692,6613,6872,6621,6879,10,25,74,07-28-202600:06:57,07-28-202600:07:44
Fiber sdt,600,300,4,4,1,1,1,4,16,100,90,0.05,3,20,5,True,True,542.575,16,1500,1448,1448,0,48,10670.1875,778,1810,True,True,271.542,16,1500,1448,1425,1,57,11897.625,584,1576,643,1705,6619,6848,6622,6838,10,25,91,07-28-202600:22:01,07-28-202600:22:54
Fiber sdt,600,300,4,4,1,1,1,4,16,100,90,0.05,3,20,5,True,True,542.477,16,1500,1448,1448,0,48,11017,624,1655,True,True,271.210,16,1500,1448,1425,0,54,11759.375,562,1568,595,1608,6639,6859,6636,6863,9,23,53,07-27-202623:47:24,07-27-202623:48:19
Fiber sdt,600,300,4,4,1,1,1,4,16,100,90,0.05,3,20,5,True,False,542.182,16,1500,1448,1448,0,48,10587.625,772,1701,True,True,272.771,15,1500,1448,1424,0,54,11714.3125,568,1610,720,1945,6617,6846,6648,6821,11,29,21,07-27-202623:18:49,07-27-202623:19:44
Fiber sdt,600,300,4,4,1,1,1,4,16,100,90,0.05,3,20,5,True,True,541.984,16,1500,1448,1448,0,48,10966.625,715,1601,True,False,270.969,16,1500,1448,1424,1,56,11682.3125,577,1559,641,1850,6618,6841,6626,6835,10,27,55,07-27-202623:49:14,07-27-202623:50:10
Fiber sdt,600,300,4,4,1,1,1,4,16,100,90,0.05,3,20,5,True,True,542.377,12,1500,1448,1448,0,36,10463.166666666666,898,2311,True,True,271.026,16,1500,1448,1424,0,59,11592.1875,571,1580,616,2026,6643,6842,6642,6846,9,30,27,07-27-202623:24:22,07-27-202623:25:06
Fiber sdt,600,300,4,4,1,1,1,4,16,100,90,0.05,3,20,5,True,True,542.667,14,1500,1448,1448,0,45,10918.266666666666,687,1891,True,True,271.289,14,1500,1448,1425,0,52,11706.6,636,1715,671,1799,6654,6863,6654,6869,10,26,77,07-28-202600:09:34,07-28-202600:10:17
Fiber sdt,600,300,4,4,1,1,1,4,16,100,90,0.05,3,20,5,True,True,542.769,16,1500,1448,1448,0,48,10964,692,1783,True,True,270.996,16,1500,1448,1424,1,140,11689.1875,618,1626,653,1700,6625,6835,6637,6813,10,25,85,07-28-202600:16:49,07-28-202600:17:39
Fiber sdt,600,300,4,4,1,1,1,4,16,100,90,0.05,3,20,5,True,False,542.487,16,1500,1448,1448,0,48,11005.75,663,1749,True,True,273.617,12,1500,1448,1424,0,62,11308.153846153846,668,1903,692,2024,6645,6849,6655,6853,10,30,86,07-28-202600:17:42,07-28-202600:18:31
Fiber sdt,600,300,4,4,1,1,1,4,16,100,90,0.05,3,20,5,True,False,542.591,16,1500,1448,1448,0,48,11066,687,1618,True,True,271.124,16,1500,1448,1425,0,67,11790,548,1526,613,1593,6633,6836,6637,6823,9,23,18,07-27-202623:16:03,07-27-202623:17:01
Fiber sdt,600,300,4,4,1,1,1,4,16,100,90,0.05,3,20,5,True,True,542.634,16,1500,1448,1448,0,48,10805,758,1787,True,True,270.200,16,1500,1448,1424,0,52,11682.375,549,1550,613,1674,6621,6840,6621,6845,9,24,22,07-27-202623:19:48,07-27-202623:20:39
Fiber sdt,600,300,4,4,1,1,1,4,16,100,90,0.05,3,20,5,True,True,542.550,16,1500,1448,1448,1,48,10959.5,696,1563,True,True,270.086,16,1500,1448,1424,1,83,11429.0625,610,1418,659,1486,6628,6842,6629,6846,10,22,81,07-28-202600:13:06,07-28-202600:13:58
Fiber sdt,600,300,4,4,1,1,1,4,16,100,90,0.05,3,20,5,True,True,543.116,16,1500,1448,1448,0,48,10963.375,658,1775,True,True,272.009,16,1500,1448,1424,0,71,11677.625,567,1568,615,1664,6630,6866,6616,6820,9,24,64,07-27-202623:57:40,07-27-202623:58:33
Fiber sdt,600,300,4,4,1,1,1,4,16,100,90,0.05,3,20,5,True,False,542.204,16,1500,1448,1448,0,48,10760.125,744,1490,True,True,270.323,16,1500,1448,1425,0,53,11750.375,552,1517,669,1631,6623,6837,6645,6829,10,24,7,07-27-202623:05:26,07-27-202623:06:23
Fiber sdt,600,300,4,4,1,1,1,4,16,100,90,0.05,3,20,5,True,True,541.258,16,1500,1448,1448,0,48,10654.0625,735,1743,True,True,270.674,16,1500,1448,1424,0,51,11670.875,578,1586,618,1665,6651,6867,6630,6872,9,24,76,07-28-202600:08:42,07-28-202600:09:31
Fiber sdt,600,300,4,4,1,1,1,4,16,100,90,0.05,3,20,5,True,True,542.135,13,1500,1448,1448,0,42,10862.07142857143,730,1813,True,True,270.983,16,1500,1448,1424,2,67,11795.875,562,1523,627,1674,6642,6861,6635,6866,9,24,98,07-28-202600:28:23,07-28-202600:29:08
Fiber sdt,600,300,4,4,1,1,1,4,16,100,90,0.05,3,20,5,True,True,542.590,16,1500,1448,1448,0,48,10992.8125,635,1517,True,True,271.561,15,1500,1448,1425,0,54,11509.0625,588,1619,615,1572,6614,6850,6609,6822,9,23,19,07-27-202623:17:04,07-27-202623:17:54
Fiber sdt,600,300,4,4,1,1,1,4,16,100,90,0.05,3,20,5,True,True,542.707,16,1500,1448,1448,0,48,10649.25,778,1745,True,True,271.078,14,1500,1448,1425,0,49,11486.8,610,1664,690,1703,6617,6843,6625,6829,10,25,28,07-27-202623:25:09,07-27-202623:25:59
Fiber sdt,600,300,4,4,1,1,1,4,16,100,90,0.05,3,20,5,True,False,541.995,16,1500,1448,1448,0,48,10984.0625,695,1715,True,True,272.753,15,1500,1448,1424,0,54,11762.625,513,1722,683,2041,6605,6861,6518,6860,10,30,67,07-28-202600:00:20,07-28-202600:01:09
Fiber sdt,600,300,4,4,1,1,1,4,16,100,90,0.05,3,20,5,True,True,542.773,16,1500,1448,1448,0,48,11160.8125,621,1589,True,True,271.192,16,1500,1448,1424,0,54,11540.3125,550,1554,584,1586,6618,6826,6636,6831,9,23,61,07-27-202623:54:45,07-27-202623:55:39
Fiber sdt,600,300,4,4,1,1,1,4,16,100,90,0.05,3,20,5,True,True,543.864,13,1500,1448,1448,0,39,10626.384615384615,772,1889,True,True,271.609,16,1500,1448,1425,0,53,11671.4375,575,1584,632,1742,6605,6845,6603,6843,10,25,1,07-27-202623:00:21,07-27-202623:01:06
Fiber sdt,600,300,4,4,1,1,1,4,16,100,90,0.05,3,20,5,True,True,542.669,12,1500,1448,1448,0,36,10935.5,747,2135,True,True,272.949,15,1500,1448,1424,0,51,11650.25,595,1682,668,1958,6612,6858,6607,6865,10,29,66,07-27-202623:59:36,07-28-202600:00:17
Fiber sdt,600,300,4,4,1,1,1,4,16,100,90,0.05,3,20,5,True,False,542.572,16,1500,1448,1448,1,48,10984.5625,671,1711,True,True,271.145,16,1500,1448,1425,1,57,11561.8125,567,1619,663,1939,6644,6863,6644,6849,10,28,40,07-27-202623:35:47,07-27-202623:36:44
Fiber sdt,600,300,4,4,1,1,1,4,16,100,90,0.05,3,20,5,True,False,542.603,16,1500,1448,1448,0,48,10945.5625,676,1849,True,False,269.601,16,1500,1448,1425,0,52,11468.75,571,1545,648,2071,6639,6867,6641,6849,10,30,73,07-28-202600:05:55,07-28-202600:06:54
Fiber sdt,600,300,4,4,1,1,1,4,16,100,90,0.05,3,20,5,True,False,542.378,16,1500,1448,1448,0,48,11052.0625,650,1653,True,True,271.981,12,1500,1448,1424,0,72,11450.692307692309,688,1963,691,1929,6644,6849,6647,6835,10,28,49,07-27-202623:43:52,07-27-202623:44:41
Fiber sdt,600,300,4,4,1,1,1,4,16,100,90,0.05,3,20,5,True,True,542.559,16,1500,1448,1448,0,48,10998.625,656,1574,True,False,271.030,16,1500,1448,1424,0,59,11762.25,527,1489,606,1801,6632,6861,6636,6818,9,26,60,07-27-202623:53:49,07-27-202623:54:42
Fiber sdt,600,300,4,4,1,1,1,4,16,100,90,0.05,3,20,5,True,True,542.982,16,1500,1448,1448,0,48,10749,753,1892,True,True,273.269,15,1500,1448,1425,2,109,11588.9375,595,1740,656,1812,6627,6832,6644,6818,10,27,41,07-27-202623:36:47,07-27-202623:37:39
Fiber sdt,600,300,4,4,1,1,1,4,16,100,90,0.05,3,20,5,True,True,542.680,16,1500,1448,1448,1,48,10974.5625,656,1850,True,True,272.133,16,1500,1448,1424,0,73,11665.9375,547,1690,586,1764,6635,6833,6642,6821,9,26,10,07-27-202623:08:18,07-27-202623:09:09
Fiber sdt,600,300,4,4,1,1,1,4,16,100,90,0.05,3,20,5,True,True,541.862,14,1500,1448,1448,0,42,10555.07142857143,834,2238,True,False,270.840,16,1500,1448,1424,0,51,11668.125,525,1601,592,1921,6647,6873,6636,6859,9,28,37,07-27-202623:33:16,07-27-202623:34:03
Fiber sdt,600,300,4,4,1,1,1,4,16,100,90,0.05,3,20,5,True,True,542.539,16,1500,1448,1448,0,48,10966.5,634,1625,True,False,271.725,16,1500,1448,1424,0,51,11476.3125,546,1581,586,1680,6634,6827,6644,6816,9,25,100,07-28-202600:30:04,07-28-202600:31:02
Fiber sdt,600,300,4,4,1,1,1,4,16,100,90,0.05,3,20,5,True,True,542.647,16,1500,1448,1448,0,48,11026.875,657,1647,True,True,270.466,16,1500,1448,1425,0,51,11387.3125,599,1605,629,1628,6608,6889,6617,6887,10,24,35,07-27-202623:31:30,07-27-202623:32:20
Fiber sdt,600,300,4,4,1,1,1,4,16,100,90,0.05,3,20,5,True,True,542.460,16,1500,1448,1448,0,48,10972.625,741,1733,True,False,271.210,16,1500,1448,1425,1,56,11622.9375,558,1475,634,1678,6619,6818,6625,6806,10,25,11,07-27-202623:09:12,07-27-202623:10:08
Fiber sdt,600,300,4,4,1,1,1,4,16,100,90,0.05,3,20,5,True,True,542.621,16,1500,1448,1448,0,48,10912.4375,690,1897,True,True,272.923,15,1500,1448,1424,0,52,11534.375,588,1558,645,1774,6617,6878,6601,6886,10,26,94,07-28-202600:24:48,07-28-202600:25:35
Fiber sdt,600,300,4,4,1,1,1,4,16,100,90,0.05,3,20,5,True,True,542.648,16,1500,1448,1448,0,48,10505.3125,842,1671,True,True,272.361,16,1500,1448,1425,0,66,11613.6875,605,1548,644,1618,6644,6838,6645,6844,10,24,87,07-28-202600:18:35,07-28-202600:19:25
Fiber sdt,600,300,4,4,1,1,1,4,16,100,90,0.05,3,20,5,True,True,542.491,14,1500,1448,1448,0,45,10670.866666666667,812,2020,True,False,270.223,16,1500,1448,1424,0,56,11877.0625,577,1555,615,2008,6627,6843,6619,6847,9,29,90,07-28-202600:21:09,07-28-202600:21:57
Fiber sdt,600,300,4,4,1,1,1,4,16,100,90,0.05,3,20,5,True,True,542.572,16,1500,1448,1448,1,48,11061,695,1734,True,True,270.842,16,1500,1448,1425,0,54,11485.875,609,1613,647,1672,6635,6833,6649,6833,10,24,6,07-27-202623:04:32,07-27-202623:05:23
Fiber sdt,600,300,4,4,1,1,1,4,16,100,90,0.05,3,20,5,True,False,542.731,16,1500,1448,1448,0,48,11032.9375,641,1721,True,True,271.637,16,1500,1448,1424,2,68,11582.9375,640,1464,640,1594,6618,6850,6618,6851,10,23,25,07-27-202623:22:35,07-27-202623:23:26
Fiber sdt,600,300,4,4,1,1,1,4,16,100,90,0.05,3,20,5,True,False,542.333,16,1500,1448,1448,0,48,11042.5,641,1735,True,False,271.622,16,1500,1448,1424,0,54,11641.9375,549,1521,638,1938,6643,6850,6646,6845,10,28,65,07-27-202623:58:37,07-27-202623:59:33
Fiber sdt,600,300,4,4,1,1,1,4,16,100,90,0.05,3,20,5,True,True,543.372,14,1500,1448,1448,0,45,11199.466666666667,666,1833,True,False,271.727,16,1500,1448,1424,0,50,11541.25,596,1527,641,1680,6588,6843,6553,6848,10,25,54,07-27-202623:48:23,07-27-202623:49:11
Fiber sdt,600,300,4,4,1,1,1,4,16,100,90,0.05,3,20,5,True,True,542.951,16,1500,1448,1448,0,48,11085.25,655,1498,True,True,273.691,14,1500,1448,1424,0,48,11674.266666666666,619,1715,631,1678,6628,6836,6632,6831,10,25,39,07-27-202623:34:51,07-27-202623:35:44
Fiber sdt,600,300,4,4,1,1,1,4,16,100,90,0.05,3,20,5,True,True,543.081,16,1500,1448,1448,1,48,10830.125,722,1784,True,True,270.108,16,1500,1448,1425,0,68,11510.625,584,1668,648,1729,6632,6860,6653,6855,10,25,3,07-27-202623:01:58,07-27-202623:02:53
Fiber sdt,600,300,4,4,1,1,1,4,16,100,90,0.05,3,20,5,True,True,542.448,13,1500,1448,1448,0,39,10915.384615384615,800,1785,True,True,271.015,16,1500,1448,1425,1,83,11704.5,549,1615,636,1705,6626,6848,6621,6833,10,25,97,07-28-202600:27:34,07-28-202600:28:20
Fiber sdt,600,300,4,4,1,1,1,4,16,100,90,0.05,3,20,5,True,True,542.569,11,1500,1448,1448,0,36,10549.583333333334,789,2233,True,True,270.425,16,1500,1448,1425,0,52,11255.5,594,1243,657,2111,6615,6831,6601,6835,10,31,33,07-27-202623:29:47,07-27-202623:30:31
Fiber sdt,600,300,4,4,1,1,1,4,16,100,90,0.05,3,20,5,True,True,543.057,16,1500,1448,1448,0,48,10802.0625,723,1920,True,True,271.750,16,1500,1448,1425,0,52,11568.875,576,1603,623,1751,6605,6850,6582,6848,9,26,47,07-27-202623:42:07,07-27-202623:42:54
Fiber sdt,600,300,4,4,1,1,1,4,16,100,90,0.05,3,20,5,True,False,542.586,16,1500,1448,1448,0,48,11060.6875,633,1715,True,False,271.139,16,1500,1448,1424,0,51,11464.6875,574,1545,625,1777,6617,6841,6623,6803,9,26,96,07-28-202600:26:32,07-28-202600:27:31
Fiber sdt,600,300,4,4,1,1,1,4,16,100,90,0.05,3,20,5,True,False,541.626,16,1500,1448,1448,1,48,10495.4375,796,1755,True,False,272.000,16,1500,1448,1424,0,49,11811.5625,525,1541,662,1897,6602,6830,6574,6834,10,28,72,07-28-202600:04:59,07-28-202600:05:52
Fiber sdt,600,300,4,4,1,1,1,4,16,100,90,0.05,3,20,5,True,True,541.513,16,1500,1448,1448,0,48,10613.75,792,1836,True,False,272.098,16,1500,1448,1424,0,51,11787.6875,499,1582,623,1743,6615,6847,6603,6793,9,26,16,07-27-202623:13:56,07-27-202623:14:50
Fiber sdt,600,300,4,4,1,1,1,4,16,100,90,0.05,3,20,5,True,True,542.846,16,1500,1448,1448,0,48,10991.25,685,1809,True,True,271.782,15,1500,1448,1425,0,68,11484.9375,707,1535,697,1668,6650,6866,6659,6866,10,24,8,07-27-202623:06:26,07-27-202623:07:17
Fiber sdt,600,300,4,4,1,1,1,4,16,100,90,0.05,3,20,5,True,True,542.797,16,1500,1448,1448,0,48,10600.9375,778,1795,True,True,270.597,16,1500,1448,1424,0,53,11665.75,548,1530,597,1670,6642,6864,6638,6861,9,24,14,07-27-202623:12:08,07-27-202623:13:02
Fiber sdt,600,300,4,4,1,1,1,4,16,100,90,0.05,3,20,5,True,False,542.770,16,1500,1448,1448,0,48,11103.25,607,1502,True,False,270.612,16,1500,1448,1424,0,52,11571.4375,544,1501,622,1848,6634,6853,6659,6855,9,27,82,07-28-202600:14:01,07-28-202600:14:57
Fiber sdt,600,300,4,4,1,1,1,4,16,100,90,0.05,3,20,5,True,False,542.722,16,1500,1448,1448,0,48,11090.625,610,1701,True,False,271.236,16,1500,1448,1424,0,54,11719.375,526,1456,610,1908,6620,6845,6622,6846,9,28,45,07-27-202623:40:10,07-27-202623:41:09
Fiber sdt,600,300,4,4,1,1,1,4,16,100,90,0.05,3,20,5,True,True,542.141,16,1500,1448,1448,0,48,10959.0625,659,1667,True,False,271.255,16,1500,1448,1424,0,65,11802.8125,542,1491,605,1622,6628,6838,6622,6841,9,24,43,07-27-202623:38:31,07-27-202623:39:21
Fiber sdt,600,300,4,4,1,1,1,4,16,100,90,0.05,3,20,5,True,False,542.084,16,1500,1448,1448,1,48,11065.5,589,1716,True,True,271.371,16,1500,1448,1424,1,58,11505.5,611,1597,615,1828,6663,6882,6657,6871,9,27,83,07-28-202600:15:00,07-28-202600:15:50
Fiber sdt,600,300,4,4,1,1,1,4,16,100,90,0.05,3,20,5,True,False,542.868,16,1500,1448,1448,0,48,11105.6875,614,1752,True,True,269.385,16,1500,1448,1425,0,60,11570,547,1511,596,1644,6634,6836,6659,6818,9,24,63,07-27-202623:56:39,07-27-202623:57:37
Fiber sdt,600,300,4,4,1,1,1,4,16,100,90,0.05,3,20,5,True,False,542.617,16,1500,1448,1448,0,48,10667.8125,737,1865,True,True,273.218,16,1500,1448,1425,0,56,11672.25,540,1720,684,1885,6628,6826,6647,6819,10,28,80,07-28-202600:12:07,07-28-202600:13:03
Fiber sdt,600,300,4,4,1,1,1,4,16,100,90,0.05,3,20,5,True,True,543.225,16,1500,1448,1448,0,48,11023.0625,659,1740,True,True,271.421,15,1500,1448,1425,0,51,11825.5,590,1714,629,1735,6618,6831,6614,6832,10,25,59,07-27-202623:52:52,07-27-202623:53:45
Fiber sdt,600,300,4,4,1,1,1,4,16,100,90,0.05,3,20,5,True,True,542.240,16,1500,1448,1448,0,48,10814.625,723,1609,True,True,273.004,16,1500,1448,1424,1,90,11808.625,545,1622,609,1617,6629,6840,6624,6842,9,24,15,07-27-202623:13:05,07-27-202623:13:53
Fiber sdt,600,300,4,4,1,1,1,4,16,100,90,0.05,3,20,5,True,True,542.577,16,1500,1448,1448,0,48,10974.625,632,1558,True,True,270.922,16,1500,1448,1425,0,53,11690,564,1522,602,1550,6617,6859,6632,6814,9,23,71,07-28-202600:04:02,07-28-202600:04:56
Fiber sdt,600,300,4,4,1,1,1,4,16,100,90,0.05,3,20,5,True,True,542.599,16,1500,1448,1448,0,48,10961.25,622,1884,True,True,272.959,13,1500,1448,1425,0,48,11310.714285714286,609,1865,615,1878,6651,6846,6620,6841,9,27,42,07-27-202623:37:42,07-27-202623:38:27
Fiber sdt,600,300,4,4,1,1,1,4,16,100,90,0.05,3,20,5,True,True,542.737,16,1500,1448,1448,0,48,10965.625,703,1621,True,True,270.368,16,1500,1448,1424,1,57,11577,555,1496,613,1555,6626,6857,6627,6848,9,23,51,07-27-202623:45:36,07-27-202623:46:27
Fiber sdt,600,300,4,4,1,1,1,4,16,100,90,0.05,3,20,5,True,False,542.367,16,1500,1448,1448,0,48,10778.375,735,1674,True,True,272.097,11,1500,1448,1424,0,43,11325.333333333334,701,2050,719,1946,6624,6841,6625,6814,11,29,57,07-27-202623:51:06,07-27-202623:51:54
Fiber sdt,600,300,4,4,1,1,1,4,16,100,90,0.05,3,20,5,True,True,542.203,13,1500,1448,1448,0,39,10717.076923076924,810,2107,True,False,271.332,16,1500,1448,1425,0,72,11470.1875,585,1555,637,1806,6621,6844,6617,6816,10,26,88,07-28-202600:19:28,07-28-202600:20:17
Fiber sdt,600,300,4,4,1,1,1,4,16,100,90,0.05,3,20,5,True,True,543.006,12,1500,1448,1448,0,39,10367.615384615385,958,2337,True,True,273.118,15,1500,1448,1424,6,94,11686.3125,585,1674,667,2025,6613,6844,6602,6841,10,30,4,07-27-202623:02:56,07-27-202623:03:38
Fiber sdt,600,300,4,4,1,1,1,4,16,100,90,0.05,3,20,5,True,True,541.772,16,1500,1448,1448,0,48,10929,702,1959,True,False,271.009,16,1500,1448,1424,1,61,11266.5625,647,1260,717,1807,6616,6829,6637,6831,11,26,12,07-27-202623:10:11,07-27-202623:11:08
Fiber sdt,600,300,4,4,1,1,1,4,16,100,90,0.05,7,20,5,True,False,542.893,16,1500,1448,1448,0,48,10830.0625,737,1400,True,True,272.427,14,1500,1448,1424,2,104,11558.466666666667,659,1745,709,1617,6638,6854,6647,6854,11,24,79,07-28-202601:33:47,07-28-202601:34:35
Fiber sdt,600,300,4,4,1,1,1,4,16,100,90,0.05,7,20,5,True,True,542.497,16,1500,1448,1448,0,48,10734.625,730,1638,True,True,272.159,10,1500,1448,1424,0,45,11108.90909090909,743,2076,735,2024,6637,6833,6594,6835,11,30,50,07-28-202601:10:39,07-28-202601:11:20
Fiber sdt,600,300,4,4,1,1,1,4,16,100,90,0.05,7,20,5,True,True,542.573,15,1500,1448,1448,0,45,10949.866666666667,722,1978,True,True,270.745,16,1500,1448,1424,0,62,11522.25,604,1635,652,1812,6625,6871,6614,6873,10,26,23,07-28-202600:49:10,07-28-202600:49:56
Fiber sdt,600,300,4,4,1,1,1,4,16,100,90,0.05,7,20,5,True,True,542.419,11,1500,1448,1448,0,33,10459.09090909091,893,2028,True,True,271.202,16,1500,1448,1424,0,74,11578.375,570,1501,646,1860,6610,6824,6596,6827,10,27,68,07-28-202601:25:14,07-28-202601:25:57
Fiber sdt,600,300,4,4,1,1,1,4,16,100,90,0.05,7,20,5,True,True,542.647,11,1500,1448,1448,0,33,10649.454545454546,836,2215,True,True,273.667,12,1500,1448,1425,0,42,11324.153846153846,657,1966,750,2102,6640,6857,6621,6861,11,31,92,07-28-202601:44:04,07-28-202601:44:41
Fiber sdt,600,300,4,4,1,1,1,4,16,100,90,0.05,7,20,5,True,True,542.750,14,1500,1448,1448,0,42,10929.42857142857,709,1906,True,True,272.804,16,1500,1448,1424,0,51,11670.25,633,1656,673,1785,6619,6838,6616,6843,10,26,95,07-28-202601:46:20,07-28-202601:47:04
Fiber sdt,600,300,4,4,1,1,1,4,16,100,90,0.05,7,20,5,True,True,540.299,11,1500,1448,1448,0,36,10382,929,1925,True,True,272.400,11,1500,1448,1424,0,39,11339.666666666666,717,1984,805,1967,6645,6853,6641,6859,12,29,46,07-28-202601:07:39,07-28-202601:08:16
Fiber sdt,600,300,4,4,1,1,1,4,16,100,90,0.05,7,20,5,True,True,542.522,12,1500,1448,1448,0,39,11176,597,2337,True,False,270.258,16,1500,1448,1425,0,61,11679.625,534,1538,571,1961,6645,6843,6636,6850,9,29,93,07-28-202601:44:44,07-28-202601:45:30
Fiber sdt,600,300,4,4,1,1,1,4,16,100,90,0.05,7,20,5,True,True,542.605,16,1500,1448,1448,0,48,11008.375,643,1729,True,True,272.218,10,1500,1448,1424,0,53,11212.90909090909,750,2129,659,2070,6622,6834,6618,6836,10,30,17,07-28-202600:44:05,07-28-202600:44:48
Fiber sdt,600,300,4,4,1,1,1,4,16,100,90,0.05,7,20,5,True,True,542.712,11,1500,1448,1448,0,36,10533.916666666666,901,2044,True,False,272.591,16,1500,1448,1424,0,51,11577.3125,550,1544,616,1946,6628,6828,6622,6831,9,28,29,07-28-202600:53:58,07-28-202600:54:43
Fiber sdt,600,300,4,4,1,1,1,4,16,100,90,0.05,7,20,5,True,True,542.237,15,1500,1448,1448,0,45,10808.066666666668,759,2125,True,True,271.224,16,1500,1448,1424,1,152,11696,614,1570,649,1912,6633,6856,6622,6861,10,28,20,07-28-202600:46:38,07-28-202600:47:25
Fiber sdt,600,300,4,4,1,1,1,4,16,100,90,0.05,7,20,5,True,True,542.618,10,1500,1448,1448,0,33,10405.90909090909,931,2251,True,True,272.498,12,1500,1448,1425,0,58,11193.153846153846,755,1784,847,2088,6623,6833,6623,6837,13,31,31,07-28-202600:55:43,07-28-202600:56:20
Fiber sdt,600,300,4,4,1,1,1,4,16,100,90,0.05,7,20,5,True,False,542.745,16,1500,1448,1448,0,48,11018.375,619,1821,True,True,273.148,16,1500,1448,1425,0,62,11500.125,620,1456,651,1752,6645,6871,6624,6871,10,26,84,07-28-202601:37:37,07-28-202601:38:29
Fiber sdt,600,300,4,4,1,1,1,4,16,100,90,0.05,7,20,5,True,True,541.543,14,1500,1448,1448,0,45,10853.266666666666,757,2023,True,True,271.863,13,1500,1448,1424,0,47,11543.07142857143,726,1670,748,1849,6624,6847,6610,6851,11,27,13,07-28-202600:41:03,07-28-202600:41:45
Fiber sdt,600,300,4,4,1,1,1,4,16,100,90,0.05,7,20,5,True,False,540.738,16,1500,1448,1448,1,48,11292.1875,610,1707,True,True,272.738,11,1500,1448,1425,0,54,10604.09090909091,1048,1759,639,1743,6645,6860,6642,6865,10,25,62,07-28-202601:20:15,07-28-202601:20:59
Fiber sdt,600,300,4,4,1,1,1,4,16,100,90,0.05,7,20,5,True,True,542.651,16,1500,1448,1448,0,48,11142.5625,661,1424,True,True,271.876,12,1500,1448,1425,1,48,11295,762,1809,678,1738,6622,6853,6624,6846,10,25,75,07-28-202601:30:44,07-28-202601:31:29
Fiber sdt,600,300,4,4,1,1,1,4,16,100,90,0.05,7,20,5,True,True,543.369,13,1500,1448,1448,0,42,10901.357142857143,715,1981,True,True,270.894,16,1500,1448,1425,0,64,11673.75,613,1658,665,1809,6611,6881,6606,6886,10,26,9,07-28-202600:37:42,07-28-202600:38:26
Fiber sdt,600,300,4,4,1,1,1,4,16,100,90,0.05,7,20,5,True,True,542.738,16,1500,1448,1448,0,48,10971.25,667,1791,True,True,271.885,13,1500,1448,1424,0,48,11309.076923076924,698,1925,674,1886,6608,6827,6589,6830,10,28,44,07-28-202601:06:08,07-28-202601:06:50
Fiber sdt,600,300,4,4,1,1,1,4,16,100,90,0.05,7,20,5,True,False,543.120,16,1500,1448,1448,0,48,11028.125,660,1396,True,True,270.872,16,1500,1448,1425,2,116,11811.5625,605,1549,628,1547,6631,6861,6625,6864,9,23,48,07-28-202601:09:00,07-28-202601:09:52
Fiber sdt,600,300,4,4,1,1,1,4,16,100,90,0.05,7,20,5,True,True,542.395,16,1500,1448,1448,0,48,10659.125,754,1794,True,True,271.131,16,1500,1448,1424,1,77,11767.3125,562,1579,647,1684,6590,6835,6584,6841,10,25,99,07-28-202601:49:19,07-28-202601:50:07
Fiber sdt,600,300,4,4,1,1,1,4,16,100,90,0.05,7,20,5,True,False,542.938,16,1500,1448,1448,0,48,10956.5625,676,1636,True,True,272.367,11,1500,1448,1425,0,35,11116,682,2088,699,1968,6639,6868,6652,6875,11,29,56,07-28-202601:15:26,07-28-202601:16:10
Fiber sdt,600,300,4,4,1,1,1,4,16,100,90,0.05,7,20,5,True,True,542.592,15,1500,1448,1448,0,45,10421.4,901,2042,True,True,272.673,14,1500,1448,1425,0,53,11517.266666666666,654,1710,731,1870,6639,6848,6634,6853,11,27,32,07-28-202600:56:23,07-28-202600:57:06
Fiber sdt,600,300,4,4,1,1,1,4,16,100,90,0.05,7,20,5,True,True,542.212,16,1500,1448,1448,0,48,11059.6875,728,1752,True,True,271.483,12,1500,1448,1424,0,40,11391,677,1944,708,1893,6647,6882,6636,6866,11,28,78,07-28-202601:33:02,07-28-202601:33:44
Fiber sdt,600,300,4,4,1,1,1,4,16,100,90,0.05,7,20,5,True,True,542.854,12,1500,1448,1448,0,36,10537.5,839,2231,True,False,271.892,16,1500,1448,1425,20,79,11497.625,610,1450,671,2003,6630,6830,6629,6831,10,29,38,07-28-202601:01:09,07-28-202601:01:54
Fiber sdt,600,300,4,4,1,1,1,4,16,100,90,0.05,7,20,5,True,False,542.633,16,1500,1448,1448,0,48,10974.3125,695,1759,True,True,272.437,16,1500,1448,1425,0,52,11822,586,1593,635,1648,6637,6837,6636,6842,10,24,26,07-28-202600:51:26,07-28-202600:52:16
Fiber sdt,600,300,4,4,1,1,1,4,16,100,90,0.05,7,20,5,True,False,542.354,16,1500,1448,1448,0,48,10831.5,695,1469,True,True,274.009,12,1500,1448,1425,2,138,11302.333333333334,713,2040,745,1890,6585,6864,6556,6865,11,28,69,07-28-202601:26:00,07-28-202601:26:45
Fiber sdt,600,300,4,4,1,1,1,4,16,100,90,0.05,7,20,5,True,True,542.346,16,1500,1448,1448,0,48,10628,822,1772,True,True,272.235,15,1500,1448,1425,0,48,11308.8,674,1674,749,1720,6633,6853,6631,6846,11,25,34,07-28-202600:57:47,07-28-202600:58:33
Fiber sdt,600,300,4,4,1,1,1,4,16,100,90,0.05,7,20,5,True,True,542.634,11,1500,1448,1448,0,36,10398.166666666666,996,2238,True,True,272.023,10,1500,1448,1425,0,45,10921.727272727272,892,1987,947,2124,6647,6835,6650,6829,14,31,58,07-28-202601:17:08,07-28-202601:17:47
Fiber sdt,600,300,4,4,1,1,1,4,16,100,90,0.05,7,20,5,True,False,542.869,16,1500,1448,1448,1,48,11048.5,569,1699,True,False,270.939,16,1500,1448,1424,0,55,11346.1875,683,1253,613,1732,6610,6863,6601,6865,9,25,30,07-28-202600:54:46,07-28-202600:55:39
Fiber sdt,600,300,4,4,1,1,1,4,16,100,90,0.05,7,20,5,True,True,542.690,16,1500,1448,1448,0,48,10933.625,686,1636,True,True,272.383,15,1500,1448,1424,0,53,11565.6875,601,1664,648,1665,6596,6859,6500,6864,10,24,70,07-28-202601:26:48,07-28-202601:27:35
Fiber sdt,600,300,4,4,1,1,1,4,16,100,90,0.05,7,20,5,True,True,542.698,16,1500,1448,1448,0,48,10901.125,721,2028,True,True,271.124,12,1500,1448,1424,0,69,11164.307692307691,773,1801,741,1909,6618,6846,6609,6851,11,28,24,07-28-202600:49:59,07-28-202600:50:41
Fiber sdt,600,300,4,4,1,1,1,4,16,100,90,0.05,7,20,5,True,True,542.229,16,1500,1448,1448,0,48,11055.3125,644,1714,True,True,271.729,11,1500,1448,1424,0,36,11054.454545454546,692,2151,661,2090,6630,6837,6618,6839,10,31,52,07-28-202601:12:15,07-28-202601:12:56
Fiber sdt,600,300,4,4,1,1,1,4,16,100,90,0.05,7,20,5,True,False,541.436,16,1500,1448,1448,0,48,10894.1875,667,1809,True,False,270.841,16,1500,1448,1425,0,54,11613.5625,548,1503,585,1647,6638,6852,6625,6853,9,24,36,07-28-202600:59:20,07-28-202601:00:13
Fiber sdt,600,300,4,4,1,1,1,4,16,100,90,0.05,7,20,5,True,True,541.079,14,1500,1448,1448,0,45,11079.733333333334,720,1863,True,True,272.277,11,1500,1448,1424,0,36,11083.727272727272,636,2183,695,2121,6655,6849,6653,6854,10,31,2,07-28-202600:31:47,07-28-202600:32:26
Fiber sdt,600,300,4,4,1,1,1,4,16,100,90,0.05,7,20,5,True,True,542.844,16,1500,1448,1448,0,48,10227.4375,976,1577,False,True,271.389,16,1500,1448,1424,0,52,11582.875,556,1529,613,1562,6624,6864,6624,6868,9,23,5,07-28-202600:34:14,07-28-202600:35:11
Fiber sdt,600,300,4,4,1,1,1,4,16,100,90,0.05,7,20,5,True,True,542.866,12,1500,1448,1448,0,36,10901,793,2169,True,True,270.871,11,1500,1448,1424,0,61,11318.083333333334,669,1974,741,2065,6662,6869,6657,6868,11,30,89,07-28-202601:41:44,07-28-202601:42:21
Fiber sdt,600,300,4,4,1,1,1,4,16,100,90,0.05,7,20,5,True,True,542.665,11,1500,1448,1448,0,33,10618.818181818182,773,1912,True,True,271.570,16,1500,1448,1425,1,68,11760.1875,552,1631,627,1788,6639,6855,6638,6860,9,26,74,07-28-202601:30:00,07-28-202601:30:41
Fiber sdt,600,300,4,4,1,1,1,4,16,100,90,0.05,7,20,5,True,True,542.537,16,1500,1448,1448,0,48,10867.4375,728,1652,True,True,270.468,16,1500,1448,1425,1,53,11667.75,584,1527,638,1590,6634,6853,6623,6858,10,23,91,07-28-202601:43:13,07-28-202601:44:01
Fiber sdt,600,300,4,4,1,1,1,4,16,100,90,0.05,7,20,5,True,True,542.402,16,1500,1448,1448,0,48,11016.375,651,1857,True,True,271.523,16,1500,1448,1424,0,54,11760.8125,556,1632,602,1738,6646,6850,6637,6855,9,25,53,07-28-202601:12:59,07-28-202601:13:48
Fiber sdt,600,300,4,4,1,1,1,4,16,100,90,0.05,7,20,5,True,True,542.259,16,1500,1448,1448,0,48,10695.0625,792,1876,True,True,273.091,16,1500,1448,1425,0,57,11787.625,613,1569,684,1747,6617,6839,6618,6842,10,26,21,07-28-202600:47:28,07-28-202600:48:14
Fiber sdt,600,300,4,4,1,1,1,4,16,100,90,0.05,7,20,5,True,True,542.124,16,1500,1448,1448,1,48,10752.875,758,1902,True,True,270.656,16,1500,1448,1424,0,56,11589.1875,583,1580,640,1763,6652,6871,6637,6877,10,26,55,07-28-202601:14:33,07-28-202601:15:22
Fiber sdt,600,300,4,4,1,1,1,4,16,100,90,0.05,7,20,5,True,False,541.249,16,1500,1448,1448,0,48,10891.875,708,1613,True,True,270.549,16,1500,1448,1424,0,53,11644.375,600,1608,656,1625,6629,6851,6600,6850,10,24,27,07-28-202600:52:19,07-28-202600:53:10
Fiber sdt,600,300,4,4,1,1,1,4,16,100,90,0.05,7,20,5,True,True,542.263,12,1500,1448,1448,0,39,10481.923076923076,880,1611,True,True,271.632,11,1500,1448,1425,0,36,10914.363636363636,757,2122,815,2051,6638,6855,6626,6855,12,30,77,07-28-202601:32:22,07-28-202601:32:59
Fiber sdt,600,300,4,4,1,1,1,4,16,100,90,0.05,7,20,5,True,True,542.468,16,1500,1448,1448,0,48,11012.4375,650,1823,True,True,271.731,12,1500,1448,1425,1,87,11294.384615384615,654,1900,651,1892,6603,6854,6586,6860,10,28,85,07-28-202601:38:32,07-28-202601:39:17
Fiber sdt,600,300,4,4,1,1,1,4,16,100,90,0.05,7,20,5,True,False,542.255,16,1500,1448,1448,0,48,10733.125,735,1446,True,True,272.827,11,1500,1448,1424,0,38,11349.5,723,2021,762,1952,6580,6840,6601,6843,12,29,86,07-28-202601:39:21,07-28-202601:40:06
Fiber sdt,600,300,4,4,1,1,1,4,16,100,90,0.05,7,20,5,False,True,540.976,16,1500,1448,1448,0,48,10967.625,640,1544,True,True,271.197,14,1500,1448,1424,0,50,11677.066666666668,610,1720,623,1678,6633,6842,6578,6844,9,25,18,07-28-202600:44:51,07-28-202600:45:44
Fiber sdt,600,300,4,4,1,1,1,4,16,100,90,0.05,7,20,5,True,False,542.050,16,1500,1448,1448,0,48,11022.0625,640,1745,True,True,270.853,16,1500,1448,1425,0,60,11789.5,545,1703,640,1961,6597,6833,6581,6835,10,29,22,07-28-202600:48:17,07-28-202600:49:07
Fiber sdt,600,300,4,4,1,1,1,4,16,100,90,0.05,7,20,5,True,True,542.047,12,1500,1448,1448,0,36,10619,808,1977,True,True,272.866,12,1500,1448,1425,1,68,11373.692307692309,675,1915,751,1944,6638,6859,6581,6863,11,28,81,07-28-202601:35:22,07-28-202601:36:00
Fiber sdt,600,300,4,4,1,1,1,4,16,100,90,0.05,7,20,5,True,True,542.233,15,1500,1448,1448,0,48,10563.625,773,2001,True,True,273.711,15,1500,1448,1425,1,65,11504.3125,658,1603,727,1826,6621,6850,6610,6855,11,27,64,07-28-202601:21:55,07-28-202601:22:40
Fiber sdt,600,300,4,4,1,1,1,4,16,100,90,0.05,7,20,5,True,True,542.979,14,1500,1448,1448,0,45,10994.466666666667,684,1888,True,True,271.503,11,1500,1448,1425,0,38,11088.833333333334,808,1872,716,1893,6609,6880,6587,6881,11,28,7,07-28-202600:36:07,07-28-202600:36:47
Fiber sdt,600,300,4,4,1,1,1,4,16,100,90,0.05,7,20,5,True,True,542.724,16,1500,1448,1448,0,48,11054.75,677,1573,True,True,270.821,13,1500,1448,1425,0,47,11380.857142857143,614,1859,653,1765,6616,6861,6593,6862,10,26,76,07-28-202601:31:32,07-28-202601:32:18
Fiber sdt,600,300,4,4,1,1,1,4,16,100,90,0.05,7,20,5,True,True,542.478,13,1500,1448,1448,0,42,11039.92857142857,652,2041,True,True,273.112,13,1500,1448,1424,0,44,11159.57142857143,711,1710,667,1903,6578,6863,6578,6867,10,28,98,07-28-202601:48:34,07-28-202601:49:15
Fiber sdt,600,300,4,4,1,1,1,4,16,100,90,0.05,7,20,5,True,True,542.851,15,1500,1448,1448,0,45,10834.466666666667,750,1818,True,False,270.073,16,1500,1448,1425,1,59,11601.6875,625,1456,694,1681,6619,6841,6621,6843,10,25,19,07-28-202600:45:47,07-28-202600:46:35
Fiber sdt,600,300,4,4,1,1,1,4,16,100,90,0.05,7,20,5,True,True,542.416,12,1500,1448,1448,0,36,10972.083333333334,715,1877,True,True,271.432,16,1500,1448,1424,0,53,11779.6875,568,1615,639,1762,6654,6851,6648,6854,10,26,28,07-28-202600:53:13,07-28-202600:53:55
Fiber sdt,600,300,4,4,1,1,1,4,16,100,90,0.05,7,20,5,True,True,542.488,16,1500,1448,1448,1,48,10951.125,735,2053,True,True,272.866,14,1500,1448,1425,0,45,11377.285714285714,637,1845,694,1944,6613,6856,6589,6863,11,28,67,07-28-202601:24:27,07-28-202601:25:11
Fiber sdt,600,300,4,4,1,1,1,4,16,100,90,0.05,7,20,5,True,True,542.672,12,1500,1448,1448,0,36,10892.333333333334,789,1858,True,True,272.943,15,1500,1448,1424,0,52,11496.1875,617,1691,667,1774,6633,6849,6642,6846,10,26,61,07-28-202601:19:30,07-28-202601:20:11
Fiber sdt,600,300,4,4,1,1,1,4,16,100,90,0.05,7,20,5,True,True,542.591,11,1500,1448,1448,0,36,10954.083333333334,698,2003,True,True,273.146,13,1500,1448,1425,0,44,11607.42857142857,652,1819,679,1919,6611,6828,6625,6830,10,28,1,07-28-202600:31:05,07-28-202600:31:44
Fiber sdt,600,300,4,4,1,1,1,4,16,100,90,0.05,7,20,5,True,False,542.258,16,1500,1448,1448,0,48,11043.3125,686,1856,True,True,272.093,12,1500,1448,1425,0,43,11210.076923076924,613,1913,707,2080,6639,6847,6656,6851,11,30,66,07-28-202601:23:38,07-28-202601:24:24
Fiber sdt,600,300,4,4,1,1,1,4,16,100,90,0.05,7,20,5,True,True,542.374,16,1500,1448,1448,0,48,10914,659,1714,True,True,272.752,16,1500,1448,1425,0,50,11526.5625,598,1613,618,1661,6623,6859,6602,6863,9,24,40,07-28-202601:02:45,07-28-202601:03:32
Fiber sdt,600,300,4,4,1,1,1,4,16,100,90,0.05,7,20,5,True,True,541.935,15,1500,1448,1448,1,45,10945.933333333332,714,1891,True,True,272.165,15,1500,1448,1425,0,71,11790.25,623,1641,665,1774,6659,6856,6649,6860,10,26,73,07-28-202601:29:12,07-28-202601:29:56
Fiber sdt,600,300,4,4,1,1,1,4,16,100,90,0.05,7,20,5,True,True,542.846,16,1500,1448,1448,0,48,11081.125,729,1673,True,True,270.360,12,1500,1448,1425,0,41,11341.666666666666,699,2051,720,1979,6628,6846,6629,6850,11,29,49,07-28-202601:09:55,07-28-202601:10:36
Fiber sdt,600,300,4,4,1,1,1,4,16,100,90,0.05,7,20,5,True,True,542.254,16,1500,1448,1448,0,48,10510.5,816,1761,True,True,272.934,10,1500,1448,1425,0,35,11264.363636363636,757,2026,783,1974,6653,6856,6646,6856,12,29,60,07-28-202601:18:44,07-28-202601:19:27
Fiber sdt,600,300,4,4,1,1,1,4,16,100,90,0.05,7,20,5,True,True,542.352,14,1500,1448,1448,0,42,10866.57142857143,749,1858,True,True,270.817,12,1500,1448,1424,0,43,11449.153846153846,646,1937,705,1911,6631,6844,6618,6844,11,28,41,07-28-202601:03:35,07-28-202601:04:15
Fiber sdt,600,300,4,4,1,1,1,4,16,100,90,0.05,7,20,5,False,True,542.419,16,1500,1448,1448,0,48,11066.125,628,1816,True,True,273.236,16,1500,1448,1424,0,64,11588.75,554,1659,603,1739,6598,6870,6588,6877,9,25,10,07-28-202600:38:30,07-28-202600:39:25
Fiber sdt,600,300,4,4,1,1,1,4,16,100,90,0.05,7,20,5,False,True,542.427,16,1500,1448,1448,0,48,10952.4375,665,1642,True,True,271.741,11,1500,1448,1425,0,39,11210.75,666,2042,666,1949,6655,6853,6644,6849,10,28,37,07-28-202601:00:16,07-28-202601:01:06
Fiber sdt,600,300,4,4,1,1,1,4,16,100,90,0.05,7,20,5,True,True,543.740,12,1500,1448,1448,0,36,10914.083333333334,691,1757,True,True,270.711,15,1500,1448,1424,0,47,11429.866666666667,622,1752,667,1754,6629,6843,6621,6839,10,26,100,07-28-202601:50:10,07-28-202601:50:50
Fiber sdt,600,300,4,4,1,1,1,4,16,100,90,0.05,7,20,5,True,True,542.408,12,1500,1448,1448,0,36,10622.416666666666,829,1945,True,True,271.915,14,1500,1448,1425,0,68,11472.2,610,1777,670,1860,6638,6853,6633,6857,10,27,35,07-28-202600:58:37,07-28-202600:59:17
Fiber sdt,600,300,4,4,1,1,1,4,16,100,90,0.05,7,20,5,True,True,542.862,13,1500,1448,1448,0,39,10634.846153846154,824,2277,True,True,270.405,16,1500,1448,1424,5,75,11613.1875,575,1555,635,2118,6631,6847,6598,6843,10,31,11,07-28-202600:39:28,07-28-202600:40:12
Fiber sdt,600,300,4,4,1,1,1,4,16,100,90,0.05,7,20,5,True,True,542.596,16,1500,1448,1448,0,48,11059.125,696,1740,True,True,271.674,13,1500,1448,1424,1,47,11429.785714285714,664,1904,685,1863,6603,6859,6574,6865,10,27,94,07-28-202601:45:33,07-28-202601:46:17
Fiber sdt,600,300,4,4,1,1,1,4,16,100,90,0.05,7,20,5,True,True,542.481,12,1500,1448,1448,0,36,10719.833333333334,793,2048,True,True,272.194,12,1500,1448,1424,1,92,11333.692307692309,681,1935,742,1988,6632,6858,6616,6862,11,29,87,07-28-202601:40:09,07-28-202601:40:47
Fiber sdt,600,300,4,4,1,1,1,4,16,100,90,0.05,7,20,5,True,False,543.765,16,1500,1448,1448,0,48,11022.6875,631,1638,True,True,271.640,11,1500,1448,1425,1,44,11416.5,690,2045,644,1970,6627,6862,6603,6853,10,29,90,07-28-202601:42:24,07-28-202601:43:09
Fiber sdt,600,300,4,4,1,1,1,4,16,100,90,0.05,7,20,5,True,False,542.545,16,1500,1448,1448,0,48,11050.25,623,1560,True,True,271.590,16,1500,1448,1425,0,52,11601.3125,598,1657,628,1636,6650,6852,6650,6857,9,24,6,07-28-202600:35:15,07-28-202600:36:04
Fiber sdt,600,300,4,4,1,1,1,4,16,100,90,0.05,7,20,5,True,True,542.536,13,1500,1448,1448,0,39,10396.538461538461,899,1959,True,True,273.373,11,1500,1448,1424,0,39,11237.333333333334,646,1993,722,1996,6634,6846,6625,6851,11,29,25,07-28-202600:50:44,07-28-202600:51:22
Fiber sdt,600,300,4,4,1,1,1,4,16,100,90,0.05,7,20,5,True,True,542.281,16,1500,1448,1448,0,48,11060.625,687,1761,True,False,272.276,16,1500,1448,1424,1,57,11686.1875,551,1533,612,1630,6658,6853,6653,6857,9,24,65,07-28-202601:22:43,07-28-202601:23:34
Fiber sdt,600,300,4,4,1,1,1,4,16,100,90,0.05,7,20,5,True,True,542.346,15,1500,1448,1448,0,45,10975,734,1929,True,True,272.218,10,1500,1448,1424,0,42,11176,729,2124,735,2075,6600,6846,6597,6851,11,30,54,07-28-202601:13:51,07-28-202601:14:30
Fiber sdt,600,300,4,4,1,1,1,4,16,100,90,0.05,7,20,5,True,True,542.643,16,1500,1448,1448,1,48,10891.4375,728,1690,True,True,270.888,15,1500,1448,1424,0,70,11647.666666666666,602,1776,658,1757,6641,6829,6639,6829,10,26,39,07-28-202601:01:57,07-28-202601:02:42
Fiber sdt,600,300,4,4,1,1,1,4,16,100,90,0.05,7,20,5,True,True,542.765,16,1500,1448,1448,0,48,11132.4375,648,1682,True,True,272.404,16,1500,1448,1425,1,64,11583.6875,559,1543,601,1608,6639,6840,6636,6844,9,23,3,07-28-202600:32:30,07-28-202600:33:21
Fiber sdt,600,300,4,4,1,1,1,4,16,100,90,0.05,7,20,5,True,True,542.950,13,1500,1448,1448,0,42,10606.285714285714,840,2042,True,True,271.289,14,1500,1448,1425,0,50,11477.333333333334,568,1766,651,1921,6652,6840,6652,6845,10,28,97,07-28-202601:47:49,07-28-202601:48:31
Fiber sdt,600,300,4,4,1,1,1,4,16,100,90,0.05,7,20,5,True,True,542.361,11,1500,1448,1448,0,33,10438.636363636364,930,2060,True,True,271.802,10,1500,1448,1425,0,38,10980.363636363636,831,2072,878,2067,6649,6866,6643,6857,13,30,33,07-28-202600:57:09,07-28-202600:57:44
Fiber sdt,600,300,4,4,1,1,1,4,16,100,90,0.05,7,20,5,True,True,542.399,12,1500,1448,1448,0,36,10642.916666666666,829,2258,True,True,273.377,12,1500,1448,1425,0,49,11398.166666666666,747,2054,793,2150,6611,6836,6611,6841,12,31,47,07-28-202601:08:20,07-28-202601:08:57
Fiber sdt,600,300,4,4,1,1,1,4,16,100,90,0.05,7,20,5,True,True,542.697,11,1500,1448,1448,0,36,10598.166666666666,782,2253,True,True,272.308,13,1500,1448,1425,1,92,11396.92857142857,629,1787,698,2079,6610,6852,6605,6856,11,30,96,07-28-202601:47:07,07-28-202601:47:46
Fiber sdt,600,300,4,4,1,1,1,4,16,100,90,0.05,7,20,5,True,True,542.453,10,1500,1448,1448,0,33,10794.727272727272,796,2227,True,True,272.325,16,1500,1448,1425,0,56,11393.3125,652,1624,716,2064,6623,6856,6620,6861,11,30,72,07-28-202601:28:29,07-28-202601:29:09
Fiber sdt,600,300,4,4,1,1,1,4,16,100,90,0.05,7,20,5,True,True,542.329,16,1500,1448,1448,0,48,11019.6875,656,1883,True,True,271.852,15,1500,1448,1424,0,58,11624.666666666666,629,1744,647,1809,6634,6856,6624,6863,10,26,16,07-28-202600:43:16,07-28-202600:44:01
Fiber sdt,600,300,4,4,1,1,1,4,16,100,90,0.05,7,20,5,True,True,542.489,16,1500,1448,1448,0,48,10653.25,733,1687,True,True,271.421,16,1500,1448,1425,0,56,11328,617,1450,675,1561,6658,6842,6658,6846,10,23,8,07-28-202600:36:50,07-28-202600:37:39
Fiber sdt,600,300,4,4,1,1,1,4,16,100,90,0.05,7,20,5,True,True,542.845,16,1500,1448,1448,0,48,10703.625,763,1843,True,True,271.631,11,1500,1448,1424,0,34,11113.181818181818,777,2146,767,2071,6635,6858,6631,6863,12,30,14,07-28-202600:41:49,07-28-202600:42:32
Fiber sdt,600,300,4,4,1,1,1,4,16,100,90,0.05,7,20,5,True,True,542.471,12,1500,1448,1448,0,36,10669.333333333334,852,2045,True,False,270.386,16,1500,1448,1424,0,59,11779.3125,561,1530,621,1958,6603,6867,6580,6871,9,28,82,07-28-202601:36:03,07-28-202601:36:48
Fiber sdt,600,300,4,4,1,1,1,4,16,100,90,0.05,7,20,5,True,True,542.488,16,1500,1448,1448,0,48,10824.25,728,1634,True,True,271.836,11,1500,1448,1425,0,39,11263.833333333334,680,2060,707,2019,6625,6841,6599,6843,11,30,45,07-28-202601:06:53,07-28-202601:07:36
Fiber sdt,600,300,4,4,1,1,1,4,16,100,90,0.05,7,20,5,True,False,542.712,16,1500,1448,1448,0,48,11052.8125,674,1645,True,True,271.008,16,1500,1448,1424,0,51,11625.0625,588,1547,670,1862,6629,6856,6625,6852,10,27,43,07-28-202601:05:13,07-28-202601:06:05
Fiber sdt,600,300,4,4,1,1,1,4,16,100,90,0.05,7,20,5,True,True,542.241,13,1500,1448,1448,0,39,10756.846153846154,746,1901,True,True,273.005,15,1500,1448,1424,1,53,11655,571,1664,668,1796,6631,6866,6631,6869,10,26,83,07-28-202601:36:52,07-28-202601:37:34
Fiber sdt,600,300,4,4,1,1,1,4,16,100,90,0.05,7,20,5,True,True,542.474,16,1500,1448,1448,0,48,10835.9375,700,1830,True,True,270.627,16,1500,1448,1424,0,52,11630.5625,563,1578,619,1697,6637,6840,6640,6843,9,25,63,07-28-202601:21:02,07-28-202601:21:52
Fiber sdt,600,300,4,4,1,1,1,4,16,100,90,0.05,7,20,5,True,True,542.484,16,1500,1448,1448,2,48,11066,709,1823,True,True,273.704,11,1500,1448,1424,0,37,11324.75,725,2003,714,1964,6660,6854,6659,6855,11,29,80,07-28-202601:34:38,07-28-202601:35:19
Fiber sdt,600,300,4,4,1,1,1,4,16,100,90,0.05,7,20,5,True,False,542.385,16,1500,1448,1448,0,48,11004,639,1822,True,True,270.484,16,1500,1448,1424,1,213,11546.625,539,1571,643,1992,6648,6870,6631,6872,10,29,59,07-28-202601:17:50,07-28-202601:18:41
Fiber sdt,600,300,4,4,1,1,1,4,16,100,90,0.05,7,20,5,True,True,541.944,11,1500,1448,1448,0,36,10583.75,810,1944,True,True,272.251,12,1500,1448,1425,0,40,11456.615384615385,646,1944,723,1957,6611,6845,6610,6851,11,29,15,07-28-202600:42:35,07-28-202600:43:13
Fiber sdt,600,300,4,4,1,1,1,4,16,100,90,0.05,7,20,5,True,True,542.566,15,1500,1448,1448,0,48,11128.5625,670,1660,True,True,271.491,16,1500,1448,1424,1,78,11398.5625,625,1519,645,1584,6671,6874,6660,6873,10,23,71,07-28-202601:27:39,07-28-202601:28:26
Fiber sdt,600,300,4,4,1,1,1,4,16,100,90,0.05,7,20,5,True,False,542.424,16,1500,1448,1448,0,48,10994.75,648,1768,True,True,270.911,16,1500,1448,1424,0,57,11723.25,578,1564,660,1974,6627,6837,6619,6837,10,29,42,07-28-202601:04:18,07-28-202601:05:09
Fiber sdt,600,300,4,4,1,1,1,4,16,100,90,0.05,7,20,5,True,True,542.358,16,1500,1448,1448,0,48,10795.5,762,1927,True,True,271.688,16,1500,1448,1425,0,60,11605.5,581,1573,625,1769,6647,6879,6639,6887,9,26,51,07-28-202601:11:24,07-28-202601:12:12
Fiber sdt,600,300,4,4,1,1,1,4,16,100,90,0.05,7,20,5,True,True,542.403,16,1500,1448,1448,0,48,10686.875,789,1548,True,True,270.487,16,1500,1448,1425,0,56,11494.9375,590,1407,653,1475,6642,6860,6642,6858,10,22,57,07-28-202601:16:13,07-28-202601:17:04
Fiber sdt,600,300,4,4,1,1,1,4,16,100,90,0.05,7,20,5,True,True,543.230,16,1500,1448,1448,0,48,10799.3125,721,1810,True,False,269.291,16,1500,1448,1425,0,75,11756.25,578,1475,606,1723,6616,6828,6611,6833,9,25,88,07-28-202601:40:50,07-28-202601:41:41
Fiber sdt,600,300,4,4,1,1,1,4,16,100,90,0.05,7,20,5,True,False,542.723,16,1500,1448,1448,0,48,11147.125,596,1882,True,True,273.238,14,1500,1448,1425,8,88,11338.42857142857,673,1855,628,1976,6594,6865,6596,6869,10,29,4,07-28-202600:33:24,07-28-202600:34:11
Fiber sdt,600,300,4,4,1,1,1,4,16,100,90,0.05,7,20,5,True,False,542.678,16,1500,1448,1448,0,48,10648.625,712,1604,True,True,272.621,11,1500,1448,1425,0,41,11186.416666666666,689,1991,702,1923,6635,6848,6626,6852,11,28,12,07-28-202600:40:15,07-28-202600:41:00
Cable mps,250,50,10,10,1,1,1,4,16,60,90,0.05,5,20,5,True,False,225.742,16,1500,1448,1448,0,48,23172.5,362,776,True,False,44.970,16,1500,1448,1424,0,48,31359,125,437,160,813,2852,2888,2852,2889,6,28,79,07-26-202618:48:19,07-26-202618:49:12
Cable mps,250,50,10,10,1,1,1,4,16,60,90,0.05,5,20,5,True,False,225.888,16,1500,1448,1448,0,48,22912.3125,370,693,True,False,45.098,16,1500,1448,1425,0,48,31619.1875,113,404,143,640,2847,2881,2848,2881,5,22,50,07-26-202618:22:35,07-26-202618:23:28
Cable mps,250,50,10,10,1,1,1,4,16,60,90,0.05,5,20,5,True,True,225.993,16,1500,1448,1448,0,48,22670.75,396,731,True,False,43.868,16,1500,1448,1425,0,48,31341.875,94,419,119,640,2851,2885,2852,2886,4,22,23,07-26-202617:58:33,07-26-202617:59:24
Cable mps,250,50,10,10,1,1,1,4,16,60,90,0.05,5,20,5,True,True,225.622,16,1500,1448,1448,0,48,23069.5,369,775,True,False,46.119,16,1500,1448,1425,0,48,31585.375,130,408,141,667,2849,2890,2850,2892,5,23,68,07-26-202618:38:30,07-26-202618:39:22
Cable mps,250,50,10,10,1,1,1,4,16,60,90,0.05,5,20,5,True,True,225.760,16,1500,1448,1448,0,48,22664.6875,404,697,True,False,44.729,16,1500,1448,1425,0,48,31744.625,122,395,129,613,2852,2889,2852,2887,5,21,92,07-26-202618:59:47,07-26-202619:00:38
Cable mps,250,50,10,10,1,1,1,4,16,60,90,0.05,5,20,5,True,True,225.495,15,1500,1448,1448,0,45,22712.733333333334,419,800,True,False,46.374,16,1500,1448,1425,0,48,32154.8125,123,418,151,676,2855,2884,2856,2885,5,23,95,07-26-202619:02:25,07-26-202619:03:13
Cable mps,250,50,10,10,1,1,1,4,16,60,90,0.05,5,20,5,True,True,225.725,16,1500,1448,1448,0,48,22916.5625,367,703,True,False,42.714,16,1500,1448,1424,0,48,31287.8125,118,418,140,648,2851,2883,2854,2884,5,22,46,07-26-202618:19:07,07-26-202618:19:59
Cable mps,250,50,10,10,1,1,1,4,16,60,90,0.05,5,20,5,True,True,225.245,14,1500,1448,1448,0,42,22385.571428571428,501,717,True,False,44.871,16,1500,1448,1424,0,48,31718.0625,59,412,121,675,2852,2882,2853,2883,4,23,93,07-26-202619:00:42,07-26-202619:01:29
Cable mps,250,50,10,10,1,1,1,4,16,60,90,0.05,5,20,5,True,False,225.619,16,1500,1448,1448,0,48,22552.25,404,675,True,False,43.951,16,1500,1448,1424,0,48,31641.625,100,398,148,763,2852,2887,2853,2888,5,26,17,07-26-202617:53:17,07-26-202617:54:10
Cable mps,250,50,10,10,1,1,1,4,16,60,90,0.05,5,20,5,True,True,225.638,16,1500,1448,1448,0,48,22752.625,389,688,True,False,45.357,16,1500,1448,1424,0,48,31397.875,71,414,128,654,2848,2883,2855,2883,4,23,29,07-26-202618:03:55,07-26-202618:04:46
Cable mps,250,50,10,10,1,1,1,4,16,60,90,0.05,5,20,5,True,False,225.850,16,1500,1448,1448,0,48,22702.5,394,678,True,False,46.969,16,1500,1448,1425,0,48,31205.8125,97,425,165,783,2851,2890,2856,2891,6,27,20,07-26-202617:55:58,07-26-202617:56:51
Cable mps,250,50,10,10,1,1,1,4,16,60,90,0.05,5,20,5,True,True,225.374,12,1500,1448,1448,0,36,22216.166666666668,518,901,True,False,45.743,16,1500,1448,1424,0,48,31546.5625,109,410,137,778,2854,2885,2858,2886,5,27,31,07-26-202618:05:44,07-26-202618:06:29
Cable mps,250,50,10,10,1,1,1,4,16,60,90,0.05,5,20,5,True,True,225.748,13,1500,1448,1448,0,42,22498.5,481,803,True,False,43.979,16,1500,1448,1424,0,48,31598.375,82,417,118,699,2857,2886,2858,2887,4,24,84,07-26-202618:52:47,07-26-202618:53:34
Cable mps,250,50,10,10,1,1,1,4,16,60,90,0.05,5,20,5,True,True,225.599,16,1500,1448,1448,0,48,22715.125,412,688,True,False,43.127,16,1500,1448,1424,0,48,31283.1875,122,395,146,634,2853,2883,2854,2883,5,22,13,07-26-202617:49:46,07-26-202617:50:38
Cable mps,250,50,10,10,1,1,1,4,16,60,90,0.05,5,20,5,True,True,225.242,16,1500,1448,1448,0,48,22685.1875,413,768,True,False,44.601,16,1500,1448,1424,0,49,31313.75,131,387,150,693,2851,2890,2851,2889,5,24,62,07-26-202618:33:18,07-26-202618:34:07
Cable mps,250,50,10,10,1,1,1,4,16,60,90,0.05,5,20,5,True,True,225.380,16,1500,1448,1448,0,48,23052.0625,353,778,True,False,46.001,16,1500,1448,1425,0,48,31460.625,131,409,147,672,2854,2884,2856,2885,5,23,75,07-26-202618:44:51,07-26-202618:45:43
Cable mps,250,50,10,10,1,1,1,4,16,60,90,0.05,5,20,5,True,True,225.992,16,1500,1448,1448,0,48,22689.5625,390,738,True,False,43.737,16,1500,1448,1424,0,48,31390.9375,110,426,112,646,2852,2884,2852,2884,4,22,9,07-26-202617:46:13,07-26-202617:47:05
Cable mps,250,50,10,10,1,1,1,4,16,60,90,0.05,5,20,5,True,True,225.877,16,1500,1448,1448,0,48,22710.9375,399,698,True,False,44.234,16,1500,1448,1424,0,48,31500.375,94,404,122,628,2852,2887,2855,2888,4,22,44,07-26-202618:17:18,07-26-202618:18:10
Cable mps,250,50,10,10,1,1,1,4,16,60,90,0.05,5,20,5,True,False,225.863,16,1500,1448,1448,0,48,22697.0625,391,700,True,False,45.233,16,1500,1448,1425,0,48,32172.5,81,424,149,755,2850,2889,2852,2890,5,26,48,07-26-202618:20:50,07-26-202618:21:43
Cable mps,250,50,10,10,1,1,1,4,16,60,90,0.05,5,20,5,True,False,225.875,16,1500,1448,1448,0,48,23149.9375,360,764,True,False,46.097,16,1500,1448,1424,0,48,30828.75,136,380,139,703,2845,2885,2845,2886,5,24,99,07-26-202619:05:50,07-26-202619:06:43
Cable mps,250,50,10,10,1,1,1,4,16,60,90,0.05,5,20,5,True,False,225.993,16,1500,1448,1448,0,48,22860.375,379,711,True,False,46.608,16,1500,1448,1425,0,48,31554.9375,114,429,157,834,2849,2886,2850,2887,6,29,56,07-26-202618:27:59,07-26-202618:28:52
Cable mps,250,50,10,10,1,1,1,4,16,60,90,0.05,5,20,5,True,True,225.865,16,1500,1448,1448,0,48,22523.5625,410,691,True,False,44.979,16,1500,1448,1425,0,48,32151.4375,92,430,117,621,2852,2887,2856,2887,4,22,32,07-26-202618:06:32,07-26-202618:07:25
Cable mps,250,50,10,10,1,1,1,4,16,60,90,0.05,5,20,5,True,True,225.376,14,1500,1448,1448,0,45,22402.666666666668,449,834,True,False,43.856,16,1500,1448,1424,0,48,31678.5625,114,437,150,700,2852,2884,2852,2884,5,24,78,07-26-202618:47:28,07-26-202618:48:16
Cable mps,250,50,10,10,1,1,1,4,16,60,90,0.05,5,20,5,True,True,225.605,16,1500,1448,1448,0,48,22664.125,399,729,True,False,42.604,16,1500,1448,1425,0,48,31690.6875,110,432,136,597,2852,2887,2855,2887,5,21,38,07-26-202618:11:51,07-26-202618:12:43
Cable mps,250,50,10,10,1,1,1,4,16,60,90,0.05,5,20,5,True,True,225.237,15,1500,1448,1448,0,45,22467.733333333334,445,835,True,False,45.262,16,1500,1448,1425,0,48,31552.4375,93,392,111,699,2851,2885,2852,2885,4,24,26,07-26-202618:01:14,07-26-202618:02:02
Cable mps,250,50,10,10,1,1,1,4,16,60,90,0.05,5,20,5,True,True,225.633,16,1500,1448,1448,0,48,22675.5,386,682,True,False,43.479,16,1500,1448,1425,0,48,31193.6875,122,415,139,632,2848,2883,2849,2884,5,22,69,07-26-202618:39:25,07-26-202618:40:17
Cable mps,250,50,10,10,1,1,1,4,16,60,90,0.05,5,20,5,True,False,225.811,16,1500,1448,1448,0,48,22577,400,716,True,False,44.373,16,1500,1448,1424,0,48,31952.5,117,410,159,766,2851,2882,2851,2883,6,27,34,07-26-202618:08:17,07-26-202618:09:10
Cable mps,250,50,10,10,1,1,1,4,16,60,90,0.05,5,20,5,True,True,225.614,14,1500,1448,1448,0,42,22398.785714285714,455,833,True,False,43.708,16,1500,1448,1425,0,48,31480.25,96,428,99,715,2851,2883,2855,2884,3,25,58,07-26-202618:29:48,07-26-202618:30:35
Cable mps,250,50,10,10,1,1,1,4,16,60,90,0.05,5,20,5,True,True,225.866,16,1500,1448,1448,0,48,22639.5,392,679,True,False,45.474,16,1500,1448,1424,0,48,31339.5625,122,417,147,612,2856,2888,2858,2888,5,21,30,07-26-202618:04:49,07-26-202618:05:41
Cable mps,250,50,10,10,1,1,1,4,16,60,90,0.05,5,20,5,True,True,225.735,15,1500,1448,1448,0,45,22535.866666666665,437,806,True,False,45.737,16,1500,1448,1425,0,48,31649,133,453,126,682,2852,2885,2853,2885,4,24,70,07-26-202618:40:20,07-26-202618:41:08
Cable mps,250,50,10,10,1,1,1,4,16,60,90,0.05,5,20,5,True,True,225.497,14,1500,1448,1448,0,45,22637.466666666667,431,764,True,False,45.859,16,1500,1448,1425,0,48,31196.1875,121,422,139,684,2855,2881,2856,2880,5,24,24,07-26-202617:59:28,07-26-202618:00:16
Cable mps,250,50,10,10,1,1,1,4,16,60,90,0.05,5,20,5,True,True,225.655,16,1500,1448,1448,0,48,22614.5625,400,699,True,False,46.122,16,1500,1448,1424,0,48,31729.75,133,429,141,615,2852,2887,2854,2887,5,21,52,07-26-202618:24:24,07-26-202618:25:15
Cable mps,250,50,10,10,1,1,1,4,16,60,90,0.05,5,20,5,True,True,225.489,13,1500,1448,1448,0,39,22668.23076923077,419,965,True,False,44.971,16,1500,1448,1425,0,48,30917.8125,104,448,149,780,2853,2886,2858,2885,5,27,36,07-26-202618:10:08,07-26-202618:10:54
Cable mps,250,50,10,10,1,1,1,4,16,60,90,0.05,5,20,5,True,True,225.862,16,1500,1448,1448,0,48,22591.3125,407,696,True,False,44.727,16,1500,1448,1424,0,48,31722.875,94,407,146,617,2849,2883,2852,2884,5,21,2,07-26-202617:39:59,07-26-202617:40:49
Cable mps,250,50,10,10,1,1,1,4,16,60,90,0.05,5,20,5,True,True,225.363,14,1500,1448,1448,0,42,22406.64285714286,468,804,True,False,45.132,16,1500,1448,1425,0,48,31391.625,123,405,127,694,2856,2889,2859,2889,4,24,5,07-26-202617:42:42,07-26-202617:43:29
Cable mps,250,50,10,10,1,1,1,4,16,60,90,0.05,5,20,5,True,True,225.613,16,1500,1448,1448,0,48,22634.1875,403,747,True,False,45.745,16,1500,1448,1424,0,48,31887.8125,115,424,141,648,2852,2887,2853,2887,5,22,89,07-26-202618:57:07,07-26-202618:57:57
Cable mps,250,50,10,10,1,1,1,4,16,60,90,0.05,5,20,5,True,True,225.498,16,1500,1448,1448,0,48,22566.5625,398,689,True,False,43.992,16,1500,1448,1425,0,48,31051.4375,108,383,131,621,2850,2886,2850,2884,5,22,74,07-26-202618:43:55,07-26-202618:44:47
Cable mps,250,50,10,10,1,1,1,4,16,60,90,0.05,5,20,5,True,True,225.611,16,1500,1448,1448,0,48,22666.625,415,769,True,False,44.114,16,1500,1448,1424,0,48,31376.75,137,464,142,669,2855,2889,2856,2889,5,23,91,07-26-202618:58:55,07-26-202618:59:44
Cable mps,250,50,10,10,1,1,1,4,16,60,90,0.05,5,20,5,True,True,225.605,16,1500,1448,1448,0,48,22836.75,381,746,True,False,46.492,16,1500,1448,1424,0,48,31935.75,120,422,133,644,2850,2887,2850,2886,5,22,53,07-26-202618:25:18,07-26-202618:26:08
Cable mps,250,50,10,10,1,1,1,4,16,60,90,0.05,5,20,5,True,True,225.495,15,1500,1448,1448,0,45,22674.8,421,716,True,False,45.127,16,1500,1448,1425,0,48,31412.8125,120,429,142,621,2848,2884,2851,2885,5,22,21,07-26-202617:56:54,07-26-202617:57:42
Cable mps,250,50,10,10,1,1,1,4,16,60,90,0.05,5,20,5,True,True,225.370,15,1500,1448,1448,0,45,22473.2,453,789,True,False,46.483,16,1500,1448,1424,0,48,30906.0625,132,392,127,683,2849,2884,2851,2886,4,24,55,07-26-202618:27:08,07-26-202618:27:56
Cable mps,250,50,10,10,1,1,1,4,16,60,90,0.05,5,20,5,True,False,225.871,16,1500,1448,1448,0,48,22947.3125,370,740,True,False,44.616,16,1500,1448,1425,0,48,31856.375,123,442,154,785,2851,2888,2852,2889,5,27,27,07-26-202618:02:05,07-26-202618:02:58
Cable mps,250,50,10,10,1,1,1,4,16,60,90,0.05,5,20,5,True,True,225.715,15,1500,1448,1448,0,45,22491.666666666668,451,818,True,False,44.846,16,1500,1448,1424,0,48,31272.875,114,420,125,670,2852,2882,2852,2882,4,23,77,07-26-202618:46:37,07-26-202618:47:25
Cable mps,250,50,10,10,1,1,1,4,16,60,90,0.05,5,20,5,True,True,225.371,13,1500,1448,1448,0,39,22365.153846153848,476,790,True,False,45.742,16,1500,1448,1424,0,48,31247.125,95,418,110,695,2850,2884,2852,2884,4,24,85,07-26-202618:53:37,07-26-202618:54:23
Cable mps,250,50,10,10,1,1,1,4,16,60,90,0.05,5,20,5,True,True,225.610,12,1500,1448,1448,0,36,22131.833333333332,513,921,True,False,45.456,16,1500,1448,1425,0,48,31174.3125,103,391,129,783,2848,2884,2848,2885,5,27,86,07-26-202618:54:26,07-26-202618:55:11
Cable mps,250,50,10,10,1,1,1,4,16,60,90,0.05,5,20,5,True,False,225.486,16,1500,1448,1448,0,48,22698.625,398,672,True,False,43.118,16,1500,1448,1425,0,48,31848.75,115,426,176,762,2850,2887,2850,2889,6,26,18,07-26-202617:54:13,07-26-202617:55:07
Cable mps,250,50,10,10,1,1,1,4,16,60,90,0.05,5,20,5,True,True,225.746,12,1500,1448,1448,0,36,22138.5,505,919,True,False,46.248,16,1500,1448,1425,0,48,31251.875,129,432,129,814,2854,2890,2855,2890,5,28,22,07-26-202617:57:45,07-26-202617:58:30
Cable mps,250,50,10,10,1,1,1,4,16,60,90,0.05,5,20,5,True,True,225.606,16,1500,1448,1448,0,48,23021.75,367,732,True,False,44.484,16,1500,1448,1424,0,48,31807.875,107,437,124,672,2848,2887,2852,2888,4,23,81,07-26-202618:50:06,07-26-202618:50:56
Cable mps,250,50,10,10,1,1,1,4,16,60,90,0.05,5,20,5,True,True,225.595,16,1500,1448,1448,0,48,22713.75,385,723,True,False,44.864,16,1500,1448,1425,0,48,31201.625,119,426,122,662,2853,2884,2854,2884,4,23,64,07-26-202618:35:00,07-26-202618:35:53
Cable mps,250,50,10,10,1,1,1,4,16,60,90,0.05,5,20,5,True,True,225.495,16,1500,1448,1448,0,48,22987.8125,383,808,True,False,45.217,16,1500,1448,1424,0,48,31463.6875,125,444,137,703,2850,2884,2854,2885,5,24,7,07-26-202617:44:27,07-26-202617:45:17
Cable mps,250,50,10,10,1,1,1,4,16,60,90,0.05,5,20,5,True,True,225.622,15,1500,1448,1448,0,45,22556.6,437,729,True,False,46.724,16,1500,1448,1425,0,48,31454.125,105,405,151,660,2852,2883,2854,2884,5,23,76,07-26-202618:45:46,07-26-202618:46:34
Cable mps,250,50,10,10,1,1,1,4,16,60,90,0.05,5,20,5,True,True,225.492,16,1500,1448,1448,0,48,22531.0625,447,750,True,False,45.977,16,1500,1448,1424,0,48,31609.0625,107,404,118,665,2856,2889,2858,2890,4,23,98,07-26-202619:04:58,07-26-202619:05:47
Cable mps,250,50,10,10,1,1,1,4,16,60,90,0.05,5,20,5,True,True,225.622,12,1500,1448,1448,0,36,22191.166666666668,532,856,True,False,44.587,16,1500,1448,1424,0,48,31781.125,130,427,138,769,2853,2884,2855,2885,5,27,19,07-26-202617:55:10,07-26-202617:55:55
Cable mps,250,50,10,10,1,1,1,4,16,60,90,0.05,5,20,5,True,True,225.370,16,1500,1448,1448,0,48,22647.25,405,755,True,False,45.988,16,1500,1448,1425,0,48,31193.8125,124,425,124,666,2855,2889,2855,2890,4,23,28,07-26-202618:03:02,07-26-202618:03:52
Cable mps,250,50,10,10,1,1,1,4,16,60,90,0.05,5,20,5,True,True,225.713,11,1500,1448,1448,0,36,22658.75,437,959,True,False,44.598,16,1500,1448,1424,0,48,31524.8125,132,433,142,733,2847,2884,2849,2885,5,25,67,07-26-202618:37:41,07-26-202618:38:26
Cable mps,250,50,10,10,1,1,1,4,16,60,90,0.05,5,20,5,True,True,225.865,16,1500,1448,1448,0,48,22672.9375,391,705,True,False,42.489,16,1500,1448,1425,0,48,31554.5625,103,420,127,635,2855,2888,2855,2887,4,22,61,07-26-202618:32:24,07-26-202618:33:15
Cable mps,250,50,10,10,1,1,1,4,16,60,90,0.05,5,20,5,True,True,225.247,13,1500,1448,1448,0,39,22725.923076923078,417,962,True,False,45.616,16,1500,1448,1425,0,48,31010.875,90,432,126,747,2857,2888,2857,2884,4,26,1,07-26-202617:39:09,07-26-202617:39:55
Cable mps,250,50,10,10,1,1,1,4,16,60,90,0.05,5,20,5,True,True,225.485,16,1500,1448,1448,0,48,22509,406,750,True,False,44.866,16,1500,1448,1425,0,48,30578.5625,90,421,136,641,2849,2887,2854,2888,5,22,66,07-26-202618:36:47,07-26-202618:37:38
Cable mps,250,50,10,10,1,1,1,4,16,60,90,0.05,5,20,5,True,True,225.617,16,1500,1448,1448,0,48,22886.8125,381,742,True,False,44.368,16,1500,1448,1425,0,48,31914,102,419,117,660,2850,2886,2853,2887,4,23,40,07-26-202618:13:42,07-26-202618:14:33
Cable mps,250,50,10,10,1,1,1,4,16,60,90,0.05,5,20,5,True,False,225.496,16,1500,1448,1448,0,48,22703.375,379,673,True,False,44.865,16,1500,1448,1425,0,48,31262.3125,108,433,131,589,2851,2888,2850,2890,5,20,73,07-26-202618:42:59,07-26-202618:43:52
Cable mps,250,50,10,10,1,1,1,4,16,60,90,0.05,5,20,5,True,True,225.228,12,1500,1448,1448,0,36,22770.333333333332,439,1044,True,False,43.236,16,1500,1448,1424,0,48,30992.125,138,416,143,807,2852,2887,2854,2888,5,28,49,07-26-202618:21:46,07-26-202618:22:31
Cable mps,250,50,10,10,1,1,1,4,16,60,90,0.05,5,20,5,True,True,225.246,16,1500,1448,1448,0,48,22515.125,429,722,True,False,43.244,16,1500,1448,1425,0,48,31770.4375,77,411,100,636,2849,2883,2849,2883,4,22,60,07-26-202618:31:30,07-26-202618:32:20
Cable mps,250,50,10,10,1,1,1,4,16,60,90,0.05,5,20,5,True,False,225.671,16,1500,1448,1448,0,48,22797.9375,391,663,True,False,44.499,16,1500,1448,1425,0,48,31285.25,90,408,170,788,2848,2886,2848,2887,6,27,41,07-26-202618:14:36,07-26-202618:15:29
Cable mps,250,50,10,10,1,1,1,4,16,60,90,0.05,5,20,5,True,True,225.616,16,1500,1448,1448,0,48,23074.5,372,802,True,False,44.354,16,1500,1448,1424,0,48,31093.75,109,406,127,672,2856,2885,2858,2886,4,23,10,07-26-202617:47:08,07-26-202617:47:58
Cable mps,250,50,10,10,1,1,1,4,16,60,90,0.05,5,20,5,True,True,225.613,16,1500,1448,1448,0,48,22534.0625,412,703,True,False,44.613,16,1500,1448,1424,0,48,31526.25,137,442,138,630,2854,2882,2854,2882,5,22,37,07-26-202618:10:58,07-26-202618:11:48
Cable mps,250,50,10,10,1,1,1,4,16,60,90,0.05,5,20,5,True,True,225.737,16,1500,1448,1448,0,48,22540.6875,434,797,True,True,46.334,11,1500,1448,1425,0,36,28756.666666666668,164,511,193,716,2847,2886,2850,2887,7,25,100,07-26-202619:06:46,07-26-202619:07:28
Cable mps,250,50,10,10,1,1,1,4,16,60,90,0.05,5,20,5,True,True,225.603,16,1500,1448,1448,0,48,22494.1875,406,738,True,False,44.348,16,1500,1448,1424,0,48,31058.875,122,444,136,635,2852,2886,2855,2887,5,22,35,07-26-202618:09:13,07-26-202618:10:05
Cable mps,250,50,10,10,1,1,1,4,16,60,90,0.05,5,20,5,True,True,225.491,14,1500,1448,1448,0,42,22861.64285714286,394,843,True,False,44.844,16,1500,1448,1424,0,48,31971.1875,103,407,129,694,2850,2891,2850,2892,5,24,11,07-26-202617:48:01,07-26-202617:48:48
Cable mps,250,50,10,10,1,1,1,4,16,60,90,0.05,5,20,5,True,True,225.298,16,1500,1448,1448,0,48,22686.375,410,713,True,False,43.471,16,1500,1448,1424,0,48,31494.9375,76,415,101,646,2847,2886,2851,2887,4,22,94,07-26-202619:01:32,07-26-202619:02:22
Cable mps,250,50,10,10,1,1,1,4,16,60,90,0.05,5,20,5,True,False,225.493,16,1500,1448,1448,0,48,22732.6875,373,679,True,False,44.983,16,1500,1448,1425,0,48,31314.875,109,404,134,663,2852,2888,2855,2889,5,23,87,07-26-202618:55:14,07-26-202618:56:07
Cable mps,250,50,10,10,1,1,1,4,16,60,90,0.05,5,20,5,True,True,225.476,16,1500,1448,1448,0,48,22589.5,377,734,True,False,44.613,16,1500,1448,1424,0,48,31796.875,96,420,121,648,2852,2887,2853,2888,4,22,90,07-26-202618:58:00,07-26-202618:58:52
Cable mps,250,50,10,10,1,1,1,4,16,60,90,0.05,5,20,5,True,True,225.614,16,1500,1448,1448,0,48,22637.3125,394,676,True,False,46.967,16,1500,1448,1424,0,48,31809.1875,100,430,113,627,2855,2889,2858,2890,4,22,6,07-26-202617:43:32,07-26-202617:44:24
Cable mps,250,50,10,10,1,1,1,4,16,60,90,0.05,5,20,5,True,True,225.848,16,1500,1448,1448,0,48,22562,403,647,True,False,46.100,16,1500,1448,1425,0,48,32400.125,117,438,125,595,2852,2889,2854,2889,4,21,25,07-26-202618:00:19,07-26-202618:01:11
Cable mps,250,50,10,10,1,1,1,4,16,60,90,0.05,5,20,5,True,True,225.631,14,1500,1448,1448,0,45,22403.6,461,798,True,False,43.842,16,1500,1448,1425,0,48,31781.9375,113,382,125,702,2848,2891,2855,2892,4,24,65,07-26-202618:35:56,07-26-202618:36:44
Cable mps,250,50,10,10,1,1,1,4,16,60,90,0.05,5,20,5,True,False,225.493,16,1500,1448,1448,0,48,23030.75,350,784,True,False,45.474,16,1500,1448,1424,0,48,31047.125,123,418,152,734,2850,2885,2850,2886,5,25,54,07-26-202618:26:11,07-26-202618:27:04
Cable mps,250,50,10,10,1,1,1,4,16,60,90,0.05,5,20,5,True,False,225.499,16,1500,1448,1448,0,48,22535.375,398,694,True,False,44.954,16,1500,1448,1424,0,48,31464.25,111,453,196,811,2855,2888,2858,2888,7,28,39,07-26-202618:12:46,07-26-202618:13:39
Cable mps,250,50,10,10,1,1,1,4,16,60,90,0.05,5,20,5,True,True,225.486,16,1500,1448,1448,0,48,22691,393,744,True,False,44.234,16,1500,1448,1424,0,48,31538.4375,130,425,142,643,2847,2882,2850,2883,5,22,3,07-26-202617:40:52,07-26-202617:41:43
Cable mps,250,50,10,10,1,1,1,4,16,60,90,0.05,5,20,5,True,True,225.492,16,1500,1448,1448,0,48,22673.1875,408,726,True,False,46.359,16,1500,1448,1425,0,50,31381.75,102,396,143,661,2852,2888,2853,2889,5,23,97,07-26-202619:04:06,07-26-202619:04:55
Cable mps,250,50,10,10,1,1,1,4,16,60,90,0.05,5,20,5,True,True,225.750,13,1500,1448,1448,0,39,22395.615384615383,497,861,True,False,43.744,16,1500,1448,1424,0,48,31069.25,116,440,115,742,2854,2888,2854,2886,4,26,33,07-26-202618:07:28,07-26-202618:08:14
Cable mps,250,50,10,10,1,1,1,4,16,60,90,0.05,5,20,5,True,True,225.352,12,1500,1448,1448,0,36,22111,540,924,True,False,44.371,16,1500,1448,1425,0,48,30971.625,118,433,133,763,2851,2887,2851,2887,5,26,47,07-26-202618:20:02,07-26-202618:20:47
Cable mps,250,50,10,10,1,1,1,4,16,60,90,0.05,5,20,5,True,True,225.605,13,1500,1448,1448,0,39,22863.46153846154,402,939,True,False,44.372,16,1500,1448,1425,0,48,31482.5,107,419,138,777,2851,2888,2854,2889,5,27,96,07-26-202619:03:16,07-26-202619:04:02
Cable mps,250,50,10,10,1,1,1,4,16,60,90,0.05,5,20,5,True,True,225.744,16,1500,1448,1448,0,48,23213.375,379,855,True,False,44.863,16,1500,1448,1424,0,48,31957.0625,86,430,135,709,2853,2882,2853,2882,5,25,72,07-26-202618:42:07,07-26-202618:42:56
Cable mps,250,50,10,10,1,1,1,4,16,60,90,0.05,5,20,5,True,True,225.637,15,1500,1448,1448,0,45,22931.733333333334,393,890,True,False,43.712,16,1500,1448,1425,0,48,30824.0625,118,450,131,698,2854,2889,2855,2889,5,24,16,07-26-202617:52:26,07-26-202617:53:14
Cable mps,250,50,10,10,1,1,1,4,16,60,90,0.05,5,20,5,True,True,225.265,15,1500,1448,1448,0,48,22673.125,431,711,True,False,45.118,16,1500,1448,1424,0,48,31339.875,105,422,122,641,2854,2890,2854,2890,4,22,8,07-26-202617:45:21,07-26-202617:46:10
Cable mps,250,50,10,10,1,1,1,4,16,60,90,0.05,5,20,5,True,True,225.873,16,1500,1448,1448,0,48,22762.75,404,722,True,False,44.474,16,1500,1448,1425,0,48,31457.6875,78,437,96,645,2854,2887,2859,2888,3,22,14,07-26-202617:50:42,07-26-202617:51:31
Cable mps,250,50,10,10,1,1,1,4,16,60,90,0.05,5,20,5,True,True,225.738,16,1500,1448,1448,0,48,22831.875,396,765,True,False,45.703,16,1500,1448,1424,0,48,31415.3125,111,440,115,680,2854,2880,2854,2881,4,24,82,07-26-202618:50:59,07-26-202618:51:49
Cable mps,250,50,10,10,1,1,1,4,16,60,90,0.05,5,20,5,True,True,225.496,16,1500,1448,1448,0,48,22676.0625,412,723,True,False,45.110,16,1500,1448,1424,0,48,31230,102,401,128,645,2850,2889,2851,2890,4,22,45,07-26-202618:18:13,07-26-202618:19:03
Cable mps,250,50,10,10,1,1,1,4,16,60,90,0.05,5,20,5,True,False,225.498,16,1500,1448,1448,0,48,22643.0625,393,708,True,False,44.737,16,1500,1448,1425,0,48,31431.25,146,437,171,662,2852,2888,2856,2888,6,23,43,07-26-202618:16:22,07-26-202618:17:15
Cable mps,250,50,10,10,1,1,1,4,16,60,90,0.05,5,20,5,True,True,225.587,16,1500,1448,1448,0,48,22520.5,406,702,True,False,47.083,16,1500,1448,1425,0,48,31107.0625,121,406,140,627,2853,2883,2856,2884,5,22,83,07-26-202618:51:52,07-26-202618:52:43
Cable mps,250,50,10,10,1,1,1,4,16,60,90,0.05,5,20,5,True,True,225.949,14,1500,1448,1448,0,42,22494,456,819,True,False,45.731,16,1500,1448,1424,0,48,31576.3125,93,453,105,695,2850,2883,2853,2883,4,24,63,07-26-202618:34:10,07-26-202618:34:57
Cable mps,250,50,10,10,1,1,1,4,16,60,90,0.05,5,20,5,True,True,225.116,14,1500,1448,1448,0,42,22878.14285714286,399,899,True,False,45.984,16,1500,1448,1425,0,48,31223.4375,102,449,127,716,2849,2886,2854,2887,4,25,80,07-26-202618:49:16,07-26-202618:50:03
Cable mps,250,50,10,10,1,1,1,4,16,60,90,0.05,5,20,5,True,True,225.497,16,1500,1448,1448,0,48,22619.4375,419,788,True,False,42.958,16,1500,1448,1424,0,48,31448.5,89,410,108,652,2858,2888,2859,2888,4,23,59,07-26-202618:30:38,07-26-202618:31:27
Cable mps,250,50,10,10,1,1,1,4,16,60,90,0.05,5,20,5,True,True,225.153,16,1500,1448,1448,0,48,23024.4375,375,838,True,False,45.115,16,1500,1448,1425,0,48,31602.5,119,458,138,695,2849,2888,2853,2889,5,24,15,07-26-202617:51:34,07-26-202617:52:23
Cable mps,250,50,10,10,1,1,1,4,16,60,90,0.05,5,20,5,True,True,225.752,16,1500,1448,1448,0,48,22698,384,707,True,False,45.117,16,1500,1448,1425,0,48,31956.0625,97,417,132,628,2853,2885,2853,2885,5,22,71,07-26-202618:41:11,07-26-202618:42:03
Cable mps,250,50,10,10,1,1,1,4,16,60,90,0.05,5,20,5,True,True,225.742,13,1500,1448,1448,0,39,22213.53846153846,495,818,True,False,45.497,16,1500,1448,1424,0,48,31720.9375,128,444,133,753,2850,2891,2852,2892,5,26,42,07-26-202618:15:33,07-26-202618:16:19
Cable mps,250,50,10,10,1,1,1,4,16,60,90,0.05,5,20,5,True,True,225.737,16,1500,1448,1448,0,48,22557.125,421,706,True,False,46.114,16,1500,1448,1424,0,48,31315.75,67,415,132,645,2848,2882,2849,2883,5,22,51,07-26-202618:23:31,07-26-202618:24:21
Cable mps,250,50,10,10,1,1,1,4,16,60,90,0.05,5,20,5,True,True,225.549,15,1500,1448,1448,0,48,22570.8125,437,690,True,False,46.206,16,1500,1448,1424,0,48,31733.625,108,422,128,615,2843,2886,2848,2886,4,21,57,07-26-202618:28:55,07-26-202618:29:44
Cable mps,250,50,10,10,1,1,1,4,16,60,90,0.05,5,20,5,True,False,225.678,16,1500,1448,1448,0,48,22823.6875,367,732,True,False,44.479,16,1500,1448,1425,0,48,31823.3125,102,394,142,699,2850,2885,2851,2885,5,24,88,07-26-202618:56:10,07-26-202618:57:04
Cable mps,250,50,10,10,1,1,1,4,16,60,90,0.05,5,20,5,True,True,225.374,16,1500,1448,1448,0,48,22655.5625,395,691,True,False,43.338,16,1500,1448,1425,0,48,31752.625,111,452,134,626,2855,2886,2856,2887,5,22,4,07-26-202617:41:47,07-26-202617:42:39
Cable mps,250,50,10,10,1,1,1,4,16,60,90,0.05,5,20,5,True,True,225.739,16,1500,1448,1448,0,48,22733,391,669,True,False,46.214,16,1500,1448,1424,0,48,31167.9375,123,425,122,623,2850,2884,2853,2885,4,22,12,07-26-202617:48:51,07-26-202617:49:43
Cable mps,250,50,10,10,1,1,1,4,16,80,90,0.05,5,20,5,True,True,225.373,16,1500,1448,1448,0,48,22619.375,418,718,True,False,45.871,16,1500,1448,1424,0,48,31119.3125,84,427,94,643,2856,2890,2856,2891,3,22,79,07-26-202620:17:07,07-26-202620:17:56
Cable mps,250,50,10,10,1,1,1,4,16,80,90,0.05,5,20,5,True,True,224.979,14,1500,1448,1448,0,42,22849.428571428572,403,911,True,False,44.089,16,1500,1448,1425,0,48,31501.75,67,406,102,724,2854,2886,2852,2886,4,25,50,07-26-202619:51:12,07-26-202619:51:59
Cable mps,250,50,10,10,1,1,1,4,16,80,90,0.05,5,20,5,True,True,224.983,13,1500,1448,1448,0,39,22443.923076923078,488,882,True,False,45.820,16,1500,1448,1425,0,48,31587.4375,58,425,75,765,2852,2888,2853,2889,3,26,23,07-26-202619:27:06,07-26-202619:27:52
Cable mps,250,50,10,10,1,1,1,4,16,80,90,0.05,5,20,5,True,True,225.003,16,1500,1448,1448,0,48,22668.4375,394,693,True,False,44.370,16,1500,1448,1425,0,48,31726.75,101,438,107,617,2847,2888,2849,2889,4,21,68,07-26-202620:07:06,07-26-202620:07:58
Cable mps,250,50,10,10,1,1,1,4,16,80,90,0.05,5,20,5,True,True,225.552,15,1500,1448,1448,0,45,22400.4,459,811,True,False,43.615,16,1500,1448,1424,0,48,32075.375,102,401,78,693,2856,2894,2858,2895,3,24,92,07-26-202620:28:53,07-26-202620:29:41
Cable mps,250,50,10,10,1,1,1,4,16,80,90,0.05,5,20,5,True,True,224.990,16,1500,1448,1448,0,48,22582.0625,413,711,True,False,42.821,16,1500,1448,1424,0,48,31407,62,424,68,635,2854,2889,2856,2889,2,22,95,07-26-202620:31:33,07-26-202620:32:25
Cable mps,250,50,10,10,1,1,1,4,16,80,90,0.05,5,20,5,True,True,225.123,16,1500,1448,1448,0,48,22759.5625,391,723,True,False,45.852,16,1500,1448,1424,0,48,31774.8125,118,422,64,652,2855,2885,2853,2885,2,23,46,07-26-202619:47:38,07-26-202619:48:30
Cable mps,250,50,10,10,1,1,1,4,16,80,90,0.05,5,20,5,True,True,225.375,16,1500,1448,1448,0,48,22618.1875,408,693,True,False,45.480,16,1500,1448,1424,0,48,31729.1875,86,393,94,619,2852,2891,2851,2891,3,21,93,07-26-202620:29:44,07-26-202620:30:36
Cable mps,250,50,10,10,1,1,1,4,16,80,90,0.05,5,20,5,True,True,225.486,16,1500,1448,1448,0,48,22714.875,410,726,True,False,43.364,16,1500,1448,1424,0,48,31882.25,71,443,78,654,2852,2884,2852,2885,3,23,17,07-26-202619:21:40,07-26-202619:22:30
Cable mps,250,50,10,10,1,1,1,4,16,80,90,0.05,5,20,5,True,True,225.516,16,1500,1448,1448,0,48,23152.25,367,791,True,False,42.994,16,1500,1448,1425,0,48,31245.4375,82,404,86,673,2857,2891,2855,2893,3,23,29,07-26-202619:32:25,07-26-202619:33:16
Cable mps,250,50,10,10,1,1,1,4,16,80,90,0.05,5,20,5,True,False,225.369,16,1500,1448,1448,0,48,22605.8125,393,666,True,False,43.862,16,1500,1448,1424,0,48,32048.75,118,415,110,785,2854,2895,2857,2896,4,27,20,07-26-202619:24:19,07-26-202619:25:12
Cable mps,250,50,10,10,1,1,1,4,16,80,90,0.05,5,20,5,True,False,225.120,16,1500,1448,1448,0,48,22709.125,375,669,True,False,45.084,16,1500,1448,1424,0,48,31556.75,64,427,121,777,2856,2890,2855,2891,4,27,31,07-26-202619:34:08,07-26-202619:35:01
Cable mps,250,50,10,10,1,1,1,4,16,80,90,0.05,5,20,5,True,True,225.115,13,1500,1448,1448,0,42,22419.714285714286,464,762,True,False,45.735,16,1500,1448,1424,0,48,31799.8125,68,417,73,686,2849,2886,2848,2887,3,24,84,07-26-202620:21:39,07-26-202620:22:26
Cable mps,250,50,10,10,1,1,1,4,16,80,90,0.05,5,20,5,True,True,225.119,12,1500,1448,1448,0,36,22155.166666666668,527,944,True,False,43.471,16,1500,1448,1425,0,48,31617.625,80,399,102,857,2852,2884,2854,2884,4,30,13,07-26-202619:18:10,07-26-202619:18:55
Cable mps,250,50,10,10,1,1,1,4,16,80,90,0.05,5,20,5,True,True,225.121,13,1500,1448,1448,0,39,22738.23076923077,425,988,True,False,43.239,16,1500,1448,1424,0,48,31312.25,106,423,86,764,2858,2891,2858,2892,3,26,62,07-26-202620:01:51,07-26-202620:02:37
Cable mps,250,50,10,10,1,1,1,4,16,80,90,0.05,5,20,5,True,True,225.231,16,1500,1448,1448,0,48,22984.4375,371,784,True,False,44.337,16,1500,1448,1423,0,48,31236.75,77,429,78,666,2856,2892,2855,2893,3,23,75,07-26-202620:13:31,07-26-202620:14:23
Cable mps,250,50,10,10,1,1,1,4,16,80,90,0.05,5,20,5,True,True,225.479,16,1500,1448,1448,0,48,23126,372,818,True,False,43.964,16,1500,1448,1424,0,48,31791.625,80,416,72,683,2856,2889,2856,2890,3,24,9,07-26-202619:14:38,07-26-202619:15:29
Cable mps,250,50,10,10,1,1,1,4,16,80,90,0.05,5,20,5,True,True,225.613,16,1500,1448,1448,0,48,22992.6875,376,790,True,False,44.990,16,1500,1448,1424,0,48,31433.625,58,393,80,694,2853,2889,2853,2889,3,24,44,07-26-202619:45:48,07-26-202619:46:39
Cable mps,250,50,10,10,1,1,1,4,16,80,90,0.05,5,20,5,True,False,225.118,16,1500,1448,1448,0,48,23090.6875,360,747,True,False,45.488,16,1500,1448,1425,0,48,31583.6875,65,408,89,817,2853,2893,2853,2894,3,28,48,07-26-202619:49:26,07-26-202619:50:19
Cable mps,250,50,10,10,1,1,1,4,16,80,90,0.05,5,20,5,True,False,225.234,16,1500,1448,1448,0,48,22577.625,395,712,True,False,43.096,16,1500,1448,1425,0,48,31644.25,96,385,121,681,2856,2889,2857,2890,4,24,99,07-26-202620:35:13,07-26-202620:36:06
Cable mps,250,50,10,10,1,1,1,4,16,80,90,0.05,5,20,5,True,True,225.375,14,1500,1448,1448,0,42,22704.35714285714,419,855,True,False,43.961,16,1500,1448,1425,0,48,31832.125,81,389,111,807,2853,2891,2850,2891,4,28,56,07-26-202619:56:35,07-26-202619:57:22
Cable mps,250,50,10,10,1,1,1,4,16,80,90,0.05,5,20,5,True,True,224.998,16,1500,1448,1448,0,48,22802,385,748,True,False,44.873,16,1500,1448,1424,0,48,31093.9375,72,420,71,665,2854,2892,2855,2893,2,23,32,07-26-202619:35:05,07-26-202619:35:56
Cable mps,250,50,10,10,1,1,1,4,16,80,90,0.05,5,20,5,True,True,225.693,16,1500,1448,1448,0,48,22667.4375,403,703,True,False,43.733,16,1500,1448,1425,0,48,31447.25,90,427,81,631,2853,2887,2852,2889,3,22,78,07-26-202620:16:13,07-26-202620:17:04
Cable mps,250,50,10,10,1,1,1,4,16,80,90,0.05,5,20,5,True,True,225.368,16,1500,1448,1448,0,48,22598.8125,394,682,True,False,45.746,16,1500,1448,1425,0,48,31547.25,77,409,81,616,2852,2885,2850,2885,3,21,38,07-26-202619:40:27,07-26-202619:41:19
Cable mps,250,50,10,10,1,1,1,4,16,80,90,0.05,5,20,5,True,True,225.362,16,1500,1448,1448,0,48,22664.375,394,744,True,False,44.742,16,1500,1448,1425,0,48,31575.875,68,387,72,645,2852,2890,2855,2891,3,22,26,07-26-202619:29:44,07-26-202619:30:35
Cable mps,250,50,10,10,1,1,1,4,16,80,90,0.05,5,20,5,True,False,225.244,16,1500,1448,1448,0,48,22672.875,386,688,True,False,42.864,16,1500,1448,1425,0,48,30970.3125,82,380,102,681,2853,2892,2853,2894,4,24,69,07-26-202620:08:01,07-26-202620:08:54
Cable mps,250,50,10,10,1,1,1,4,16,80,90,0.05,5,20,5,True,True,225.858,16,1500,1448,1448,0,48,22648.9375,382,728,True,False,42.972,16,1500,1448,1425,0,48,31717.5625,64,398,65,636,2852,2887,2855,2888,2,22,34,07-26-202619:36:50,07-26-202619:37:42
Cable mps,250,50,10,10,1,1,1,4,16,80,90,0.05,5,20,5,True,True,225.497,16,1500,1448,1448,0,48,22669.9375,412,735,True,False,44.747,16,1500,1448,1425,0,48,31788.0625,94,386,129,688,2856,2890,2855,2891,5,24,58,07-26-202619:58:22,07-26-202619:59:12
Cable mps,250,50,10,10,1,1,1,4,16,80,90,0.05,5,20,5,True,True,225.180,13,1500,1448,1448,0,39,22809.615384615383,405,872,True,False,43.581,16,1500,1448,1425,0,48,31685.0625,87,377,106,703,2850,2893,2851,2894,4,24,30,07-26-202619:33:19,07-26-202619:34:05
Cable mps,250,50,10,10,1,1,1,4,16,80,90,0.05,5,20,5,True,True,225.131,16,1500,1448,1448,0,48,23149.75,362,809,True,False,44.106,16,1500,1448,1424,0,48,31384.625,99,391,85,679,2852,2884,2851,2885,3,24,70,07-26-202620:08:57,07-26-202620:09:49
Cable mps,250,50,10,10,1,1,1,4,16,80,90,0.05,5,20,5,True,True,225.613,16,1500,1448,1448,0,48,22568,436,802,True,False,43.367,16,1500,1448,1424,0,48,31173.5,81,392,79,672,2854,2884,2853,2885,3,23,24,07-26-202619:27:55,07-26-202619:28:45
Cable mps,250,50,10,10,1,1,1,4,16,80,90,0.05,5,20,5,True,True,225.488,16,1500,1448,1448,0,48,22909.9375,367,812,True,False,45.356,16,1500,1448,1424,0,48,31435.6875,92,432,108,712,2855,2894,2854,2896,4,25,52,07-26-202619:52:58,07-26-202619:53:49
Cable mps,250,50,10,10,1,1,1,4,16,80,90,0.05,5,20,5,True,True,225.623,16,1500,1448,1448,0,48,23081.5,360,775,True,False,44.252,16,1500,1448,1424,0,48,31641.4375,95,403,101,685,2850,2887,2849,2888,4,24,36,07-26-202619:38:39,07-26-202619:39:30
Cable mps,250,50,10,10,1,1,1,4,16,80,90,0.05,5,20,5,True,True,225.114,16,1500,1448,1448,0,48,22649.5625,436,730,True,False,44.363,16,1500,1448,1424,0,48,31661.4375,87,424,106,675,2852,2892,2854,2893,4,23,2,07-26-202619:08:30,07-26-202619:09:19
Cable mps,250,50,10,10,1,1,1,4,16,80,90,0.05,5,20,5,True,True,225.488,16,1500,1448,1448,0,48,22568,432,744,True,False,42.248,16,1500,1448,1424,0,48,31269.6875,85,421,114,667,2851,2893,2850,2894,4,23,5,07-26-202619:11:08,07-26-202619:11:57
Cable mps,250,50,10,10,1,1,1,4,16,80,90,0.05,5,20,5,True,False,225.247,16,1500,1448,1448,0,48,23003.75,352,747,True,False,45.239,16,1500,1448,1424,0,48,30610.875,55,414,88,813,2853,2892,2854,2893,3,28,89,07-26-202620:26:11,07-26-202620:27:04
Cable mps,250,50,10,10,1,1,1,4,16,80,90,0.05,5,20,5,True,True,225.620,16,1500,1448,1448,0,48,23143.3125,364,748,True,False,45.459,16,1500,1448,1425,0,48,31664.25,88,402,85,649,2855,2887,2853,2883,3,23,74,07-26-202620:12:36,07-26-202620:13:28
Cable mps,250,50,10,10,1,1,1,4,16,80,90,0.05,5,20,5,True,True,224.993,16,1500,1448,1448,0,48,23037.375,392,857,True,False,44.001,16,1500,1448,1424,0,48,31175.8125,69,412,88,711,2853,2888,2855,2889,3,25,91,07-26-202620:28:01,07-26-202620:28:50
Cable mps,250,50,10,10,1,1,1,4,16,80,90,0.05,5,20,5,True,False,224.979,16,1500,1448,1448,0,48,22692.9375,397,703,True,False,45.086,16,1500,1448,1424,0,48,31834.25,67,374,81,646,2850,2893,2850,2893,3,22,53,07-26-202619:53:52,07-26-202619:54:45
Cable mps,250,50,10,10,1,1,1,4,16,80,90,0.05,5,20,5,True,False,225.117,16,1500,1448,1448,0,48,22496,400,677,True,False,45.242,16,1500,1448,1425,0,48,31637.5625,85,377,96,781,2857,2891,2854,2892,3,27,21,07-26-202619:25:16,07-26-202619:26:09
Cable mps,250,50,10,10,1,1,1,4,16,80,90,0.05,5,20,5,True,False,225.364,16,1500,1448,1448,0,48,22681.625,391,690,True,False,45.741,16,1500,1448,1424,0,48,31455.5,88,391,99,651,2858,2889,2857,2891,3,23,55,07-26-202619:55:39,07-26-202619:56:32
Cable mps,250,50,10,10,1,1,1,4,16,80,90,0.05,5,20,5,True,True,225.126,16,1500,1448,1448,0,48,22642.25,388,717,True,False,44.493,16,1500,1448,1425,0,48,31616.25,56,414,66,640,2854,2888,2850,2889,2,22,27,07-26-202619:30:38,07-26-202619:31:30
Cable mps,250,50,10,10,1,1,1,4,16,80,90,0.05,5,20,5,True,True,224.934,16,1500,1448,1448,0,48,22724.4375,431,890,True,False,43.609,16,1500,1448,1425,0,48,31688.1875,65,389,89,749,2851,2888,2850,2889,3,26,77,07-26-202620:15:21,07-26-202620:16:10
Cable mps,250,50,10,10,1,1,1,4,16,80,90,0.05,5,20,5,True,True,225.115,16,1500,1448,1448,0,48,22700.25,391,741,True,False,44.730,16,1500,1448,1424,0,48,32005.0625,84,445,97,650,2853,2884,2853,2884,3,23,85,07-26-202620:22:29,07-26-202620:23:21
Cable mps,250,50,10,10,1,1,1,4,16,80,90,0.05,5,20,5,True,True,225.109,16,1500,1448,1448,0,48,22591.6875,401,711,True,False,45.342,16,1500,1448,1425,0,48,31491.5625,69,400,86,632,2853,2889,2852,2890,3,22,86,07-26-202620:23:25,07-26-202620:24:17
Cable mps,250,50,10,10,1,1,1,4,16,80,90,0.05,5,20,5,True,False,225.373,16,1500,1448,1448,0,48,22777.875,379,694,True,False,42.744,16,1500,1448,1424,0,48,31295.4375,68,400,116,774,2855,2889,2856,2888,4,27,18,07-26-202619:22:33,07-26-202619:23:26
Cable mps,250,50,10,10,1,1,1,4,16,80,90,0.05,5,20,5,True,True,225.363,16,1500,1448,1448,0,48,23021.125,366,770,True,False,45.620,16,1500,1448,1424,0,48,31914.25,45,426,68,667,2853,2886,2853,2886,2,23,22,07-26-202619:26:12,07-26-202619:27:03
Cable mps,250,50,10,10,1,1,1,4,16,80,90,0.05,5,20,5,True,False,225.371,16,1500,1448,1448,0,48,23251.5,361,750,True,False,44.107,16,1500,1448,1425,0,48,30833.8125,100,389,134,860,2851,2888,2850,2889,5,30,81,07-26-202620:18:56,07-26-202620:19:49
Cable mps,250,50,10,10,1,1,1,4,16,80,90,0.05,5,20,5,True,False,225.499,16,1500,1448,1448,0,48,22710.3125,385,749,True,False,44.838,16,1500,1448,1424,0,48,32106.8125,86,411,117,754,2850,2887,2851,2888,4,26,64,07-26-202620:03:37,07-26-202620:04:30
Cable mps,250,50,10,10,1,1,1,4,16,80,90,0.05,5,20,5,True,True,225.490,12,1500,1448,1448,0,36,22706.333333333332,433,961,True,False,44.735,16,1500,1448,1424,0,48,31532.6875,58,433,67,793,2852,2886,2852,2886,2,27,7,07-26-202619:12:55,07-26-202619:13:40
Cable mps,250,50,10,10,1,1,1,4,16,80,90,0.05,5,20,5,True,True,225.368,16,1500,1448,1448,0,48,22688.6875,409,714,True,False,44.590,16,1500,1448,1424,0,48,31757.3125,76,405,86,643,2850,2886,2850,2887,3,22,76,07-26-202620:14:26,07-26-202620:15:17
Cable mps,250,50,10,10,1,1,1,4,16,80,90,0.05,5,20,5,True,False,224.873,16,1500,1448,1448,0,48,22775.8125,387,720,True,False,45.080,16,1500,1448,1424,0,48,31209,92,403,111,798,2849,2886,2848,2885,4,28,98,07-26-202620:34:17,07-26-202620:35:10
Cable mps,250,50,10,10,1,1,1,4,16,80,90,0.05,5,20,5,True,True,224.994,14,1500,1448,1448,0,42,22393.428571428572,455,795,True,False,46.124,16,1500,1448,1424,0,48,31680.5,92,398,108,681,2851,2894,2854,2895,4,24,19,07-26-202619:23:29,07-26-202619:24:16
Cable mps,250,50,10,10,1,1,1,4,16,80,90,0.05,5,20,5,True,True,225.129,15,1500,1448,1448,0,45,22995.866666666665,401,884,True,False,44.851,16,1500,1448,1425,0,48,31822.8125,75,408,106,758,2855,2890,2854,2891,4,26,28,07-26-202619:31:34,07-26-202619:32:22
Cable mps,250,50,10,10,1,1,1,4,16,80,90,0.05,5,20,5,True,True,225.241,13,1500,1448,1448,0,39,22414.23076923077,493,869,True,False,42.371,16,1500,1448,1425,0,48,30948.6875,78,407,91,755,2856,2890,2856,2890,3,26,67,07-26-202620:06:16,07-26-202620:07:03
Cable mps,250,50,10,10,1,1,1,4,16,80,90,0.05,5,20,5,True,True,224.995,16,1500,1448,1448,0,48,22578.4375,434,728,True,False,45.615,16,1500,1448,1425,0,48,31475.4375,68,411,67,642,2857,2892,2857,2892,2,22,61,07-26-202620:00:59,07-26-202620:01:48
Cable mps,250,50,10,10,1,1,1,4,16,80,90,0.05,5,20,5,True,True,225.352,16,1500,1448,1448,0,48,23107.75,375,792,True,False,43.220,16,1500,1448,1424,0,48,31614.0625,84,420,85,662,2853,2888,2853,2880,3,23,1,07-26-202619:07:32,07-26-202619:08:27
Cable mps,250,50,10,10,1,1,1,4,16,80,90,0.05,5,20,5,True,True,225.235,16,1500,1448,1448,0,48,22706.9375,406,658,True,False,46.748,16,1500,1448,1424,0,48,31582.375,83,419,64,600,2855,2889,2856,2890,2,21,66,07-26-202620:05:23,07-26-202620:06:13
Cable mps,250,50,10,10,1,1,1,4,16,80,90,0.05,5,20,5,True,True,225.527,16,1500,1448,1448,0,48,23114.4375,367,756,True,False,43.746,16,1500,1448,1425,0,48,31595.125,61,429,106,666,2854,2888,2853,2888,4,23,40,07-26-202619:42:18,07-26-202619:43:09
Cable mps,250,50,10,10,1,1,1,4,16,80,90,0.05,5,20,5,True,False,225.492,16,1500,1448,1448,0,48,22528.8125,436,650,True,False,45.598,16,1500,1448,1425,0,48,31605.6875,93,426,97,664,2852,2887,2850,2888,3,23,73,07-26-202620:11:39,07-26-202620:12:32
Cable mps,250,50,10,10,1,1,1,4,16,80,90,0.05,5,20,5,True,True,225.368,14,1500,1448,1448,0,42,22714.14285714286,402,881,True,False,46.099,16,1500,1448,1424,0,48,31028.8125,87,361,87,726,2853,2890,2854,2891,3,25,49,07-26-202619:50:22,07-26-202619:51:09
Cable mps,250,50,10,10,1,1,1,4,16,80,90,0.05,5,20,5,True,True,224.864,14,1500,1448,1448,0,42,22815.714285714286,407,898,True,False,44.863,16,1500,1448,1425,0,48,31533.9375,53,396,79,729,2851,2884,2850,2883,3,25,60,07-26-202620:00:09,07-26-202620:00:56
Cable mps,250,50,10,10,1,1,1,4,16,80,90,0.05,5,20,5,True,True,225.242,13,1500,1448,1448,0,42,22412.714285714286,467,858,True,False,43.851,16,1500,1448,1425,0,48,31569.75,93,400,98,743,2850,2889,2850,2890,3,26,41,07-26-202619:43:12,07-26-202619:43:59
Cable mps,250,50,10,10,1,1,1,4,16,80,90,0.05,5,20,5,True,True,225.235,16,1500,1448,1448,0,48,22646,377,698,True,False,42.723,16,1500,1448,1425,0,48,31139.0625,105,428,99,634,2855,2892,2855,2892,3,22,10,07-26-202619:15:32,07-26-202619:16:24
Cable mps,250,50,10,10,1,1,1,4,16,80,90,0.05,5,20,5,True,True,225.627,16,1500,1448,1448,1,48,23066.5,365,807,True,False,43.228,16,1500,1448,1424,0,48,31386.0625,84,408,78,673,2853,2883,2853,2883,3,23,37,07-26-202619:39:33,07-26-202619:40:24
Cable mps,250,50,10,10,1,1,1,4,16,80,90,0.05,5,20,5,True,True,225.244,16,1500,1448,1448,0,48,22658.4375,398,748,True,False,43.091,16,1500,1448,1425,0,48,31134.625,71,417,64,635,2856,2892,2856,2893,2,22,100,07-26-202620:36:09,07-26-202620:37:00
Cable mps,250,50,10,10,1,1,1,4,16,80,90,0.05,5,20,5,True,True,225.116,16,1500,1448,1448,0,48,22625.6875,408,774,True,False,43.239,16,1500,1448,1424,0,48,32131.875,64,374,96,664,2854,2883,2853,2884,3,23,35,07-26-202619:37:45,07-26-202619:38:35
Cable mps,250,50,10,10,1,1,1,4,16,80,90,0.05,5,20,5,True,True,225.229,14,1500,1448,1448,0,42,22397.714285714286,465,918,True,False,44.834,16,1500,1448,1424,0,48,31731.4375,81,422,116,828,2854,2887,2853,2887,4,29,11,07-26-202619:16:27,07-26-202619:17:14
Cable mps,250,50,10,10,1,1,1,4,16,80,90,0.05,5,20,5,True,True,225.236,16,1500,1448,1448,0,48,22677.625,398,719,True,False,45.094,16,1500,1448,1425,0,48,31046.75,70,444,81,626,2853,2886,2853,2887,3,22,94,07-26-202620:30:39,07-26-202620:31:30
Cable mps,250,50,10,10,1,1,1,4,16,80,90,0.05,5,20,5,True,False,225.600,16,1500,1448,1448,0,48,23248.9375,353,708,True,False,44.112,16,1500,1448,1424,0,48,31700.5625,106,397,128,795,2853,2888,2853,2889,4,28,87,07-26-202620:24:20,07-26-202620:25:13
Cable mps,250,50,10,10,1,1,1,4,16,80,90,0.05,5,20,5,True,True,225.115,16,1500,1448,1448,0,48,22693,411,720,True,False,44.225,16,1500,1448,1425,0,48,31885.6875,52,398,68,633,2849,2887,2848,2887,2,22,90,07-26-202620:27:08,07-26-202620:27:58
Cable mps,250,50,10,10,1,1,1,4,16,80,90,0.05,5,20,5,True,True,225.108,16,1500,1448,1448,0,48,22473.3125,418,629,True,False,46.370,16,1500,1448,1425,0,48,31397.5,112,411,89,579,2852,2891,2853,2892,3,20,6,07-26-202619:12:00,07-26-202619:12:52
Cable mps,250,50,10,10,1,1,1,4,16,80,90,0.05,5,20,5,True,False,225.357,16,1500,1448,1448,0,48,22765.875,390,752,True,False,43.242,16,1500,1448,1425,0,48,31542,117,385,117,763,2855,2892,2855,2894,4,26,25,07-26-202619:28:48,07-26-202619:29:41
Cable mps,250,50,10,10,1,1,1,4,16,80,90,0.05,5,20,5,True,True,224.992,14,1500,1448,1448,0,42,22874.85714285714,409,873,True,False,44.719,16,1500,1448,1424,0,48,31394.0625,65,406,80,733,2854,2887,2854,2888,3,25,65,07-26-202620:04:33,07-26-202620:05:20
Cable mps,250,50,10,10,1,1,1,4,16,80,90,0.05,5,20,5,True,True,225.118,14,1500,1448,1448,0,42,22275.64285714286,494,829,True,False,43.362,16,1500,1448,1424,0,48,30805.25,92,390,86,727,2855,2892,2856,2893,3,25,54,07-26-202619:54:48,07-26-202619:55:35
Cable mps,250,50,10,10,1,1,1,4,16,80,90,0.05,5,20,5,True,True,225.240,16,1500,1448,1448,0,48,22718.4375,398,677,True,False,46.240,16,1500,1448,1424,0,48,31400.5625,106,399,71,620,2855,2886,2854,2886,3,22,39,07-26-202619:41:22,07-26-202619:42:14
Cable mps,250,50,10,10,1,1,1,4,16,80,90,0.05,5,20,5,True,True,225.131,12,1500,1448,1448,0,39,22718.384615384617,423,944,True,False,42.608,16,1500,1448,1424,0,48,31041.0625,96,425,93,741,2853,2887,2853,2887,3,26,3,07-26-202619:09:22,07-26-202619:10:08
Cable mps,250,50,10,10,1,1,1,4,16,80,90,0.05,5,20,5,True,True,225.362,16,1500,1448,1448,0,48,22665.4375,406,746,True,False,42.841,16,1500,1448,1424,0,48,31462.875,60,369,69,659,2852,2888,2852,2888,2,23,97,07-26-202620:33:23,07-26-202620:34:13
Cable mps,250,50,10,10,1,1,1,4,16,80,90,0.05,5,20,5,True,True,224.736,15,1500,1448,1448,0,45,22479.466666666667,460,785,True,False,43.841,16,1500,1448,1425,0,50,31643.6875,110,403,88,688,2851,2892,2852,2892,3,24,33,07-26-202619:35:59,07-26-202619:36:47
Cable mps,250,50,10,10,1,1,1,4,16,80,90,0.05,5,20,5,True,True,225.876,16,1500,1448,1448,0,48,22611.6875,432,741,True,False,43.225,16,1500,1448,1425,0,48,31377.375,73,382,80,635,2859,2894,2858,2894,3,22,47,07-26-202619:48:33,07-26-202619:49:22
Cable mps,250,50,10,10,1,1,1,4,16,80,90,0.05,5,20,5,True,True,225.367,16,1500,1448,1448,1,48,22759.125,391,709,True,False,44.958,16,1500,1448,1424,0,48,31379.125,99,401,125,666,2854,2891,2853,2890,4,23,96,07-26-202620:32:28,07-26-202620:33:20
Cable mps,250,50,10,10,1,1,1,4,16,80,90,0.05,5,20,5,True,True,224.990,15,1500,1448,1448,0,45,22485.266666666666,449,831,True,False,44.986,16,1500,1448,1424,0,48,31080.6875,65,387,69,685,2856,2890,2857,2890,2,24,72,07-26-202620:10:48,07-26-202620:11:36
Cable mps,250,50,10,10,1,1,1,4,16,80,90,0.05,5,20,5,True,True,225.591,16,1500,1448,1448,0,48,22702.625,417,800,True,False,44.095,16,1500,1448,1425,0,48,31307.5625,77,381,95,687,2851,2889,2852,2890,3,24,16,07-26-202619:20:46,07-26-202619:21:36
Cable mps,250,50,10,10,1,1,1,4,16,80,90,0.05,5,20,5,True,True,225.233,16,1500,1448,1448,0,48,22683.4375,390,709,True,False,43.214,16,1500,1448,1425,0,48,31812.5625,78,430,72,629,2849,2887,2846,2886,3,22,8,07-26-202619:13:43,07-26-202619:14:35
Cable mps,250,50,10,10,1,1,1,4,16,80,90,0.05,5,20,5,True,True,225.366,16,1500,1448,1448,0,48,22723,395,704,True,False,42.740,16,1500,1448,1424,0,48,31567.5,117,437,92,629,2850,2884,2851,2885,3,22,14,07-26-202619:18:58,07-26-202619:19:50
Cable mps,250,50,10,10,1,1,1,4,16,80,90,0.05,5,20,5,True,True,225.251,16,1500,1448,1448,0,48,22629.25,385,688,True,False,43.737,16,1500,1448,1424,0,48,32256.25,54,417,63,606,2857,2890,2858,2890,2,21,82,07-26-202620:19:52,07-26-202620:20:44
Cable mps,250,50,10,10,1,1,1,4,16,80,90,0.05,5,20,5,True,False,225.180,16,1500,1448,1448,0,48,22935.625,365,708,True,False,44.440,16,1500,1448,1425,0,48,31546.25,84,429,109,757,2854,2891,2854,2892,4,26,45,07-26-202619:46:42,07-26-202619:47:35
Cable mps,250,50,10,10,1,1,1,4,16,80,90,0.05,5,20,5,True,False,225.247,16,1500,1448,1448,0,48,22712.3125,373,724,True,False,44.605,16,1500,1448,1425,0,48,32402.5625,57,422,82,734,2852,2885,2852,2886,3,25,43,07-26-202619:44:51,07-26-202619:45:44
Cable mps,250,50,10,10,1,1,1,4,16,80,90,0.05,5,20,5,True,True,225.113,16,1500,1448,1448,0,48,22674.625,414,767,True,False,45.214,16,1500,1448,1424,0,48,31563.9375,59,408,58,662,2854,2888,2854,2888,2,23,83,07-26-202620:20:47,07-26-202620:21:36
Cable mps,250,50,10,10,1,1,1,4,16,80,90,0.05,5,20,5,True,False,225.350,16,1500,1448,1448,0,48,22688.625,388,712,True,False,45.727,16,1500,1448,1424,0,48,31712.4375,82,405,120,697,2852,2892,2850,2893,4,24,63,07-26-202620:02:41,07-26-202620:03:34
Cable mps,250,50,10,10,1,1,1,4,16,80,90,0.05,5,20,5,True,False,225.233,16,1500,1448,1448,0,48,22819.875,379,735,True,False,43.455,16,1500,1448,1425,0,48,31425.6875,105,388,137,705,2855,2888,2855,2885,5,24,80,07-26-202620:18:00,07-26-202620:18:53
Cable mps,250,50,10,10,1,1,1,4,16,80,90,0.05,5,20,5,True,True,225.240,16,1500,1448,1448,0,48,22688.5,392,727,True,False,44.080,16,1500,1448,1425,0,48,31404.375,84,424,101,653,2849,2886,2848,2887,4,23,59,07-26-202619:59:15,07-26-202620:00:06
Cable mps,250,50,10,10,1,1,1,4,16,80,90,0.05,5,20,5,True,True,225.501,16,1500,1448,1448,0,48,23052.5,375,803,True,False,43.964,16,1500,1448,1424,0,48,31756.25,98,416,119,686,2850,2890,2852,2891,4,24,15,07-26-202619:19:53,07-26-202619:20:43
Cable mps,250,50,10,10,1,1,1,4,16,80,90,0.05,5,20,5,True,True,225.483,16,1500,1448,1448,0,48,22669.8125,393,739,True,False,46.096,16,1500,1448,1424,1,57,31853.625,70,396,94,629,2848,2892,2848,2893,3,22,71,07-26-202620:09:53,07-26-202620:10:45
Cable mps,250,50,10,10,1,1,1,4,16,80,90,0.05,5,20,5,True,True,225.080,12,1500,1448,1448,0,39,22273.30769230769,511,899,True,False,42.730,16,1500,1448,1424,0,48,31421.875,98,376,72,757,2861,2893,2860,2893,3,26,42,07-26-202619:44:02,07-26-202619:44:48
Cable mps,250,50,10,10,1,1,1,4,16,80,90,0.05,5,20,5,True,True,225.112,16,1500,1448,1448,0,48,22727.75,385,695,True,False,43.585,16,1500,1448,1424,0,48,31495.0625,80,409,93,638,2854,2895,2853,2896,3,22,51,07-26-202619:52:02,07-26-202619:52:55
Cable mps,250,50,10,10,1,1,1,4,16,80,90,0.05,5,20,5,True,False,224.999,16,1500,1448,1448,0,48,22637.25,389,696,True,False,43.598,16,1500,1448,1424,0,48,31671.8125,87,425,111,768,2851,2884,2851,2885,4,27,57,07-26-202619:57:25,07-26-202619:58:19
Cable mps,250,50,10,10,1,1,1,4,16,80,90,0.05,5,20,5,True,True,224.885,16,1500,1448,1448,0,48,22880.9375,372,710,True,False,43.259,16,1500,1448,1425,0,48,31392.8125,73,396,85,627,2850,2884,2852,2885,3,22,88,07-26-202620:25:16,07-26-202620:26:08
Cable mps,250,50,10,10,1,1,1,4,16,80,90,0.05,5,20,5,True,False,225.247,16,1500,1448,1448,0,48,22699.5,384,701,True,False,44.610,16,1500,1448,1425,0,48,31580.625,72,419,107,742,2853,2890,2852,2891,4,26,4,07-26-202619:10:11,07-26-202619:11:04
Cable mps,250,50,10,10,1,1,1,4,16,80,90,0.05,5,20,5,True,True,225.007,16,1500,1448,1448,0,48,22698.8125,427,746,True,False,43.324,16,1500,1448,1424,0,48,31472.5625,75,427,76,652,2851,2892,2850,2893,3,23,12,07-26-202619:17:17,07-26-202619:18:06
Cable mps,250,50,10,10,1,1,1,4,16,140,90,0.05,5,20,5,True,True,224.344,16,1500,1448,1448,0,48,22762.3125,394,684,True,False,41.866,16,1500,1448,1425,0,48,31780.3125,50,224,25,626,2853,2895,2853,2895,1,22,79,07-26-202623:20:40,07-26-202623:21:32
Cable mps,250,50,10,10,1,1,1,4,16,140,90,0.05,5,20,5,True,False,224.234,16,1500,1448,1448,0,48,23147.0625,365,717,True,False,44.347,16,1500,1448,1424,0,48,31287.25,34,289,48,832,2857,2890,2855,2890,2,29,50,07-26-202622:53:49,07-26-202622:54:42
Cable mps,250,50,10,10,1,1,1,4,16,140,90,0.05,5,20,5,True,True,224.231,16,1500,1448,1448,0,48,22654.1875,397,695,True,False,45.096,16,1500,1448,1424,0,48,31033.625,38,356,24,638,2851,2894,2849,2895,1,22,23,07-26-202622:28:53,07-26-202622:29:45
Cable mps,250,50,10,10,1,1,1,4,16,140,90,0.05,5,20,5,True,True,224.618,16,1500,1448,1448,0,48,23133.5625,347,737,True,False,44.620,16,1500,1448,1424,0,48,31384.6875,36,370,25,665,2852,2889,2842,2890,1,23,68,07-26-202623:10:28,07-26-202623:11:20
Cable mps,250,50,10,10,1,1,1,4,16,140,90,0.05,5,20,5,True,True,224.362,16,1500,1448,1448,0,48,23197.9375,340,699,True,False,42.462,16,1500,1448,1425,0,48,31133.375,39,219,45,653,2849,2892,2849,2894,2,23,92,07-26-202623:32:43,07-26-202623:33:35
Cable mps,250,50,10,10,1,1,1,4,16,140,90,0.05,5,20,5,True,False,224.605,16,1500,1448,1448,0,48,22692,395,696,True,False,45.114,16,1500,1448,1424,0,48,31500.25,36,352,35,796,2851,2887,2849,2888,1,28,95,07-26-202623:35:26,07-26-202623:36:19
Cable mps,250,50,10,10,1,1,1,4,16,140,90,0.05,5,20,5,True,False,224.486,16,1500,1448,1448,0,48,22756.3125,368,713,True,False,41.978,16,1500,1448,1425,0,48,31411.6875,40,359,32,780,2855,2890,2853,2890,1,27,46,07-26-202622:50:05,07-26-202622:50:59
Cable mps,250,50,10,10,1,1,1,4,16,140,90,0.05,5,20,5,True,True,224.461,16,1500,1448,1448,1,48,22684.5625,393,728,True,False,45.348,16,1500,1448,1424,0,48,31786.625,43,331,25,650,2855,2893,2854,2894,1,22,93,07-26-202623:33:38,07-26-202623:34:28
Cable mps,250,50,10,10,1,1,1,4,16,140,90,0.05,5,20,5,True,True,224.565,16,1500,1448,1448,0,48,22704.0625,394,712,True,False,44.219,16,1500,1448,1425,0,48,31270.75,42,401,24,640,2853,2890,2852,2891,1,22,17,07-26-202622:23:21,07-26-202622:24:12
Cable mps,250,50,10,10,1,1,1,4,16,140,90,0.05,5,20,5,True,False,224.609,16,1500,1448,1448,0,48,22846.8125,386,681,True,False,42.877,16,1500,1448,1424,0,48,31738.9375,50,361,30,800,2854,2892,2852,2893,1,28,29,07-26-202622:34:27,07-26-202622:35:20
Cable mps,250,50,10,10,1,1,1,4,16,140,90,0.05,5,20,5,True,True,224.250,16,1500,1448,1448,0,48,22866.75,397,692,True,False,41.870,16,1500,1448,1424,0,48,31264.25,40,262,33,615,2849,2888,2845,2889,1,21,20,07-26-202622:26:05,07-26-202622:26:57
Cable mps,250,50,10,10,1,1,1,4,16,140,90,0.05,5,20,5,True,True,224.484,16,1500,1448,1448,0,48,23100.125,386,692,True,False,43.367,16,1500,1448,1425,0,48,31138.5,44,357,25,633,2842,2891,2843,2892,1,22,31,07-26-202622:36:19,07-26-202622:37:10
Cable mps,250,50,10,10,1,1,1,4,16,140,90,0.05,5,20,5,True,True,224.136,16,1500,1448,1448,0,48,22751.375,406,659,True,False,43.718,16,1500,1448,1425,0,48,31410.1875,35,341,31,611,2851,2889,2850,2890,1,21,84,07-26-202623:25:20,07-26-202623:26:11
Cable mps,250,50,10,10,1,1,1,4,16,140,90,0.05,5,20,5,True,False,224.749,16,1500,1448,1448,0,48,23152.75,349,776,True,False,44.622,16,1500,1448,1424,0,48,31937.6875,39,364,33,838,2852,2889,2849,2890,1,29,13,07-26-202622:19:36,07-26-202622:20:29
Cable mps,250,50,10,10,1,1,1,4,16,140,90,0.05,5,20,5,True,True,224.356,16,1500,1448,1448,0,48,22709.5625,396,677,True,False,43.349,16,1500,1448,1424,0,48,31438.625,32,323,27,631,2851,2886,2849,2887,1,22,62,07-26-202623:05:00,07-26-202623:05:52
Cable mps,250,50,10,10,1,1,1,4,16,140,90,0.05,5,20,5,True,False,224.298,16,1500,1448,1448,0,48,23334.5,344,723,True,False,43.210,16,1500,1448,1424,0,48,31470.625,34,326,42,749,2850,2891,2848,2891,1,26,75,07-26-202623:16:57,07-26-202623:17:50
Cable mps,250,50,10,10,1,1,1,4,16,140,90,0.05,5,20,5,True,True,224.502,16,1500,1448,1448,0,48,22693.4375,393,718,True,False,42.734,16,1500,1448,1424,0,49,31429.375,38,355,31,657,2852,2891,2852,2892,1,23,9,07-26-202622:15:55,07-26-202622:16:46
Cable mps,250,50,10,10,1,1,1,4,16,140,90,0.05,5,20,5,True,False,224.736,16,1500,1448,1448,0,48,22777.375,378,657,True,False,43.737,16,1500,1448,1424,0,48,31404.8125,49,378,27,675,2851,2891,2850,2891,1,23,44,07-26-202622:48:13,07-26-202622:49:06
Cable mps,250,50,10,10,1,1,1,4,16,140,90,0.05,5,20,5,True,True,224.113,16,1500,1448,1448,0,48,22830.3125,385,713,True,False,42.879,16,1500,1448,1425,0,48,31631.6875,36,319,25,645,2856,2891,2855,2892,1,22,48,07-26-202622:51:57,07-26-202622:52:49
Cable mps,250,50,10,10,1,1,1,4,16,140,90,0.05,5,20,5,True,False,224.240,16,1500,1448,1448,0,48,22727.125,385,679,True,False,42.204,16,1500,1448,1424,0,48,30909.5625,46,334,35,760,2856,2894,2853,2894,1,26,99,07-26-202623:39:12,07-26-202623:40:05
Cable mps,250,50,10,10,1,1,1,4,16,140,90,0.05,5,20,5,True,True,224.627,16,1500,1448,1448,0,48,23159.0625,355,762,True,False,43.368,16,1500,1448,1424,0,48,31195.25,40,257,24,674,2850,2890,2850,2890,1,23,56,07-26-202622:59:23,07-26-202623:00:15
Cable mps,250,50,10,10,1,1,1,4,16,140,90,0.05,5,20,5,True,False,224.431,16,1500,1448,1448,0,48,22722,380,640,True,False,43.120,16,1500,1448,1424,0,48,31335.8125,39,300,59,779,2852,2891,2850,2893,2,27,32,07-26-202622:37:13,07-26-202622:38:07
Cable mps,250,50,10,10,1,1,1,4,16,140,90,0.05,5,20,5,True,False,224.243,16,1500,1448,1448,0,48,22747.25,380,697,True,False,43.601,16,1500,1448,1425,0,48,31551.8125,35,388,32,831,2854,2892,2851,2892,1,29,78,07-26-202623:19:43,07-26-202623:20:36
Cable mps,250,50,10,10,1,1,1,4,16,140,90,0.05,5,20,5,True,True,224.361,14,1500,1448,1448,0,42,23087.285714285714,394,874,True,False,43.723,16,1500,1448,1424,0,48,31464.4375,34,365,36,757,2854,2896,2851,2895,1,26,38,07-26-202622:42:49,07-26-202622:43:36
Cable mps,250,50,10,10,1,1,1,4,16,140,90,0.05,5,20,5,True,False,224.403,16,1500,1448,1448,0,48,22717.9375,385,718,True,False,43.088,16,1500,1448,1425,0,48,31449.8125,54,357,42,804,2851,2890,2850,2891,1,28,26,07-26-202622:31:38,07-26-202622:32:31
Cable mps,250,50,10,10,1,1,1,4,16,140,90,0.05,5,20,5,True,True,224.628,16,1500,1448,1448,0,48,22702,393,718,True,False,41.374,16,1500,1448,1425,0,48,32310.9375,35,299,36,664,2849,2890,2848,2891,1,23,69,07-26-202623:11:23,07-26-202623:12:14
Cable mps,250,50,10,10,1,1,1,4,16,140,90,0.05,5,20,5,True,True,224.255,16,1500,1448,1448,0,48,22805.25,395,728,True,False,43.480,16,1500,1448,1425,0,48,31674.75,37,362,43,670,2852,2893,2850,2893,2,23,34,07-26-202622:39:06,07-26-202622:39:59
Cable mps,250,50,10,10,1,1,1,4,16,140,90,0.05,5,20,5,True,True,224.107,16,1500,1448,1448,1,48,22884.3125,381,735,True,False,46.342,16,1500,1448,1425,0,48,32200.9375,49,363,66,694,2852,2893,2851,2892,2,24,58,07-26-202623:01:15,07-26-202623:02:06
Cable mps,250,50,10,10,1,1,1,4,16,140,90,0.05,5,20,5,True,True,224.080,16,1500,1448,1448,0,48,22760.9375,394,728,True,False,43.642,16,1500,1448,1425,0,48,31847.6875,35,281,27,655,2852,2892,2849,2893,1,23,30,07-26-202622:35:24,07-26-202622:36:16
Cable mps,250,50,10,10,1,1,1,4,16,140,90,0.05,5,20,5,True,True,224.497,16,1500,1448,1448,0,48,22819.5625,389,670,True,False,44.367,16,1500,1448,1425,0,48,31088.1875,42,237,26,617,2852,2886,2851,2887,1,21,70,07-26-202623:12:18,07-26-202623:13:10
Cable mps,250,50,10,10,1,1,1,4,16,140,90,0.05,5,20,5,True,True,224.360,16,1500,1448,1448,0,48,22720.375,378,693,True,False,43.247,16,1500,1448,1425,0,48,31649.6875,29,310,35,641,2853,2895,2849,2897,1,22,24,07-26-202622:29:48,07-26-202622:30:40
Cable mps,250,50,10,10,1,1,1,4,16,140,90,0.05,5,20,5,True,False,224.237,16,1500,1448,1448,0,48,22788.1875,362,721,True,False,42.488,16,1500,1448,1425,0,48,31654,37,280,37,786,2855,2891,2854,2892,1,27,52,07-26-202622:55:38,07-26-202622:56:31
Cable mps,250,50,10,10,1,1,1,4,16,140,90,0.05,5,20,5,True,True,223.987,16,1500,1448,1448,0,48,23471.125,364,813,True,False,43.227,16,1500,1448,1425,0,48,31531.75,62,347,80,756,2850,2890,2846,2890,3,26,36,07-26-202622:40:58,07-26-202622:41:49
Cable mps,250,50,10,10,1,1,1,4,16,140,90,0.05,5,20,5,True,False,224.363,16,1500,1448,1448,0,48,23145.125,349,735,True,False,44.218,16,1500,1448,1424,0,48,32063.25,38,356,35,827,2852,2890,2851,2891,1,29,2,07-26-202622:09:33,07-26-202622:10:27
Cable mps,250,50,10,10,1,1,1,4,16,140,90,0.05,5,20,5,True,False,224.493,16,1500,1448,1448,0,48,22782.4375,386,667,True,False,44.603,16,1500,1448,1425,0,48,32164,39,262,29,770,2853,2892,2852,2893,1,27,5,07-26-202622:12:18,07-26-202622:13:11
Cable mps,250,50,10,10,1,1,1,4,16,140,90,0.05,5,20,5,True,True,224.040,16,1500,1448,1448,0,48,22770.625,404,716,True,False,44.219,16,1500,1448,1425,0,48,31556.0625,63,297,26,642,2857,2895,2854,2896,1,22,89,07-26-202623:29:57,07-26-202623:30:49
Cable mps,250,50,10,10,1,1,1,4,16,140,90,0.05,5,20,5,True,False,224.111,16,1500,1448,1448,0,48,22657.8125,392,733,True,False,43.857,16,1500,1448,1425,0,48,31508.125,48,370,34,747,2853,2888,2849,2889,1,26,74,07-26-202623:16:01,07-26-202623:16:54
Cable mps,250,50,10,10,1,1,1,4,16,140,90,0.05,5,20,5,True,True,224.494,16,1500,1448,1448,0,48,23204.5,355,774,True,False,43.218,16,1500,1448,1424,0,48,31650.75,30,358,31,695,2852,2893,2849,2893,1,24,91,07-26-202623:31:49,07-26-202623:32:40
Cable mps,250,50,10,10,1,1,1,4,16,140,90,0.05,5,20,5,True,True,224.239,16,1500,1448,1448,0,48,22881.1875,370,714,True,False,44.847,16,1500,1448,1425,0,48,31956,52,322,30,642,2851,2892,2850,2892,1,22,53,07-26-202622:56:35,07-26-202622:57:27
Cable mps,250,50,10,10,1,1,1,4,16,140,90,0.05,5,20,5,True,False,224.745,16,1500,1448,1448,0,48,23245.875,363,724,True,False,45.201,16,1500,1448,1425,0,48,31566.8125,45,322,36,829,2848,2893,2848,2893,1,29,21,07-26-202622:27:01,07-26-202622:27:54
Cable mps,250,50,10,10,1,1,1,4,16,140,90,0.05,5,20,5,True,False,224.352,16,1500,1448,1448,0,48,22806.25,389,688,True,False,43.487,16,1500,1448,1424,0,48,31506,42,344,33,787,2852,2886,2849,2887,1,27,55,07-26-202622:58:27,07-26-202622:59:20
Cable mps,250,50,10,10,1,1,1,4,16,140,90,0.05,5,20,5,True,False,224.241,16,1500,1448,1448,0,48,22770.375,379,693,True,False,42.628,16,1500,1448,1425,0,48,32107.125,36,194,53,800,2847,2891,2845,2889,2,28,27,07-26-202622:32:35,07-26-202622:33:28
Cable mps,250,50,10,10,1,1,1,4,16,140,90,0.05,5,20,5,True,False,224.492,16,1500,1448,1448,0,48,22838.75,378,687,True,False,42.719,16,1500,1448,1425,0,48,31317.0625,39,350,52,788,2853,2890,2851,2891,2,27,77,07-26-202623:18:47,07-26-202623:19:40
Cable mps,250,50,10,10,1,1,1,4,16,140,90,0.05,5,20,5,True,False,224.740,16,1500,1448,1448,0,48,22718.5,384,703,True,False,44.358,16,1500,1448,1424,0,48,31767.1875,39,374,35,787,2854,2894,2850,2895,1,27,85,07-26-202623:26:15,07-26-202623:27:08
Cable mps,250,50,10,10,1,1,1,4,16,140,90,0.05,5,20,5,True,True,224.529,16,1500,1448,1448,0,48,22717.875,382,736,True,False,42.726,16,1500,1448,1425,0,48,31915,52,292,25,670,2854,2891,2850,2888,1,23,86,07-26-202623:27:11,07-26-202623:28:03
Cable mps,250,50,10,10,1,1,1,4,16,140,90,0.05,5,20,5,True,True,223.987,16,1500,1448,1448,0,48,22766.25,385,729,True,False,43.978,16,1500,1448,1424,0,48,32290.5,32,284,26,659,2850,2889,2847,2890,1,23,18,07-26-202622:24:15,07-26-202622:25:07
Cable mps,250,50,10,10,1,1,1,4,16,140,90,0.05,5,20,5,True,False,223.937,16,1500,1448,1448,0,48,22840.3125,374,694,True,False,42.593,16,1500,1448,1425,0,48,31719.4375,47,239,41,784,2854,2890,2850,2891,1,27,22,07-26-202622:27:57,07-26-202622:28:50
Cable mps,250,50,10,10,1,1,1,4,16,140,90,0.05,5,20,5,True,False,224.466,16,1500,1448,1448,0,48,22757.625,382,703,True,False,43.733,16,1500,1448,1424,0,48,31888.1875,56,247,32,777,2849,2893,2846,2892,1,27,81,07-26-202623:22:31,07-26-202623:23:24
Cable mps,250,50,10,10,1,1,1,4,16,140,90,0.05,5,20,5,True,True,224.098,16,1500,1448,1448,0,48,22664,406,716,True,False,43.849,16,1500,1448,1425,0,48,31252.4375,38,384,26,645,2851,2887,2849,2888,1,22,64,07-26-202623:06:48,07-26-202623:07:41
Cable mps,250,50,10,10,1,1,1,4,16,140,90,0.05,5,20,5,True,False,223.992,16,1500,1448,1448,0,48,22737.8125,375,686,True,False,44.370,16,1500,1448,1425,0,48,31391.4375,37,319,36,776,2851,2894,2849,2895,1,27,7,07-26-202622:14:02,07-26-202622:14:55
Cable mps,250,50,10,10,1,1,1,4,16,140,90,0.05,5,20,5,True,True,224.735,16,1500,1448,1448,0,48,23235.3125,374,778,True,False,43.742,16,1500,1448,1425,0,48,31092.4375,39,333,36,707,2849,2891,2844,2892,1,24,76,07-26-202623:17:54,07-26-202623:18:44
Cable mps,250,50,10,10,1,1,1,4,16,140,90,0.05,5,20,5,True,False,224.482,16,1500,1448,1448,0,48,23196.75,333,731,True,False,43.621,16,1500,1448,1424,0,48,31730.3125,35,267,45,831,2854,2889,2853,2887,2,29,98,07-26-202623:38:15,07-26-202623:39:08
Cable mps,250,50,10,10,1,1,1,4,16,140,90,0.05,5,20,5,True,True,224.486,16,1500,1448,1448,0,48,22778.75,396,688,True,False,43.732,16,1500,1448,1424,0,48,31618.875,48,336,27,633,2852,2888,2851,2889,1,22,19,07-26-202622:25:11,07-26-202622:26:02
Cable mps,250,50,10,10,1,1,1,4,16,140,90,0.05,5,20,5,True,False,224.367,16,1500,1448,1448,0,48,22951.3125,367,726,True,False,42.852,16,1500,1448,1425,0,48,31465.5625,36,241,33,776,2852,2892,2851,2892,1,27,28,07-26-202622:33:31,07-26-202622:34:24
Cable mps,250,50,10,10,1,1,1,4,16,140,90,0.05,5,20,5,True,False,224.657,16,1500,1448,1448,0,48,22830.25,384,703,True,False,43.871,16,1500,1448,1424,0,48,30390.6875,36,308,52,792,2855,2892,2853,2893,2,27,67,07-26-202623:09:31,07-26-202623:10:24
Cable mps,250,50,10,10,1,1,1,4,16,140,90,0.05,5,20,5,True,True,224.308,16,1500,1448,1448,0,48,22731.625,378,696,True,False,43.866,16,1500,1448,1425,0,48,31983.75,42,214,37,622,2853,2889,2852,2891,1,22,61,07-26-202623:04:04,07-26-202623:04:57
Cable mps,250,50,10,10,1,1,1,4,16,140,90,0.05,5,20,5,True,True,224.628,16,1500,1448,1448,0,48,22865.6875,398,709,True,False,42.993,16,1500,1448,1424,0,48,31512.625,51,284,29,658,2852,2889,2854,2889,1,23,1,07-26-202622:08:38,07-26-202622:09:30
Cable mps,250,50,10,10,1,1,1,4,16,140,90,0.05,5,20,5,True,True,224.431,16,1500,1448,1448,0,48,22763.0625,404,734,True,False,43.868,16,1500,1448,1425,0,48,31759.875,47,344,28,650,2853,2888,2852,2888,1,23,66,07-26-202623:08:38,07-26-202623:09:28
Cable mps,250,50,10,10,1,1,1,4,16,140,90,0.05,5,20,5,True,True,224.242,16,1500,1448,1448,0,48,22778.5625,429,772,True,False,44.491,16,1500,1448,1424,0,48,31145.3125,39,291,26,670,2851,2891,2849,2892,1,23,40,07-26-202622:44:35,07-26-202622:45:24
Cable mps,250,50,10,10,1,1,1,4,16,140,90,0.05,5,20,5,True,True,224.359,16,1500,1448,1448,0,48,22806.375,379,692,True,False,43.732,16,1500,1448,1424,0,48,31090,32,370,26,634,2853,2889,2850,2890,1,22,73,07-26-202623:15:06,07-26-202623:15:58
Cable mps,250,50,10,10,1,1,1,4,16,140,90,0.05,5,20,5,True,False,224.484,16,1500,1448,1448,0,48,22795.1875,376,724,True,False,43.457,16,1500,1448,1425,0,48,31627,45,372,35,871,2854,2894,2852,2895,1,30,49,07-26-202622:52:52,07-26-202622:53:45
Cable mps,250,50,10,10,1,1,1,4,16,140,90,0.05,5,20,5,True,False,224.479,16,1500,1448,1448,1,48,22808.625,384,700,True,False,44.378,16,1500,1448,1424,0,48,31800.3125,34,359,41,752,2854,2896,2848,2895,1,26,60,07-26-202623:03:08,07-26-202623:04:01
Cable mps,250,50,10,10,1,1,1,4,16,140,90,0.05,5,20,5,True,True,229.625,16,1500,1448,1448,0,48,22937.5625,372,728,True,False,44.846,16,1500,1448,1425,0,48,31901.5,38,272,28,656,2850,2890,2851,2891,1,23,41,07-26-202622:45:27,07-26-202622:46:19
Cable mps,250,50,10,10,1,1,1,4,16,140,90,0.05,5,20,5,True,False,224.615,16,1500,1448,1448,0,48,22770.5,370,716,True,False,43.603,16,1500,1448,1424,0,48,31520.3125,36,326,45,820,2855,2890,2855,2891,2,28,10,07-26-202622:16:49,07-26-202622:17:42
Cable mps,250,50,10,10,1,1,1,4,16,140,90,0.05,5,20,5,True,False,224.220,16,1500,1448,1448,0,48,22703.625,398,687,True,False,42.966,16,1500,1448,1425,0,48,31306.4375,32,330,50,807,2854,2892,2853,2893,2,28,37,07-26-202622:41:52,07-26-202622:42:45
Cable mps,250,50,10,10,1,1,1,4,16,140,90,0.05,5,20,5,True,False,224.260,16,1500,1448,1448,0,48,22775.375,382,716,True,False,42.981,16,1500,1448,1424,0,49,31447.6875,43,384,39,772,2855,2893,2853,2894,1,27,100,07-26-202623:40:08,07-26-202623:41:01
Cable mps,250,50,10,10,1,1,1,4,16,140,90,0.05,5,20,5,True,False,223.956,16,1500,1448,1448,0,48,22735.5625,382,666,True,False,42.624,16,1500,1448,1425,0,48,32029.4375,42,350,33,805,2855,2890,2854,2891,1,28,35,07-26-202622:40:02,07-26-202622:40:55
Cable mps,250,50,10,10,1,1,1,4,16,140,90,0.05,5,20,5,True,False,224.256,16,1500,1448,1448,0,48,23249.0625,332,749,True,False,42.116,16,1500,1448,1424,0,48,31836.0625,35,281,32,802,2854,2891,2851,2892,1,28,11,07-26-202622:17:46,07-26-202622:18:39
Cable mps,250,50,10,10,1,1,1,4,16,140,90,0.05,5,20,5,True,True,224.109,16,1500,1448,1448,0,48,22531.375,412,702,True,False,45.954,16,1500,1448,1425,0,48,31370.5625,35,362,24,619,2854,2886,2851,2887,1,21,94,07-26-202623:34:32,07-26-202623:35:23
Cable mps,250,50,10,10,1,1,1,4,16,140,90,0.05,5,20,5,True,False,224.358,16,1500,1448,1448,0,48,23352,337,739,True,False,44.963,16,1500,1448,1424,0,48,31669.8125,33,328,33,853,2850,2893,2846,2894,1,29,87,07-26-202623:28:06,07-26-202623:28:59
Cable mps,250,50,10,10,1,1,1,4,16,140,90,0.05,5,20,5,True,False,224.096,16,1500,1448,1448,0,48,22713.1875,372,702,True,False,45.109,16,1500,1448,1424,0,48,31200.3125,40,330,42,757,2851,2893,2850,2894,1,26,90,07-26-202623:30:52,07-26-202623:31:45
Cable mps,250,50,10,10,1,1,1,4,16,140,90,0.05,5,20,5,True,True,224.377,11,1500,1448,1448,0,36,22697.166666666668,419,989,True,False,45.593,16,1500,1448,1424,0,48,31693.0625,44,351,26,846,2847,2887,2839,2887,1,29,6,07-26-202622:13:14,07-26-202622:13:59
Cable mps,250,50,10,10,1,1,1,4,16,140,90,0.05,5,20,5,True,True,224.621,16,1500,1448,1448,0,48,23065.5625,360,723,True,False,42.336,16,1500,1448,1424,1,50,31310.1875,39,371,24,656,2853,2890,2851,2888,1,23,25,07-26-202622:30:44,07-26-202622:31:35
Cable mps,250,50,10,10,1,1,1,4,16,140,90,0.05,5,20,5,True,True,224.435,16,1500,1448,1448,0,48,23176.875,369,766,True,False,41.604,16,1500,1448,1424,0,48,31286.375,44,318,26,674,2852,2892,2852,2893,1,23,65,07-26-202623:07:44,07-26-202623:08:35
Cable mps,250,50,10,10,1,1,1,4,16,140,90,0.05,5,20,5,True,False,224.004,16,1500,1448,1448,0,48,22657.5,398,641,True,False,45.078,16,1500,1448,1424,0,48,31406.25,38,350,60,792,2851,2891,2848,2891,2,27,54,07-26-202622:57:30,07-26-202622:58:23
Cable mps,250,50,10,10,1,1,1,4,16,140,90,0.05,5,20,5,True,False,224.346,16,1500,1448,1448,0,48,23359.5,329,721,True,False,42.373,16,1500,1448,1425,0,48,31521.6875,34,277,35,807,2853,2890,2847,2889,1,28,39,07-26-202622:43:39,07-26-202622:44:32
Cable mps,250,50,10,10,1,1,1,4,16,140,90,0.05,5,20,5,True,False,224.059,16,1500,1448,1448,0,48,22728.1875,387,677,True,False,44.866,16,1500,1448,1425,0,48,31712.25,54,374,31,765,2853,2892,2849,2892,1,26,3,07-26-202622:10:30,07-26-202622:11:23
Cable mps,250,50,10,10,1,1,1,4,16,140,90,0.05,5,20,5,True,False,224.493,16,1500,1448,1448,0,48,23167.125,342,716,True,False,42.720,16,1500,1448,1425,0,48,31501.375,41,329,30,686,2848,2894,2847,2895,1,24,97,07-26-202623:37:19,07-26-202623:38:12
Cable mps,250,50,10,10,1,1,1,4,16,140,90,0.05,5,20,5,True,False,224.111,16,1500,1448,1448,0,48,22927.9375,375,688,True,False,43.978,16,1500,1448,1425,0,48,31454.0625,34,254,43,746,2853,2891,2846,2891,1,26,33,07-26-202622:38:10,07-26-202622:39:03
Cable mps,250,50,10,10,1,1,1,4,16,140,90,0.05,5,20,5,True,True,224.616,16,1500,1448,1448,0,48,22720.25,383,716,True,False,42.373,16,1500,1448,1424,0,48,32115.25,44,416,22,664,2853,2890,2851,2891,1,23,47,07-26-202622:51:02,07-26-202622:51:54
Cable mps,250,50,10,10,1,1,1,4,16,140,90,0.05,5,20,5,True,False,224.591,16,1500,1448,1448,0,48,22840.9375,375,667,True,False,42.837,16,1500,1448,1424,0,48,31878.1875,56,287,33,742,2848,2893,2848,2894,1,26,96,07-26-202623:36:22,07-26-202623:37:15
Cable mps,250,50,10,10,1,1,1,4,16,140,90,0.05,5,20,5,True,False,224.506,16,1500,1448,1448,0,48,23140.25,348,730,True,False,45.120,16,1500,1448,1424,0,48,32229.1875,48,308,34,805,2853,2896,2851,2897,1,28,72,07-26-202623:14:09,07-26-202623:15:02
Cable mps,250,50,10,10,1,1,1,4,16,140,90,0.05,5,20,5,True,False,224.372,16,1500,1448,1448,0,48,22929.8125,373,711,True,False,45.356,16,1500,1448,1425,0,48,30944.25,36,366,32,744,2850,2890,2851,2891,1,26,16,07-26-202622:22:25,07-26-202622:23:18
Cable mps,250,50,10,10,1,1,1,4,16,140,90,0.05,5,20,5,True,False,224.735,16,1500,1448,1448,0,48,22806,382,745,True,False,44.107,16,1500,1448,1425,0,48,31952.25,37,323,28,681,2854,2891,2851,2892,1,24,8,07-26-202622:14:59,07-26-202622:15:52
Cable mps,250,50,10,10,1,1,1,4,16,140,90,0.05,5,20,5,True,False,224.363,16,1500,1448,1448,0,48,23744.1875,344,713,True,False,44.501,16,1500,1448,1425,0,48,31740.8125,42,230,40,823,2852,2889,2850,2890,1,28,14,07-26-202622:20:33,07-26-202622:21:26
Cable mps,250,50,10,10,1,1,1,4,16,140,90,0.05,5,20,5,True,False,224.371,16,1500,1448,1448,0,48,23184.375,353,725,True,False,44.746,16,1500,1448,1425,0,48,31545,36,432,29,698,2852,2889,2851,2891,1,24,82,07-26-202623:23:28,07-26-202623:24:21
Cable mps,250,50,10,10,1,1,1,4,16,140,90,0.05,5,20,5,True,False,224.612,16,1500,1448,1448,0,48,22912.4375,377,714,True,False,43.736,16,1500,1448,1425,0,48,31084.125,34,261,53,798,2857,2891,2858,2892,2,28,45,07-26-202622:49:09,07-26-202622:50:02
Cable mps,250,50,10,10,1,1,1,4,16,140,90,0.05,5,20,5,True,True,224.365,16,1500,1448,1448,0,48,22773.0625,397,697,True,False,44.726,16,1500,1448,1425,0,48,31854.1875,43,352,26,623,2849,2890,2846,2890,1,22,43,07-26-202622:47:18,07-26-202622:48:09
Cable mps,250,50,10,10,1,1,1,4,16,140,90,0.05,5,20,5,True,False,224.355,16,1500,1448,1448,0,48,22710.75,379,700,True,False,42.836,16,1500,1448,1425,0,48,31562,40,219,31,786,2851,2892,2848,2893,1,27,83,07-26-202623:24:24,07-26-202623:25:17
Cable mps,250,50,10,10,1,1,1,4,16,140,90,0.05,5,20,5,True,True,224.375,16,1500,1448,1448,0,48,23096.4375,366,797,True,False,44.470,16,1500,1448,1424,0,48,31577.625,38,346,29,695,2854,2893,2851,2894,1,24,63,07-26-202623:05:55,07-26-202623:06:45
Cable mps,250,50,10,10,1,1,1,4,16,140,90,0.05,5,20,5,True,False,224.120,16,1500,1448,1448,0,48,22810.1875,380,724,True,False,43.105,16,1500,1448,1425,0,48,31475.1875,34,291,53,789,2850,2891,2850,2891,2,27,80,07-26-202623:21:35,07-26-202623:22:28
Cable mps,250,50,10,10,1,1,1,4,16,140,90,0.05,5,20,5,True,True,224.879,16,1500,1448,1448,0,48,22799.375,393,712,True,False,44.108,16,1500,1448,1425,0,48,31788.5,34,374,30,652,2850,2891,2848,2892,1,23,59,07-26-202623:02:09,07-26-202623:03:05
Cable mps,250,50,10,10,1,1,1,4,16,140,90,0.05,5,20,5,True,True,224.096,16,1500,1448,1448,0,48,22855.3125,396,676,True,False,41.851,16,1500,1448,1424,0,48,31656.6875,38,313,28,629,2852,2893,2854,2894,1,22,15,07-26-202622:21:29,07-26-202622:22:22
Cable mps,250,50,10,10,1,1,1,4,16,140,90,0.05,5,20,5,True,False,224.362,16,1500,1448,1448,0,48,22735.6875,378,702,True,False,42.879,16,1500,1448,1425,0,48,31310.125,43,318,36,779,2854,2886,2852,2886,1,27,71,07-26-202623:13:13,07-26-202623:14:06
Cable mps,250,50,10,10,1,1,1,4,16,140,90,0.05,5,20,5,True,False,224.738,16,1500,1448,1448,0,48,22754.625,375,727,True,False,41.730,16,1500,1448,1424,0,51,31488.75,33,364,39,807,2850,2887,2849,2888,1,28,42,07-26-202622:46:22,07-26-202622:47:15
Cable mps,250,50,10,10,1,1,1,4,16,140,90,0.05,5,20,5,True,True,224.311,16,1500,1448,1448,0,48,22734.3125,415,725,True,False,45.480,16,1500,1448,1424,0,48,31699.375,33,324,39,655,2853,2887,2851,2888,1,23,51,07-26-202622:54:45,07-26-202622:55:35
Cable mps,250,50,10,10,1,1,1,4,16,140,90,0.05,5,20,5,True,False,224.750,16,1500,1448,1448,0,48,22741,382,679,True,False,44.000,16,1500,1448,1424,0,48,31410.5,39,381,31,678,2852,2893,2847,2893,1,23,57,07-26-202623:00:18,07-26-202623:01:11
Cable mps,250,50,10,10,1,1,1,4,16,140,90,0.05,5,20,5,True,True,224.240,16,1500,1448,1448,0,48,22803.9375,391,708,True,False,45.583,16,1500,1448,1425,0,48,31522.4375,35,271,27,642,2853,2891,2851,2891,1,22,88,07-26-202623:29:03,07-26-202623:29:54
Cable mps,250,50,10,10,1,1,1,4,16,140,90,0.05,5,20,5,True,True,224.146,15,1500,1448,1448,0,45,22591.866666666665,454,802,True,False,43.118,16,1500,1448,1425,0,48,31630.125,36,397,27,705,2848,2888,2844,2889,1,24,4,07-26-202622:11:26,07-26-202622:12:14
Cable mps,250,50,10,10,1,1,1,4,16,140,90,0.05,5,20,5,True,True,224.497,16,1500,1448,1448,0,48,22744.25,390,700,True,False,42.716,16,1500,1448,1425,0,48,31838.4375,37,294,34,643,2856,2893,2855,2894,1,22,12,07-26-202622:18:42,07-26-202622:19:33
Cable mps,250,50,10,10,1,1,1,4,16,40,90,0.05,5,20,5,True,True,225.980,16,1500,1448,1448,0,48,22600.9375,412,724,True,False,44.747,16,1500,1448,1424,0,49,31921.375,133,443,157,668,2843,2881,2840,2881,6,23,79,07-26-202617:20:05,07-26-202617:20:55
Cable mps,250,50,10,10,1,1,1,4,16,40,90,0.05,5,20,5,True,True,225.743,16,1500,1448,1448,0,48,22642.4375,380,737,True,False,44.242,16,1500,1448,1424,0,48,31240.625,135,421,171,661,2847,2884,2846,2884,6,23,50,07-26-202616:55:13,07-26-202616:56:05
Cable mps,250,50,10,10,1,1,1,4,16,40,90,0.05,5,20,5,True,True,225.985,16,1500,1448,1448,0,48,22544,423,780,True,False,45.851,16,1500,1448,1425,0,48,31054.4375,122,394,149,663,2848,2881,2850,2881,5,23,23,07-26-202616:31:57,07-26-202616:32:46
Cable mps,250,50,10,10,1,1,1,4,16,40,90,0.05,5,20,5,True,True,225.861,16,1500,1448,1448,0,48,22515.75,426,709,True,False,45.581,16,1500,1448,1424,0,48,31479.25,136,449,163,638,2843,2879,2844,2880,6,22,68,07-26-202617:11:03,07-26-202617:11:52
Cable mps,250,50,10,10,1,1,1,4,16,40,90,0.05,5,20,5,True,True,226.118,15,1500,1448,1448,0,45,22818.066666666666,404,862,True,False,45.988,16,1500,1448,1425,0,48,30685.5625,144,439,176,668,2849,2884,2849,2884,6,23,92,07-26-202617:31:20,07-26-202617:32:08
Cable mps,250,50,10,10,1,1,1,4,16,40,90,0.05,5,20,5,True,False,226.118,16,1500,1448,1448,0,48,22657.1875,381,685,True,False,44.840,16,1500,1448,1424,0,48,31631.125,116,469,171,779,2850,2883,2851,2884,6,27,95,07-26-202617:33:58,07-26-202617:34:51
Cable mps,250,50,10,10,1,1,1,4,16,40,90,0.05,5,20,5,True,True,225.862,12,1500,1448,1448,0,36,22357.166666666668,480,948,True,False,45.826,16,1500,1448,1424,0,48,31347.875,120,401,158,772,2844,2880,2844,2880,6,27,46,07-26-202616:51:53,07-26-202616:52:38
Cable mps,250,50,10,10,1,1,1,4,16,40,90,0.05,5,20,5,True,True,225.872,16,1500,1448,1448,0,48,22640.375,395,724,True,False,45.351,16,1500,1448,1425,0,48,31099.9375,141,444,166,637,2848,2886,2848,2886,6,22,93,07-26-202617:32:12,07-26-202617:33:04
Cable mps,250,50,10,10,1,1,1,4,16,40,90,0.05,5,20,5,True,True,225.487,13,1500,1448,1448,0,42,22481.714285714286,473,780,True,False,44.950,16,1500,1448,1425,1,56,31277.6875,125,415,143,696,2845,2884,2845,2885,5,24,17,07-26-202616:27:00,07-26-202616:27:47
Cable mps,250,50,10,10,1,1,1,4,16,40,90,0.05,5,20,5,True,True,226.242,16,1500,1448,1448,0,48,22502.1875,411,728,True,False,45.845,16,1500,1448,1424,0,48,31487.5,127,442,156,627,2852,2879,2852,2880,5,22,29,07-26-202616:37:11,07-26-202616:38:02
Cable mps,250,50,10,10,1,1,1,4,16,40,90,0.05,5,20,5,True,True,226.130,16,1500,1448,1448,0,48,22590.0625,401,690,True,False,44.489,16,1500,1448,1425,0,48,31451.0625,126,453,163,620,2850,2883,2851,2883,6,22,20,07-26-202616:29:20,07-26-202616:30:12
Cable mps,250,50,10,10,1,1,1,4,16,40,90,0.05,5,20,5,True,False,226.120,16,1500,1448,1448,0,48,22651.125,390,664,True,False,45.240,16,1500,1448,1424,0,48,31739,106,431,188,772,2849,2887,2847,2888,7,27,31,07-26-202616:38:59,07-26-202616:39:52
Cable mps,250,50,10,10,1,1,1,4,16,40,90,0.05,5,20,5,True,True,225.986,16,1500,1448,1448,0,48,22667.25,417,729,True,False,46.120,16,1500,1448,1424,0,48,31795.4375,167,420,171,652,2855,2888,2853,2888,6,23,84,07-26-202617:24:38,07-26-202617:25:27
Cable mps,250,50,10,10,1,1,1,4,16,40,90,0.05,5,20,5,True,True,225.994,12,1500,1448,1448,0,36,22308.5,493,919,True,False,43.077,16,1500,1448,1425,0,48,31738.3125,127,438,154,784,2845,2885,2845,2885,5,27,13,07-26-202616:23:31,07-26-202616:24:16
Cable mps,250,50,10,10,1,1,1,4,16,40,90,0.05,5,20,5,True,False,225.868,16,1500,1448,1448,0,48,22394.5625,414,708,True,False,45.585,16,1500,1448,1425,0,48,30949.375,123,418,192,841,2850,2882,2848,2882,7,29,62,07-26-202617:05:50,07-26-202617:06:43
Cable mps,250,50,10,10,1,1,1,4,16,40,90,0.05,5,20,5,True,True,225.857,15,1500,1448,1448,0,48,22635.8125,427,711,True,True,43.987,14,1500,1448,1424,0,45,30503.933333333334,141,490,180,679,2849,2879,2848,2879,6,24,75,07-26-202617:16:44,07-26-202617:17:28
Cable mps,250,50,10,10,1,1,1,4,16,40,90,0.05,5,20,5,True,True,225.992,14,1500,1448,1448,0,42,22415.285714285714,473,861,True,False,45.112,16,1500,1448,1425,0,48,31633.25,134,414,155,719,2845,2878,2843,2877,5,25,9,07-26-202616:19:59,07-26-202616:20:46
Cable mps,250,50,10,10,1,1,1,4,16,40,90,0.05,5,20,5,True,True,225.793,12,1500,1448,1448,0,36,22141.333333333332,524,978,True,False,43.740,16,1500,1448,1424,0,48,31570.0625,114,406,147,806,2849,2881,2848,2879,5,28,44,07-26-202616:50:10,07-26-202616:50:55
Cable mps,250,50,10,10,1,1,1,4,16,40,90,0.05,5,20,5,True,True,225.754,12,1500,1448,1448,0,39,22392.53846153846,490,795,True,False,46.108,16,1500,1448,1425,0,48,31363.1875,132,414,162,712,2849,2880,2849,2879,6,25,48,07-26-202616:53:31,07-26-202616:54:17
Cable mps,250,50,10,10,1,1,1,4,16,40,90,0.05,5,20,5,True,True,226.119,12,1500,1448,1448,0,36,22084.666666666668,541,937,True,False,45.338,16,1500,1448,1425,0,48,31193,148,446,169,845,2850,2888,2852,2888,6,29,99,07-26-202617:37:30,07-26-202617:38:15
Cable mps,250,50,10,10,1,1,1,4,16,40,90,0.05,5,20,5,True,True,225.367,14,1500,1448,1448,0,42,22448,453,732,True,False,46.089,16,1500,1448,1424,0,48,31176.125,127,416,173,666,2847,2878,2845,2878,6,23,56,07-26-202617:00:26,07-26-202617:01:13
Cable mps,250,50,10,10,1,1,1,4,16,40,90,0.05,5,20,5,True,True,225.866,14,1500,1448,1448,0,42,22585.285714285714,426,806,True,True,46.730,12,1500,1448,1425,0,39,28984.46153846154,187,491,225,731,2850,2882,2849,2883,8,25,32,07-26-202616:39:55,07-26-202616:40:35
Cable mps,250,50,10,10,1,1,1,4,16,40,90,0.05,5,20,5,True,True,226.229,15,1500,1448,1448,0,45,22560.933333333334,432,753,True,False,46.241,16,1500,1448,1424,0,48,31104.25,109,417,152,657,2845,2881,2845,2882,5,23,78,07-26-202617:19:14,07-26-202617:20:02
Cable mps,250,50,10,10,1,1,1,4,16,40,90,0.05,5,20,5,True,True,226.120,16,1500,1448,1448,0,48,22481.5,417,725,True,False,45.334,16,1500,1448,1425,0,48,31090.75,123,423,163,631,2845,2880,2847,2880,6,22,38,07-26-202616:45:00,07-26-202616:45:51
Cable mps,250,50,10,10,1,1,1,4,16,40,90,0.05,5,20,5,True,True,225.616,16,1500,1448,1448,0,48,22537.9375,425,714,True,False,43.601,16,1500,1448,1424,0,48,31339.875,95,436,140,647,2850,2882,2854,2882,5,22,26,07-26-202616:34:33,07-26-202616:35:23
Cable mps,250,50,10,10,1,1,1,4,16,40,90,0.05,5,20,5,True,True,225.994,16,1500,1448,1448,0,48,22589.6875,407,691,True,False,43.867,16,1500,1448,1425,0,48,31667.875,122,430,148,638,2846,2883,2847,2884,5,22,69,07-26-202617:11:55,07-26-202617:12:45
Cable mps,250,50,10,10,1,1,1,4,16,40,90,0.05,5,20,5,True,True,225.980,16,1500,1448,1448,0,48,22827.6875,384,724,True,False,45.496,16,1500,1448,1425,0,48,31491.0625,132,415,157,654,2847,2882,2849,2881,6,23,34,07-26-202616:41:31,07-26-202616:42:23
Cable mps,250,50,10,10,1,1,1,4,16,40,90,0.05,5,20,5,True,True,225.850,14,1500,1448,1448,0,45,22429.2,444,803,True,False,44.356,16,1500,1448,1425,0,48,31806.1875,116,402,153,681,2849,2885,2850,2886,5,24,58,07-26-202617:02:11,07-26-202617:02:59
Cable mps,250,50,10,10,1,1,1,4,16,40,90,0.05,5,20,5,True,True,225.867,16,1500,1448,1448,0,48,22635.0625,395,713,True,False,44.470,16,1500,1448,1424,0,48,31686.875,129,454,164,617,2852,2882,2853,2883,6,21,30,07-26-202616:38:05,07-26-202616:38:56
Cable mps,250,50,10,10,1,1,1,4,16,40,90,0.05,5,20,5,True,True,225.991,13,1500,1448,1448,0,39,22644.615384615383,428,941,True,False,43.623,16,1500,1448,1425,0,48,30841.875,127,453,153,767,2845,2879,2844,2879,5,27,70,07-26-202617:12:48,07-26-202617:13:34
Cable mps,250,50,10,10,1,1,1,4,16,40,90,0.05,5,20,5,True,True,226.365,16,1500,1448,1448,1,48,22682,397,711,True,False,44.230,16,1500,1448,1424,0,48,31221.4375,146,411,161,647,2841,2885,2839,2886,6,22,24,07-26-202616:32:49,07-26-202616:33:41
Cable mps,250,50,10,10,1,1,1,4,16,40,90,0.05,5,20,5,True,True,225.862,15,1500,1448,1448,0,45,22482.733333333334,444,823,True,True,44.840,10,1500,1448,1425,0,33,28344.727272727272,184,595,215,764,2844,2880,2845,2880,8,27,52,07-26-202616:57:05,07-26-202616:57:44
Cable mps,250,50,10,10,1,1,1,4,16,40,90,0.05,5,20,5,True,True,225.996,16,1500,1448,1448,0,48,22502,400,686,True,False,44.588,16,1500,1448,1425,0,48,31183.9375,157,410,171,608,2848,2888,2846,2889,6,21,36,07-26-202616:43:22,07-26-202616:44:13
Cable mps,250,50,10,10,1,1,1,4,16,40,90,0.05,5,20,5,True,True,226.116,16,1500,1448,1448,0,48,22646.25,379,673,True,False,44.626,16,1500,1448,1424,0,48,31105.4375,119,439,166,625,2850,2880,2850,2881,6,22,2,07-26-202616:13:52,07-26-202616:14:44
Cable mps,250,50,10,10,1,1,1,4,16,40,90,0.05,5,20,5,True,True,225.992,16,1500,1448,1448,0,48,22512.4375,418,750,True,False,44.707,16,1500,1448,1424,0,48,31597.9375,126,401,153,663,2847,2883,2847,2884,5,23,5,07-26-202616:16:37,07-26-202616:17:26
Cable mps,250,50,10,10,1,1,1,4,16,40,90,0.05,5,20,5,True,True,225.735,15,1500,1448,1448,0,48,22558.6875,422,734,True,False,45.099,16,1500,1448,1425,0,48,31547.0625,124,422,172,647,2848,2885,2847,2886,6,22,89,07-26-202617:28:47,07-26-202617:29:36
Cable mps,250,50,10,10,1,1,1,4,16,40,90,0.05,5,20,5,True,False,226.123,16,1500,1448,1448,0,48,22634.625,392,675,True,True,46.109,10,1500,1448,1425,0,33,27970.545454545456,164,567,201,658,2852,2886,2851,2887,7,23,74,07-26-202617:15:57,07-26-202617:16:41
Cable mps,250,50,10,10,1,1,1,4,16,40,90,0.05,5,20,5,True,True,225.379,13,1500,1448,1448,0,39,22709.615384615383,423,921,True,False,45.107,16,1500,1448,1424,0,48,31799.9375,124,454,148,787,2848,2885,2850,2886,5,27,91,07-26-202617:30:31,07-26-202617:31:17
Cable mps,250,50,10,10,1,1,1,4,16,40,90,0.05,5,20,5,True,True,225.737,16,1500,1448,1448,0,48,22944,376,840,True,False,43.838,16,1500,1448,1425,0,48,31198.25,136,421,155,687,2848,2883,2850,2884,5,24,53,07-26-202616:57:47,07-26-202616:58:37
Cable mps,250,50,10,10,1,1,1,4,16,40,90,0.05,5,20,5,True,True,225.862,14,1500,1448,1448,0,42,22411.428571428572,489,816,True,False,43.701,16,1500,1448,1424,0,48,31798.375,144,463,177,705,2854,2888,2853,2888,6,24,21,07-26-202616:30:15,07-26-202616:31:02
Cable mps,250,50,10,10,1,1,1,4,16,40,90,0.05,5,20,5,True,False,226.106,16,1500,1448,1448,0,48,22812.1875,362,687,True,True,46.218,12,1500,1448,1425,0,39,29587.23076923077,170,545,289,806,2851,2885,2853,2885,10,28,55,07-26-202616:59:37,07-26-202617:00:23
Cable mps,250,50,10,10,1,1,1,4,16,40,90,0.05,5,20,5,True,True,225.864,13,1500,1448,1448,0,39,22231.615384615383,497,863,True,True,45.715,16,1500,1448,1424,0,48,31781,152,419,187,816,2850,2887,2846,2888,7,28,27,07-26-202616:35:26,07-26-202616:36:11
Cable mps,250,50,10,10,1,1,1,4,16,40,90,0.05,5,20,5,True,True,226.118,16,1500,1448,1448,0,48,23059.9375,342,705,True,False,46.092,16,1500,1448,1425,0,48,31081.8125,129,426,158,618,2852,2883,2853,2883,6,21,77,07-26-202617:18:20,07-26-202617:19:11
Cable mps,250,50,10,10,1,1,1,4,16,40,90,0.05,5,20,5,True,True,225.868,12,1500,1448,1448,0,36,22565.75,453,996,True,False,44.456,16,1500,1448,1425,0,48,31745.4375,122,476,160,755,2847,2883,2849,2882,6,26,85,07-26-202617:25:30,07-26-202617:26:15
Cable mps,250,50,10,10,1,1,1,4,16,40,90,0.05,5,20,5,True,True,225.869,12,1500,1448,1448,0,36,22119.75,529,937,True,False,43.597,16,1500,1448,1424,0,48,32171.875,112,426,181,808,2849,2881,2847,2882,6,28,86,07-26-202617:26:18,07-26-202617:27:03
Cable mps,250,50,10,10,1,1,1,4,16,40,90,0.05,5,20,5,True,True,225.993,16,1500,1448,1448,0,48,22523.4375,427,743,True,True,44.490,15,1500,1448,1425,0,48,31709.25,151,457,179,702,2850,2886,2848,2883,6,24,18,07-26-202616:27:50,07-26-202616:28:36
Cable mps,250,50,10,10,1,1,1,4,16,40,90,0.05,5,20,5,True,True,225.953,16,1500,1448,1448,0,48,22549.3125,426,716,True,False,44.704,16,1500,1448,1424,0,48,31399,120,407,179,646,2848,2882,2850,2883,6,22,22,07-26-202616:31:05,07-26-202616:31:54
Cable mps,250,50,10,10,1,1,1,4,16,40,90,0.05,5,20,5,True,True,226.238,16,1500,1448,1448,1,48,22553.5,407,704,True,False,44.739,16,1500,1448,1424,0,48,31210.25,128,415,168,635,2856,2885,2856,2886,6,22,81,07-26-202617:21:53,07-26-202617:22:43
Cable mps,250,50,10,10,1,1,1,4,16,40,90,0.05,5,20,5,True,True,226.235,16,1500,1448,1448,0,48,22991,365,784,True,False,44.949,16,1500,1448,1424,0,48,31519.0625,131,446,159,668,2851,2887,2849,2887,6,23,64,07-26-202617:07:27,07-26-202617:08:19
Cable mps,250,50,10,10,1,1,1,4,16,40,90,0.05,5,20,5,True,True,225.744,16,1500,1448,1448,0,48,23020.375,352,772,True,True,45.991,12,1500,1448,1425,0,39,29627.69230769231,143,567,189,737,2845,2884,2845,2885,7,26,7,07-26-202616:18:20,07-26-202616:19:05
Cable mps,250,50,10,10,1,1,1,4,16,40,90,0.05,5,20,5,True,True,225.892,12,1500,1448,1448,1,36,21929.833333333332,573,929,True,False,45.249,16,1500,1448,1424,0,48,31536.3125,131,427,135,835,2850,2882,2852,2882,5,29,76,07-26-202617:17:31,07-26-202617:18:16
Cable mps,250,50,10,10,1,1,1,4,16,40,90,0.05,5,20,5,True,True,225.557,16,1500,1448,1448,0,48,22554.875,398,783,True,False,43.712,16,1500,1448,1424,0,48,31333.1875,135,431,157,660,2850,2882,2851,2882,5,23,98,07-26-202617:36:35,07-26-202617:37:27
Cable mps,250,50,10,10,1,1,1,4,16,40,90,0.05,5,20,5,True,True,225.754,12,1500,1448,1448,0,36,22145.666666666668,520,1000,True,True,45.491,11,1500,1448,1425,0,36,28741.166666666668,197,542,222,893,2847,2881,2847,2882,8,31,19,07-26-202616:28:39,07-26-202616:29:16
Cable mps,250,50,10,10,1,1,1,4,16,40,90,0.05,5,20,5,True,False,225.618,16,1500,1448,1448,0,48,22561.125,397,658,True,False,44.478,16,1500,1448,1424,0,48,31586.1875,142,426,205,704,2852,2884,2850,2885,7,24,28,07-26-202616:36:15,07-26-202616:37:08
Cable mps,250,50,10,10,1,1,1,4,16,40,90,0.05,5,20,5,True,True,225.602,16,1500,1448,1448,0,48,22580.375,397,721,True,False,45.874,16,1500,1448,1425,0,48,32372.4375,130,399,152,657,2854,2887,2854,2887,5,23,67,07-26-202617:10:08,07-26-202617:11:00
Cable mps,250,50,10,10,1,1,1,4,16,40,90,0.05,5,20,5,True,True,226.239,16,1500,1448,1448,0,48,22623.9375,379,721,True,False,46.487,16,1500,1448,1425,0,48,31805.9375,139,426,184,639,2852,2886,2851,2887,6,22,61,07-26-202617:04:55,07-26-202617:05:47
Cable mps,250,50,10,10,1,1,1,4,16,40,90,0.05,5,20,5,True,True,225.863,16,1500,1448,1448,0,48,22474.25,409,672,True,False,44.239,16,1500,1448,1424,0,48,31498,147,432,159,611,2849,2883,2849,2884,6,21,1,07-26-202616:12:58,07-26-202616:13:49
Cable mps,250,50,10,10,1,1,1,4,16,40,90,0.05,5,20,5,True,True,226.126,16,1500,1448,1448,0,48,22654.4375,382,694,True,False,45.849,16,1500,1448,1425,0,48,31798.3125,111,448,150,630,2846,2880,2846,2881,5,22,66,07-26-202617:09:13,07-26-202617:10:05
Cable mps,250,50,10,10,1,1,1,4,16,40,90,0.05,5,20,5,True,True,226.237,16,1500,1448,1448,0,48,22548.9375,406,721,True,False,44.738,16,1500,1448,1425,0,48,31385.5625,132,414,152,625,2844,2882,2843,2884,5,22,40,07-26-202616:46:42,07-26-202616:47:32
Cable mps,250,50,10,10,1,1,1,4,16,40,90,0.05,5,20,5,True,True,225.758,15,1500,1448,1448,0,48,22650.25,434,710,True,True,46.113,14,1500,1448,1424,0,45,31280.2,141,491,168,677,2848,2879,2849,2880,6,23,73,07-26-202617:15:10,07-26-202617:15:54
Cable mps,250,50,10,10,1,1,1,4,16,40,90,0.05,5,20,5,True,True,225.615,16,1500,1448,1448,0,48,22624.75,406,711,True,False,45.739,16,1500,1448,1424,0,48,31359.375,154,417,179,663,2849,2884,2849,2883,6,23,49,07-26-202616:54:20,07-26-202616:55:10
Cable mps,250,50,10,10,1,1,1,4,16,40,90,0.05,5,20,5,True,False,225.738,16,1500,1448,1448,0,48,23035.1875,346,790,True,False,45.593,16,1500,1448,1425,0,48,31048,132,424,165,700,2849,2881,2846,2881,6,24,60,07-26-202617:03:58,07-26-202617:04:52
Cable mps,250,50,10,10,1,1,1,4,16,40,90,0.05,5,20,5,True,False,226.119,16,1500,1448,1448,0,48,22648.4375,385,678,True,False,43.196,16,1500,1448,1425,0,48,31766.0625,118,424,214,779,2845,2886,2845,2886,8,27,41,07-26-202616:47:35,07-26-202616:48:28
Cable mps,250,50,10,10,1,1,1,4,16,40,90,0.05,5,20,5,True,False,225.964,16,1500,1448,1448,0,48,22694.8125,383,671,True,True,42.849,16,1500,1448,1425,0,48,31139.875,132,459,237,742,2847,2884,2846,2885,8,26,10,07-26-202616:20:49,07-26-202616:21:41
Cable mps,250,50,10,10,1,1,1,4,16,40,90,0.05,5,20,5,True,True,225.499,14,1500,1448,1448,0,42,22575.428571428572,428,835,True,True,46.625,13,1500,1448,1425,0,39,29072.76923076923,153,533,179,781,2845,2887,2845,2888,6,27,37,07-26-202616:44:16,07-26-202616:44:56
Cable mps,250,50,10,10,1,1,1,4,16,40,90,0.05,5,20,5,True,True,225.745,15,1500,1448,1448,0,45,22595.6,443,751,True,False,43.115,16,1500,1448,1425,0,48,31356.1875,144,452,167,652,2855,2887,2857,2888,6,23,100,07-26-202617:38:18,07-26-202617:39:06
Cable mps,250,50,10,10,1,1,1,4,16,40,90,0.05,5,20,5,True,False,226.065,16,1500,1448,1448,0,48,22550,397,674,True,False,46.081,16,1500,1448,1425,0,48,31587.1875,127,442,155,611,2850,2883,2849,2884,5,21,35,07-26-202616:42:26,07-26-202616:43:19
Cable mps,250,50,10,10,1,1,1,4,16,40,90,0.05,5,20,5,True,True,225.731,15,1500,1448,1448,0,45,22655.333333333332,414,851,True,False,44.752,16,1500,1448,1424,0,48,31855.8125,125,424,142,710,2848,2886,2850,2887,5,25,11,07-26-202616:21:45,07-26-202616:22:33
Cable mps,250,50,10,10,1,1,1,4,16,40,90,0.05,5,20,5,True,True,225.627,14,1500,1448,1448,0,45,22420.2,477,726,True,False,46.219,16,1500,1448,1425,0,48,31169.0625,113,418,171,674,2850,2886,2849,2883,6,23,94,07-26-202617:33:07,07-26-202617:33:55
Cable mps,250,50,10,10,1,1,1,4,16,40,90,0.05,5,20,5,True,True,225.748,16,1500,1448,1448,0,48,22689.75,401,738,True,True,45.964,14,1500,1448,1424,0,45,31008.2,144,460,202,697,2846,2881,2847,2882,7,24,87,07-26-202617:27:06,07-26-202617:27:51
Cable mps,250,50,10,10,1,1,1,4,16,40,90,0.05,5,20,5,True,True,225.981,16,1500,1448,1448,0,48,22519.75,430,749,True,False,44.337,16,1500,1448,1425,0,48,31308.8125,100,438,162,670,2847,2882,2846,2882,6,23,90,07-26-202617:29:39,07-26-202617:30:28
Cable mps,250,50,10,10,1,1,1,4,16,40,90,0.05,5,20,5,True,True,225.864,15,1500,1448,1448,0,45,22570.666666666668,424,785,True,False,44.621,16,1500,1448,1425,0,48,31512.5625,136,416,155,674,2845,2883,2845,2884,5,23,6,07-26-202616:17:29,07-26-202616:18:17
Cable mps,250,50,10,10,1,1,1,4,16,40,90,0.05,5,20,5,True,True,225.742,13,1500,1448,1448,0,39,22507.30769230769,440,976,True,False,46.340,16,1500,1448,1425,0,48,31426.875,150,435,163,765,2853,2883,2854,2882,6,27,25,07-26-202616:33:44,07-26-202616:34:30
Cable mps,250,50,10,10,1,1,1,4,16,40,90,0.05,5,20,5,True,True,226.122,14,1500,1448,1448,0,42,22856.85714285714,388,857,True,False,43.103,16,1500,1448,1425,0,48,31667.375,112,409,160,703,2846,2881,2846,2881,6,24,65,07-26-202617:08:22,07-26-202617:09:09
Cable mps,250,50,10,10,1,1,1,4,16,40,90,0.05,5,20,5,True,False,225.866,16,1500,1448,1448,0,48,22543.5,397,733,True,False,44.607,16,1500,1448,1424,0,48,31238.125,128,444,193,823,2848,2879,2847,2880,7,29,54,07-26-202616:58:40,07-26-202616:59:33
Cable mps,250,50,10,10,1,1,1,4,16,40,90,0.05,5,20,5,True,True,225.869,12,1500,1448,1448,0,36,22037.25,534,944,True,False,45.969,16,1500,1448,1424,0,48,31245.625,131,421,155,783,2848,2881,2848,2881,5,27,39,07-26-202616:45:54,07-26-202616:46:39
Cable mps,250,50,10,10,1,1,1,4,16,40,90,0.05,5,20,5,True,False,226.249,16,1500,1448,1448,0,48,23213.125,379,788,True,False,43.464,16,1500,1448,1424,0,48,31902.75,112,448,175,864,2847,2883,2850,2883,6,30,3,07-26-202616:14:48,07-26-202616:15:41
Cable mps,250,50,10,10,1,1,1,4,16,40,90,0.05,5,20,5,True,True,225.734,11,1500,1448,1448,0,36,22060.333333333332,534,956,True,False,44.113,16,1500,1448,1425,0,48,31471.4375,109,445,170,825,2847,2882,2846,2883,6,29,97,07-26-202617:35:46,07-26-202617:36:31
Cable mps,250,50,10,10,1,1,1,4,16,40,90,0.05,5,20,5,True,True,226.003,16,1500,1448,1448,0,48,22509.125,425,749,True,False,44.850,16,1500,1448,1425,0,48,31563.8125,163,452,170,648,2848,2885,2848,2886,6,22,33,07-26-202616:40:39,07-26-202616:41:28
Cable mps,250,50,10,10,1,1,1,4,16,40,90,0.05,5,20,5,True,True,226.180,13,1500,1448,1448,0,39,22178.30769230769,504,874,True,False,43.215,16,1500,1448,1424,0,48,31743.125,125,420,151,749,2845,2880,2845,2880,5,26,47,07-26-202616:52:41,07-26-202616:53:27
Cable mps,250,50,10,10,1,1,1,4,16,40,90,0.05,5,20,5,True,True,225.863,16,1500,1448,1448,0,48,22488.5625,444,795,True,False,44.342,16,1500,1448,1425,0,48,31343.625,149,454,178,663,2851,2884,2850,2884,6,23,96,07-26-202617:34:54,07-26-202617:35:43
Cable mps,250,50,10,10,1,1,1,4,16,40,90,0.05,5,20,5,True,True,225.618,13,1500,1448,1448,0,39,22332.923076923078,499,779,True,True,46.956,13,1500,1448,1425,0,42,30208.214285714286,158,547,186,752,2846,2885,2845,2885,7,26,72,07-26-202617:14:26,07-26-202617:15:06
Cable mps,250,50,10,10,1,1,1,4,16,40,90,0.05,5,20,5,True,True,226.108,16,1500,1448,1448,0,48,22545.625,401,707,True,False,44.864,16,1500,1448,1424,0,48,31099.25,122,404,151,651,2847,2884,2846,2885,5,23,16,07-26-202616:26:05,07-26-202616:26:57
Cable mps,250,50,10,10,1,1,1,4,16,40,90,0.05,5,20,5,True,True,225.983,13,1500,1448,1448,0,42,22814.428571428572,413,858,True,False,46.336,16,1500,1448,1424,0,48,31377.875,158,405,196,795,2847,2882,2847,2883,7,28,8,07-26-202616:19:09,07-26-202616:19:56
Cable mps,250,50,10,10,1,1,1,4,16,40,90,0.05,5,20,5,True,True,225.867,16,1500,1448,1448,1,48,23151.8125,375,776,True,True,46.363,16,1500,1448,1425,0,48,31804.375,126,431,156,722,2851,2882,2851,2883,5,25,14,07-26-202616:24:19,07-26-202616:25:07
Cable mps,250,50,10,10,1,1,1,4,16,40,90,0.05,5,20,5,True,False,225.611,16,1500,1448,1448,0,48,22918.75,360,760,True,False,44.872,16,1500,1448,1425,0,48,31198.1875,133,456,183,806,2855,2886,2856,2887,6,28,82,07-26-202617:22:47,07-26-202617:23:40
Cable mps,250,50,10,10,1,1,1,4,16,40,90,0.05,5,20,5,True,True,225.746,16,1500,1448,1448,0,48,22625.125,399,676,True,False,43.364,16,1500,1448,1425,0,48,31394.1875,154,455,174,602,2849,2882,2849,2883,6,21,45,07-26-202616:50:58,07-26-202616:51:50
Cable mps,250,50,10,10,1,1,1,4,16,40,90,0.05,5,20,5,True,True,225.746,16,1500,1448,1448,0,48,22626.125,392,709,True,False,45.497,16,1500,1448,1425,0,48,31141.6875,123,421,167,630,2856,2884,2853,2884,6,22,43,07-26-202616:49:17,07-26-202616:50:07
Cable mps,250,50,10,10,1,1,1,4,16,40,90,0.05,5,20,5,True,True,225.863,16,1500,1448,1448,0,48,22673.4375,385,718,True,False,42.861,16,1500,1448,1425,0,48,31942.125,132,415,174,636,2843,2880,2843,2881,6,22,83,07-26-202617:23:43,07-26-202617:24:35
Cable mps,250,50,10,10,1,1,1,4,16,40,90,0.05,5,20,5,True,True,226.090,12,1500,1448,1448,0,39,22804.153846153848,391,987,True,True,46.970,11,1500,1448,1425,0,36,28791.916666666668,178,592,196,919,2845,2887,2843,2888,7,32,63,07-26-202617:06:46,07-26-202617:07:24
Cable mps,250,50,10,10,1,1,1,4,16,40,90,0.05,5,20,5,True,True,226.112,16,1500,1448,1448,0,48,22643.625,403,703,True,False,46.502,16,1500,1448,1425,0,48,31565,126,441,164,611,2846,2886,2849,2887,6,21,80,07-26-202617:20:58,07-26-202617:21:50
Cable mps,250,50,10,10,1,1,1,4,16,40,90,0.05,5,20,5,True,False,226.000,16,1500,1448,1448,0,48,22671.6875,391,684,True,False,44.488,16,1500,1448,1425,0,48,31295.5,129,443,192,832,2845,2880,2846,2880,7,29,59,07-26-202617:03:02,07-26-202617:03:55
Cable mps,250,50,10,10,1,1,1,4,16,40,90,0.05,5,20,5,True,True,225.996,16,1500,1448,1448,0,48,22627.625,402,714,True,False,43.378,16,1500,1448,1425,0,48,32130.9375,145,430,147,654,2846,2884,2850,2885,5,23,15,07-26-202616:25:11,07-26-202616:26:02
Cable mps,250,50,10,10,1,1,1,4,16,40,90,0.05,5,20,5,True,True,225.748,12,1500,1448,1448,0,39,22620.846153846152,422,942,True,False,45.345,16,1500,1448,1425,0,48,31561.8125,122,410,147,837,2847,2885,2848,2887,5,29,71,07-26-202617:13:37,07-26-202617:14:23
Cable mps,250,50,10,10,1,1,1,4,16,40,90,0.05,5,20,5,True,True,225.743,16,1500,1448,1448,0,48,22964.625,371,782,True,True,46.476,10,1500,1448,1425,0,33,28351.090909090908,171,550,189,737,2852,2885,2852,2885,7,26,42,07-26-202616:48:31,07-26-202616:49:13
Cable mps,250,50,10,10,1,1,1,4,16,40,90,0.05,5,20,5,True,False,226.007,16,1500,1448,1448,0,48,22609,402,720,True,False,45.963,16,1500,1448,1425,0,48,31403.8125,125,442,189,751,2849,2885,2851,2886,7,26,51,07-26-202616:56:08,07-26-202616:57:01
Cable mps,250,50,10,10,1,1,1,4,16,40,90,0.05,5,20,5,True,True,225.869,16,1500,1448,1448,0,48,22894.3125,374,794,True,False,44.882,16,1500,1448,1425,0,48,31543.0625,139,428,182,688,2850,2886,2845,2882,6,24,57,07-26-202617:01:16,07-26-202617:02:08
Cable mps,250,50,10,10,1,1,1,4,16,40,90,0.05,5,20,5,True,True,226.113,16,1500,1448,1448,0,48,22558.5625,444,736,True,False,45.103,16,1500,1448,1425,0,49,31559.25,111,409,151,646,2847,2884,2847,2885,5,22,88,07-26-202617:27:55,07-26-202617:28:44
Cable mps,250,50,10,10,1,1,1,4,16,40,90,0.05,5,20,5,True,True,225.732,16,1500,1448,1448,0,48,22557.125,424,692,True,False,44.993,16,1500,1448,1424,0,48,31466.75,117,408,175,628,2848,2883,2849,2884,6,22,4,07-26-202616:15:44,07-26-202616:16:34
Cable mps,250,50,10,10,1,1,1,4,16,40,90,0.05,5,20,5,True,True,225.735,16,1500,1448,1448,0,48,22624.875,393,667,True,False,44.488,16,1500,1448,1425,0,48,31596.875,122,395,155,601,2846,2883,2847,2884,5,21,12,07-26-202616:22:36,07-26-202616:23:28
Cable mps,250,50,10,10,1,1,1,4,16,120,90,0.05,5,20,5,True,True,224.373,16,1500,1448,1448,0,48,22786,374,722,True,False,44.458,16,1500,1448,1424,0,48,31537.625,36,430,31,656,2851,2888,2850,2889,1,23,79,07-26-202621:48:25,07-26-202621:49:16
Cable mps,250,50,10,10,1,1,1,4,16,120,90,0.05,5,20,5,True,True,224.611,16,1500,1448,1448,0,48,22661.3125,398,763,True,False,44.334,16,1500,1448,1425,0,48,31118.1875,56,381,31,681,2849,2890,2850,2888,1,24,50,07-26-202621:22:03,07-26-202621:22:55
Cable mps,250,50,10,10,1,1,1,4,16,120,90,0.05,5,20,5,True,False,224.878,16,1500,1448,1448,0,48,22664.125,392,698,True,False,42.497,16,1500,1448,1424,0,48,31278.125,60,381,50,795,2851,2886,2852,2885,2,28,23,07-26-202620:57:20,07-26-202620:58:13
Cable mps,250,50,10,10,1,1,1,4,16,120,90,0.05,5,20,5,True,True,224.606,16,1500,1448,1448,0,48,22775.125,394,726,True,False,43.224,16,1500,1448,1424,0,48,31966.625,39,290,43,669,2851,2890,2854,2891,2,23,68,07-26-202621:38:20,07-26-202621:39:10
Cable mps,250,50,10,10,1,1,1,4,16,120,90,0.05,5,20,5,True,True,224.738,16,1500,1448,1448,0,48,23089.6875,356,759,True,False,42.852,16,1500,1448,1425,0,48,31163.1875,58,332,32,668,2847,2890,2853,2891,1,23,92,07-26-202622:00:21,07-26-202622:01:12
Cable mps,250,50,10,10,1,1,1,4,16,120,90,0.05,5,20,5,True,False,224.493,16,1500,1448,1448,0,48,23077.8125,353,721,True,False,43.732,16,1500,1448,1424,0,48,31353.3125,44,359,56,779,2854,2890,2856,2890,2,27,95,07-26-202622:03:07,07-26-202622:04:00
Cable mps,250,50,10,10,1,1,1,4,16,120,90,0.05,5,20,5,True,False,224.489,16,1500,1448,1448,0,48,22743,393,721,True,False,45.996,16,1500,1448,1424,0,48,31097.125,41,307,48,781,2853,2891,2851,2892,2,27,46,07-26-202621:18:26,07-26-202621:19:19
Cable mps,250,50,10,10,1,1,1,4,16,120,90,0.05,5,20,5,True,True,224.493,16,1500,1448,1448,1,48,22696.8125,386,677,True,False,42.585,16,1500,1448,1424,0,48,31017,38,352,36,633,2850,2889,2851,2890,1,22,93,07-26-202622:01:15,07-26-202622:02:07
Cable mps,250,50,10,10,1,1,1,4,16,120,90,0.05,5,20,5,True,True,224.741,16,1500,1448,1448,0,48,22701.1875,385,715,True,False,43.743,16,1500,1448,1425,0,48,31623.125,53,349,33,634,2855,2889,2856,2890,1,22,17,07-26-202620:51:52,07-26-202620:52:44
Cable mps,250,50,10,10,1,1,1,4,16,120,90,0.05,5,20,5,True,True,224.986,16,1500,1448,1448,0,48,22691.3125,399,705,True,False,43.593,16,1500,1448,1425,0,48,31266.875,40,342,46,651,2849,2884,2850,2884,2,23,29,07-26-202621:02:57,07-26-202621:03:48
Cable mps,250,50,10,10,1,1,1,4,16,120,90,0.05,5,20,5,True,False,225.118,16,1500,1448,1448,0,48,23062.4375,344,737,True,False,45.116,16,1500,1448,1425,0,48,31673.9375,45,376,47,877,2853,2893,2854,2895,2,30,20,07-26-202620:54:36,07-26-202620:55:29
Cable mps,250,50,10,10,1,1,1,4,16,120,90,0.05,5,20,5,True,False,224.742,16,1500,1448,1448,0,48,22594.4375,400,664,True,False,45.599,16,1500,1448,1425,0,48,31739.0625,50,354,105,827,2853,2891,2855,2892,4,29,31,07-26-202621:04:46,07-26-202621:05:39
Cable mps,250,50,10,10,1,1,1,4,16,120,90,0.05,5,20,5,True,True,224.870,16,1500,1448,1448,0,48,23117.1875,356,744,True,False,43.612,16,1500,1448,1424,0,48,31802,42,340,53,689,2852,2893,2855,2894,2,24,84,07-26-202621:52:53,07-26-202621:53:45
Cable mps,250,50,10,10,1,1,1,4,16,120,90,0.05,5,20,5,True,True,224.354,16,1500,1448,1448,0,48,22523.375,424,693,True,False,45.334,16,1500,1448,1425,0,48,32557.25,42,388,45,627,2850,2890,2853,2891,2,22,13,07-26-202620:48:12,07-26-202620:49:02
Cable mps,250,50,10,10,1,1,1,4,16,120,90,0.05,5,20,5,True,True,224.242,15,1500,1448,1448,0,45,23032.266666666666,390,875,True,False,42.861,16,1500,1448,1424,0,48,31987.375,40,347,51,768,2853,2887,2853,2887,2,27,62,07-26-202621:32:56,07-26-202621:33:44
Cable mps,250,50,10,10,1,1,1,4,16,120,90,0.05,5,20,5,True,True,224.485,16,1500,1448,1448,0,48,22738.1875,385,700,True,False,44.073,16,1500,1448,1425,0,48,31114.125,41,400,36,636,2852,2897,2856,2898,1,22,75,07-26-202621:44:47,07-26-202621:45:39
Cable mps,250,50,10,10,1,1,1,4,16,120,90,0.05,5,20,5,True,False,224.719,16,1500,1448,1448,0,48,23303.75,333,759,True,False,45.992,16,1500,1448,1424,0,48,31702.8125,39,363,42,848,2851,2894,2852,2895,1,29,9,07-26-202620:44:28,07-26-202620:45:21
Cable mps,250,50,10,10,1,1,1,4,16,120,90,0.05,5,20,5,True,True,224.861,16,1500,1448,1448,0,48,23131.625,359,743,True,False,44.598,16,1500,1448,1424,0,48,31309.3125,41,335,38,660,2852,2885,2853,2886,1,23,44,07-26-202621:16:36,07-26-202621:17:27
Cable mps,250,50,10,10,1,1,1,4,16,120,90,0.05,5,20,5,True,True,224.608,16,1500,1448,1448,0,48,22665.5,395,741,True,False,43.609,16,1500,1448,1424,0,48,31267.375,44,460,40,656,2852,2888,2853,2889,1,23,48,07-26-202621:20:16,07-26-202621:21:07
Cable mps,250,50,10,10,1,1,1,4,16,120,90,0.05,5,20,5,True,True,224.370,16,1500,1448,1448,0,48,23263.375,346,770,True,False,44.491,16,1500,1448,1424,0,48,32040.875,55,364,67,704,2849,2890,2850,2892,2,24,99,07-26-202622:06:47,07-26-202622:07:39
Cable mps,250,50,10,10,1,1,1,4,16,120,90,0.05,5,20,5,True,True,224.439,13,1500,1448,1448,0,42,22426.64285714286,479,802,True,False,44.092,16,1500,1448,1425,0,48,31596.1875,43,310,30,724,2857,2890,2858,2892,1,25,56,07-26-202621:27:29,07-26-202621:28:16
Cable mps,250,50,10,10,1,1,1,4,16,120,90,0.05,5,20,5,True,True,224.615,13,1500,1448,1448,0,39,22555.153846153848,447,898,True,False,43.373,16,1500,1448,1425,0,48,31212.5,37,332,30,758,2854,2889,2854,2890,1,26,32,07-26-202621:05:42,07-26-202621:06:28
Cable mps,250,50,10,10,1,1,1,4,16,120,90,0.05,5,20,5,True,True,224.623,15,1500,1448,1448,0,45,22538.133333333335,447,832,True,False,44.579,16,1500,1448,1425,0,48,31144.0625,38,374,39,698,2850,2886,2850,2886,1,24,78,07-26-202621:47:34,07-26-202621:48:22
Cable mps,250,50,10,10,1,1,1,4,16,120,90,0.05,5,20,5,True,True,224.358,16,1500,1448,1448,0,48,22683.875,377,702,True,False,46.992,16,1500,1448,1425,0,48,31947.8125,40,361,30,631,2853,2887,2854,2887,1,22,38,07-26-202621:11:06,07-26-202621:11:58
Cable mps,250,50,10,10,1,1,1,4,16,120,90,0.05,5,20,5,True,True,224.746,16,1500,1448,1448,0,48,22692.1875,381,767,True,False,44.209,16,1500,1448,1424,0,48,31143.25,57,357,31,676,2853,2892,2854,2892,1,23,26,07-26-202621:00:09,07-26-202621:01:01
Cable mps,250,50,10,10,1,1,1,4,16,120,90,0.05,5,20,5,True,False,224.546,16,1500,1448,1448,0,48,22766.9375,379,747,True,False,44.851,16,1500,1448,1424,0,48,32323,46,383,43,839,2853,2889,2852,2890,1,29,69,07-26-202621:39:13,07-26-202621:40:06
Cable mps,250,50,10,10,1,1,1,4,16,120,90,0.05,5,20,5,True,True,224.496,15,1500,1448,1448,0,45,22704.8,419,798,True,False,44.706,16,1500,1448,1425,0,48,31697.4375,48,333,57,714,2850,2892,2852,2893,2,25,34,07-26-202621:07:27,07-26-202621:08:15
Cable mps,250,50,10,10,1,1,1,4,16,120,90,0.05,5,20,5,True,True,225.112,16,1500,1448,1448,0,48,22738.6875,382,669,True,False,43.330,16,1500,1448,1425,0,48,31784.0625,45,312,40,619,2850,2889,2852,2890,1,21,58,07-26-202621:29:16,07-26-202621:30:08
Cable mps,250,50,10,10,1,1,1,4,16,120,90,0.05,5,20,5,True,True,224.616,16,1500,1448,1448,0,48,22956.0625,357,727,True,False,45.364,16,1500,1448,1425,0,48,31229.3125,47,325,44,661,2849,2889,2850,2887,2,23,30,07-26-202621:03:51,07-26-202621:04:42
Cable mps,250,50,10,10,1,1,1,4,16,120,90,0.05,5,20,5,True,False,224.598,16,1500,1448,1448,0,48,23155.75,351,766,True,False,44.991,16,1500,1448,1425,0,48,32043.6875,40,364,42,813,2851,2887,2856,2888,1,28,70,07-26-202621:40:09,07-26-202621:41:02
Cable mps,250,50,10,10,1,1,1,4,16,120,90,0.05,5,20,5,True,False,224.862,16,1500,1448,1448,0,48,23147.125,369,725,True,False,44.740,16,1500,1448,1424,0,48,30975.875,41,366,52,823,2853,2891,2854,2891,2,28,24,07-26-202620:58:16,07-26-202620:59:09
Cable mps,250,50,10,10,1,1,1,4,16,120,90,0.05,5,20,5,True,True,224.619,16,1500,1448,1448,0,48,23095.625,344,773,True,False,43.717,16,1500,1448,1425,0,48,31643.8125,45,303,29,678,2852,2887,2853,2887,1,23,52,07-26-202621:23:54,07-26-202621:24:46
Cable mps,250,50,10,10,1,1,1,4,16,120,90,0.05,5,20,5,True,False,224.744,16,1500,1448,1448,0,48,22709.8125,378,699,True,False,44.463,16,1500,1448,1424,0,48,32075.25,48,334,80,775,2851,2890,2854,2891,3,27,36,07-26-202621:09:14,07-26-202621:10:07
Cable mps,250,50,10,10,1,1,1,4,16,120,90,0.05,5,20,5,True,False,224.495,16,1500,1448,1448,0,48,23099.0625,356,767,True,False,45.470,16,1500,1448,1425,0,48,31468.8125,36,368,41,812,2856,2895,2859,2896,1,28,2,07-26-202620:38:00,07-26-202620:38:53
Cable mps,250,50,10,10,1,1,1,4,16,120,90,0.05,5,20,5,True,True,224.629,16,1500,1448,1448,0,48,22743.9375,393,734,True,False,43.236,16,1500,1448,1425,0,48,31559.125,38,290,30,652,2854,2891,2855,2892,1,23,5,07-26-202620:40:46,07-26-202620:41:37
Cable mps,250,50,10,10,1,1,1,4,16,120,90,0.05,5,20,5,True,True,224.869,16,1500,1448,1448,0,48,22686.25,387,733,True,False,43.341,16,1500,1448,1425,0,48,31512.875,39,419,31,646,2853,2889,2854,2890,1,22,89,07-26-202621:57:33,07-26-202621:58:25
Cable mps,250,50,10,10,1,1,1,4,16,120,90,0.05,5,20,5,True,True,224.846,16,1500,1448,1448,0,48,22812.0625,395,718,True,False,43.600,16,1500,1448,1424,0,48,31602.625,37,335,31,629,2855,2889,2855,2890,1,22,74,07-26-202621:43:54,07-26-202621:44:44
Cable mps,250,50,10,10,1,1,1,4,16,120,90,0.05,5,20,5,True,False,224.248,16,1500,1448,1448,0,48,22684.0625,394,676,True,False,44.350,16,1500,1448,1424,0,48,31445.875,36,277,31,624,2854,2892,2855,2893,1,22,91,07-26-202621:59:24,07-26-202622:00:17
Cable mps,250,50,10,10,1,1,1,4,16,120,90,0.05,5,20,5,True,True,224.607,16,1500,1448,1448,0,48,22704.625,412,725,True,False,45.741,16,1500,1448,1424,0,49,31579.625,42,363,43,640,2847,2892,2852,2893,2,22,53,07-26-202621:24:49,07-26-202621:25:38
Cable mps,250,50,10,10,1,1,1,4,16,120,90,0.05,5,20,5,True,True,224.737,16,1500,1448,1448,0,48,23153,368,759,True,False,45.104,16,1500,1448,1425,0,48,31297.8125,38,413,32,668,2852,2885,2854,2885,1,23,21,07-26-202620:55:32,07-26-202620:56:23
Cable mps,250,50,10,10,1,1,1,4,16,120,90,0.05,5,20,5,True,True,224.727,16,1500,1448,1448,0,48,23087.5625,355,758,True,False,44.491,16,1500,1448,1424,0,48,31613.5,37,357,38,681,2852,2887,2852,2888,1,24,55,07-26-202621:26:36,07-26-202621:27:26
Cable mps,250,50,10,10,1,1,1,4,16,120,90,0.05,5,20,5,True,False,224.747,16,1500,1448,1448,0,48,22694.8125,379,705,True,False,43.871,16,1500,1448,1424,0,48,31693.375,38,344,62,773,2851,2888,2852,2888,2,27,27,07-26-202621:01:04,07-26-202621:01:57
Cable mps,250,50,10,10,1,1,1,4,16,120,90,0.05,5,20,5,True,False,224.741,16,1500,1448,1448,0,48,22750.0625,385,677,True,False,42.721,16,1500,1448,1424,0,48,32078.0625,36,296,45,770,2851,2890,2852,2890,2,27,77,07-26-202621:46:38,07-26-202621:47:31
Cable mps,250,50,10,10,1,1,1,4,16,120,90,0.05,5,20,5,True,False,224.612,16,1500,1448,1448,0,48,23171.125,384,753,True,False,42.116,16,1500,1448,1425,0,48,31423.125,39,297,38,697,2842,2885,2843,2885,1,24,85,07-26-202621:53:48,07-26-202621:54:41
Cable mps,250,50,10,10,1,1,1,4,16,120,90,0.05,5,20,5,True,False,224.990,16,1500,1448,1448,0,48,23187.4375,339,720,True,False,44.876,16,1500,1448,1424,0,48,32007.125,54,393,46,803,2856,2888,2857,2889,2,28,86,07-26-202621:54:45,07-26-202621:55:38
Cable mps,250,50,10,10,1,1,1,4,16,120,90,0.05,5,20,5,True,True,224.869,16,1500,1448,1448,0,48,22720.375,430,734,True,False,45.116,16,1500,1448,1425,0,48,31522,57,333,64,669,2854,2889,2855,2889,2,23,18,07-26-202620:52:47,07-26-202620:53:36
Cable mps,250,50,10,10,1,1,1,4,16,120,90,0.05,5,20,5,True,True,224.989,16,1500,1448,1448,0,48,23108.125,371,810,True,False,45.358,16,1500,1448,1424,0,48,30844.625,40,357,36,700,2854,2890,2855,2891,1,24,22,07-26-202620:56:26,07-26-202620:57:17
Cable mps,250,50,10,10,1,1,1,4,16,120,90,0.05,5,20,5,True,True,224.488,16,1500,1448,1448,0,48,22734.3125,388,695,True,False,44.745,16,1500,1448,1424,0,48,32025.4375,49,366,29,611,2853,2890,2853,2891,1,21,81,07-26-202621:50:08,07-26-202621:50:59
Cable mps,250,50,10,10,1,1,1,4,16,120,90,0.05,5,20,5,True,False,224.997,16,1500,1448,1448,0,48,22824.25,389,697,True,False,42.871,16,1500,1448,1424,0,48,31623.6875,45,378,33,651,2854,2889,2856,2889,1,23,64,07-26-202621:34:44,07-26-202621:35:37
Cable mps,250,50,10,10,1,1,1,4,16,120,90,0.05,5,20,5,True,False,225.069,16,1500,1448,1448,0,48,22857.5625,378,681,True,False,43.227,16,1500,1448,1424,0,48,31566.3125,39,382,49,775,2853,2887,2854,2888,2,27,7,07-26-202620:42:36,07-26-202620:43:29
Cable mps,250,50,10,10,1,1,1,4,16,120,90,0.05,5,20,5,True,True,224.743,16,1500,1448,1448,0,48,23189.125,360,797,True,False,43.602,16,1500,1448,1425,0,48,31425.875,42,345,50,708,2849,2893,2851,2894,2,24,76,07-26-202621:45:42,07-26-202621:46:34
Cable mps,250,50,10,10,1,1,1,4,16,120,90,0.05,5,20,5,True,True,224.611,16,1500,1448,1448,0,48,23120.75,362,791,True,False,43.732,16,1500,1448,1424,0,48,31431.1875,56,339,31,675,2855,2891,2854,2892,1,23,98,07-26-202622:05:53,07-26-202622:06:44
Cable mps,250,50,10,10,1,1,1,4,16,120,90,0.05,5,20,5,True,False,224.738,16,1500,1448,1448,0,48,22594.6875,409,696,True,False,42.465,16,1500,1448,1424,0,48,31555.4375,45,375,41,786,2851,2886,2851,2887,1,27,19,07-26-202620:53:39,07-26-202620:54:32
Cable mps,250,50,10,10,1,1,1,4,16,120,90,0.05,5,20,5,True,False,225.211,16,1500,1448,1448,0,48,23451.25,331,742,True,False,45.622,16,1500,1448,1424,0,48,31509.625,45,330,44,791,2853,2889,2855,2890,2,27,28,07-26-202621:02:01,07-26-202621:02:54
Cable mps,250,50,10,10,1,1,1,4,16,120,90,0.05,5,20,5,True,True,224.748,13,1500,1448,1448,0,39,22825.615384615383,414,966,True,False,44.864,16,1500,1448,1425,0,48,31135.125,39,377,39,807,2850,2888,2849,2889,1,28,67,07-26-202621:37:30,07-26-202621:38:16
Cable mps,250,50,10,10,1,1,1,4,16,120,90,0.05,5,20,5,True,True,224.494,16,1500,1448,1448,0,48,23097.9375,363,775,True,False,43.978,16,1500,1448,1424,0,48,32049.75,39,374,39,702,2850,2887,2852,2888,1,24,61,07-26-202621:32:03,07-26-202621:32:53
Cable mps,250,50,10,10,1,1,1,4,16,120,90,0.05,5,20,5,True,False,224.627,16,1500,1448,1448,0,48,22591.0625,408,674,True,False,43.374,16,1500,1448,1424,0,48,31498.1875,54,381,61,621,2848,2890,2851,2891,2,21,1,07-26-202620:37:03,07-26-202620:37:56
Cable mps,250,50,10,10,1,1,1,4,16,120,90,0.05,5,20,5,True,True,224.493,16,1500,1448,1448,0,48,22573.0625,408,681,True,False,42.981,16,1500,1448,1425,0,48,31572.3125,51,359,34,630,2851,2887,2852,2886,1,22,66,07-26-202621:36:35,07-26-202621:37:27
Cable mps,250,50,10,10,1,1,1,4,16,120,90,0.05,5,20,5,True,True,224.746,15,1500,1448,1448,0,45,22539.733333333334,466,850,True,False,45.240,16,1500,1448,1424,0,48,31970,48,344,32,747,2848,2886,2849,2887,1,26,40,07-26-202621:12:56,07-26-202621:13:44
Cable mps,250,50,10,10,1,1,1,4,16,120,90,0.05,5,20,5,True,True,224.732,16,1500,1448,1448,0,48,23201.875,358,746,True,False,45.469,16,1500,1448,1424,0,48,31391.25,41,367,36,650,2852,2886,2852,2888,1,23,73,07-26-202621:42:58,07-26-202621:43:50
Cable mps,250,50,10,10,1,1,1,4,16,120,90,0.05,5,20,5,True,True,224.239,16,1500,1448,1448,0,48,22641.8125,417,733,True,False,44.616,16,1500,1448,1424,0,50,31884.9375,43,344,55,668,2854,2890,2854,2891,2,23,49,07-26-202621:21:10,07-26-202621:22:00
Cable mps,250,50,10,10,1,1,1,4,16,120,90,0.05,5,20,5,True,False,224.831,16,1500,1448,1448,0,48,22765.6875,381,668,True,False,44.844,16,1500,1448,1424,0,48,31276,44,402,40,757,2852,2890,2857,2891,1,26,60,07-26-202621:31:06,07-26-202621:31:59
Cable mps,250,50,10,10,1,1,1,4,16,120,90,0.05,5,20,5,True,False,224.496,16,1500,1448,1448,0,48,22680.9375,404,729,True,False,42.848,16,1500,1448,1425,0,48,31703.3125,36,338,58,854,2848,2891,2852,2891,2,30,41,07-26-202621:13:48,07-26-202621:14:41
Cable mps,250,50,10,10,1,1,1,4,16,120,90,0.05,5,20,5,True,False,224.493,16,1500,1448,1448,0,48,23170.75,371,748,True,False,43.847,16,1500,1448,1425,0,48,31991.3125,55,356,34,720,2852,2890,2852,2891,1,25,10,07-26-202620:45:25,07-26-202620:46:18
Cable mps,250,50,10,10,1,1,1,4,16,120,90,0.05,5,20,5,True,True,224.991,16,1500,1448,1448,0,48,22690.6875,382,717,True,False,43.597,16,1500,1448,1424,0,48,31795.625,34,299,42,642,2851,2889,2853,2890,1,22,37,07-26-202621:10:10,07-26-202621:11:02
Cable mps,250,50,10,10,1,1,1,4,16,120,90,0.05,5,20,5,True,True,224.876,16,1500,1448,1448,0,48,23065.625,362,735,True,False,42.365,16,1500,1448,1425,0,48,31347.25,40,409,36,662,2850,2888,2854,2889,1,23,100,07-26-202622:07:43,07-26-202622:08:35
Cable mps,250,50,10,10,1,1,1,4,16,120,90,0.05,5,20,5,True,True,224.619,16,1500,1448,1448,0,48,22990.8125,367,715,True,False,41.990,16,1500,1448,1424,0,48,31631.1875,41,371,31,665,2851,2885,2852,2886,1,23,35,07-26-202621:08:19,07-26-202621:09:11
Cable mps,250,50,10,10,1,1,1,4,16,120,90,0.05,5,20,5,True,True,224.742,16,1500,1448,1448,0,48,23240.625,355,747,True,False,42.492,16,1500,1448,1424,0,48,31581.875,56,281,70,689,2854,2889,2855,2890,2,24,11,07-26-202620:46:21,07-26-202620:47:12
Cable mps,250,50,10,10,1,1,1,4,16,120,90,0.05,5,20,5,True,False,224.859,16,1500,1448,1448,0,48,22724.625,392,715,True,False,42.997,16,1500,1448,1425,0,48,31080.125,35,374,41,776,2855,2892,2857,2893,1,27,94,07-26-202622:02:10,07-26-202622:03:03
Cable mps,250,50,10,10,1,1,1,4,16,120,90,0.05,5,20,5,True,True,224.988,16,1500,1448,1448,0,48,22816.625,391,715,True,False,43.835,16,1500,1448,1425,0,48,31756.75,37,341,32,636,2853,2888,2855,2888,1,22,87,07-26-202621:55:41,07-26-202621:56:33
Cable mps,250,50,10,10,1,1,1,4,16,120,90,0.05,5,20,5,True,False,224.863,16,1500,1448,1448,0,48,23205.0625,341,738,True,False,43.828,16,1500,1448,1425,0,48,31150.25,40,350,37,827,2853,2891,2853,2891,1,29,90,07-26-202621:58:28,07-26-202621:59:21
Cable mps,250,50,10,10,1,1,1,4,16,120,90,0.05,5,20,5,True,True,224.363,16,1500,1448,1448,0,48,22712.0625,394,684,True,False,43.864,16,1500,1448,1424,0,48,31584.875,47,380,44,613,2851,2890,2854,2892,2,21,6,07-26-202620:41:40,07-26-202620:42:32
Cable mps,250,50,10,10,1,1,1,4,16,120,90,0.05,5,20,5,True,False,224.723,16,1500,1448,1448,0,48,22768.4375,384,684,True,False,42.593,16,1500,1448,1424,0,48,31203.5,41,370,54,773,2852,2886,2853,2887,2,27,25,07-26-202620:59:12,07-26-202621:00:06
Cable mps,250,50,10,10,1,1,1,4,16,120,90,0.05,5,20,5,True,True,225.003,16,1500,1448,1448,0,48,22753.6875,388,716,True,False,44.214,16,1500,1448,1424,0,48,31345.25,34,396,33,635,2853,2886,2853,2886,1,22,65,07-26-202621:35:40,07-26-202621:36:32
Cable mps,250,50,10,10,1,1,1,4,16,120,90,0.05,5,20,5,True,True,224.739,16,1500,1448,1448,0,48,22947.8125,382,719,True,False,44.739,16,1500,1448,1425,0,48,31029.5,46,382,33,657,2850,2889,2853,2889,1,23,54,07-26-202621:25:42,07-26-202621:26:33
Cable mps,250,50,10,10,1,1,1,4,16,120,90,0.05,5,20,5,True,True,224.659,16,1500,1448,1448,0,48,23140.375,359,715,True,False,43.203,16,1500,1448,1424,0,48,31458,39,419,35,652,2852,2888,2853,2889,1,23,39,07-26-202621:12:01,07-26-202621:12:53
Cable mps,250,50,10,10,1,1,1,4,16,120,90,0.05,5,20,5,True,True,224.882,16,1500,1448,1448,0,48,22724.3125,415,772,True,False,44.748,16,1500,1448,1424,1,52,31941.6875,55,363,63,683,2850,2884,2853,2885,2,24,3,07-26-202620:38:56,07-26-202620:39:46
Cable mps,250,50,10,10,1,1,1,4,16,120,90,0.05,5,20,5,True,True,224.491,16,1500,1448,1448,0,48,22765.1875,379,687,True,False,42.485,16,1500,1448,1425,0,48,31645.0625,36,352,82,630,2857,2890,2858,2891,3,22,97,07-26-202622:04:59,07-26-202622:05:50
Cable mps,250,50,10,10,1,1,1,4,16,120,90,0.05,5,20,5,True,False,224.614,16,1500,1448,1448,0,48,22684.6875,391,733,True,False,42.838,16,1500,1448,1425,0,48,31294.4375,35,384,46,800,2851,2886,2851,2887,2,28,33,07-26-202621:06:31,07-26-202621:07:24
Cable mps,250,50,10,10,1,1,1,4,16,120,90,0.05,5,20,5,True,True,224.766,16,1500,1448,1448,1,48,22743.125,401,726,True,False,42.624,16,1500,1448,1424,0,48,31424.1875,48,404,30,658,2853,2886,2854,2885,1,23,47,07-26-202621:19:23,07-26-202621:20:13
Cable mps,250,50,10,10,1,1,1,4,16,120,90,0.05,5,20,5,True,True,224.615,16,1500,1448,1448,0,48,23099.0625,351,717,True,False,42.713,16,1500,1448,1425,0,48,30928.0625,68,323,33,636,2850,2889,2851,2889,1,22,96,07-26-202622:04:03,07-26-202622:04:56
Cable mps,250,50,10,10,1,1,1,4,16,120,90,0.05,5,20,5,True,False,224.488,16,1500,1448,1448,0,48,22885.0625,372,718,True,False,42.244,16,1500,1448,1425,0,48,31973.8125,36,353,44,702,2850,2889,2850,2890,2,24,72,07-26-202621:42:02,07-26-202621:42:55
Cable mps,250,50,10,10,1,1,1,4,16,120,90,0.05,5,20,5,True,False,224.623,16,1500,1448,1448,0,48,22752.625,390,701,True,False,43.211,16,1500,1448,1424,0,48,30831.875,33,338,58,782,2853,2891,2853,2890,2,27,16,07-26-202620:50:55,07-26-202620:51:49
Cable mps,250,50,10,10,1,1,1,4,16,120,90,0.05,5,20,5,True,False,224.863,16,1500,1448,1448,0,48,22711.4375,388,723,True,False,45.462,16,1500,1448,1425,0,48,31765.25,35,319,42,709,2851,2887,2851,2888,1,25,8,07-26-202620:43:32,07-26-202620:44:25
Cable mps,250,50,10,10,1,1,1,4,16,120,90,0.05,5,20,5,True,True,224.671,16,1500,1448,1448,0,48,22784.125,408,716,True,False,44.250,16,1500,1448,1424,0,48,31249.25,41,241,36,644,2853,2888,2853,2889,1,22,14,07-26-202620:49:05,07-26-202620:49:56
Cable mps,250,50,10,10,1,1,1,4,16,120,90,0.05,5,20,5,True,False,224.373,16,1500,1448,1448,0,48,22678.6875,372,696,True,False,45.081,16,1500,1448,1424,0,48,31636.8125,42,368,40,769,2850,2886,2850,2887,1,27,82,07-26-202621:51:02,07-26-202621:51:55
Cable mps,250,50,10,10,1,1,1,4,16,120,90,0.05,5,20,5,True,False,224.370,16,1500,1448,1448,0,48,22711.75,387,705,True,False,44.609,16,1500,1448,1424,0,48,31700.875,46,368,45,778,2852,2888,2855,2890,2,27,45,07-26-202621:17:30,07-26-202621:18:23
Cable mps,250,50,10,10,1,1,1,4,16,120,90,0.05,5,20,5,True,True,224.360,16,1500,1448,1448,0,48,22665.3125,398,687,True,False,43.971,16,1500,1448,1424,0,48,31457.9375,41,367,30,620,2852,2887,2853,2888,1,21,43,07-26-202621:15:40,07-26-202621:16:32
Cable mps,250,50,10,10,1,1,1,4,16,120,90,0.05,5,20,5,True,True,224.998,16,1500,1448,1448,0,48,23236.875,349,794,True,False,43.329,16,1500,1448,1425,0,48,31671.125,63,328,84,753,2850,2886,2851,2886,3,26,83,07-26-202621:51:59,07-26-202621:52:50
Cable mps,250,50,10,10,1,1,1,4,16,120,90,0.05,5,20,5,True,False,224.491,16,1500,1448,1448,0,48,22596.75,409,687,True,False,46.238,16,1500,1448,1425,0,48,31374.9375,36,399,39,624,2854,2888,2855,2888,1,22,63,07-26-202621:33:47,07-26-202621:34:40
Cable mps,250,50,10,10,1,1,1,4,16,120,90,0.05,5,20,5,True,True,224.873,12,1500,1448,1448,0,36,22500.583333333332,459,1026,True,False,46.239,16,1500,1448,1424,0,48,31608.625,45,337,32,884,2853,2891,2854,2892,1,31,80,07-26-202621:49:20,07-26-202621:50:05
Cable mps,250,50,10,10,1,1,1,4,16,120,90,0.05,5,20,5,True,True,224.619,16,1500,1448,1448,0,48,23137.375,357,755,True,False,43.868,16,1500,1448,1424,0,48,31483.6875,39,395,38,665,2855,2890,2857,2891,1,23,59,07-26-202621:30:11,07-26-202621:31:03
Cable mps,250,50,10,10,1,1,1,4,16,120,90,0.05,5,20,5,True,False,224.611,16,1500,1448,1448,0,48,22721.375,394,721,True,False,44.832,16,1500,1448,1425,0,48,31821.5,41,307,58,779,2852,2891,2854,2892,2,27,15,07-26-202620:49:59,07-26-202620:50:52
Cable mps,250,50,10,10,1,1,1,4,16,120,90,0.05,5,20,5,True,False,224.607,16,1500,1448,1448,0,48,23094.6875,352,729,True,False,42.844,16,1500,1448,1424,0,48,31310.625,34,437,39,644,2852,2892,2853,2893,1,22,71,07-26-202621:41:06,07-26-202621:41:59
Cable mps,250,50,10,10,1,1,1,4,16,120,90,0.05,5,20,5,True,False,224.708,16,1500,1448,1448,0,48,23174.4375,347,702,True,False,44.875,16,1500,1448,1424,0,48,31642.1875,37,380,38,700,2853,2891,2854,2892,1,24,42,07-26-202621:14:44,07-26-202621:15:37
Cable mps,250,50,10,10,1,1,1,4,16,120,90,0.05,5,20,5,True,False,224.367,16,1500,1448,1448,0,48,22384.5625,421,637,True,False,43.994,16,1500,1448,1425,0,48,31902.3125,38,328,47,824,2852,2890,2853,2888,2,29,51,07-26-202621:22:58,07-26-202621:23:51
Cable mps,250,50,10,10,1,1,1,4,16,120,90,0.05,5,20,5,True,False,225.000,16,1500,1448,1448,0,48,23634.125,359,713,True,False,43.348,16,1500,1448,1425,0,48,31644.375,51,300,41,801,2853,2889,2854,2889,1,28,57,07-26-202621:28:20,07-26-202621:29:13
Cable mps,250,50,10,10,1,1,1,4,16,120,90,0.05,5,20,5,True,False,224.743,16,1500,1448,1448,0,48,22719.4375,391,721,True,False,44.000,16,1500,1448,1425,0,48,31539.25,31,417,39,783,2853,2890,2857,2891,1,27,88,07-26-202621:56:36,07-26-202621:57:29
Cable mps,250,50,10,10,1,1,1,4,16,120,90,0.05,5,20,5,True,False,224.506,16,1500,1448,1448,0,48,22776.875,379,703,True,False,43.868,16,1500,1448,1425,0,48,31856.1875,50,347,72,785,2854,2885,2855,2885,3,27,4,07-26-202620:39:50,07-26-202620:40:43
Cable mps,250,50,10,10,1,1,1,4,16,120,90,0.05,5,20,5,True,False,224.362,16,1500,1448,1448,0,48,22769.5625,380,684,True,False,42.369,16,1500,1448,1425,0,48,32236.0625,40,318,40,770,2852,2889,2856,2889,1,27,12,07-26-202620:47:15,07-26-202620:48:08
Cable,250,50,10,10,1,1,1,4,16,100,90,0.05,5,20,5,False,False,224.972,6,1500,1448,1448,0,21,22079.571428571428,548,1263,False,False,44.350,6,1500,1448,1424,0,21,25661.14285714286,27,463,44,1191,2843,2879,2843,2879,2,41,79,07-26-202615:35:47,07-26-202615:37:25
Cable,250,50,10,10,1,1,1,4,16,100,90,0.05,5,20,5,False,False,224.949,6,1500,1448,1448,0,21,22113.428571428572,539,1264,False,False,44.342,6,1500,1448,1425,0,21,25700.14285714286,29,536,50,1185,2843,2876,2842,2877,2,41,50,07-26-202614:46:46,07-26-202614:48:24
Cable,250,50,10,10,1,1,1,4,16,100,90,0.05,5,20,5,False,False,224.949,6,1500,1448,1448,0,21,21773.85714285714,655,1151,False,False,44.396,6,1500,1448,1424,0,21,25322.571428571428,37,533,46,1100,2845,2878,2845,2878,2,38,23,07-26-202614:01:08,07-26-202614:02:46
Cable,250,50,10,10,1,1,1,4,16,100,90,0.05,5,20,5,False,False,224.993,6,1500,1448,1448,0,21,22004.714285714286,556,1208,False,False,44.647,6,1500,1448,1424,0,21,25832.571428571428,27,382,42,1139,2845,2878,2845,2879,1,40,68,07-26-202615:17:11,07-26-202615:18:49
Cable,250,50,10,10,1,1,1,4,16,100,90,0.05,5,20,5,False,False,225.024,6,1500,1448,1448,0,21,22115.285714285714,539,1263,False,False,44.450,6,1500,1448,1425,1,23,26724.85714285714,26,488,38,1193,2843,2877,2842,2877,1,41,92,07-26-202615:57:46,07-26-202615:59:24
Cable,250,50,10,10,1,1,1,4,16,100,90,0.05,5,20,5,False,False,224.936,6,1500,1448,1448,0,21,21651.14285714286,660,1145,False,False,44.544,6,1500,1448,1425,0,21,25430.714285714286,26,469,37,1096,2843,2875,2843,2876,1,38,95,07-26-202616:02:50,07-26-202616:04:28
Cable,250,50,10,10,1,1,1,4,16,100,90,0.05,5,20,5,False,False,225.022,6,1500,1448,1448,0,21,21673.571428571428,650,1155,False,False,44.570,6,1500,1448,1424,0,21,25466.14285714286,30,352,42,1097,2847,2877,2846,2877,1,38,46,07-26-202614:40:00,07-26-202614:41:38
Cable,250,50,10,10,1,1,1,4,16,100,90,0.05,5,20,5,False,False,225.024,6,1500,1448,1448,0,21,22271.714285714286,528,1245,False,False,44.418,6,1500,1448,1425,0,21,25832.285714285714,26,428,44,1181,2842,2877,2841,2878,2,41,93,07-26-202615:59:27,07-26-202616:01:05
Cable,250,50,10,10,1,1,1,4,16,100,90,0.05,5,20,5,False,False,224.973,6,1500,1448,1448,1,21,21674,649,1151,False,False,44.268,6,1500,1448,1424,0,21,25843.571428571428,24,487,39,1101,2846,2878,2846,2874,1,38,17,07-26-202613:51:00,07-26-202613:52:38
Cable,250,50,10,10,1,1,1,4,16,100,90,0.05,5,20,5,False,False,225.047,6,1500,1448,1448,0,21,22110,526,1264,False,False,44.348,6,1500,1448,1424,0,21,25829,29,442,46,1186,2845,2876,2842,2877,2,41,29,07-26-202614:11:17,07-26-202614:12:55
Cable,250,50,10,10,1,1,1,4,16,100,90,0.05,5,20,5,False,False,224.934,6,1500,1448,1448,0,21,22003,546,1219,False,False,44.349,6,1500,1448,1425,0,21,25427,27,431,37,1153,2845,2877,2844,2878,1,40,20,07-26-202613:56:04,07-26-202613:57:42
Cable,250,50,10,10,1,1,1,4,16,100,90,0.05,5,20,5,False,False,225.877,6,1500,1448,1448,0,21,22173.571428571428,521,1244,False,False,44.373,6,1500,1448,1424,0,21,25530.428571428572,31,427,43,1178,2844,2876,2844,2877,2,41,31,07-26-202614:14:39,07-26-202614:16:18
Cable,250,50,10,10,1,1,1,4,16,100,90,0.05,5,20,5,False,False,224.922,6,1500,1448,1448,0,21,21722.571428571428,655,1127,False,False,44.318,6,1500,1448,1425,0,21,25949.285714285714,22,403,32,1079,2841,2876,2840,2876,1,38,84,07-26-202615:44:14,07-26-202615:45:52
Cable,250,50,10,10,1,1,1,4,16,100,90,0.05,5,20,5,False,False,225.048,7,1500,1448,1448,0,21,22054,544,1269,False,False,44.423,6,1500,1448,1425,0,21,25435.571428571428,31,549,48,1195,2840,2875,2838,2876,2,42,13,07-26-202613:44:14,07-26-202613:45:52
Cable,250,50,10,10,1,1,1,4,16,100,90,0.05,5,20,5,False,False,224.898,6,1500,1448,1448,1,21,21821.714285714286,672,1154,False,False,44.348,6,1500,1448,1424,0,21,25456.285714285714,26,559,35,1086,2842,2875,2842,2875,1,38,62,07-26-202615:07:03,07-26-202615:08:41
Cable,250,50,10,10,1,1,1,4,16,100,90,0.05,5,20,5,False,False,224.998,6,1500,1448,1448,0,21,21978.714285714286,592,1203,False,False,44.442,6,1500,1448,1425,0,21,25219.285714285714,28,435,47,1132,2845,2878,2843,2876,2,39,75,07-26-202615:29:01,07-26-202615:30:39
Cable,250,50,10,10,1,1,1,4,16,100,90,0.05,5,20,5,False,False,224.924,6,1500,1448,1448,0,21,21842,613,1156,False,False,44.494,6,1500,1448,1424,0,21,26043.14285714286,29,500,46,1088,2847,2878,2845,2877,2,38,9,07-26-202613:37:28,07-26-202613:39:07
Cable,250,50,10,10,1,1,1,4,16,100,90,0.05,5,20,5,False,False,224.923,6,1500,1448,1448,0,21,21656.428571428572,690,1093,False,False,44.267,6,1500,1448,1424,0,21,25459.14285714286,27,396,44,1044,2846,2878,2844,2878,2,36,44,07-26-202614:36:37,07-26-202614:38:15
Cable,250,50,10,10,1,1,1,4,16,100,90,0.05,5,20,5,False,False,224.972,6,1500,1448,1448,0,21,21591.571428571428,653,1175,False,False,44.320,6,1500,1448,1424,0,21,25484.571428571428,26,464,42,1104,2845,2879,2844,2879,1,38,48,07-26-202614:43:23,07-26-202614:45:01
Cable,250,50,10,10,1,1,1,4,16,100,90,0.05,5,20,5,False,False,225.049,6,1500,1448,1448,0,21,22132,512,1271,False,False,44.273,6,1500,1448,1425,0,21,25331.428571428572,31,389,39,1201,2845,2879,2842,2879,1,42,99,07-26-202616:09:35,07-26-202616:11:13
Cable,250,50,10,10,1,1,1,4,16,100,90,0.05,5,20,5,False,False,224.972,6,1500,1448,1448,0,21,22264.571428571428,527,1226,False,False,44.424,6,1500,1448,1425,0,21,25458.714285714286,24,370,34,1169,2844,2877,2842,2877,1,41,56,07-26-202614:56:54,07-26-202614:58:33
Cable,250,50,10,10,1,1,1,4,16,100,90,0.05,5,20,5,False,False,224.923,6,1500,1448,1448,0,21,21812.714285714286,632,1145,False,False,44.697,6,1500,1448,1424,0,21,25713.571428571428,25,481,48,1066,2845,2877,2845,2877,2,37,32,07-26-202614:16:21,07-26-202614:17:59
Cable,250,50,10,10,1,1,1,4,16,100,90,0.05,5,20,5,False,False,224.898,6,1500,1448,1448,0,21,21701.285714285714,712,1152,False,False,44.274,6,1500,1448,1425,0,21,24911.571428571428,33,398,39,1079,2842,2876,2843,2877,1,38,78,07-26-202615:34:05,07-26-202615:35:43
Cable,250,50,10,10,1,1,1,4,16,100,90,0.05,5,20,5,False,False,225.024,6,1500,1448,1448,0,21,22282.428571428572,537,1250,False,False,44.300,6,1500,1448,1424,0,21,25929.571428571428,30,392,39,1167,2842,2878,2841,2878,1,41,38,07-26-202614:26:30,07-26-202614:28:08
Cable,250,50,10,10,1,1,1,4,16,100,90,0.05,5,20,5,False,False,224.973,6,1500,1448,1448,0,21,21643.714285714286,664,1154,False,False,44.294,6,1500,1448,1424,0,21,26367.285714285714,27,495,51,1100,2846,2880,2845,2881,2,38,26,07-26-202614:06:12,07-26-202614:07:51
Cable,250,50,10,10,1,1,1,4,16,100,90,0.05,5,20,5,False,False,224.973,6,1500,1448,1448,0,21,21654.714285714286,655,1169,False,False,44.119,6,1500,1448,1424,0,21,25169.285714285714,33,467,41,1102,2841,2875,2840,2875,1,38,69,07-26-202615:18:53,07-26-202615:20:31
Cable,250,50,10,10,1,1,1,4,16,100,90,0.05,5,20,5,False,False,224.997,6,1500,1448,1448,0,21,21588.571428571428,657,1155,False,False,44.324,6,1500,1448,1424,0,21,25843.285714285714,29,470,48,1086,2848,2880,2847,2878,2,38,34,07-26-202614:19:44,07-26-202614:21:22
Cable,250,50,10,10,1,1,1,4,16,100,90,0.05,5,20,5,False,False,224.897,6,1500,1448,1448,0,21,21746.428571428572,635,1089,False,False,44.693,6,1500,1448,1425,0,21,25597,24,573,39,1042,2843,2877,2843,2878,1,36,58,07-26-202615:00:17,07-26-202615:01:55
Cable,250,50,10,10,1,1,1,4,16,100,90,0.05,5,20,5,False,False,224.974,6,1500,1448,1448,0,21,21776.14285714286,648,1187,False,False,44.171,6,1500,1448,1425,0,21,25800.571428571428,24,323,33,1114,2844,2878,2844,2879,1,39,30,07-26-202614:12:58,07-26-202614:14:36
Cable,250,50,10,10,1,1,1,4,16,100,90,0.05,5,20,5,False,False,224.923,6,1500,1448,1448,0,21,21789.85714285714,625,1054,False,False,44.046,6,1500,1448,1425,0,21,25688.571428571428,29,447,41,1007,2844,2876,2843,2877,1,35,70,07-26-202615:20:34,07-26-202615:22:12
Cable,250,50,10,10,1,1,1,4,16,100,90,0.05,5,20,5,False,False,224.948,6,1500,1448,1448,0,21,22227.571428571428,525,1183,False,False,44.419,6,1500,1448,1425,0,21,25129.85714285714,25,446,41,1105,2843,2878,2840,2876,1,38,24,07-26-202614:02:50,07-26-202614:04:28
Cable,250,50,10,10,1,1,1,4,16,100,90,0.05,5,20,5,False,False,225.162,6,1500,1448,1448,0,21,21759,651,1096,False,False,44.199,6,1500,1448,1424,0,21,25976.714285714286,23,467,32,1051,2844,2876,2843,2875,1,37,52,07-26-202614:50:09,07-26-202614:51:47
Cable,250,50,10,10,1,1,1,4,16,100,90,0.05,5,20,5,False,False,225.041,6,1500,1448,1448,0,21,22175,523,1218,False,False,44.570,6,1500,1448,1424,0,22,25422.571428571428,37,483,62,1143,2845,2877,2844,2877,2,40,36,07-26-202614:23:07,07-26-202614:24:45
Cable,250,50,10,10,1,1,1,4,16,100,90,0.05,5,20,5,False,False,224.971,6,1500,1448,1448,0,21,21625.285714285714,658,1146,False,False,44.394,6,1500,1448,1424,0,21,25257,33,402,43,1078,2843,2877,2841,2877,2,37,2,07-26-202613:25:39,07-26-202613:27:17
Cable,250,50,10,10,1,1,1,4,16,100,90,0.05,5,20,5,False,False,224.997,6,1500,1448,1448,0,21,22164.285714285714,546,1269,False,False,44.018,6,1500,1448,1425,0,21,25672.85714285714,36,482,50,1195,2843,2875,2843,2876,2,42,5,07-26-202613:30:43,07-26-202613:32:21
Cable,250,50,10,10,1,1,1,4,16,100,90,0.05,5,20,5,False,False,224.949,6,1500,1448,1448,0,21,21730.571428571428,648,1082,False,False,44.675,6,1500,1448,1424,0,21,25663.714285714286,30,469,43,1029,2846,2876,2844,2874,2,36,89,07-26-202615:52:41,07-26-202615:54:19
Cable,250,50,10,10,1,1,1,4,16,100,90,0.05,5,20,5,False,False,224.942,6,1500,1448,1448,0,21,21621.571428571428,656,1150,False,False,44.799,6,1500,1448,1424,0,21,25847.14285714286,28,405,40,1078,2846,2877,2845,2877,1,37,74,07-26-202615:27:20,07-26-202615:28:58
Cable,250,50,10,10,1,1,1,4,16,100,90,0.05,5,20,5,False,False,224.923,6,1500,1448,1448,0,21,21857.571428571428,601,1074,False,False,44.643,6,1500,1448,1425,0,21,26115,33,439,46,1018,2845,2878,2845,2879,2,35,91,07-26-202615:56:04,07-26-202615:57:42
Cable,250,50,10,10,1,1,1,4,16,100,90,0.05,5,20,5,False,False,224.946,6,1500,1448,1448,0,21,21614.85714285714,668,1157,False,False,44.643,6,1500,1448,1424,0,21,25098.571428571428,25,505,39,1088,2845,2878,2844,2875,1,38,53,07-26-202614:51:50,07-26-202614:53:28
Cable,250,50,10,10,1,1,1,4,16,100,90,0.05,5,20,5,False,False,224.998,6,1500,1448,1448,0,21,22268,532,1264,False,False,44.343,6,1500,1448,1424,0,21,25170.714285714286,41,514,49,1185,2844,2877,2841,2877,2,41,21,07-26-202613:57:45,07-26-202613:59:23
Cable,250,50,10,10,1,1,1,4,16,100,90,0.05,5,20,5,False,False,224.873,6,1500,1448,1448,0,21,21738.428571428572,628,1080,False,False,44.498,6,1500,1448,1425,0,21,25810.14285714286,26,417,35,1030,2839,2877,2836,2877,1,36,55,07-26-202614:55:13,07-26-202614:56:51
Cable,250,50,10,10,1,1,1,4,16,100,90,0.05,5,20,5,False,False,224.925,6,1500,1448,1448,0,21,21776,666,1164,False,False,44.498,6,1500,1448,1423,0,21,25838.285714285714,27,489,37,1105,2847,2876,2845,2877,1,38,27,07-26-202614:07:54,07-26-202614:09:32
Cable,250,50,10,10,1,1,1,4,16,100,90,0.05,5,20,5,False,False,224.987,6,1500,1448,1448,0,21,21695.571428571428,636,1117,False,False,44.398,6,1500,1448,1425,0,21,25271.14285714286,32,370,44,1050,2846,2877,2845,2878,2,37,77,07-26-202615:32:24,07-26-202615:34:02
Cable,250,50,10,10,1,1,1,4,16,100,90,0.05,5,20,5,False,False,225.008,6,1500,1448,1448,0,21,21844,583,1224,False,False,44.623,6,1500,1448,1424,0,21,26107,27,522,42,1151,2845,2877,2844,2878,1,40,85,07-26-202615:45:55,07-26-202615:47:34
Cable,250,50,10,10,1,1,1,4,16,100,90,0.05,5,20,5,False,False,224.974,6,1500,1448,1448,0,21,21706,650,1164,False,False,44.473,6,1500,1448,1425,0,21,25401,34,382,42,1097,2841,2876,2838,2874,1,38,86,07-26-202615:47:37,07-26-202615:49:15
Cable,250,50,10,10,1,1,1,4,16,100,90,0.05,5,20,5,False,False,224.950,6,1500,1448,1448,0,21,21701,623,1118,False,False,44.550,6,1500,1448,1425,0,21,25831,33,495,44,1060,2843,2878,2841,2878,2,37,18,07-26-202613:52:41,07-26-202613:54:19
Cable,250,50,10,10,1,1,1,4,16,100,90,0.05,5,20,5,False,False,225.073,6,1500,1448,1448,0,21,22085.285714285714,537,1276,False,False,44.320,6,1500,1448,1425,0,21,26483.85714285714,24,368,37,1203,2844,2879,2840,2879,1,42,22,07-26-202613:59:27,07-26-202614:01:05
Cable,250,50,10,10,1,1,1,4,16,100,90,0.05,5,20,5,False,False,224.948,6,1500,1448,1448,0,21,21676.85714285714,655,1155,False,False,44.217,6,1500,1448,1425,0,21,25749.85714285714,39,473,51,1096,2843,2878,2842,2877,2,38,81,07-26-202615:39:10,07-26-202615:40:48
Cable,250,50,10,10,1,1,1,4,16,100,90,0.05,5,20,5,False,False,224.996,6,1500,1448,1448,0,21,22106.571428571428,523,1208,False,False,44.746,6,1500,1448,1424,0,21,25356.428571428572,30,423,51,1142,2847,2877,2844,2877,2,40,64,07-26-202615:10:26,07-26-202615:12:04
Cable,250,50,10,10,1,1,1,4,16,100,90,0.05,5,20,5,False,False,225.024,6,1500,1448,1448,0,21,22144,540,1249,False,False,44.543,6,1500,1448,1424,0,21,25487.285714285714,30,502,43,1180,2842,2876,2841,2876,2,41,7,07-26-202613:34:06,07-26-202613:35:44
Cable,250,50,10,10,1,1,1,4,16,100,90,0.05,5,20,5,False,False,225.023,6,1500,1448,1448,0,21,22139.428571428572,543,1263,False,False,44.047,6,1500,1448,1424,0,21,26164.14285714286,23,467,39,1186,2846,2878,2846,2878,1,41,76,07-26-202615:30:43,07-26-202615:32:21
Cable,250,50,10,10,1,1,1,4,16,100,90,0.05,5,20,5,False,False,224.914,6,1500,1448,1448,0,21,21673.714285714286,659,1142,False,False,44.620,6,1500,1448,1425,0,21,26128.14285714286,31,486,49,1096,2847,2878,2846,2877,2,38,98,07-26-202616:07:54,07-26-202616:09:32
Cable,250,50,10,10,1,1,1,4,16,100,90,0.05,5,20,5,False,False,225.049,6,1500,1448,1448,0,21,22161,535,1252,False,False,44.448,6,1500,1448,1424,0,21,25863.571428571428,26,333,40,1165,2845,2878,2843,2879,1,40,19,07-26-202613:54:23,07-26-202613:56:01
Cable,250,50,10,10,1,1,1,4,16,100,90,0.05,5,20,5,False,False,224.974,6,1500,1448,1448,0,21,21837.714285714286,586,1232,False,False,44.567,6,1500,1448,1424,0,21,25399.285714285714,28,499,44,1162,2845,2876,2844,2876,2,40,28,07-26-202614:09:35,07-26-202614:11:13
Cable,250,50,10,10,1,1,1,4,16,100,90,0.05,5,20,5,False,False,224.986,6,1500,1448,1448,0,21,22140,544,1261,False,False,44.645,6,1500,1448,1425,0,21,25715.428571428572,29,507,49,1198,2848,2883,2847,2881,2,42,67,07-26-202615:15:30,07-26-202615:17:08
Cable,250,50,10,10,1,1,1,4,16,100,90,0.05,5,20,5,False,False,224.950,6,1500,1448,1448,0,21,21712,654,1155,False,False,44.766,6,1500,1448,1425,0,21,25875,25,476,43,1088,2847,2878,2846,2879,2,38,61,07-26-202615:05:22,07-26-202615:07:00
Cable,250,50,10,10,1,1,1,4,16,100,90,0.05,5,20,5,False,False,224.924,6,1500,1448,1448,0,21,21763.571428571428,638,1074,False,False,44.324,6,1500,1448,1424,0,21,24934.571428571428,27,357,34,1031,2846,2875,2845,2874,1,36,1,07-26-202613:23:57,07-26-202613:25:35
Cable,250,50,10,10,1,1,1,4,16,100,90,0.05,5,20,5,False,False,224.998,6,1500,1448,1448,0,21,22163.285714285714,522,1238,False,False,44.449,6,1500,1448,1424,0,21,25275,35,494,48,1167,2844,2876,2843,2875,2,41,66,07-26-202615:13:49,07-26-202615:15:27
Cable,250,50,10,10,1,1,1,4,16,100,90,0.05,5,20,5,False,False,224.873,6,1500,1448,1448,0,21,21594.428571428572,717,1177,False,False,44.743,6,1500,1448,1424,0,21,26004,25,403,43,1117,2841,2875,2841,2875,2,39,40,07-26-202614:29:52,07-26-202614:31:30
Cable,250,50,10,10,1,1,1,4,16,100,90,0.05,5,20,5,False,False,224.970,6,1500,1448,1448,0,21,22081.85714285714,513,1247,False,False,44.200,6,1500,1448,1424,0,21,25375.571428571428,38,484,43,1173,2841,2875,2841,2876,2,41,73,07-26-202615:25:39,07-26-202615:27:17
Cable,250,50,10,10,1,1,1,4,16,100,90,0.05,5,20,5,False,False,224.973,6,1500,1448,1448,0,21,21697.714285714286,642,1118,False,False,44.416,6,1500,1448,1425,0,21,25277.428571428572,28,438,38,1044,2841,2877,2841,2877,1,36,49,07-26-202614:45:04,07-26-202614:46:43
Cable,250,50,10,10,1,1,1,4,16,100,90,0.05,5,20,5,False,False,224.639,6,1500,1448,1448,0,21,21675.285714285714,631,1103,False,False,44.473,6,1500,1448,1425,0,21,25339.14285714286,33,478,39,1037,2846,2877,2845,2877,1,36,60,07-26-202615:03:40,07-26-202615:05:18
Cable,250,50,10,10,1,1,1,4,16,100,90,0.05,5,20,5,False,False,224.947,6,1500,1448,1448,0,21,21857.85714285714,633,1041,False,False,44.224,6,1500,1448,1425,0,21,25747.85714285714,27,428,41,985,2845,2881,2846,2882,1,34,41,07-26-202614:31:34,07-26-202614:33:12
Cable,250,50,10,10,1,1,1,4,16,100,90,0.05,5,20,5,False,False,224.949,6,1500,1448,1448,0,21,21745,650,1169,False,False,44.442,6,1500,1448,1425,0,21,25845,32,520,41,1096,2842,2877,2841,2877,1,38,10,07-26-202613:39:10,07-26-202613:40:48
Cable,250,50,10,10,1,1,1,4,16,100,90,0.05,5,20,5,False,False,224.948,6,1500,1448,1448,0,21,21683.571428571428,654,1175,False,False,44.348,6,1500,1448,1424,0,21,25925.85714285714,31,447,49,1099,2843,2879,2840,2879,2,38,37,07-26-202614:24:48,07-26-202614:26:26
Cable,250,50,10,10,1,1,1,4,16,100,90,0.05,5,20,5,False,False,224.949,6,1500,1448,1448,0,21,22194,520,1212,False,False,44.748,6,1500,1448,1424,0,21,25659.571428571428,24,454,49,1141,2844,2878,2840,2878,2,40,100,07-26-202616:11:17,07-26-202616:12:55
Cable,250,50,10,10,1,1,1,4,16,100,90,0.05,5,20,5,False,False,224.923,6,1500,1448,1448,0,21,21882.285714285714,611,1108,False,False,44.798,6,1500,1448,1424,0,21,25778.714285714286,31,443,41,1035,2843,2878,2842,2879,1,36,35,07-26-202614:21:25,07-26-202614:23:03
Cable,250,50,10,10,1,1,1,4,16,100,90,0.05,5,20,5,False,False,224.973,6,1500,1448,1448,0,21,21901.14285714286,553,1194,False,False,44.398,6,1500,1448,1424,0,21,26292,22,514,41,1130,2845,2875,2845,2876,1,39,11,07-26-202613:40:51,07-26-202613:42:29
Cable,250,50,10,10,1,1,1,4,16,100,90,0.05,5,20,5,False,False,224.844,6,1500,1448,1448,0,21,21763.14285714286,624,1083,False,False,44.198,6,1500,1448,1425,0,21,25360.714285714286,29,407,42,1040,2845,2880,2842,2876,1,36,94,07-26-202616:01:08,07-26-202616:02:47
Cable,250,50,10,10,1,1,1,4,16,100,90,0.05,5,20,5,False,False,224.925,6,1500,1448,1448,0,21,21576.571428571428,669,1145,False,False,44.248,6,1500,1448,1425,0,21,25924,21,529,45,1083,2844,2878,2844,2878,2,38,87,07-26-202615:49:18,07-26-202615:50:57
Cable,250,50,10,10,1,1,1,4,16,100,90,0.05,5,20,5,False,False,224.962,6,1500,1448,1448,0,21,22012.285714285714,553,1174,False,False,44.796,6,1500,1448,1424,0,21,26253,24,530,46,1112,2844,2875,2844,2875,2,39,90,07-26-202615:54:23,07-26-202615:56:01
Cable,250,50,10,10,1,1,1,4,16,100,90,0.05,5,20,5,False,False,224.998,6,1500,1448,1448,0,21,21713.571428571428,641,1137,False,False,44.300,6,1500,1448,1424,0,21,25397.285714285714,27,554,44,1067,2843,2876,2843,2875,2,37,6,07-26-202613:32:24,07-26-202613:34:02
Cable,250,50,10,10,1,1,1,4,16,100,90,0.05,5,20,5,False,False,224.944,6,1500,1448,1448,0,21,21850.285714285714,629,1041,False,False,44.471,6,1500,1448,1425,0,21,25833.428571428572,32,351,41,999,2846,2876,2846,2877,1,35,25,07-26-202614:04:31,07-26-202614:06:09
Cable,250,50,10,10,1,1,1,4,16,100,90,0.05,5,20,5,False,False,224.899,6,1500,1448,1448,0,21,21841.571428571428,618,1041,False,False,44.169,6,1500,1448,1424,0,21,25760.428571428572,27,455,40,989,2845,2876,2841,2876,1,34,65,07-26-202615:12:07,07-26-202615:13:45
Cable,250,50,10,10,1,1,1,4,16,100,90,0.05,5,20,5,False,False,224.923,6,1500,1448,1448,0,21,21644.285714285714,650,1124,False,False,44.724,6,1500,1448,1425,0,21,25452.285714285714,26,438,41,1067,2846,2876,2845,2877,1,37,54,07-26-202614:53:32,07-26-202614:55:10
Cable,250,50,10,10,1,1,1,4,16,100,90,0.05,5,20,5,False,False,225.009,6,1500,1448,1448,0,21,22092,539,1239,False,False,44.121,6,1500,1448,1424,0,21,25734.428571428572,32,371,54,1163,2846,2876,2846,2876,2,40,39,07-26-202614:28:11,07-26-202614:29:49
Cable,250,50,10,10,1,1,1,4,16,100,90,0.05,5,20,5,False,False,224.948,6,1500,1448,1448,0,21,21691.285714285714,622,1130,False,False,44.169,6,1500,1448,1424,0,21,24892,31,448,40,1071,2845,2877,2844,2877,1,37,3,07-26-202613:27:20,07-26-202613:28:58
Cable,250,50,10,10,1,1,1,4,16,100,90,0.05,5,20,5,False,False,224.974,6,1500,1448,1448,0,21,21759.428571428572,636,1143,False,False,44.472,6,1500,1448,1424,0,21,25205.428571428572,28,454,45,1084,2845,2876,2844,2876,2,38,97,07-26-202616:06:13,07-26-202616:07:51
Cable,250,50,10,10,1,1,1,4,16,100,90,0.05,5,20,5,False,False,224.899,6,1500,1448,1448,0,21,21706.428571428572,637,1147,False,False,44.345,6,1500,1448,1424,0,21,25709.571428571428,24,494,36,1075,2845,2876,2844,2876,1,37,33,07-26-202614:18:02,07-26-202614:19:40
Cable,250,50,10,10,1,1,1,4,16,100,90,0.05,5,20,5,False,False,224.921,6,1500,1448,1448,0,21,21813.14285714286,637,1016,False,False,44.845,6,1500,1448,1424,0,21,26362.285714285714,26,355,36,978,2845,2877,2845,2878,1,34,47,07-26-202614:41:42,07-26-202614:43:20
Cable,250,50,10,10,1,1,1,4,16,100,90,0.05,5,20,5,False,False,224.947,6,1500,1448,1448,0,21,21646.14285714286,641,1092,False,False,44.150,6,1500,1448,1424,0,21,25739.85714285714,27,368,44,1036,2846,2880,2843,2878,2,36,96,07-26-202616:04:31,07-26-202616:06:09
Cable,250,50,10,10,1,1,1,4,16,100,90,0.05,5,20,5,False,False,224.969,6,1500,1448,1448,0,21,21723.714285714286,652,1148,False,False,44.341,6,1500,1448,1424,0,21,25693.428571428572,28,498,43,1088,2845,2878,2842,2875,2,38,72,07-26-202615:23:57,07-26-202615:25:35
Cable,250,50,10,10,1,1,1,4,16,100,90,0.05,5,20,5,False,False,224.974,6,1500,1448,1448,0,21,21678.14285714286,656,1138,False,False,44.496,6,1500,1448,1425,0,21,25625.428571428572,26,335,40,1089,2845,2877,2844,2878,1,38,16,07-26-202613:49:18,07-26-202613:50:57
Cable,250,50,10,10,1,1,1,4,16,100,90,0.05,5,20,5,False,False,224.949,6,1500,1448,1448,0,21,21716.428571428572,653,1133,False,False,44.268,6,1500,1448,1424,0,21,25486.714285714286,33,397,39,1081,2842,2877,2841,2878,1,38,8,07-26-202613:35:47,07-26-202613:37:25
Cable,250,50,10,10,1,1,1,4,16,100,90,0.05,5,20,5,False,False,224.873,6,1500,1448,1448,0,21,21763.428571428572,633,1121,False,False,44.448,6,1500,1448,1425,0,23,25629.14285714286,32,397,39,1049,2845,2878,2845,2878,1,36,14,07-26-202613:45:55,07-26-202613:47:33
Cable,250,50,10,10,1,1,1,4,16,100,90,0.05,5,20,5,False,False,224.972,6,1500,1448,1448,0,21,21683.14285714286,648,1159,False,False,44.370,6,1500,1448,1425,0,21,25218.571428571428,37,414,48,1068,2843,2878,2841,2878,2,37,82,07-26-202615:40:51,07-26-202615:42:29
Cable,250,50,10,10,1,1,1,4,16,100,90,0.05,5,20,5,False,False,224.923,6,1500,1448,1448,0,21,21691.714285714286,656,1146,False,False,44.567,6,1500,1448,1424,0,21,25654,27,423,37,1100,2845,2877,2844,2877,1,38,45,07-26-202614:38:19,07-26-202614:39:57
Cable,250,50,10,10,1,1,1,4,16,100,90,0.05,5,20,5,False,False,224.970,6,1500,1448,1448,0,21,22110.85714285714,543,1260,False,False,44.323,6,1500,1448,1424,0,21,25683.85714285714,31,441,52,1187,2847,2880,2850,2881,2,41,43,07-26-202614:34:56,07-26-202614:36:34
Cable,250,50,10,10,1,1,1,4,16,100,90,0.05,5,20,5,False,False,224.974,6,1500,1448,1448,0,21,21929.14285714286,587,1216,False,False,44.345,6,1500,1448,1425,0,21,25525.428571428572,31,451,50,1136,2841,2876,2841,2874,2,40,83,07-26-202615:42:32,07-26-202615:44:11
Cable,250,50,10,10,1,1,1,4,16,100,90,0.05,5,20,5,False,False,225.023,6,1500,1448,1448,0,21,22163.14285714286,538,1253,False,False,44.497,6,1500,1448,1425,0,21,25399.428571428572,35,458,43,1180,2847,2877,2846,2877,2,41,63,07-26-202615:08:44,07-26-202615:10:22
Cable,250,50,10,10,1,1,1,4,16,100,90,0.05,5,20,5,False,False,224.999,6,1500,1448,1448,0,21,22091.714285714286,540,1254,False,False,44.300,6,1500,1448,1424,1,32,25426.428571428572,23,559,34,1189,2841,2876,2841,2877,1,41,80,07-26-202615:37:28,07-26-202615:39:06
Cable,250,50,10,10,1,1,1,4,16,100,90,0.05,5,20,5,False,False,224.998,6,1500,1448,1448,0,21,21694.714285714286,654,1165,False,False,44.199,6,1500,1448,1425,0,21,25561.428571428572,29,377,38,1098,2848,2882,2846,2882,1,38,59,07-26-202615:01:59,07-26-202615:03:37
Cable,250,50,10,10,1,1,1,4,16,100,90,0.05,5,20,5,False,False,224.972,6,1500,1448,1448,0,21,21604.14285714286,663,1144,False,False,44.494,6,1500,1448,1425,0,21,25331.14285714286,31,466,46,1074,2844,2874,2844,2874,2,37,15,07-26-202613:47:37,07-26-202613:49:15
Cable,250,50,10,10,1,1,1,4,16,100,90,0.05,5,20,5,False,False,224.972,6,1500,1448,1448,0,21,21714,651,1151,False,False,44.346,6,1500,1448,1425,0,21,25613.85714285714,36,410,40,1087,2842,2878,2839,2878,1,38,71,07-26-202615:22:16,07-26-202615:23:54
Cable,250,50,10,10,1,1,1,4,16,100,90,0.05,5,20,5,False,False,224.948,6,1500,1448,1448,0,21,21718,662,1160,False,False,44.548,6,1500,1448,1425,0,21,25909.428571428572,26,487,38,1090,2841,2882,2837,2876,1,38,42,07-26-202614:33:15,07-26-202614:34:53
Cable,250,50,10,10,1,1,1,4,16,100,90,0.05,5,20,5,False,False,224.948,6,1500,1448,1448,0,21,21613.85714285714,663,1164,False,False,44.174,6,1500,1448,1425,0,21,25638.571428571428,30,438,42,1087,2844,2877,2842,2876,1,38,51,07-26-202614:48:27,07-26-202614:50:05
Cable,250,50,10,10,1,1,1,4,16,100,90,0.05,5,20,5,False,False,224.996,6,1500,1448,1448,0,21,21591.428571428572,646,1164,False,False,44.044,6,1500,1448,1424,0,21,25664.285714285714,37,452,50,1088,2845,2878,2843,2879,2,38,57,07-26-202614:58:36,07-26-202615:00:14
Cable,250,50,10,10,1,1,1,4,16,100,90,0.05,5,20,5,False,False,224.923,6,1500,1448,1448,0,21,21574.571428571428,673,1146,False,False,44.317,6,1500,1448,1425,0,21,26263.285714285714,37,470,46,1078,2844,2876,2842,2876,2,37,88,07-26-202615:51:00,07-26-202615:52:38
Cable,250,50,10,10,1,1,1,4,16,100,90,0.05,5,20,5,False,False,224.949,6,1500,1448,1448,0,21,21681.14285714286,653,1150,False,False,44.517,6,1500,1448,1425,0,21,25831.571428571428,31,403,50,1078,2843,2883,2837,2882,2,37,4,07-26-202613:29:02,07-26-202613:30:40
Cable,250,50,10,10,1,1,1,4,16,100,90,0.05,5,20,5,False,False,224.996,6,1500,1448,1448,0,21,22194.85714285714,521,1242,False,False,44.217,6,1500,1448,1424,0,21,25509.428571428572,36,399,43,1161,2848,2878,2846,2879,2,40,12,07-26-202613:42:33,07-26-202613:44:11
Cable mnp,250,50,10,10,1,1,1,4,12,100,90,0.05,5,20,5,True,True,224.603,12,1500,1448,1448,0,36,22300.916666666668,447,761,True,False,44.465,12,1500,1448,1425,0,36,28444.583333333332,40,225,43,668,2831,2878,2822,2879,2,23,79,07-27-202603:33:36,07-27-202603:34:25
Cable mnp,250,50,10,10,1,1,1,4,12,100,90,0.05,5,20,5,True,True,224.867,12,1500,1448,1448,0,36,22739.333333333332,402,846,True,False,43.484,12,1500,1448,1425,0,36,28577.25,49,324,76,762,2820,2876,2818,2877,3,27,50,07-27-202603:08:41,07-27-202603:09:30
Cable mnp,250,50,10,10,1,1,1,4,12,100,90,0.05,5,20,5,True,True,225.349,12,1500,1448,1448,0,36,22752.083333333332,410,944,True,False,43.100,12,1500,1448,1424,0,36,29128.5,53,400,47,801,2831,2878,2820,2879,2,28,23,07-27-202602:45:05,07-27-202602:45:52
Cable mnp,250,50,10,10,1,1,1,4,12,100,90,0.05,5,20,5,True,True,225.248,12,1500,1448,1448,0,36,22718.083333333332,416,932,True,False,43.611,12,1500,1448,1424,0,36,29470.083333333332,50,433,46,741,2840,2876,2836,2877,2,26,68,07-27-202603:24:14,07-27-202603:25:00
Cable mnp,250,50,10,10,1,1,1,4,12,100,90,0.05,5,20,5,True,True,225.368,12,1500,1448,1448,0,36,22697.416666666668,410,860,True,False,44.345,12,1500,1448,1425,0,36,28913.75,38,430,43,710,2816,2876,2813,2877,2,25,92,07-27-202603:44:57,07-27-202603:45:48
Cable mnp,250,50,10,10,1,1,1,4,12,100,90,0.05,5,20,5,True,True,225.178,12,1500,1448,1448,0,36,22784.833333333332,397,897,True,False,43.594,12,1500,1448,1425,0,36,28691.75,57,441,43,717,2837,2875,2837,2876,2,25,95,07-27-202603:47:34,07-27-202603:48:23
Cable mnp,250,50,10,10,1,1,1,4,12,100,90,0.05,5,20,5,True,True,224.983,12,1500,1448,1448,0,36,22734.583333333332,394,844,True,False,44.623,12,1500,1448,1425,0,36,28487.666666666668,54,397,67,735,2828,2876,2817,2876,2,26,46,07-27-202603:05:11,07-27-202603:06:00
Cable mnp,250,50,10,10,1,1,1,4,12,100,90,0.05,5,20,5,True,True,224.990,12,1500,1448,1448,0,36,22699.333333333332,395,877,True,False,43.092,12,1500,1448,1424,0,36,29676.666666666668,46,411,46,757,2836,2875,2836,2875,2,26,93,07-27-202603:45:51,07-27-202603:46:40
Cable mnp,250,50,10,10,1,1,1,4,12,100,90,0.05,5,20,5,True,True,225.118,12,1500,1448,1448,0,36,22150.25,481,736,True,False,44.873,12,1500,1448,1425,0,36,29245,53,444,44,684,2830,2879,2830,2879,2,24,17,07-27-202602:39:54,07-27-202602:40:43
Cable mnp,250,50,10,10,1,1,1,4,12,100,90,0.05,5,20,5,True,True,225.058,12,1500,1448,1448,0,36,22170.083333333332,478,795,True,False,43.834,12,1500,1448,1425,0,36,29300.416666666668,49,422,48,683,2831,2877,2829,2877,2,24,29,07-27-202602:50:21,07-27-202602:51:09
Cable mnp,250,50,10,10,1,1,1,4,12,100,90,0.05,5,20,5,True,True,224.865,12,1500,1448,1448,0,36,22276.25,486,808,True,False,44.232,12,1500,1448,1425,0,36,28914.083333333332,57,425,77,754,2841,2881,2827,2879,3,26,20,07-27-202602:42:30,07-27-202602:43:18
Cable mnp,250,50,10,10,1,1,1,4,12,100,90,0.05,5,20,5,True,False,226.348,12,1500,1448,1448,0,36,22148.583333333332,+Inf,NaN,True,False,43.105,12,1500,1448,1425,0,36,28769.333333333332,41,377,41,602,2836,2882,2830,2883,1,21,31,07-27-202602:52:05,07-27-202602:52:58
Cable mnp,250,50,10,10,1,1,1,4,12,100,90,0.05,5,20,5,True,True,225.242,12,1500,1448,1448,0,36,22746.75,396,919,True,False,43.484,12,1500,1448,1425,0,36,29240.916666666668,47,466,45,770,2840,2879,2831,2880,2,27,84,07-27-202603:37:56,07-27-202603:38:46
Cable mnp,250,50,10,10,1,1,1,4,12,100,90,0.05,5,20,5,True,True,224.725,12,1500,1448,1448,0,36,22533.583333333332,413,816,True,False,43.479,12,1500,1448,1424,0,36,28491.083333333332,42,414,39,694,2840,2875,2831,2875,1,24,13,07-27-202602:36:25,07-27-202602:37:13
Cable mnp,250,50,10,10,1,1,1,4,12,100,90,0.05,5,20,5,True,True,224.870,12,1500,1448,1448,0,36,22233.333333333332,456,767,True,False,44.486,12,1500,1448,1424,0,36,28487.666666666668,37,402,42,675,2828,2880,2822,2881,1,23,62,07-27-202603:18:59,07-27-202603:19:48
Cable mnp,250,50,10,10,1,1,1,4,12,100,90,0.05,5,20,5,True,True,224.869,12,1500,1448,1448,0,36,22456.25,443,714,True,False,44.610,12,1500,1448,1424,0,36,28927.5,81,407,98,672,2831,2879,2831,2877,3,23,75,07-27-202603:30:12,07-27-202603:31:01
Cable mnp,250,50,10,10,1,1,1,4,12,100,90,0.05,5,20,5,True,True,224.991,12,1500,1448,1448,0,36,22246.333333333332,472,748,True,False,45.721,12,1500,1448,1424,0,36,28953.333333333332,45,307,58,679,2846,2882,2840,2882,2,24,9,07-27-202602:32:54,07-27-202602:33:43
Cable mnp,250,50,10,10,1,1,1,4,12,100,90,0.05,5,20,5,True,True,225.363,12,1500,1448,1448,0,36,22923.083333333332,388,865,True,False,44.342,12,1500,1448,1424,0,36,28983.166666666668,50,450,52,727,2840,2880,2834,2879,2,25,44,07-27-202603:03:28,07-27-202603:04:17
Cable mnp,250,50,10,10,1,1,1,4,12,100,90,0.05,5,20,5,True,True,225.115,12,1500,1448,1448,0,36,22142,479,782,True,False,44.745,12,1500,1448,1425,0,36,28353.5,48,393,46,692,2834,2882,2826,2878,2,24,48,07-27-202603:06:55,07-27-202603:07:45
Cable mnp,250,50,10,10,1,1,1,4,12,100,90,0.05,5,20,5,True,True,224.973,12,1500,1448,1448,0,36,22271.5,463,777,True,False,44.731,12,1500,1448,1425,0,36,29097.083333333332,49,425,48,686,2834,2878,2834,2878,2,24,99,07-27-202603:50:58,07-27-202603:51:46
Cable mnp,250,50,10,10,1,1,1,4,12,100,90,0.05,5,20,5,True,True,225.046,12,1500,1448,1448,0,36,22560.666666666668,416,828,True,False,43.494,12,1500,1448,1424,0,36,28877.583333333332,80,422,44,729,2831,2876,2829,2877,2,25,56,07-27-202603:13:52,07-27-202603:14:41
Cable mnp,250,50,10,10,1,1,1,4,12,100,90,0.05,5,20,5,True,True,225.103,12,1500,1448,1448,0,36,22180,463,735,True,False,43.979,12,1500,1448,1424,0,36,29105.166666666668,56,413,61,675,2826,2878,2822,2878,2,23,32,07-27-202602:53:01,07-27-202602:53:52
Cable mnp,250,50,10,10,1,1,1,4,12,100,90,0.05,5,20,5,True,True,224.856,12,1500,1448,1448,0,36,22203.666666666668,474,801,True,False,44.621,12,1500,1448,1424,0,36,29096.583333333332,62,379,40,692,2846,2881,2839,2880,1,24,78,07-27-202603:32:45,07-27-202603:33:33
Cable mnp,250,50,10,10,1,1,1,4,12,100,90,0.05,5,20,5,True,True,225.369,12,1500,1448,1448,0,36,22161.333333333332,484,761,True,False,44.090,12,1500,1448,1424,0,36,28912.833333333332,57,430,82,700,2835,2879,2829,2879,3,24,38,07-27-202602:58:19,07-27-202602:59:08
Cable mnp,250,50,10,10,1,1,1,4,12,100,90,0.05,5,20,5,True,True,225.055,12,1500,1448,1448,0,36,22522.75,418,837,True,False,44.329,12,1500,1448,1425,0,36,29319.5,50,429,58,710,2840,2877,2827,2877,2,25,26,07-27-202602:47:40,07-27-202602:48:31
Cable mnp,250,50,10,10,1,1,1,4,12,100,90,0.05,5,20,5,True,True,225.059,12,1500,1448,1448,0,36,22440,427,832,True,False,42.614,12,1500,1448,1424,0,36,28386.75,43,411,50,709,2822,2882,2815,2883,2,25,69,07-27-202603:25:03,07-27-202603:25:51
Cable mnp,250,50,10,10,1,1,1,4,12,100,90,0.05,5,20,5,True,True,224.988,12,1500,1448,1448,0,36,22225.166666666668,442,743,True,False,43.478,12,1500,1448,1424,0,36,29327.416666666668,35,435,42,641,2827,2877,2832,2877,1,22,34,07-27-202602:54:44,07-27-202602:55:33
Cable mnp,250,50,10,10,1,1,1,4,12,100,90,0.05,5,20,5,True,True,225.242,12,1500,1448,1448,0,36,22335.416666666668,456,778,True,False,43.738,12,1500,1448,1425,0,36,28616.25,49,491,40,687,2840,2876,2828,2876,1,24,58,07-27-202603:15:35,07-27-202603:16:23
Cable mnp,250,50,10,10,1,1,1,4,12,100,90,0.05,5,20,5,True,True,224.990,12,1500,1448,1448,0,36,22406.666666666668,428,798,True,False,43.481,12,1500,1448,1425,0,36,28941.083333333332,57,398,41,689,2825,2876,2829,2877,1,24,30,07-27-202602:51:13,07-27-202602:52:02
Cable mnp,250,50,10,10,1,1,1,4,12,100,90,0.05,5,20,5,True,True,224.865,12,1500,1448,1448,0,36,22276.333333333332,458,743,True,False,44.113,12,1500,1448,1424,0,36,28555.5,43,356,49,661,2828,2876,2828,2877,2,23,70,07-27-202603:25:54,07-27-202603:26:43
Cable mnp,250,50,10,10,1,1,1,4,12,100,90,0.05,5,20,5,True,True,224.713,12,1500,1448,1448,0,36,22267.333333333332,449,724,True,False,43.483,12,1500,1448,1424,0,36,29686.25,35,420,38,650,2834,2874,2833,2875,1,23,24,07-27-202602:45:55,07-27-202602:46:44
Cable mnp,250,50,10,10,1,1,1,4,12,100,90,0.05,5,20,5,True,True,225.240,12,1500,1448,1448,0,36,22119.333333333332,483,761,True,False,43.741,12,1500,1448,1424,0,36,28832.5,48,253,48,679,2825,2876,2815,2875,2,24,52,07-27-202603:10:24,07-27-202603:11:14
Cable mnp,250,50,10,10,1,1,1,4,12,100,90,0.05,5,20,5,True,True,225.061,12,1500,1448,1448,0,36,22253.666666666668,461,832,True,False,44.085,12,1500,1448,1424,0,36,29028.333333333332,53,446,59,733,2838,2873,2838,2873,2,26,36,07-27-202602:56:32,07-27-202602:57:23
Cable mnp,250,50,10,10,1,1,1,4,12,100,90,0.05,5,20,5,True,True,225.121,12,1500,1448,1448,0,36,22712.583333333332,407,928,True,False,44.995,12,1500,1448,1424,0,36,28918,46,343,50,744,2821,2875,2819,2876,2,26,2,07-27-202602:26:57,07-27-202602:27:46
Cable mnp,250,50,10,10,1,1,1,4,12,100,90,0.05,5,20,5,True,True,224.610,12,1500,1448,1448,0,36,22121,522,901,True,False,44.110,12,1500,1448,1424,0,36,28533.166666666668,45,411,49,795,2847,2878,2844,2879,2,28,5,07-27-202602:29:30,07-27-202602:30:15
Cable mnp,250,50,10,10,1,1,1,4,12,100,90,0.05,5,20,5,True,True,224.853,12,1500,1448,1448,0,36,22188.5,463,765,True,False,44.738,12,1500,1448,1425,0,36,28951.333333333332,46,469,59,680,2842,2881,2842,2882,2,24,89,07-27-202603:42:20,07-27-202603:43:09
Cable mnp,250,50,10,10,1,1,1,4,12,100,90,0.05,5,20,5,True,True,224.871,12,1500,1448,1448,0,36,22303.083333333332,459,757,True,False,44.238,12,1500,1448,1425,0,36,29482.416666666668,47,425,47,685,2829,2878,2820,2878,2,24,74,07-27-202603:29:21,07-27-202603:30:09
Cable mnp,250,50,10,10,1,1,1,4,12,100,90,0.05,5,20,5,True,True,225.245,12,1500,1448,1448,0,36,22692.416666666668,412,854,True,False,44.370,12,1500,1448,1425,0,36,28716.416666666668,49,433,43,710,2833,2874,2828,2874,2,25,91,07-27-202603:44:04,07-27-202603:44:54
Cable mnp,250,50,10,10,1,1,1,4,12,100,90,0.05,5,20,5,True,True,224.864,12,1500,1448,1448,0,36,22097.166666666668,500,809,True,False,43.623,12,1500,1448,1424,0,36,29286.833333333332,51,362,51,708,2822,2873,2816,2874,2,25,53,07-27-202603:11:18,07-27-202603:12:06
Cable mnp,250,50,10,10,1,1,1,4,12,100,90,0.05,5,20,5,True,True,225.003,12,1500,1448,1448,0,36,22160,485,755,True,False,43.596,12,1500,1448,1424,0,36,29332.5,38,381,48,686,2829,2876,2825,2876,2,24,21,07-27-202602:43:21,07-27-202602:44:10
Cable mnp,250,50,10,10,1,1,1,4,12,100,90,0.05,5,20,5,True,True,224.995,12,1500,1448,1448,0,36,22744.916666666668,413,917,True,False,44.614,12,1500,1448,1425,0,36,29111.5,54,380,71,805,2836,2878,2830,2878,3,28,55,07-27-202603:13:01,07-27-202603:13:48
Cable mnp,250,50,10,10,1,1,1,4,12,100,90,0.05,5,20,5,True,True,225.110,12,1500,1448,1448,0,36,22228.833333333332,464,794,True,False,45.462,12,1500,1448,1425,0,36,28991.25,49,401,69,697,2831,2880,2828,2880,2,24,27,07-27-202602:48:34,07-27-202602:49:23
Cable mnp,250,50,10,10,1,1,1,4,12,100,90,0.05,5,20,5,True,True,225.110,12,1500,1448,1448,0,36,22187.333333333332,465,847,True,False,44.730,12,1500,1448,1425,0,36,29454.583333333332,43,314,54,704,2838,2875,2834,2876,2,24,77,07-27-202603:31:55,07-27-202603:32:42
Cable mnp,250,50,10,10,1,1,1,4,12,100,90,0.05,5,20,5,True,True,225.243,12,1500,1448,1448,0,36,22148.416666666668,483,795,True,False,43.590,12,1500,1448,1424,0,36,29271.916666666668,40,359,41,716,2826,2879,2820,2880,1,25,85,07-27-202603:38:49,07-27-202603:39:38
Cable mnp,250,50,10,10,1,1,1,4,12,100,90,0.05,5,20,5,True,True,225.118,12,1500,1448,1448,0,36,22789.833333333332,403,833,True,False,42.721,12,1500,1448,1424,0,36,28557.583333333332,45,460,51,707,2835,2879,2828,2879,2,25,86,07-27-202603:39:41,07-27-202603:40:30
Cable mnp,250,50,10,10,1,1,1,4,12,100,90,0.05,5,20,5,True,True,224.994,12,1500,1448,1448,0,36,22123.25,481,750,True,False,43.488,12,1500,1448,1425,0,36,29011.333333333332,36,444,40,680,2847,2879,2846,2879,1,24,18,07-27-202602:40:46,07-27-202602:41:35
Cable mnp,250,50,10,10,1,1,1,4,12,100,90,0.05,5,20,5,True,True,225.224,12,1500,1448,1448,0,36,22715.166666666668,407,930,True,False,43.088,12,1500,1448,1425,0,36,28663.083333333332,40,412,42,766,2842,2880,2840,2881,1,27,22,07-27-202602:44:13,07-27-202602:45:02
Cable mnp,250,50,10,10,1,1,1,4,12,100,90,0.05,5,20,5,True,False,225.306,12,1500,1448,1448,0,36,22217.333333333332,462,757,True,False,43.719,12,1500,1448,1424,0,36,29099.25,60,403,75,702,2827,2880,2826,2881,3,24,81,07-27-202603:35:19,07-27-202603:36:12
Cable mnp,250,50,10,10,1,1,1,4,12,100,90,0.05,5,20,5,True,True,224.981,12,1500,1448,1448,0,36,22768,415,908,True,False,44.619,12,1500,1448,1425,0,36,28501.166666666668,43,336,46,757,2835,2879,2829,2879,2,26,64,07-27-202603:20:43,07-27-202603:21:30
Cable mnp,250,50,10,10,1,1,1,4,12,100,90,0.05,5,20,5,True,True,225.107,12,1500,1448,1448,0,36,22509.083333333332,413,802,True,False,43.585,12,1500,1448,1425,0,36,28985.583333333332,43,505,49,699,2836,2878,2832,2879,2,24,7,07-27-202602:31:10,07-27-202602:31:59
Cable mnp,250,50,10,10,1,1,1,4,12,100,90,0.05,5,20,5,True,True,225.114,12,1500,1448,1448,0,36,22097.833333333332,496,880,True,False,44.250,12,1500,1448,1424,0,36,28335.583333333332,43,406,44,757,2832,2877,2826,2878,2,26,76,07-27-202603:31:04,07-27-202603:31:51
Cable mnp,250,50,10,10,1,1,1,4,12,100,90,0.05,5,20,5,True,True,224.597,12,1500,1448,1448,0,36,22746.916666666668,400,841,True,False,46.338,12,1500,1448,1425,0,36,29145.916666666668,116,394,141,781,2820,2873,2820,2874,5,27,98,07-27-202603:50:06,07-27-202603:50:55
Cable mnp,250,50,10,10,1,1,1,4,12,100,90,0.05,5,20,5,True,True,224.737,12,1500,1448,1448,0,36,22267.333333333332,479,813,True,False,43.222,12,1500,1448,1424,0,36,28316.083333333332,43,408,48,701,2837,2880,2833,2881,2,24,19,07-27-202602:41:39,07-27-202602:42:27
Cable mnp,250,50,10,10,1,1,1,4,12,100,90,0.05,5,20,5,True,True,225.121,12,1500,1448,1448,0,36,22200.416666666668,475,755,True,False,43.223,12,1500,1448,1425,0,36,29225.916666666668,44,449,48,675,2830,2873,2822,2873,2,23,28,07-27-202602:49:27,07-27-202602:50:18
Cable mnp,250,50,10,10,1,1,1,4,12,100,90,0.05,5,20,5,True,True,224.747,12,1500,1448,1448,0,36,22422.25,499,890,True,False,43.001,12,1500,1448,1424,0,36,28654.833333333332,48,363,44,768,2822,2874,2822,2875,2,27,67,07-27-202603:23:25,07-27-202603:24:11
Cable mnp,250,50,10,10,1,1,1,4,12,100,90,0.05,5,20,5,True,True,225.121,12,1500,1448,1448,0,36,22109.833333333332,489,778,True,False,44.111,12,1500,1448,1425,0,36,28615.916666666668,49,389,59,697,2823,2884,2823,2885,2,24,61,07-27-202603:18:07,07-27-202603:18:56
Cable mnp,250,50,10,10,1,1,1,4,12,100,90,0.05,5,20,5,True,True,225.251,12,1500,1448,1448,0,36,22212.916666666668,477,784,True,False,42.739,12,1500,1448,1425,0,36,28689.25,47,360,60,702,2844,2878,2841,2877,2,24,1,07-27-202602:26:05,07-27-202602:26:54
Cable mnp,250,50,10,10,1,1,1,4,12,100,90,0.05,5,20,5,False,True,225.237,12,1500,1448,1448,0,36,22097.666666666668,486,778,True,False,44.363,12,1500,1448,1425,0,36,29064.333333333332,36,480,43,676,2825,2876,2832,2877,2,24,66,07-27-202603:22:24,07-27-202603:23:22
Cable mnp,250,50,10,10,1,1,1,4,12,100,90,0.05,5,20,5,True,True,224.904,12,1500,1448,1448,0,36,22288.416666666668,446,703,True,False,44.108,12,1500,1448,1424,0,36,29060.75,59,392,59,636,2828,2878,2829,2879,2,22,40,07-27-202603:00:02,07-27-202603:00:51
Cable mnp,250,50,10,10,1,1,1,4,12,100,90,0.05,5,20,5,True,True,225.121,12,1500,1448,1448,0,36,22712,419,952,True,False,44.739,12,1500,1448,1425,0,36,28750.666666666668,60,365,52,784,2825,2877,2822,2878,2,27,73,07-27-202603:28:30,07-27-202603:29:17
Cable mnp,250,50,10,10,1,1,1,4,12,100,90,0.05,5,20,5,True,True,225.244,12,1500,1448,1448,0,36,22730.916666666668,400,851,True,False,44.343,12,1500,1448,1424,0,36,28668.416666666668,42,379,44,708,2828,2881,2821,2881,2,25,49,07-27-202603:07:48,07-27-202603:08:37
Cable mnp,250,50,10,10,1,1,1,4,12,100,90,0.05,5,20,5,True,True,224.736,12,1500,1448,1448,0,36,22259.916666666668,455,779,True,False,43.598,12,1500,1448,1425,0,36,29154.583333333332,46,427,44,677,2834,2876,2833,2875,2,24,60,07-27-202603:17:16,07-27-202603:18:04
Cable mnp,250,50,10,10,1,1,1,4,12,100,90,0.05,5,20,5,True,True,224.865,12,1500,1448,1448,0,36,22254.583333333332,447,734,True,False,44.501,12,1500,1448,1424,0,36,29225.083333333332,49,377,49,649,2844,2880,2841,2881,2,23,41,07-27-202603:00:54,07-27-202603:01:43
Cable mnp,250,50,10,10,1,1,1,4,12,100,90,0.05,5,20,5,True,True,224.743,12,1500,1448,1448,0,36,22525.25,414,818,True,False,45.106,12,1500,1448,1425,0,36,28972.5,57,262,59,682,2830,2878,2821,2878,2,24,10,07-27-202602:33:46,07-27-202602:34:35
Cable mnp,250,50,10,10,1,1,1,4,12,100,90,0.05,5,20,5,True,True,224.618,12,1500,1448,1448,0,36,22189.666666666668,464,773,True,False,44.852,12,1500,1448,1424,0,37,28182.916666666668,56,453,53,686,2842,2877,2834,2878,2,24,37,07-27-202602:57:27,07-27-202602:58:16
Cable mnp,250,50,10,10,1,1,1,4,12,100,90,0.05,5,20,5,True,True,224.866,12,1500,1448,1448,0,36,22269.75,456,671,True,False,45.352,12,1500,1448,1425,0,36,28850.25,53,305,70,633,2827,2880,2825,2880,2,22,100,07-27-202603:51:49,07-27-202603:52:38
Cable mnp,250,50,10,10,1,1,1,4,12,100,90,0.05,5,20,5,True,False,224.984,12,1500,1448,1448,0,36,22154.833333333332,489,786,True,False,42.876,12,1500,1448,1424,0,36,28630.916666666668,65,335,67,702,2841,2877,2835,2877,2,24,35,07-27-202602:55:36,07-27-202602:56:29
Cable mnp,250,50,10,10,1,1,1,4,12,100,90,0.05,5,20,5,True,True,225.371,12,1500,1448,1448,0,36,22244.75,454,723,True,False,43.748,12,1500,1448,1425,0,36,29226.666666666668,43,354,41,671,2830,2875,2820,2875,1,23,11,07-27-202602:34:38,07-27-202602:35:30
Cable mnp,250,50,10,10,1,1,1,4,12,100,90,0.05,5,20,5,True,True,224.991,12,1500,1448,1448,0,36,22067.25,506,802,True,False,43.838,12,1500,1448,1425,0,36,29163,37,422,41,707,2836,2875,2819,2876,1,25,94,07-27-202603:46:44,07-27-202603:47:31
Cable mnp,250,50,10,10,1,1,1,4,12,100,90,0.05,5,20,5,True,True,225.244,12,1500,1448,1448,0,36,22454.416666666668,410,814,True,False,43.618,12,1500,1448,1424,0,36,29069.583333333332,50,416,56,733,2832,2874,2827,2874,2,26,87,07-27-202603:40:33,07-27-202603:41:22
Cable mnp,250,50,10,10,1,1,1,4,12,100,90,0.05,5,20,5,True,True,224.799,12,1500,1448,1448,0,36,22726.833333333332,394,889,True,False,43.998,12,1500,1448,1425,0,36,28962,56,337,59,744,2830,2875,2827,2876,2,26,90,07-27-202603:43:12,07-27-202603:44:01
Cable mnp,250,50,10,10,1,1,1,4,12,100,90,0.05,5,20,5,True,True,224.992,12,1500,1448,1448,0,36,22404.583333333332,451,797,True,False,44.117,12,1500,1448,1424,0,36,29128.416666666668,65,334,77,690,2834,2879,2831,2880,3,24,6,07-27-202602:30:18,07-27-202602:31:07
Cable mnp,250,50,10,10,1,1,1,4,12,100,90,0.05,5,20,5,True,True,224.614,12,1500,1448,1448,0,36,22185.583333333332,457,756,True,False,43.716,12,1500,1448,1425,0,36,28755.083333333332,49,331,66,673,2841,2879,2837,2878,2,23,25,07-27-202602:46:48,07-27-202602:47:37
Cable mnp,250,50,10,10,1,1,1,4,12,100,90,0.05,5,20,5,True,True,225.120,12,1500,1448,1448,0,36,22144.666666666668,490,791,True,False,44.207,12,1500,1448,1425,0,36,28805.416666666668,50,410,52,711,2836,2877,2830,2877,2,25,65,07-27-202603:21:33,07-27-202603:22:21
Cable mnp,250,50,10,10,1,1,1,4,12,100,90,0.05,5,20,5,True,True,224.806,12,1500,1448,1448,0,36,22231.416666666668,471,763,True,False,45.346,12,1500,1448,1425,0,36,28886.166666666668,43,349,41,680,2838,2878,2836,2878,1,24,54,07-27-202603:12:09,07-27-202603:12:58
Cable mnp,250,50,10,10,1,1,1,4,12,100,90,0.05,5,20,5,True,True,225.121,12,1500,1448,1448,0,36,22166,493,851,True,False,43.744,12,1500,1448,1424,0,36,28346.666666666668,52,434,56,721,2829,2876,2826,2875,2,25,39,07-27-202602:59:11,07-27-202602:59:58
Cable mnp,250,50,10,10,1,1,1,4,12,100,90,0.05,5,20,5,True,True,225.122,12,1500,1448,1448,0,36,22102.666666666668,481,766,True,False,43.998,12,1500,1448,1424,0,36,28835.666666666668,64,385,65,686,2827,2878,2822,2879,2,24,3,07-27-202602:27:49,07-27-202602:28:38
Cable mnp,250,50,10,10,1,1,1,4,12,100,90,0.05,5,20,5,True,True,224.624,12,1500,1448,1448,0,36,22159.666666666668,539,930,True,False,44.721,12,1500,1448,1424,0,36,28646.833333333332,42,394,51,808,2836,2877,2831,2878,2,28,97,07-27-202603:49:17,07-27-202603:50:02
Cable mnp,250,50,10,10,1,1,1,4,12,100,90,0.05,5,20,5,True,True,224.704,12,1500,1448,1448,0,36,22146.583333333332,523,901,True,False,43.865,12,1500,1448,1424,0,36,28790.166666666668,54,415,57,765,2838,2876,2829,2877,2,27,33,07-27-202602:53:55,07-27-202602:54:40
Cable mnp,250,50,10,10,1,1,1,4,12,100,90,0.05,5,20,5,True,True,225.109,12,1500,1448,1448,0,36,22256.5,458,773,True,False,44.967,12,1500,1448,1424,0,36,28354.333333333332,64,422,69,688,2838,2881,2834,2882,2,24,47,07-27-202603:06:04,07-27-202603:06:52
Cable mnp,250,50,10,10,1,1,1,4,12,100,90,0.05,5,20,5,True,True,224.864,12,1500,1448,1448,0,36,22698.25,399,857,True,False,45.470,12,1500,1448,1425,0,36,28644.75,54,420,65,749,2837,2876,2833,2877,2,26,96,07-27-202603:48:26,07-27-202603:49:14
Cable mnp,250,50,10,10,1,1,1,4,12,100,90,0.05,5,20,5,True,True,224.994,12,1500,1448,1448,0,36,22099.833333333332,497,784,True,False,43.737,12,1500,1448,1425,0,36,28577.333333333332,53,399,62,718,2834,2878,2824,2877,2,25,72,07-27-202603:27:38,07-27-202603:28:27
Cable mnp,250,50,10,10,1,1,1,4,12,100,90,0.05,5,20,5,True,True,224.989,12,1500,1448,1448,0,36,22141.75,485,779,True,False,43.612,12,1500,1448,1424,0,36,29105.916666666668,56,353,58,686,2840,2875,2841,2875,2,24,16,07-27-202602:39:00,07-27-202602:39:51
Cable mnp,250,50,10,10,1,1,1,4,12,100,90,0.05,5,20,5,True,True,225.239,12,1500,1448,1448,0,36,22396.416666666668,441,765,True,False,43.704,12,1500,1448,1424,0,36,28973.833333333332,47,346,48,670,2828,2876,2824,2875,2,23,8,07-27-202602:32:03,07-27-202602:32:51
Cable mnp,250,50,10,10,1,1,1,4,12,100,90,0.05,5,20,5,True,True,224.995,12,1500,1448,1448,0,36,22278.833333333332,452,756,True,False,43.625,12,1500,1448,1425,0,36,29247.25,42,427,47,667,2838,2881,2828,2879,2,23,14,07-27-202602:37:16,07-27-202602:38:05
Cable mnp,250,50,10,10,1,1,1,4,12,100,90,0.05,5,20,5,True,True,225.241,12,1500,1448,1448,0,36,22194.416666666668,491,967,True,False,43.110,12,1500,1448,1425,0,36,29123.083333333332,70,408,82,869,2836,2877,2831,2878,3,30,82,07-27-202603:36:15,07-27-202603:37:02
Cable mnp,250,50,10,10,1,1,1,4,12,100,90,0.05,5,20,5,True,True,224.983,12,1500,1448,1448,0,36,22122.333333333332,491,801,True,False,45.238,12,1500,1448,1424,0,36,29476.833333333332,40,364,52,703,2841,2877,2839,2877,2,24,45,07-27-202603:04:20,07-27-202603:05:08
Cable mnp,250,50,10,10,1,1,1,4,12,100,90,0.05,5,20,5,True,True,224.492,12,1500,1448,1448,0,36,22285.583333333332,465,794,True,False,44.993,12,1500,1448,1425,0,36,29354.083333333332,55,365,55,710,2845,2879,2833,2878,2,25,43,07-27-202603:02:37,07-27-202603:03:24
Cable mnp,250,50,10,10,1,1,1,4,12,100,90,0.05,5,20,5,True,True,224.867,12,1500,1448,1448,0,36,22677.583333333332,402,919,True,False,44.582,12,1500,1448,1424,0,36,29302.583333333332,45,340,52,758,2821,2876,2820,2876,2,26,83,07-27-202603:37:05,07-27-202603:37:53
Cable mnp,250,50,10,10,1,1,1,4,12,100,90,0.05,5,20,5,True,True,224.870,12,1500,1448,1448,0,36,22128.666666666668,496,792,True,False,44.966,12,1500,1448,1425,0,36,29162.083333333332,42,452,39,693,2833,2878,2822,2878,1,24,63,07-27-202603:19:52,07-27-202603:20:40
Cable mnp,250,50,10,10,1,1,1,4,12,100,90,0.05,5,20,5,True,True,224.989,12,1500,1448,1448,0,36,22163.583333333332,470,780,True,False,44.210,12,1500,1448,1424,0,36,29019.916666666668,54,423,46,690,2831,2878,2826,2877,2,24,80,07-27-202603:34:28,07-27-202603:35:15
Cable mnp,250,50,10,10,1,1,1,4,12,100,90,0.05,5,20,5,True,True,225.351,12,1500,1448,1448,0,36,22252.166666666668,482,803,True,False,44.116,12,1500,1448,1424,0,36,28680.083333333332,37,391,37,698,2828,2876,2822,2876,1,24,59,07-27-202603:16:26,07-27-202603:17:13
Cable mnp,250,50,10,10,1,1,1,4,12,100,90,0.05,5,20,5,True,True,224.859,12,1500,1448,1448,0,36,22266.5,465,845,True,False,44.598,12,1500,1448,1425,0,36,29142.666666666668,36,471,39,756,2836,2877,2829,2877,1,26,15,07-27-202602:38:09,07-27-202602:38:57
Cable mnp,250,50,10,10,1,1,1,4,12,100,90,0.05,5,20,5,True,True,224.869,12,1500,1448,1448,0,36,22188.166666666668,468,755,True,False,43.970,12,1500,1448,1425,0,36,29255.833333333332,65,444,48,665,2841,2878,2839,2879,2,23,71,07-27-202603:26:47,07-27-202603:27:35
Cable mnp,250,50,10,10,1,1,1,4,12,100,90,0.05,5,20,5,True,True,225.046,12,1500,1448,1448,0,36,22172.416666666668,468,747,True,False,42.871,12,1500,1448,1424,0,36,28423.333333333332,42,240,46,666,2828,2880,2828,2879,2,23,42,07-27-202603:01:46,07-27-202603:02:34
Cable mnp,250,50,10,10,1,1,1,4,12,100,90,0.05,5,20,5,True,True,224.837,12,1500,1448,1448,0,36,22233.75,483,811,True,False,44.092,12,1500,1448,1425,0,36,28671.333333333332,48,411,48,703,2823,2875,2821,2876,2,24,51,07-27-202603:09:33,07-27-202603:10:21
Cable mnp,250,50,10,10,1,1,1,4,12,100,90,0.05,5,20,5,True,True,224.734,12,1500,1448,1448,0,36,22644.833333333332,402,869,True,False,44.477,12,1500,1448,1425,0,36,28870.916666666668,47,403,51,766,2830,2875,2826,2876,2,27,57,07-27-202603:14:44,07-27-202603:15:32
Cable mnp,250,50,10,10,1,1,1,4,12,100,90,0.05,5,20,5,True,True,225.108,12,1500,1448,1448,0,36,22202.833333333332,450,747,True,False,44.119,12,1500,1448,1424,1,37,28557.583333333332,43,386,43,659,2838,2880,2833,2881,2,23,88,07-27-202603:41:25,07-27-202603:42:17
Cable mnp,250,50,10,10,1,1,1,4,12,100,90,0.05,5,20,5,True,True,224.617,12,1500,1448,1448,0,36,22165.75,526,913,True,False,44.973,12,1500,1448,1424,0,36,28437.75,47,365,55,796,2827,2876,2824,2876,2,28,4,07-27-202602:28:41,07-27-202602:29:26
Cable mnp,250,50,10,10,1,1,1,4,12,100,90,0.05,5,20,5,True,True,224.871,12,1500,1448,1448,0,36,22162.75,485,812,True,False,43.672,12,1500,1448,1424,1,37,29038.75,51,381,63,710,2826,2874,2822,2874,2,25,12,07-27-202602:35:34,07-27-202602:36:22
Cable mnp,250,50,10,10,1,1,1,4,8,100,90,0.05,5,20,5,True,True,224.858,8,1500,1448,1448,0,24,21689,580,894,True,False,45.470,8,1500,1448,1425,0,24,26672.5,35,318,40,807,2836,2879,2832,2880,1,28,79,07-27-202602:08:00,07-27-202602:08:45
Cable mnp,250,50,10,10,1,1,1,4,8,100,90,0.05,5,20,5,True,True,224.866,8,1500,1448,1448,0,24,22106.625,508,1008,True,False,44.733,8,1500,1448,1424,0,24,26148.625,50,140,58,914,2835,2876,2831,2876,2,32,50,07-27-202601:44:17,07-27-202601:45:02
Cable mnp,250,50,10,10,1,1,1,4,8,100,90,0.05,5,20,5,True,True,225.089,8,1500,1448,1448,0,24,22052.5,524,1066,True,False,44.826,8,1500,1448,1425,0,24,25879.75,36,282,36,894,2823,2874,2823,2875,1,31,23,07-27-202601:22:03,07-27-202601:22:51
Cable mnp,250,50,10,10,1,1,1,4,8,100,90,0.05,5,20,5,True,True,224.995,8,1500,1448,1448,0,24,22197.5,468,1077,True,False,43.874,8,1500,1448,1424,0,24,26224.125,60,205,64,894,2842,2882,2840,2883,2,31,68,07-27-202601:59:04,07-27-202601:59:49
Cable mnp,250,50,10,10,1,1,1,4,8,100,90,0.05,5,20,5,True,True,225.112,8,1500,1448,1448,0,24,21685.125,597,1015,True,False,45.495,8,1500,1448,1424,0,24,26315.5,52,380,59,867,2834,2879,2829,2879,2,30,92,07-27-202602:18:36,07-27-202602:19:20
Cable mnp,250,50,10,10,1,1,1,4,8,100,90,0.05,5,20,5,True,True,225.239,8,1500,1448,1448,0,24,21963.875,563,935,True,False,45.476,8,1500,1448,1425,0,24,26465,46,300,55,854,2838,2879,2838,2879,2,30,95,07-27-202602:21:04,07-27-202602:21:49
Cable mnp,250,50,10,10,1,1,1,4,8,100,90,0.05,5,20,5,True,True,224.994,8,1500,1448,1448,0,24,22118.75,495,1098,True,False,45.224,8,1500,1448,1424,0,24,26245.875,37,211,46,893,2832,2878,2826,2879,2,31,46,07-27-202601:40:55,07-27-202601:41:40
Cable mnp,250,50,10,10,1,1,1,4,8,100,90,0.05,5,20,5,True,True,224.859,8,1500,1448,1448,0,24,21779.375,568,985,True,False,45.373,8,1500,1448,1424,0,24,26172.875,63,301,40,845,2837,2878,2824,2879,1,29,93,07-27-202602:19:23,07-27-202602:20:12
Cable mnp,250,50,10,10,1,1,1,4,8,100,90,0.05,5,20,5,True,True,225.032,8,1500,1448,1448,0,24,21877.375,551,926,True,False,43.098,8,1500,1448,1424,0,24,26548,35,356,36,828,2835,2874,2835,2875,1,29,17,07-27-202601:17:10,07-27-202601:17:59
Cable mnp,250,50,10,10,1,1,1,4,8,100,90,0.05,5,20,5,True,True,225.109,8,1500,1448,1448,0,24,22279.375,493,1088,True,False,44.835,8,1500,1448,1424,0,24,26274.25,34,410,44,852,2830,2879,2825,2880,2,30,29,07-27-202601:26:56,07-27-202601:27:40
Cable mnp,250,50,10,10,1,1,1,4,8,100,90,0.05,5,20,5,True,True,224.977,8,1500,1448,1448,0,24,21792.375,573,965,True,False,44.468,8,1500,1448,1425,0,24,26025.125,58,443,58,874,2819,2883,2824,2884,2,30,20,07-27-202601:19:38,07-27-202601:20:23
Cable mnp,250,50,10,10,1,1,1,4,8,100,90,0.05,5,20,5,True,True,224.995,8,1500,1448,1448,0,24,21832.125,544,913,True,False,43.612,8,1500,1448,1424,0,24,26611.875,46,499,50,815,2819,2876,2816,2876,2,28,31,07-27-202601:28:31,07-27-202601:29:20
Cable mnp,250,50,10,10,1,1,1,4,8,100,90,0.05,5,20,5,True,True,225.240,8,1500,1448,1448,0,24,21659.25,598,888,True,False,43.859,8,1500,1448,1424,0,24,26307.625,39,329,41,822,2838,2876,2836,2876,1,29,84,07-27-202602:12:05,07-27-202602:12:50
Cable mnp,250,50,10,10,1,1,1,4,8,100,90,0.05,5,20,5,True,True,224.806,8,1500,1448,1448,0,24,21780.625,572,991,True,False,45.240,8,1500,1448,1424,0,24,26382.125,39,159,44,914,2827,2877,2826,2877,2,32,13,07-27-202601:13:48,07-27-202601:14:33
Cable mnp,250,50,10,10,1,1,1,4,8,100,90,0.05,5,20,5,True,True,225.120,8,1500,1448,1448,0,24,21799.5,569,920,True,False,44.123,8,1500,1448,1424,0,24,26000.125,41,145,45,829,2819,2876,2814,2876,2,29,62,07-27-202601:54:15,07-27-202601:55:00
Cable mnp,250,50,10,10,1,1,1,4,8,100,90,0.05,5,20,5,True,True,224.997,8,1500,1448,1448,0,24,21765.75,566,1000,True,False,44.863,8,1500,1448,1424,0,24,26123.875,34,282,43,863,2837,2877,2828,2878,2,30,75,07-27-202602:04:42,07-27-202602:05:32
Cable mnp,250,50,10,10,1,1,1,4,8,100,90,0.05,5,20,5,True,True,224.867,8,1500,1448,1448,0,24,21811.375,567,984,True,False,45.588,8,1500,1448,1425,0,24,26152.25,33,138,43,881,2841,2877,2836,2878,1,31,9,07-27-202601:10:34,07-27-202601:11:19
Cable mnp,250,50,10,10,1,1,1,4,8,100,90,0.05,5,20,5,True,True,225.340,8,1500,1448,1448,0,24,21815.875,550,922,True,False,41.997,8,1500,1448,1425,0,25,25930.5,48,444,58,838,2830,2881,2829,2881,2,29,44,07-27-202601:39:18,07-27-202601:40:03
Cable mnp,250,50,10,10,1,1,1,4,8,100,90,0.05,5,20,5,True,True,224.858,8,1500,1448,1448,0,24,21694.125,590,985,True,False,44.476,8,1500,1448,1424,0,24,26552.625,38,508,44,868,2827,2878,2822,2878,2,30,48,07-27-202601:42:35,07-27-202601:43:26
Cable mnp,250,50,10,10,1,1,1,4,8,100,90,0.05,5,20,5,True,True,224.996,8,1500,1448,1448,0,24,21707,580,931,True,False,44.871,8,1500,1448,1425,0,24,26151.25,48,412,63,828,2823,2875,2823,2876,2,29,99,07-27-202602:24:20,07-27-202602:25:08
Cable mnp,250,50,10,10,1,1,1,4,8,100,90,0.05,5,20,5,True,True,225.245,8,1500,1448,1448,0,24,21744,572,958,True,False,44.121,8,1500,1448,1425,0,24,26443.375,41,73,49,833,2842,2880,2844,2881,2,29,56,07-27-202601:49:14,07-27-202601:49:59
Cable mnp,250,50,10,10,1,1,1,4,8,100,90,0.05,5,20,5,True,True,225.115,8,1500,1448,1448,0,24,22195.75,475,1083,True,False,43.839,8,1500,1448,1424,0,24,26320.625,30,212,39,854,2845,2878,2837,2879,1,30,32,07-27-202601:29:24,07-27-202601:30:09
Cable mnp,250,50,10,10,1,1,1,4,8,100,90,0.05,5,20,5,True,True,224.850,8,1500,1448,1448,0,24,21801.375,548,892,True,False,44.686,8,1500,1448,1425,1,25,25944.25,41,123,50,792,2817,2875,2810,2876,2,28,78,07-27-202602:07:12,07-27-202602:07:57
Cable mnp,250,50,10,10,1,1,1,4,8,100,90,0.05,5,20,5,True,True,225.242,8,1500,1448,1448,0,24,21790.375,568,972,True,False,43.985,8,1500,1448,1425,0,24,26467.5,40,385,53,855,2836,2879,2828,2880,2,30,38,07-27-202601:34:16,07-27-202601:35:05
Cable mnp,250,50,10,10,1,1,1,4,8,100,90,0.05,5,20,5,True,True,224.996,8,1500,1448,1448,0,24,21853.25,541,912,True,False,42.856,8,1500,1448,1425,0,24,25826.375,46,198,52,851,2830,2880,2832,2881,2,30,26,07-27-202601:24:31,07-27-202601:25:16
Cable mnp,250,50,10,10,1,1,1,4,8,100,90,0.05,5,20,5,True,True,225.114,8,1500,1448,1448,0,24,21770.875,570,990,True,False,44.603,8,1500,1448,1425,1,31,26333.875,46,216,50,887,2840,2876,2838,2877,2,31,69,07-27-202601:59:53,07-27-202602:00:38
Cable mnp,250,50,10,10,1,1,1,4,8,100,90,0.05,5,20,5,True,True,225.105,8,1500,1448,1448,0,24,21740.375,588,981,True,False,45.209,8,1500,1448,1424,0,24,26033.5,37,229,38,846,2839,2876,2831,2877,1,29,34,07-27-202601:31:03,07-27-202601:31:48
Cable mnp,250,50,10,10,1,1,1,4,8,100,90,0.05,5,20,5,True,True,224.993,8,1500,1448,1448,0,24,22402.875,459,1044,True,False,45.242,8,1500,1448,1424,0,24,25758.25,42,375,37,802,2838,2887,2832,2886,1,28,58,07-27-202601:50:58,07-27-202601:51:43
Cable mnp,250,50,10,10,1,1,1,4,8,100,90,0.05,5,20,5,True,True,224.998,8,1500,1448,1448,0,24,21710.5,590,975,True,False,44.730,8,1500,1448,1425,0,24,25905.75,43,472,44,853,2826,2880,2826,2879,2,30,30,07-27-202601:27:43,07-27-202601:28:28
Cable mnp,250,50,10,10,1,1,1,4,8,100,90,0.05,5,20,5,True,True,225.368,8,1500,1448,1448,0,24,21820.875,575,1026,True,False,45.972,8,1500,1448,1425,0,24,26109.125,53,288,67,888,2826,2876,2825,2876,2,31,70,07-27-202602:00:41,07-27-202602:01:26
Cable mnp,250,50,10,10,1,1,1,4,8,100,90,0.05,5,20,5,True,True,224.849,8,1500,1448,1448,0,24,21695.125,585,1002,True,False,44.497,8,1500,1448,1425,0,24,26184.5,37,387,43,855,2844,2877,2844,2878,2,30,24,07-27-202601:22:54,07-27-202601:23:39
Cable mnp,250,50,10,10,1,1,1,4,8,100,90,0.05,5,20,5,True,True,224.992,8,1500,1448,1448,0,24,22234.25,482,1044,True,False,44.714,8,1500,1448,1425,0,24,26152.125,37,446,45,884,2841,2877,2830,2878,2,31,52,07-27-202601:45:58,07-27-202601:46:46
Cable mnp,250,50,10,10,1,1,1,4,8,100,90,0.05,5,20,5,True,True,225.108,8,1500,1448,1448,0,24,21799,561,953,True,False,45.243,8,1500,1448,1424,0,24,26310.625,44,390,46,866,2838,2875,2826,2875,2,30,36,07-27-202601:32:40,07-27-202601:33:25
Cable mnp,250,50,10,10,1,1,1,4,8,100,90,0.05,5,20,5,True,True,224.869,8,1500,1448,1448,0,24,22064.75,503,1067,True,False,45.249,8,1500,1448,1424,0,24,26151.125,38,410,46,853,2844,2881,2839,2880,2,30,2,07-27-202601:04:50,07-27-202601:05:35
Cable mnp,250,50,10,10,1,1,1,4,8,100,90,0.05,5,20,5,True,True,224.611,8,1500,1448,1448,0,24,21736,568,952,True,False,44.615,8,1500,1448,1425,0,24,26382.625,46,465,43,843,2836,2879,2831,2879,2,29,5,07-27-202601:07:18,07-27-202601:08:03
Cable mnp,250,50,10,10,1,1,1,4,8,100,90,0.05,5,20,5,True,True,224.746,8,1500,1448,1448,0,24,21871.875,530,848,True,False,43.874,8,1500,1448,1424,0,24,26205.625,42,208,58,798,2835,2876,2830,2876,2,28,89,07-27-202602:16:07,07-27-202602:16:52
Cable mnp,250,50,10,10,1,1,1,4,8,100,90,0.05,5,20,5,True,True,225.050,8,1500,1448,1448,0,24,22303.75,466,1068,True,False,45.219,8,1500,1448,1424,0,24,26384,45,468,55,859,2831,2880,2828,2880,2,30,74,07-27-202602:03:54,07-27-202602:04:39
Cable mnp,250,50,10,10,1,1,1,4,8,100,90,0.05,5,20,5,True,True,224.728,8,1500,1448,1448,0,24,21851.75,554,932,True,False,45.363,8,1500,1448,1425,0,24,26713.375,50,373,57,824,2829,2875,2823,2875,2,29,91,07-27-202602:17:44,07-27-202602:18:33
Cable mnp,250,50,10,10,1,1,1,4,8,100,90,0.05,5,20,5,True,True,224.848,8,1500,1448,1448,0,24,22321.5,463,1048,True,False,44.243,8,1500,1448,1425,0,24,26562.625,39,210,46,783,2822,2880,2820,2882,2,27,53,07-27-202601:46:49,07-27-202601:47:34
Cable mnp,250,50,10,10,1,1,1,4,8,100,90,0.05,5,20,5,True,True,224.739,8,1500,1448,1448,0,24,22292.125,466,1062,True,False,44.978,8,1500,1448,1424,0,24,25936.25,38,122,48,801,2825,2881,2820,2880,2,28,21,07-27-202601:20:27,07-27-202601:21:12
Cable mnp,250,50,10,10,1,1,1,4,8,100,90,0.05,5,20,5,True,True,224.988,8,1500,1448,1448,0,24,21714.875,582,967,True,False,44.749,8,1500,1448,1424,0,25,25849.875,37,423,47,865,2834,2879,2840,2879,2,30,55,07-27-202601:48:26,07-27-202601:49:11
Cable mnp,250,50,10,10,1,1,1,4,8,100,90,0.05,5,20,5,True,True,225.308,8,1500,1448,1448,0,24,22218.125,477,1062,True,False,45.845,8,1500,1448,1425,0,24,26022.75,48,309,50,766,2841,2881,2833,2881,2,27,27,07-27-202601:25:19,07-27-202601:26:04
Cable mnp,250,50,10,10,1,1,1,4,8,100,90,0.05,5,20,5,True,True,224.855,8,1500,1448,1448,0,24,21746,572,999,True,False,45.477,8,1500,1448,1425,0,24,26145.125,48,271,63,859,2830,2876,2829,2876,2,30,77,07-27-202602:06:24,07-27-202602:07:09
Cable mnp,250,50,10,10,1,1,1,4,8,100,90,0.05,5,20,5,True,True,225.491,8,1500,1448,1448,0,24,22234.5,475,1080,True,False,43.082,8,1500,1448,1425,0,24,26154.875,37,410,48,890,2824,2880,2835,2881,2,31,85,07-27-202602:12:53,07-27-202602:13:39
Cable mnp,250,50,10,10,1,1,1,4,8,100,90,0.05,5,20,5,True,True,225.117,8,1500,1448,1448,0,24,22017.25,529,1044,True,False,44.372,8,1500,1448,1424,0,24,26191.625,48,139,55,866,2844,2878,2835,2879,2,30,86,07-27-202602:13:42,07-27-202602:14:27
Cable mnp,250,50,10,10,1,1,1,4,8,100,90,0.05,5,20,5,True,True,224.978,8,1500,1448,1448,0,24,21661.875,577,1004,True,False,43.485,8,1500,1448,1424,0,24,26316.875,41,182,41,862,2825,2877,2817,2878,1,30,18,07-27-202601:18:02,07-27-202601:18:47
Cable mnp,250,50,10,10,1,1,1,4,8,100,90,0.05,5,20,5,True,True,224.994,8,1500,1448,1448,0,24,21832.125,549,924,True,False,44.706,8,1500,1448,1424,0,24,26128.375,54,372,58,843,2824,2874,2832,2875,2,29,22,07-27-202601:21:15,07-27-202601:22:00
Cable mnp,250,50,10,10,1,1,1,4,8,100,90,0.05,5,20,5,True,True,225.491,8,1500,1448,1448,0,24,22237.75,471,1108,True,False,44.323,8,1500,1448,1424,0,24,26324.375,43,265,45,925,2843,2877,2841,2877,2,32,81,07-27-202602:09:40,07-27-202602:10:25
Cable mnp,250,50,10,10,1,1,1,4,8,100,90,0.05,5,20,5,True,True,224.995,8,1500,1448,1448,0,24,21855.5,566,924,True,False,44.490,8,1500,1448,1425,0,24,26231.25,38,121,43,823,2832,2877,2824,2877,2,29,64,07-27-202601:55:51,07-27-202601:56:36
Cable mnp,250,50,10,10,1,1,1,4,8,100,90,0.05,5,20,5,True,True,225.247,8,1500,1448,1448,0,24,21791.875,582,975,True,False,44.093,8,1500,1448,1425,0,24,26368.875,40,455,51,855,2837,2881,2835,2881,2,30,7,07-27-202601:08:54,07-27-202601:09:38
Cable mnp,250,50,10,10,1,1,1,4,8,100,90,0.05,5,20,5,True,True,225.108,8,1500,1448,1448,0,24,21803.125,569,947,True,False,44.860,8,1500,1448,1425,0,24,26120.375,37,109,43,870,2820,2880,2821,2881,2,30,76,07-27-202602:05:35,07-27-202602:06:20
Cable mnp,250,50,10,10,1,1,1,4,8,100,90,0.05,5,20,5,True,True,225.113,8,1500,1448,1448,0,24,22044.875,525,1040,True,False,44.097,8,1500,1448,1425,0,24,26338.75,55,457,63,904,2841,2875,2839,2874,2,31,98,07-27-202602:23:29,07-27-202602:24:17
Cable mnp,250,50,10,10,1,1,1,4,8,100,90,0.05,5,20,5,True,True,225.120,8,1500,1448,1448,0,24,21701.5,584,958,True,False,45.359,8,1500,1448,1425,0,24,26031.5,34,74,40,840,2832,2875,2821,2876,1,29,19,07-27-202601:18:50,07-27-202601:19:35
Cable mnp,250,50,10,10,1,1,1,4,8,100,90,0.05,5,20,5,True,True,224.993,8,1500,1448,1448,0,24,21994.875,512,1046,True,False,43.108,8,1500,1448,1425,0,24,26236.5,40,292,40,790,2831,2878,2829,2878,1,27,28,07-27-202601:26:08,07-27-202601:26:53
Cable mnp,250,50,10,10,1,1,1,4,8,100,90,0.05,5,20,5,True,True,224.743,8,1500,1448,1448,0,24,21580.75,620,1005,True,False,44.348,8,1500,1448,1424,0,24,25918.25,42,342,48,881,2823,2878,2816,2879,2,31,67,07-27-202601:58:16,07-27-202601:59:01
Cable mnp,250,50,10,10,1,1,1,4,8,100,90,0.05,5,20,5,True,True,225.121,8,1500,1448,1448,0,24,21864.375,538,925,True,False,43.449,8,1500,1448,1425,0,24,26360.5,40,193,52,844,2825,2881,2821,2880,2,29,61,07-27-202601:53:21,07-27-202601:54:11
Cable mnp,250,50,10,10,1,1,1,4,8,100,90,0.05,5,20,5,True,True,224.985,8,1500,1448,1448,0,24,21731.5,576,983,True,False,44.956,8,1500,1448,1424,0,27,25759.625,47,242,39,888,2838,2878,2837,2879,1,31,1,07-27-202601:04:02,07-27-202601:04:47
Cable mnp,250,50,10,10,1,1,1,4,8,100,90,0.05,5,20,5,True,True,224.992,8,1500,1448,1448,0,24,21740.5,567,927,True,False,44.456,8,1500,1448,1424,0,24,25904.75,39,385,40,808,2831,2877,2835,2878,1,28,66,07-27-202601:57:28,07-27-202601:58:13
Cable mnp,250,50,10,10,1,1,1,4,8,100,90,0.05,5,20,5,True,True,224.972,8,1500,1448,1448,0,24,21821,539,903,True,False,44.977,8,1500,1448,1425,0,24,26106,45,395,45,812,2840,2879,2837,2877,2,28,40,07-27-202601:35:59,07-27-202601:36:50
Cable mnp,250,50,10,10,1,1,1,4,8,100,90,0.05,5,20,5,True,True,225.116,8,1500,1448,1448,0,24,21740,576,993,True,False,44.724,8,1500,1448,1425,0,24,26248,53,240,49,860,2843,2880,2838,2880,2,30,73,07-27-202602:03:06,07-27-202602:03:51
Cable mnp,250,50,10,10,1,1,1,4,8,100,90,0.05,5,20,5,True,True,224.931,8,1500,1448,1448,0,24,21751.75,577,951,True,False,43.855,8,1500,1448,1425,0,24,26513.875,56,215,78,902,2826,2876,2822,2877,3,31,49,07-27-202601:43:29,07-27-202601:44:14
Cable mnp,250,50,10,10,1,1,1,4,8,100,90,0.05,5,20,5,True,True,225.113,8,1500,1448,1448,0,24,21848.75,563,992,True,False,43.863,8,1500,1448,1425,0,24,26347.25,40,307,51,848,2830,2880,2827,2881,2,29,60,07-27-202601:52:34,07-27-202601:53:18
Cable mnp,250,50,10,10,1,1,1,4,8,100,90,0.05,5,20,5,True,True,224.927,8,1500,1448,1448,0,24,21896.375,562,949,True,False,45.230,8,1500,1448,1425,0,24,26072.875,41,150,42,846,2839,2880,2826,2880,1,29,41,07-27-202601:36:54,07-27-202601:37:39
Cable mnp,250,50,10,10,1,1,1,4,8,100,90,0.05,5,20,5,True,True,224.987,8,1500,1448,1448,0,24,21985.25,516,1062,True,False,44.245,8,1500,1448,1425,0,24,25820.625,46,114,53,872,2837,2876,2834,2877,2,30,10,07-27-202601:11:23,07-27-202601:12:08
Cable mnp,250,50,10,10,1,1,1,4,8,100,90,0.05,5,20,5,True,True,224.862,8,1500,1448,1448,0,24,21828.375,529,940,True,False,44.979,8,1500,1448,1424,0,24,26519.5,36,208,43,829,2833,2878,2821,2878,2,29,37,07-27-202601:33:28,07-27-202601:34:13
Cable mnp,250,50,10,10,1,1,1,4,8,100,90,0.05,5,20,5,True,True,225.243,8,1500,1448,1448,0,24,21777,573,976,True,False,43.624,8,1500,1448,1425,0,24,26420.25,47,285,56,907,2828,2877,2821,2875,2,32,100,07-27-202602:25:11,07-27-202602:26:01
Cable mnp,250,50,10,10,1,1,1,4,8,100,90,0.05,5,20,5,True,True,225.225,8,1500,1448,1448,0,24,21771.25,564,994,True,False,43.375,8,1500,1448,1424,0,24,26447.75,45,306,49,862,2841,2877,2839,2877,2,30,35,07-27-202601:31:51,07-27-202601:32:36
Cable mnp,250,50,10,10,1,1,1,4,8,100,90,0.05,5,20,5,True,True,224.864,8,1500,1448,1448,0,24,21770.5,574,975,True,False,45.211,8,1500,1448,1424,0,24,26174.5,36,124,36,882,2832,2877,2826,2877,1,31,11,07-27-202601:12:11,07-27-202601:12:56
Cable mnp,250,50,10,10,1,1,1,4,8,100,90,0.05,5,20,5,True,True,225.240,8,1500,1448,1448,0,24,22302.125,468,1080,True,False,42.982,8,1500,1448,1425,0,24,26069,34,471,37,904,2830,2879,2824,2879,1,31,94,07-27-202602:20:16,07-27-202602:21:01
Cable mnp,250,50,10,10,1,1,1,4,8,100,90,0.05,5,20,5,True,True,224.868,8,1500,1448,1448,0,24,21831.5,562,932,True,False,43.340,8,1500,1448,1424,0,24,26418.875,37,208,42,850,2835,2880,2830,2880,1,29,87,07-27-202602:14:31,07-27-202602:15:16
Cable mnp,250,50,10,10,1,1,1,4,8,100,90,0.05,5,20,5,True,True,225.235,8,1500,1448,1448,0,24,21684.875,584,986,True,False,45.000,8,1500,1448,1424,0,24,26478.75,46,172,55,870,2836,2876,2826,2876,2,30,90,07-27-202602:16:55,07-27-202602:17:40
Cable mnp,250,50,10,10,1,1,1,4,8,100,90,0.05,5,20,5,True,True,225.118,8,1500,1448,1448,0,24,22373.625,461,1065,True,False,44.709,8,1500,1448,1424,0,24,26186.625,46,428,52,841,2838,2880,2830,2880,2,29,6,07-27-202601:08:06,07-27-202601:08:51
Cable mnp,250,50,10,10,1,1,1,4,8,100,90,0.05,5,20,5,True,True,224.866,8,1500,1448,1448,0,24,21666.125,586,1004,True,False,43.848,8,1500,1448,1424,0,24,26270.75,45,258,45,870,2833,2879,2826,2880,2,30,25,07-27-202601:23:43,07-27-202601:24:28
Cable mnp,250,50,10,10,1,1,1,4,8,100,90,0.05,5,20,5,True,True,225.115,8,1500,1448,1448,0,24,22257.375,463,1060,True,False,45.835,8,1500,1448,1424,0,24,26087.875,42,222,42,923,2826,2879,2823,2880,1,32,65,07-27-202601:56:39,07-27-202601:57:24
Cable mnp,250,50,10,10,1,1,1,4,8,100,90,0.05,5,20,5,True,True,224.855,8,1500,1448,1448,0,24,21848.5,579,982,True,False,44.110,8,1500,1448,1424,0,24,26283.625,33,101,42,898,2846,2876,2841,2877,1,31,54,07-27-202601:47:38,07-27-202601:48:23
Cable mnp,250,50,10,10,1,1,1,4,8,100,90,0.05,5,20,5,True,True,225.115,8,1500,1448,1448,0,24,21676.375,582,979,True,False,44.711,8,1500,1448,1425,0,24,26452.875,42,231,47,850,2835,2876,2832,2877,2,30,39,07-27-202601:35:08,07-27-202601:35:56
Cable mnp,250,50,10,10,1,1,1,4,8,100,90,0.05,5,20,5,True,True,225.119,8,1500,1448,1448,0,24,21790.375,566,994,True,False,45.222,8,1500,1448,1424,0,24,26537.75,33,377,51,846,2833,2877,2823,2876,2,29,3,07-27-202601:05:38,07-27-202601:06:23
Cable mnp,250,50,10,10,1,1,1,4,8,100,90,0.05,5,20,5,True,True,225.364,8,1500,1448,1448,0,24,22217.5,473,1099,True,False,45.832,8,1500,1448,1425,0,24,25839.25,38,190,47,964,2830,2877,2822,2878,2,34,97,07-27-202602:22:40,07-27-202602:23:25
Cable mnp,250,50,10,10,1,1,1,4,8,100,90,0.05,5,20,5,True,True,225.117,8,1500,1448,1448,0,24,21888.75,567,899,True,False,44.962,8,1500,1448,1424,0,24,26217,45,474,54,831,2830,2880,2821,2881,2,29,33,07-27-202601:30:12,07-27-202601:31:00
Cable mnp,250,50,10,10,1,1,1,4,8,100,90,0.05,5,20,5,True,True,225.111,8,1500,1448,1448,0,24,21689.125,581,969,True,False,44.622,8,1500,1448,1424,0,24,26522,35,384,46,864,2821,2878,2817,2878,2,30,47,07-27-202601:41:43,07-27-202601:42:32
Cable mnp,250,50,10,10,1,1,1,4,8,100,90,0.05,5,20,5,True,True,224.864,8,1500,1448,1448,0,24,21768.25,558,913,True,False,46.125,8,1500,1448,1425,0,24,25811.25,41,304,40,827,2830,2880,2824,2881,1,29,96,07-27-202602:21:52,07-27-202602:22:37
Cable mnp,250,50,10,10,1,1,1,4,8,100,90,0.05,5,20,5,True,True,224.854,8,1500,1448,1448,0,24,21910.25,557,930,True,False,44.623,8,1500,1448,1425,0,24,26036,54,195,57,824,2831,2880,2831,2881,2,29,72,07-27-202602:02:17,07-27-202602:03:02
Cable mnp,250,50,10,10,1,1,1,4,8,100,90,0.05,5,20,5,True,True,225.232,8,1500,1448,1448,0,24,21754.375,566,980,True,False,42.863,8,1500,1448,1424,0,24,26793.625,40,265,45,838,2839,2877,2835,2878,2,29,16,07-27-202601:16:21,07-27-202601:17:06
Cable mnp,250,50,10,10,1,1,1,4,8,100,90,0.05,5,20,5,True,True,225.232,8,1500,1448,1448,0,24,22195.75,470,1086,True,False,45.496,8,1500,1448,1425,0,24,26151.125,62,191,46,807,2834,2878,2829,2878,2,28,8,07-27-202601:09:42,07-27-202601:10:31
Cable mnp,250,50,10,10,1,1,1,4,8,100,90,0.05,5,20,5,True,True,225.237,8,1500,1448,1448,0,24,21773.875,571,954,True,False,43.615,8,1500,1448,1424,0,24,25881.125,44,201,49,826,2839,2879,2837,2879,2,29,14,07-27-202601:14:36,07-27-202601:15:25
Cable mnp,250,50,10,10,1,1,1,4,8,100,90,0.05,5,20,5,True,True,225.241,8,1500,1448,1448,0,24,22280,462,1027,True,False,45.457,8,1500,1448,1425,0,24,26170.125,51,360,51,817,2825,2879,2822,2879,2,28,82,07-27-202602:10:28,07-27-202602:11:13
Cable mnp,250,50,10,10,1,1,1,4,8,100,90,0.05,5,20,5,True,True,225.231,8,1500,1448,1448,0,24,21889.5,544,958,True,False,45.214,8,1500,1448,1424,0,24,26051.125,36,188,42,828,2832,2877,2824,2878,1,29,45,07-27-202601:40:06,07-27-202601:40:51
Cable mnp,250,50,10,10,1,1,1,4,8,100,90,0.05,5,20,5,True,True,224.999,8,1500,1448,1448,0,24,21751.25,593,952,True,False,43.870,8,1500,1448,1424,0,24,26405.25,45,391,61,854,2837,2879,2844,2880,2,30,43,07-27-202601:38:30,07-27-202601:39:15
Cable mnp,250,50,10,10,1,1,1,4,8,100,90,0.05,5,20,5,True,True,224.931,8,1500,1448,1448,0,24,21671.125,575,974,True,False,43.617,8,1500,1448,1424,0,24,26309.875,34,168,37,844,2831,2877,2819,2877,1,29,83,07-27-202602:11:16,07-27-202602:12:01
Cable mnp,250,50,10,10,1,1,1,4,8,100,90,0.05,5,20,5,True,True,225.371,8,1500,1448,1448,0,24,21667.75,576,980,True,False,42.842,8,1500,1448,1424,0,24,26270.875,59,360,38,869,2828,2874,2823,2875,1,30,63,07-27-202601:55:03,07-27-202601:55:48
Cable mnp,250,50,10,10,1,1,1,4,8,100,90,0.05,5,20,5,True,True,224.989,8,1500,1448,1448,0,24,21913.5,536,1061,True,False,44.108,8,1500,1448,1424,0,24,26192.375,31,463,40,865,2845,2879,2845,2880,1,30,80,07-27-202602:08:48,07-27-202602:09:37
Cable mnp,250,50,10,10,1,1,1,4,8,100,90,0.05,5,20,5,True,True,224.993,8,1500,1448,1448,0,24,22147.75,500,1071,True,False,43.986,8,1500,1448,1425,0,24,26138,39,320,46,960,2825,2880,2829,2880,2,33,59,07-27-202601:51:46,07-27-202601:52:31
Cable mnp,250,50,10,10,1,1,1,4,8,100,90,0.05,5,20,5,True,True,225.111,8,1500,1448,1448,0,24,22305.125,470,1028,True,False,45.082,8,1500,1448,1424,0,24,25406.5,47,482,51,817,2837,2876,2829,2876,2,28,15,07-27-202601:15:28,07-27-202601:16:18
Cable mnp,250,50,10,10,1,1,1,4,8,100,90,0.05,5,20,5,True,True,225.040,8,1500,1448,1448,0,24,21706.875,581,973,True,False,41.968,8,1500,1448,1423,0,24,26392,45,201,62,877,2842,2880,2841,2880,2,30,71,07-27-202602:01:29,07-27-202602:02:14
Cable mnp,250,50,10,10,1,1,1,4,8,100,90,0.05,5,20,5,True,True,224.734,8,1500,1448,1448,0,24,22219.125,479,1041,True,False,45.120,8,1500,1448,1425,0,24,26006.75,68,331,82,926,2837,2881,2831,2882,3,32,42,07-27-202601:37:42,07-27-202601:38:27
Cable mnp,250,50,10,10,1,1,1,4,8,100,90,0.05,5,20,5,True,True,225.238,8,1500,1448,1448,0,24,21869.125,560,940,True,False,45.444,8,1500,1448,1425,0,24,26263,44,489,43,827,2835,2879,2828,2879,2,29,51,07-27-202601:45:06,07-27-202601:45:55
Cable mnp,250,50,10,10,1,1,1,4,8,100,90,0.05,5,20,5,True,True,224.960,8,1500,1448,1448,0,24,21664.625,592,948,True,False,44.375,8,1500,1448,1425,0,24,26034.375,35,289,40,840,2828,2877,2825,2878,1,29,57,07-27-202601:50:02,07-27-202601:50:54
Cable mnp,250,50,10,10,1,1,1,4,8,100,90,0.05,5,20,5,True,True,224.858,8,1500,1448,1448,0,24,21757.375,575,992,True,False,42.975,8,1500,1448,1424,0,24,26253,63,335,76,878,2818,2876,2815,2876,3,31,88,07-27-202602:15:19,07-27-202602:16:04
Cable mnp,250,50,10,10,1,1,1,4,8,100,90,0.05,5,20,5,True,True,224.871,8,1500,1448,1448,0,24,21628.375,638,992,True,False,43.702,8,1500,1448,1424,0,24,26235.875,35,462,45,901,2826,2876,2822,2876,2,31,4,07-27-202601:06:27,07-27-202601:07:15
Cable mnp,250,50,10,10,1,1,1,4,8,100,90,0.05,5,20,5,True,True,224.989,8,1500,1448,1448,0,24,21736.75,580,989,True,False,44.098,8,1500,1448,1425,0,24,26143,45,216,57,866,2842,2878,2842,2877,2,30,12,07-27-202601:12:59,07-27-202601:13:44
Cable mnp,250,50,10,10,1,1,1,4,1,100,90,0.05,5,20,5,True,True,225.357,1,1500,1448,1448,0,3,20922,1248,1621,True,False,44.122,1,1500,1448,1425,0,3,21630,+Inf,NaN,17,1602,2840,2879,2837,2879,1,56,79,07-27-202600:46:12,07-27-202600:46:57
Cable mnp,250,50,10,10,1,1,1,4,1,100,90,0.05,5,20,5,True,True,225.363,1,1500,1448,1448,0,3,20978,1241,1617,True,False,44.121,1,1500,1448,1425,0,3,21783,+Inf,NaN,20,1598,2843,2879,2838,2880,1,55,50,07-27-202600:22:19,07-27-202600:23:04
Cable mnp,250,50,10,10,1,1,1,4,1,100,90,0.05,5,20,5,True,True,225.363,1,1500,1448,1448,0,3,20974,1246,1621,True,False,43.119,1,1500,1448,1425,0,3,21585,+Inf,NaN,18,1600,2831,2877,2828,2877,1,56,23,07-26-202623:59:33,07-27-202600:00:18
Cable mnp,250,50,10,10,1,1,1,4,1,100,90,0.05,5,20,5,True,True,225.496,1,1500,1448,1448,0,3,21462,1232,1607,True,False,44.358,1,1500,1448,1424,0,3,21318,+Inf,NaN,19,1595,2827,2878,2820,2878,1,55,68,07-27-202600:37:10,07-27-202600:37:59
Cable mnp,250,50,10,10,1,1,1,4,1,100,90,0.05,5,20,5,True,True,225.362,1,1500,1448,1448,0,3,20969,1244,1612,True,False,43.120,1,1500,1448,1425,0,3,21565,+Inf,NaN,21,1592,2823,2879,2818,2880,1,55,92,07-27-202600:56:45,07-27-202600:57:30
Cable mnp,250,50,10,10,1,1,1,4,1,100,90,0.05,5,20,5,True,True,225.370,1,1500,1448,1448,0,3,20961,1237,1628,True,False,45.248,1,1500,1448,1424,0,3,21478,+Inf,NaN,18,1598,2840,2881,2838,2882,1,55,95,07-27-202600:59:13,07-27-202600:59:58
Cable mnp,250,50,10,10,1,1,1,4,1,100,90,0.05,5,20,5,True,True,225.365,1,1500,1448,1448,0,3,21453,1228,1614,True,False,44.966,1,1500,1448,1425,0,3,21481,+Inf,NaN,18,1603,2815,2875,2815,2875,1,56,46,07-27-202600:18:55,07-27-202600:19:40
Cable mnp,250,50,10,10,1,1,1,4,1,100,90,0.05,5,20,5,True,True,225.365,1,1500,1448,1448,0,3,20956,1239,1620,True,False,44.952,1,1500,1448,1425,0,3,21484,+Inf,NaN,22,1607,2820,2877,2819,2877,1,56,93,07-27-202600:57:33,07-27-202600:58:22
Cable mnp,250,50,10,10,1,1,1,4,1,100,90,0.05,5,20,5,True,True,225.488,1,1500,1448,1448,0,3,20915,1240,1624,True,False,44.964,1,1500,1448,1424,0,3,21506,+Inf,NaN,29,1609,2842,2874,2842,2875,1,56,17,07-26-202623:54:22,07-26-202623:55:14
Cable mnp,250,50,10,10,1,1,1,4,1,100,90,0.05,5,20,5,True,True,225.431,1,1500,1448,1448,0,3,21355,1237,1607,True,False,43.844,1,1500,1448,1425,0,3,21556,+Inf,NaN,18,1589,2832,2881,2829,2882,1,55,29,07-27-202600:04:32,07-27-202600:05:17
Cable mnp,250,50,10,10,1,1,1,4,1,100,90,0.05,5,20,5,True,True,225.363,1,1500,1448,1448,0,3,21440,1226,1599,True,False,44.231,1,1500,1448,1425,0,3,21457,+Inf,NaN,23,1591,2822,2880,2818,2879,1,55,20,07-26-202623:56:53,07-26-202623:57:38
Cable mnp,250,50,10,10,1,1,1,4,1,100,90,0.05,5,20,5,True,True,225.494,1,1500,1448,1448,0,3,20914,1238,1619,True,False,44.966,1,1500,1448,1425,0,3,21648,+Inf,NaN,19,1594,2829,2877,2823,2878,1,55,31,07-27-202600:06:09,07-27-202600:07:00
Cable mnp,250,50,10,10,1,1,1,4,1,100,90,0.05,5,20,5,True,True,225.365,1,1500,1448,1448,0,3,20958,1233,1622,True,False,44.242,1,1500,1448,1425,0,3,21221,+Inf,NaN,26,1597,2841,2878,2835,2878,1,56,84,07-27-202600:50:14,07-27-202600:50:59
Cable mnp,250,50,10,10,1,1,1,4,1,100,90,0.05,5,20,5,True,True,225.359,1,1500,1448,1448,0,3,21413,1229,1612,True,False,44.459,1,1500,1448,1425,0,3,21492,+Inf,NaN,19,1597,2838,2878,2836,2879,1,55,13,07-26-202623:51:09,07-26-202623:51:54
Cable mnp,250,50,10,10,1,1,1,4,1,100,90,0.05,5,20,5,True,True,225.490,1,1500,1448,1448,0,3,20965,1241,1614,True,False,43.247,1,1500,1448,1425,0,3,21478,+Inf,NaN,19,1593,2839,2875,2833,2875,1,55,62,07-27-202600:32:07,07-27-202600:32:56
Cable mnp,250,50,10,10,1,1,1,4,1,100,90,0.05,5,20,5,True,True,225.489,1,1500,1448,1448,0,3,21359,1229,1610,True,False,43.080,1,1500,1448,1425,0,3,21491,+Inf,NaN,19,1595,2842,2878,2838,2879,1,55,75,07-27-202600:42:59,07-27-202600:43:45
Cable mnp,250,50,10,10,1,1,1,4,1,100,90,0.05,5,20,5,True,True,225.244,1,1500,1448,1448,0,3,20961,1237,1620,True,False,44.230,1,1500,1448,1424,0,3,21514,+Inf,NaN,18,1600,2846,2880,2845,2881,1,56,9,07-26-202623:47:56,07-26-202623:48:41
Cable mnp,250,50,10,10,1,1,1,4,1,100,90,0.05,5,20,5,True,True,225.357,1,1500,1448,1448,0,3,20959,1238,1615,True,False,44.972,1,1500,1448,1425,0,3,21790,+Inf,NaN,18,1597,2826,2878,2831,2879,1,55,44,07-27-202600:17:14,07-27-202600:18:01
Cable mnp,250,50,10,10,1,1,1,4,1,100,90,0.05,5,20,5,True,False,225.486,1,1500,1448,1448,0,3,20866,1242,1625,True,False,44.835,1,1500,1448,1425,0,3,21530,+Inf,NaN,26,1613,2834,2878,2824,2879,1,56,48,07-27-202600:20:35,07-27-202600:21:28
Cable mnp,250,50,10,10,1,1,1,4,1,100,90,0.05,5,20,5,True,True,225.420,1,1500,1448,1448,0,3,20969,1236,1615,True,False,45.488,1,1500,1448,1424,1,49,21501,+Inf,NaN,27,1599,2827,2879,2827,2879,1,56,99,07-27-202601:02:25,07-27-202601:03:10
Cable mnp,250,50,10,10,1,1,1,4,1,100,90,0.05,5,20,5,True,True,225.363,1,1500,1448,1448,0,3,20924,1247,1618,True,False,43.733,1,1500,1448,1425,0,3,21576,+Inf,NaN,20,1601,2837,2878,2832,2878,1,56,56,07-27-202600:27:10,07-27-202600:27:55
Cable mnp,250,50,10,10,1,1,1,4,1,100,90,0.05,5,20,5,True,True,225.488,1,1500,1448,1448,0,3,21357,1235,1609,True,False,45.493,1,1500,1448,1424,0,3,21585,+Inf,NaN,21,1597,2832,2876,2832,2876,1,56,32,07-27-202600:07:03,07-27-202600:07:48
Cable mnp,250,50,10,10,1,1,1,4,1,100,90,0.05,5,20,5,True,True,225.363,1,1500,1448,1448,0,3,20964,1239,1620,True,False,45.223,1,1500,1448,1425,0,3,21658,+Inf,NaN,28,1605,2836,2878,2832,2879,1,56,78,07-27-202600:45:24,07-27-202600:46:09
Cable mnp,250,50,10,10,1,1,1,4,1,100,90,0.05,5,20,5,True,True,225.367,1,1500,1448,1448,0,3,20962,1241,1622,False,False,44.732,1,1500,1448,1424,0,3,21526,+Inf,NaN,16,1603,2838,2874,2840,2875,1,56,38,07-27-202600:12:08,07-27-202600:13:08
Cable mnp,250,50,10,10,1,1,1,4,1,100,90,0.05,5,20,5,True,True,225.365,1,1500,1448,1448,0,3,21360,1229,1604,True,False,45.106,1,1500,1448,1425,0,3,21581,24,NaN,32,1596,2828,2878,2827,2879,1,55,26,07-27-202600:02:02,07-27-202600:02:47
Cable mnp,250,50,10,10,1,1,1,4,1,100,90,0.05,5,20,5,True,True,225.366,1,1500,1448,1448,0,3,20964,1238,1616,True,False,45.089,1,1500,1448,1425,0,3,21579,+Inf,NaN,17,1595,2830,2878,2826,2875,1,55,69,07-27-202600:38:02,07-27-202600:38:47
Cable mnp,250,50,10,10,1,1,1,4,1,100,90,0.05,5,20,5,True,True,225.355,1,1500,1448,1448,0,3,21447,1237,1607,True,False,45.108,1,1500,1448,1424,0,3,21539,+Inf,NaN,22,1600,2838,2880,2827,2881,1,56,34,07-27-202600:08:41,07-27-202600:09:26
Cable mnp,250,50,10,10,1,1,1,4,1,100,90,0.05,5,20,5,True,True,225.429,1,1500,1448,1448,0,3,20951,1239,1624,True,False,43.984,1,1500,1448,1425,0,3,21480,+Inf,NaN,17,1604,2838,2876,2831,2877,1,56,58,07-27-202600:28:50,07-27-202600:29:35
Cable mnp,250,50,10,10,1,1,1,4,1,100,90,0.05,5,20,5,True,True,225.370,1,1500,1448,1448,0,3,21378,1233,1609,True,False,43.207,1,1500,1448,1424,0,3,21551,+Inf,NaN,17,1599,2829,2877,2843,2877,1,56,30,07-27-202600:05:21,07-27-202600:06:06
Cable mnp,250,50,10,10,1,1,1,4,1,100,90,0.05,5,20,5,True,True,225.365,1,1500,1448,1448,0,3,20913,1243,1622,True,False,44.952,1,1500,1448,1424,0,3,21468,+Inf,NaN,22,1604,2842,2877,2836,2877,1,56,70,07-27-202600:38:50,07-27-202600:39:35
Cable mnp,250,50,10,10,1,1,1,4,1,100,90,0.05,5,20,5,True,True,225.489,1,1500,1448,1448,0,3,21438,1224,1652,True,False,45.487,1,1500,1448,1425,0,3,21579,62,534,94,1637,2842,2872,2840,2873,3,57,24,07-27-202600:00:21,07-27-202600:01:06
Cable mnp,250,50,10,10,1,1,1,4,1,100,90,0.05,5,20,5,True,True,225.360,1,1500,1448,1448,0,3,21214,1239,1615,True,False,44.356,1,1500,1448,1424,0,3,21505,+Inf,NaN,17,1592,2833,2878,2830,2878,1,55,52,07-27-202600:23:56,07-27-202600:24:42
Cable mnp,250,50,10,10,1,1,1,4,1,100,90,0.05,5,20,5,True,True,225.482,1,1500,1448,1448,0,3,20918,1252,1629,True,False,45.108,1,1500,1448,1424,0,3,21528,27,29,28,1610,2833,2878,2831,2879,1,56,36,07-27-202600:10:33,07-27-202600:11:17
Cable mnp,250,50,10,10,1,1,1,4,1,100,90,0.05,5,20,5,True,True,225.491,1,1500,1448,1448,0,3,20916,1241,1618,True,False,44.617,1,1500,1448,1425,0,3,21587,31,42,40,1607,2828,2880,2825,2881,1,56,2,07-26-202623:41:53,07-26-202623:42:42
Cable mnp,250,50,10,10,1,1,1,4,1,100,90,0.05,5,20,5,True,True,225.370,1,1500,1448,1448,0,3,21393,1230,1626,True,False,44.359,1,1500,1448,1424,0,3,21573,+Inf,NaN,23,1600,2833,2882,2828,2883,1,55,5,07-26-202623:44:21,07-26-202623:45:09
Cable mnp,250,50,10,10,1,1,1,4,1,100,90,0.05,5,20,5,True,True,225.369,1,1500,1448,1448,0,3,20958,1240,1622,True,False,43.583,1,1500,1448,1425,0,3,21238,+Inf,NaN,24,1609,2832,2879,2831,2879,1,56,89,07-27-202600:54:19,07-27-202600:55:04
Cable mnp,250,50,10,10,1,1,1,4,1,100,90,0.05,5,20,5,True,True,225.368,1,1500,1448,1448,0,3,21404,1231,1601,True,False,43.837,1,1500,1448,1424,1,16,21603,+Inf,NaN,17,1587,2843,2878,2828,2878,1,55,74,07-27-202600:42:10,07-27-202600:42:55
Cable mnp,250,50,10,10,1,1,1,4,1,100,90,0.05,5,20,5,True,True,225.352,1,1500,1448,1448,0,3,20969,1243,1619,True,False,45.236,1,1500,1448,1425,0,3,21474,+Inf,NaN,22,1603,2831,2877,2824,2877,1,56,91,07-27-202600:55:56,07-27-202600:56:41
Cable mnp,250,50,10,10,1,1,1,4,1,100,90,0.05,5,20,5,True,True,225.363,1,1500,1448,1448,0,3,21221,1230,1611,True,False,44.213,1,1500,1448,1424,0,3,21532,+Inf,NaN,22,1594,2836,2877,2832,2878,1,55,53,07-27-202600:24:45,07-27-202600:25:30
Cable mnp,250,50,10,10,1,1,1,4,1,100,90,0.05,5,20,5,True,True,225.242,1,1500,1448,1448,0,3,21468,1226,1607,False,False,44.484,1,1500,1448,1425,0,3,21578,+Inf,NaN,16,1589,2828,2877,2824,2876,1,55,21,07-26-202623:57:41,07-26-202623:58:41
Cable mnp,250,50,10,10,1,1,1,4,1,100,90,0.05,5,20,5,True,True,225.370,1,1500,1448,1448,1,3,21353,1231,1608,True,False,44.477,1,1500,1448,1424,1,4,21509,+Inf,NaN,18,1589,2828,2876,2823,2876,1,55,55,07-27-202600:26:21,07-27-202600:27:06
Cable mnp,250,50,10,10,1,1,1,4,1,100,90,0.05,5,20,5,True,True,225.366,1,1500,1448,1448,0,3,20959,1250,1615,True,False,43.119,1,1500,1448,1425,0,3,21611,+Inf,NaN,19,1595,2844,2876,2844,2876,1,55,27,07-27-202600:02:50,07-27-202600:03:38
Cable mnp,250,50,10,10,1,1,1,4,1,100,90,0.05,5,20,5,True,True,225.369,1,1500,1448,1448,0,3,21411,1236,1607,True,False,43.346,1,1500,1448,1424,0,3,21480,+Inf,NaN,18,1598,2833,2881,2828,2881,1,55,77,07-27-202600:44:36,07-27-202600:45:21
Cable mnp,250,50,10,10,1,1,1,4,1,100,90,0.05,5,20,5,True,True,225.488,1,1500,1448,1448,0,3,21451,1228,1619,True,False,43.243,1,1500,1448,1424,0,3,21485,29,34,35,1613,2841,2881,2840,2882,1,56,85,07-27-202600:51:03,07-27-202600:51:48
Cable mnp,250,50,10,10,1,1,1,4,1,100,90,0.05,5,20,5,True,True,225.485,1,1500,1448,1448,0,3,20958,1244,1614,True,False,43.737,1,1500,1448,1424,0,3,21454,+Inf,NaN,24,1597,2844,2876,2843,2875,1,56,86,07-27-202600:51:51,07-27-202600:52:36
Cable mnp,250,50,10,10,1,1,1,4,1,100,90,0.05,5,20,5,True,True,225.487,1,1500,1448,1448,0,3,20927,1244,1615,True,False,44.998,1,1500,1448,1424,0,3,21492,+Inf,NaN,25,1599,2841,2879,2838,2880,1,56,18,07-26-202623:55:17,07-26-202623:56:02
Cable mnp,250,50,10,10,1,1,1,4,1,100,90,0.05,5,20,5,True,True,225.428,1,1500,1448,1448,0,3,20812,1246,1621,True,False,44.243,1,1500,1448,1424,0,3,21482,+Inf,NaN,18,1605,2842,2879,2830,2880,1,56,22,07-26-202623:58:45,07-26-202623:59:30
Cable mnp,250,50,10,10,1,1,1,4,1,100,90,0.05,5,20,5,True,True,225.494,1,1500,1448,1448,0,3,21255,1231,1658,True,False,44.989,1,1500,1448,1425,0,3,21497,+Inf,NaN,18,1623,2843,2876,2839,2877,1,56,81,07-27-202600:47:49,07-27-202600:48:33
Cable mnp,250,50,10,10,1,1,1,4,1,100,90,0.05,5,20,5,True,True,225.356,1,1500,1448,1448,0,3,20963,1243,1620,True,False,44.622,1,1500,1448,1424,0,3,21447,+Inf,NaN,17,1594,2835,2878,2835,2879,1,55,64,07-27-202600:33:55,07-27-202600:34:40
Cable mnp,250,50,10,10,1,1,1,4,1,100,90,0.05,5,20,5,True,True,225.487,1,1500,1448,1448,0,3,20964,1242,1619,True,False,45.119,1,1500,1448,1425,0,3,21457,+Inf,NaN,20,1602,2838,2879,2831,2879,1,56,7,07-26-202623:46:16,07-26-202623:47:05
Cable mnp,250,50,10,10,1,1,1,4,1,100,90,0.05,5,20,5,True,True,225.363,1,1500,1448,1448,0,3,20964,1242,1617,True,False,45.336,1,1500,1448,1425,0,3,21470,+Inf,NaN,29,1602,2832,2877,2823,2877,1,56,76,07-27-202600:43:48,07-27-202600:44:33
Cable mnp,250,50,10,10,1,1,1,4,1,100,90,0.05,5,20,5,True,True,225.235,1,1500,1448,1448,0,3,21384,1233,1608,True,False,45.345,1,1500,1448,1425,0,3,21508,+Inf,NaN,20,1590,2838,2880,2833,2881,1,55,98,07-27-202601:01:37,07-27-202601:02:22
Cable mnp,250,50,10,10,1,1,1,4,1,100,90,0.05,5,20,5,True,True,225.363,1,1500,1448,1448,0,3,20925,1242,1625,True,False,43.728,1,1500,1448,1425,0,3,21546,+Inf,NaN,18,1600,2839,2879,2838,2879,1,56,19,07-26-202623:56:05,07-26-202623:56:50
Cable mnp,250,50,10,10,1,1,1,4,1,100,90,0.05,5,20,5,True,True,225.421,1,1500,1448,1448,0,3,21009,1238,1618,True,False,44.862,1,1500,1448,1424,0,3,21374,+Inf,NaN,17,1604,2831,2876,2825,2875,1,56,28,07-27-202600:03:41,07-27-202600:04:29
Cable mnp,250,50,10,10,1,1,1,4,1,100,90,0.05,5,20,5,True,True,225.371,1,1500,1448,1448,0,3,21451,1233,1615,True,False,43.372,1,1500,1448,1424,1,4,21580,+Inf,NaN,19,1600,2838,2880,2833,2879,1,56,67,07-27-202600:36:22,07-27-202600:37:07
Cable mnp,250,50,10,10,1,1,1,4,1,100,90,0.05,5,20,5,True,True,225.371,1,1500,1448,1448,0,3,20957,1243,1620,True,False,44.589,1,1500,1448,1425,0,3,21489,56,643,85,1614,2833,2876,2828,2876,3,56,61,07-27-202600:31:19,07-27-202600:32:04
Cable mnp,250,50,10,10,1,1,1,4,1,100,90,0.05,5,20,5,True,True,225.367,1,1500,1448,1448,0,3,20925,1235,1621,True,False,43.210,1,1500,1448,1424,0,3,21450,+Inf,NaN,23,1599,2828,2881,2822,2882,1,55,1,07-26-202623:41:04,07-26-202623:41:49
Cable mnp,250,50,10,10,1,1,1,4,1,100,90,0.05,5,20,5,True,True,225.361,1,1500,1448,1448,0,3,21454,1234,1609,True,False,44.351,1,1500,1448,1425,0,3,21471,+Inf,NaN,26,1599,2826,2876,2825,2877,1,56,66,07-27-202600:35:31,07-27-202600:36:18
Cable mnp,250,50,10,10,1,1,1,4,1,100,90,0.05,5,20,5,True,True,225.432,1,1500,1448,1448,0,3,20957,1242,1617,True,False,44.608,1,1500,1448,1425,0,3,21570,+Inf,NaN,18,1593,2836,2878,2831,2879,1,55,40,07-27-202600:14:00,07-27-202600:14:44
Cable mnp,250,50,10,10,1,1,1,4,1,100,90,0.05,5,20,5,True,False,225.552,1,1500,1448,1448,0,3,21448,1236,1604,True,False,44.365,1,1500,1448,1424,0,3,21530,+Inf,NaN,18,1595,2830,2877,2823,2877,1,55,73,07-27-202600:41:14,07-27-202600:42:07
Cable mnp,250,50,10,10,1,1,1,4,1,100,90,0.05,5,20,5,True,True,225.362,1,1500,1448,1448,0,3,20929,1248,1617,True,False,42.853,1,1500,1448,1424,0,3,21514,+Inf,NaN,19,1595,2833,2877,2829,2878,1,55,49,07-27-202600:21:31,07-27-202600:22:16
Cable mnp,250,50,10,10,1,1,1,4,1,100,90,0.05,5,20,5,True,True,225.482,1,1500,1448,1448,0,3,20961,1245,1624,True,False,44.712,1,1500,1448,1424,0,3,21475,+Inf,NaN,19,1598,2824,2878,2826,2878,1,56,60,07-27-202600:30:31,07-27-202600:31:16
Cable mnp,250,50,10,10,1,1,1,4,1,100,90,0.05,5,20,5,True,True,225.347,1,1500,1448,1448,1,3,21202,1233,1617,True,False,45.089,1,1500,1448,1425,0,3,21323,+Inf,NaN,19,1602,2826,2875,2822,2876,1,56,41,07-27-202600:14:47,07-27-202600:15:32
Cable mnp,250,50,10,10,1,1,1,4,1,100,90,0.05,5,20,5,True,True,225.366,1,1500,1448,1448,0,3,20966,1234,1622,True,False,44.106,1,1500,1448,1425,0,3,21284,+Inf,NaN,30,1607,2832,2880,2825,2881,1,56,10,07-26-202623:48:45,07-26-202623:49:30
Cable mnp,250,50,10,10,1,1,1,4,1,100,90,0.05,5,20,5,True,True,225.368,1,1500,1448,1448,0,3,21366,1233,1607,True,False,43.745,1,1500,1448,1424,0,3,21495,+Inf,NaN,19,1595,2826,2880,2826,2881,1,55,37,07-27-202600:11:20,07-27-202600:12:05
Cable mnp,250,50,10,10,1,1,1,4,1,100,90,0.05,5,20,5,True,True,225.493,1,1500,1448,1448,0,3,20868,1244,1616,True,False,42.870,1,1500,1448,1424,0,3,21484,+Inf,NaN,21,1598,2843,2880,2839,2881,1,55,100,07-27-202601:03:14,07-27-202601:03:59
Cable mnp,250,50,10,10,1,1,1,4,1,100,90,0.05,5,20,5,True,True,225.371,1,1500,1448,1448,0,3,20970,1245,1611,False,False,44.862,1,1500,1448,1425,0,3,21541,+Inf,NaN,16,1591,2825,2878,2821,2878,1,55,35,07-27-202600:09:30,07-27-202600:10:30
Cable mnp,250,50,10,10,1,1,1,4,1,100,90,0.05,5,20,5,True,True,225.362,1,1500,1448,1448,0,3,21202,1235,1610,True,False,44.242,1,1500,1448,1425,0,3,21597,+Inf,NaN,17,1592,2841,2879,2840,2880,1,55,11,07-26-202623:49:33,07-26-202623:50:18
Cable mnp,250,50,10,10,1,1,1,4,1,100,90,0.05,5,20,5,True,True,225.364,1,1500,1448,1448,1,3,20956,1241,1624,True,False,44.711,1,1500,1448,1424,0,3,21492,+Inf,NaN,28,1609,2843,2877,2836,2878,1,56,94,07-27-202600:58:25,07-27-202600:59:10
Cable mnp,250,50,10,10,1,1,1,4,1,100,90,0.05,5,20,5,True,True,225.490,1,1500,1448,1448,0,3,20947,1242,1623,True,False,44.231,1,1500,1448,1424,0,3,21564,+Inf,NaN,17,1602,2828,2879,2824,2879,1,56,87,07-27-202600:52:39,07-27-202600:53:27
Cable mnp,250,50,10,10,1,1,1,4,1,100,90,0.05,5,20,5,True,True,225.370,1,1500,1448,1448,0,3,21463,1231,1602,True,False,44.982,1,1500,1448,1425,1,16,21467,+Inf,NaN,19,1592,2824,2874,2821,2875,1,55,90,07-27-202600:55:07,07-27-202600:55:53
Cable mnp,250,50,10,10,1,1,1,4,1,100,90,0.05,5,20,5,True,True,225.237,1,1500,1448,1448,0,3,20820,1251,1623,False,False,44.602,1,1500,1448,1424,0,3,21497,+Inf,NaN,17,1601,2833,2878,2833,2878,1,56,6,07-26-202623:45:13,07-26-202623:46:13
Cable mnp,250,50,10,10,1,1,1,4,1,100,90,0.05,5,20,5,True,True,225.489,1,1500,1448,1448,0,3,20964,1244,1617,True,False,45.344,1,1500,1448,1425,0,3,21476,+Inf,NaN,23,1600,2836,2877,2832,2876,1,56,25,07-27-202600:01:10,07-27-202600:01:59
Cable mnp,250,50,10,10,1,1,1,4,1,100,90,0.05,5,20,5,True,True,225.368,1,1500,1448,1448,0,3,20955,1237,1623,True,False,45.725,1,1500,1448,1424,0,3,21489,+Inf,NaN,21,1608,2840,2881,2826,2878,1,56,65,07-27-202600:34:43,07-27-202600:35:28
Cable mnp,250,50,10,10,1,1,1,4,1,100,90,0.05,5,20,5,True,True,225.495,1,1500,1448,1448,0,3,20909,1256,1621,True,False,44.852,1,1500,1448,1425,0,3,21489,+Inf,NaN,18,1599,2834,2877,2829,2878,1,56,54,07-27-202600:25:33,07-27-202600:26:18
Cable mnp,250,50,10,10,1,1,1,4,1,100,90,0.05,5,20,5,True,True,225.371,1,1500,1448,1448,0,3,20970,1231,1615,True,False,43.238,1,1500,1448,1424,0,3,21584,+Inf,NaN,18,1596,2833,2877,2832,2878,1,55,39,07-27-202600:13:12,07-27-202600:13:57
Cable mnp,250,50,10,10,1,1,1,4,1,100,90,0.05,5,20,5,True,True,225.365,1,1500,1448,1448,0,3,20910,1245,1617,True,False,44.742,1,1500,1448,1424,0,3,21490,+Inf,NaN,19,1597,2831,2875,2829,2876,1,56,3,07-26-202623:42:45,07-26-202623:43:30
Cable mnp,250,50,10,10,1,1,1,4,1,100,90,0.05,5,20,5,True,True,225.493,1,1500,1448,1448,0,3,20906,1243,1628,True,False,44.230,1,1500,1448,1425,0,3,21493,+Inf,NaN,18,1606,2841,2877,2841,2878,1,56,97,07-27-202601:00:50,07-27-202601:01:34
Cable mnp,250,50,10,10,1,1,1,4,1,100,90,0.05,5,20,5,True,True,225.361,1,1500,1448,1448,0,3,21444,1230,1614,True,False,44.867,1,1500,1448,1424,0,3,21520,+Inf,NaN,20,1600,2837,2878,2832,2879,1,56,33,07-27-202600:07:51,07-27-202600:08:38
Cable mnp,250,50,10,10,1,1,1,4,1,100,90,0.05,5,20,5,True,True,225.361,1,1500,1448,1448,0,3,21413,1232,1625,True,False,44.957,1,1500,1448,1424,0,3,21498,+Inf,NaN,18,1598,2834,2878,2827,2878,1,56,47,07-27-202600:19:44,07-27-202600:20:32
Cable mnp,250,50,10,10,1,1,1,4,1,100,90,0.05,5,20,5,True,True,225.359,1,1500,1448,1448,0,3,20961,1246,1617,True,False,44.743,1,1500,1448,1424,0,3,21500,+Inf,NaN,1217,1616,2842,2878,2838,2878,43,56,96,07-27-202601:00:02,07-27-202601:00:47
Cable mnp,250,50,10,10,1,1,1,4,1,100,90,0.05,5,20,5,True,True,225.365,1,1500,1448,1448,0,3,20954,1237,1616,True,False,44.987,1,1500,1448,1425,0,3,21538,+Inf,NaN,19,1591,2838,2877,2833,2878,1,55,72,07-27-202600:40:27,07-27-202600:41:11
Cable mnp,250,50,10,10,1,1,1,4,1,100,90,0.05,5,20,5,True,True,225.370,1,1500,1448,1448,0,3,20961,1237,1620,True,False,43.992,1,1500,1448,1425,0,3,21490,+Inf,NaN,27,1605,2833,2879,2829,2879,1,56,16,07-26-202623:53:33,07-26-202623:54:18
Cable mnp,250,50,10,10,1,1,1,4,1,100,90,0.05,5,20,5,True,True,225.371,1,1500,1448,1448,0,3,20927,1241,1617,True,False,44.986,1,1500,1448,1424,0,3,21477,+Inf,NaN,23,1597,2844,2879,2842,2879,1,55,8,07-26-202623:47:08,07-26-202623:47:53
Cable mnp,250,50,10,10,1,1,1,4,1,100,90,0.05,5,20,5,True,True,225.361,1,1500,1448,1448,0,3,21110,1237,1649,True,False,44.970,1,1500,1448,1424,0,3,21585,+Inf,NaN,18,1611,2840,2876,2831,2874,1,56,14,07-26-202623:51:58,07-26-202623:52:42
Cable mnp,250,50,10,10,1,1,1,4,1,100,90,0.05,5,20,5,True,True,225.365,1,1500,1448,1448,0,3,20960,1249,1617,True,False,44.247,1,1500,1448,1424,0,3,21497,+Inf,NaN,18,1593,2844,2879,2837,2879,1,55,82,07-27-202600:48:36,07-27-202600:49:23
Cable mnp,250,50,10,10,1,1,1,4,1,100,90,0.05,5,20,5,True,True,225.370,1,1500,1448,1448,0,3,20984,1239,1613,True,False,44.352,1,1500,1448,1424,0,3,21518,37,98,46,1601,2841,2874,2838,2875,2,56,45,07-27-202600:18:04,07-27-202600:18:52
Cable mnp,250,50,10,10,1,1,1,4,1,100,90,0.05,5,20,5,True,True,225.367,1,1500,1448,1448,0,3,20763,1251,1625,True,False,44.859,1,1500,1448,1425,0,3,21546,+Inf,NaN,18,1599,2839,2879,2836,2880,1,56,43,07-27-202600:16:26,07-27-202600:17:11
Cable mnp,250,50,10,10,1,1,1,4,1,100,90,0.05,5,20,5,True,True,225.370,1,1500,1448,1448,0,3,20912,1242,1622,True,False,45.372,1,1500,1448,1425,0,3,21468,+Inf,NaN,20,1598,2835,2878,2829,2878,1,56,83,07-27-202600:49:26,07-27-202600:50:11
Cable mnp,250,50,10,10,1,1,1,4,1,100,90,0.05,5,20,5,True,True,225.484,1,1500,1448,1448,0,3,21402,1235,1602,True,False,43.241,1,1500,1448,1425,1,16,21520,+Inf,NaN,20,1589,2844,2882,2844,2883,1,55,63,07-27-202600:33:00,07-27-202600:33:52
Cable mnp,250,50,10,10,1,1,1,4,1,100,90,0.05,5,20,5,True,True,225.370,1,1500,1448,1448,0,3,21397,1232,1609,True,False,45.117,1,1500,1448,1425,0,3,21566,+Inf,NaN,19,1592,2844,2880,2843,2881,1,55,80,07-27-202600:47:00,07-27-202600:47:45
Cable mnp,250,50,10,10,1,1,1,4,1,100,90,0.05,5,20,5,True,True,225.361,1,1500,1448,1448,0,3,20957,1238,1610,True,False,44.211,1,1500,1448,1424,0,3,21507,+Inf,NaN,21,1594,2823,2879,2817,2881,1,55,59,07-27-202600:29:39,07-27-202600:30:28
Cable mnp,250,50,10,10,1,1,1,4,1,100,90,0.05,5,20,5,True,True,225.362,1,1500,1448,1448,0,3,20959,1237,1615,True,False,44.495,1,1500,1448,1425,0,3,21258,+Inf,NaN,17,1589,2830,2876,2829,2877,1,55,15,07-26-202623:52:45,07-26-202623:53:30
Cable mnp,250,50,10,10,1,1,1,4,1,100,90,0.05,5,20,5,True,True,225.371,1,1500,1448,1448,0,3,20949,1236,1616,True,False,44.116,1,1500,1448,1425,0,3,21503,+Inf,NaN,22,1599,2825,2875,2821,2876,1,56,71,07-27-202600:39:38,07-27-202600:40:23
Cable mnp,250,50,10,10,1,1,1,4,1,100,90,0.05,5,20,5,True,True,225.367,1,1500,1448,1448,0,3,21412,1232,1604,True,False,44.733,1,1500,1448,1425,0,3,21567,+Inf,NaN,27,1589,2833,2878,2827,2879,1,55,42,07-27-202600:15:36,07-27-202600:16:23
Cable mnp,250,50,10,10,1,1,1,4,1,100,90,0.05,5,20,5,True,True,225.367,1,1500,1448,1448,0,3,20951,1243,1625,True,False,44.871,1,1500,1448,1425,0,3,21550,+Inf,NaN,25,1607,2840,2879,2839,2880,1,56,51,07-27-202600:23:08,07-27-202600:23:53
Cable mnp,250,50,10,10,1,1,1,4,1,100,90,0.05,5,20,5,True,True,225.484,1,1500,1448,1448,0,3,20919,1246,1613,True,False,44.984,1,1500,1448,1425,0,3,21462,+Inf,NaN,18,1594,2835,2877,2830,2878,1,55,57,07-27-202600:27:58,07-27-202600:28:47
Cable mnp,250,50,10,10,1,1,1,4,1,100,90,0.05,5,20,5,True,True,225.361,1,1500,1448,1448,0,3,20966,1236,1624,True,False,44.739,1,1500,1448,1424,0,3,21310,+Inf,NaN,30,1607,2833,2878,2827,2879,1,56,88,07-27-202600:53:30,07-27-202600:54:15
Cable mnp,250,50,10,10,1,1,1,4,1,100,90,0.05,5,20,5,True,True,225.366,1,1500,1448,1448,0,3,20957,1245,1621,True,False,44.249,1,1500,1448,1425,0,3,21296,48,609,59,1615,2844,2879,2842,2878,2,56,4,07-26-202623:43:33,07-26-202623:44:18
Cable mnp,250,50,10,10,1,1,1,4,1,100,90,0.05,5,20,5,True,True,225.367,1,1500,1448,1448,0,3,20904,1241,1621,True,False,44.224,1,1500,1448,1425,0,3,21455,+Inf,NaN,24,1605,2839,2880,2839,2880,1,56,12,07-26-202623:50:21,07-26-202623:51:06
Cable mnp,250,50,10,10,1,1,1,4,20,100,90,0.05,5,20,5,True,False,224.923,19,1500,1448,1448,0,60,23258.35,350,713,True,False,44.594,19,1500,1448,1425,0,60,33729.4,47,366,57,798,2830,2876,2825,2877,2,28,79,07-27-202605:04:17,07-27-202605:05:10
Cable mnp,250,50,10,10,1,1,1,4,20,100,90,0.05,5,20,5,True,False,224.865,19,1500,1448,1448,0,60,23224.2,354,684,True,False,44.730,19,1500,1448,1425,0,60,34259.15,60,358,74,756,2838,2875,2837,2875,3,26,50,07-27-202604:37:37,07-27-202604:38:30
Cable mnp,250,50,10,10,1,1,1,4,20,100,90,0.05,5,20,5,True,False,224.482,19,1500,1448,1448,0,60,23495.35,357,728,True,False,45.478,19,1500,1448,1424,0,60,33625.2,60,370,99,835,2827,2880,2826,2881,3,29,23,07-27-202604:12:44,07-27-202604:13:37
Cable mnp,250,50,10,10,1,1,1,4,20,100,90,0.05,5,20,5,True,False,224.738,19,1500,1448,1448,0,60,23549.9,330,735,True,False,45.249,19,1500,1448,1424,0,60,34350.3,76,367,72,805,2816,2877,2812,2877,3,28,68,07-27-202604:54:14,07-27-202604:55:07
Cable mnp,250,50,10,10,1,1,1,4,20,100,90,0.05,5,20,5,True,False,224.989,19,1500,1448,1448,0,60,23290.55,357,679,True,False,43.968,19,1500,1448,1425,0,60,34390.1,45,370,73,725,2832,2876,2826,2877,3,25,92,07-27-202605:16:05,07-27-202605:16:58
Cable mnp,250,50,10,10,1,1,1,4,20,100,90,0.05,5,20,5,True,False,225.107,19,1500,1448,1448,0,60,23059.4,377,695,True,False,43.861,19,1500,1448,1424,0,60,34131.55,46,384,83,789,2828,2877,2823,2878,3,27,95,07-27-202605:18:54,07-27-202605:19:47
Cable mnp,250,50,10,10,1,1,1,4,20,100,90,0.05,5,20,5,True,False,224.628,19,1500,1448,1448,0,60,23121.85,383,677,True,False,44.463,19,1500,1448,1424,0,60,34227.1,61,383,69,754,2827,2881,2824,2882,2,26,46,07-27-202604:33:52,07-27-202604:34:45
Cable mnp,250,50,10,10,1,1,1,4,20,100,90,0.05,5,20,5,True,False,225.374,19,1500,1448,1448,0,60,22941.25,374,700,True,False,44.719,19,1500,1448,1424,0,60,33983.3,64,379,71,775,2835,2884,2827,2879,3,27,93,07-27-202605:17:01,07-27-202605:17:54
Cable mnp,250,50,10,10,1,1,1,4,20,100,90,0.05,5,20,5,True,False,224.738,19,1500,1448,1448,0,60,23052.65,368,731,True,False,44.223,19,1500,1448,1425,0,60,34461.8,53,360,62,761,2830,2877,2831,2875,2,26,17,07-27-202604:07:19,07-27-202604:08:12
Cable mnp,250,50,10,10,1,1,1,4,20,100,90,0.05,5,20,5,True,False,224.706,19,1500,1448,1448,0,60,23117.65,378,658,True,False,44.466,19,1500,1448,1425,0,60,34842,57,371,76,756,2835,2875,2829,2876,3,26,29,07-27-202604:18:05,07-27-202604:18:58
Cable mnp,250,50,10,10,1,1,1,4,20,100,90,0.05,5,20,5,True,True,225.116,15,1500,1448,1448,0,45,23115.066666666666,385,873,True,False,43.987,19,1500,1448,1425,0,60,34072.3,47,376,45,717,2819,2878,2818,2878,2,25,20,07-27-202604:10:00,07-27-202604:10:48
Cable mnp,250,50,10,10,1,1,1,4,20,100,90,0.05,5,20,5,True,False,224.616,19,1500,1448,1448,0,60,23097.55,352,703,True,False,45.744,19,1500,1448,1424,0,60,34313.9,61,385,69,753,2825,2880,2824,2881,2,26,31,07-27-202604:19:57,07-27-202604:20:51
Cable mnp,250,50,10,10,1,1,1,4,20,100,90,0.05,5,20,5,True,True,224.844,16,1500,1448,1448,0,51,23088.470588235294,375,803,True,False,43.961,19,1500,1448,1425,0,60,34162.55,58,388,49,703,2832,2885,2830,2886,2,24,84,07-27-202605:08:47,07-27-202605:09:37
Cable mnp,250,50,10,10,1,1,1,4,20,100,90,0.05,5,20,5,True,False,225.292,19,1500,1448,1448,0,60,23126.25,367,706,True,False,44.216,19,1500,1448,1424,0,60,34277.1,51,380,84,779,2837,2876,2832,2877,3,27,13,07-27-202604:03:41,07-27-202604:04:34
Cable mnp,250,50,10,10,1,1,1,4,20,100,90,0.05,5,20,5,True,True,224.863,19,1500,1448,1448,0,57,22976.105263157893,379,707,True,False,45.101,19,1500,1448,1425,0,60,33562.2,50,391,59,625,2840,2878,2835,2879,2,22,62,07-27-202604:48:45,07-27-202604:49:37
Cable mnp,250,50,10,10,1,1,1,4,20,100,90,0.05,5,20,5,True,True,225.241,16,1500,1448,1448,0,48,22762.625,426,752,True,False,44.126,19,1500,1448,1424,0,60,34017.95,60,379,56,645,2841,2876,2839,2877,2,22,75,07-27-202605:00:40,07-27-202605:01:29
Cable mnp,250,50,10,10,1,1,1,4,20,100,90,0.05,5,20,5,True,False,225.226,19,1500,1448,1448,0,60,23175.15,369,693,True,False,44.863,19,1500,1448,1424,0,60,33468.85,55,404,53,645,2834,2879,2830,2878,2,22,9,07-27-202604:00:04,07-27-202604:00:57
Cable mnp,250,50,10,10,1,1,1,4,20,100,90,0.05,5,20,5,True,True,224.863,16,1500,1448,1448,0,48,22690.4375,433,740,True,False,44.738,19,1500,1448,1424,1,61,34127,48,346,53,664,2827,2877,2825,2877,2,23,44,07-27-202604:32:03,07-27-202604:32:52
Cable mnp,250,50,10,10,1,1,1,4,20,100,90,0.05,5,20,5,True,False,224.501,19,1500,1448,1448,0,60,22942.8,383,731,True,False,44.358,19,1500,1448,1424,0,60,33794,50,373,59,768,2832,2879,2827,2880,2,27,48,07-27-202604:35:44,07-27-202604:36:38
Cable mnp,250,50,10,10,1,1,1,4,20,100,90,0.05,5,20,5,True,False,225.327,19,1500,1448,1448,0,60,23051.85,374,701,True,False,44.979,19,1500,1448,1425,0,60,33921.4,71,396,101,763,2842,2879,2839,2880,4,26,99,07-27-202605:22:34,07-27-202605:23:27
Cable mnp,250,50,10,10,1,1,1,4,20,100,90,0.05,5,20,5,True,False,224.726,19,1500,1448,1448,0,60,23253.25,367,710,True,False,43.604,19,1500,1448,1424,0,60,34491.65,49,359,62,775,2839,2883,2836,2878,2,27,56,07-27-202604:43:10,07-27-202604:44:03
Cable mnp,250,50,10,10,1,1,1,4,20,100,90,0.05,5,20,5,True,False,224.728,19,1500,1448,1448,0,60,23033.8,379,686,True,False,43.623,19,1500,1448,1424,0,60,33959.1,76,399,62,621,2830,2875,2816,2875,2,22,32,07-27-202604:20:54,07-27-202604:21:47
Cable mnp,250,50,10,10,1,1,1,4,20,100,90,0.05,5,20,5,True,False,224.605,19,1500,1448,1448,0,60,23447.8,359,727,True,False,44.600,19,1500,1448,1425,0,60,34548.75,40,365,48,694,2819,2873,2819,2874,2,24,78,07-27-202605:03:21,07-27-202605:04:14
Cable mnp,250,50,10,10,1,1,1,4,20,100,90,0.05,5,20,5,True,False,224.865,19,1500,1448,1448,0,60,23445.25,350,691,True,False,46.364,19,1500,1448,1424,0,60,34054.75,57,353,63,679,2824,2878,2825,2879,2,24,38,07-27-202604:26:25,07-27-202604:27:18
Cable mnp,250,50,10,10,1,1,1,4,20,100,90,0.05,5,20,5,True,False,224.625,19,1500,1448,1448,0,60,23430.2,352,742,True,False,43.992,19,1500,1448,1424,0,60,34163.2,72,349,87,817,2837,2880,2830,2881,3,28,26,07-27-202604:15:24,07-27-202604:16:17
Cable mnp,250,50,10,10,1,1,1,4,20,100,90,0.05,5,20,5,True,False,224.865,19,1500,1448,1448,0,60,23615.15,338,743,True,False,45.573,19,1500,1448,1425,0,60,34292.9,54,354,72,819,2840,2876,2838,2877,3,28,69,07-27-202604:55:10,07-27-202604:56:03
Cable mnp,250,50,10,10,1,1,1,4,20,100,90,0.05,5,20,5,True,False,225.118,19,1500,1448,1448,0,60,23167.1,362,679,True,False,45.468,19,1500,1448,1425,0,60,33993.3,44,395,60,742,2813,2872,2811,2873,2,26,34,07-27-202604:22:46,07-27-202604:23:39
Cable mnp,250,50,10,10,1,1,1,4,20,100,90,0.05,5,20,5,True,False,225.104,19,1500,1448,1448,0,60,23081.5,359,675,True,False,44.742,19,1500,1448,1425,0,60,33440.25,50,400,124,782,2828,2881,2822,2881,4,27,58,07-27-202604:45:03,07-27-202604:45:56
Cable mnp,250,50,10,10,1,1,1,4,20,100,90,0.05,5,20,5,True,False,224.627,19,1500,1448,1448,0,60,23143.45,361,702,True,False,44.750,19,1500,1448,1425,0,63,33903.55,66,380,68,756,2823,2878,2820,2879,2,26,30,07-27-202604:19:01,07-27-202604:19:54
Cable mnp,250,50,10,10,1,1,1,4,20,100,90,0.05,5,20,5,True,True,225.202,19,1500,1448,1448,0,57,23258.36842105263,369,721,True,False,44.329,19,1500,1448,1425,0,60,33814.2,62,358,47,642,2827,2874,2815,2875,2,22,70,07-27-202604:56:06,07-27-202604:56:58
Cable mnp,250,50,10,10,1,1,1,4,20,100,90,0.05,5,20,5,True,True,224.735,15,1500,1448,1448,0,45,22873.866666666665,394,849,True,False,44.212,19,1500,1448,1424,0,60,33760.3,56,387,47,701,2833,2876,2831,2877,2,24,24,07-27-202604:13:40,07-27-202604:14:28
Cable mnp,250,50,10,10,1,1,1,4,20,100,90,0.05,5,20,5,True,False,224.814,19,1500,1448,1448,0,60,23073.4,378,697,True,False,43.101,19,1500,1448,1425,0,60,34134.05,58,352,68,797,2829,2880,2824,2881,2,28,52,07-27-202604:39:25,07-27-202604:40:18
Cable mnp,250,50,10,10,1,1,1,4,20,100,90,0.05,5,20,5,True,False,224.619,19,1500,1448,1448,0,60,23538.05,336,719,True,False,44.486,19,1500,1448,1424,0,60,34386.8,45,390,75,788,2838,2881,2828,2881,3,27,36,07-27-202604:24:39,07-27-202604:25:32
Cable mnp,250,50,10,10,1,1,1,4,20,100,90,0.05,5,20,5,True,False,224.624,19,1500,1448,1448,0,60,23125.3,366,682,True,False,44.123,19,1500,1448,1425,0,60,34086.1,63,375,110,785,2841,2877,2837,2878,4,27,2,07-27-202603:53:38,07-27-202603:54:31
Cable mnp,250,50,10,10,1,1,1,4,20,100,90,0.05,5,20,5,True,False,224.984,19,1500,1448,1448,0,60,23139.45,371,730,True,False,43.595,19,1500,1448,1425,0,60,33977.3,71,423,78,776,2841,2876,2839,2874,3,27,5,07-27-202603:56:25,07-27-202603:57:18
Cable mnp,250,50,10,10,1,1,1,4,20,100,90,0.05,5,20,5,True,False,224.741,19,1500,1448,1448,0,60,23528.3,345,741,True,False,45.624,19,1500,1448,1424,0,60,34768.3,54,383,58,789,2832,2875,2822,2876,2,27,89,07-27-202605:13:20,07-27-202605:14:13
Cable mnp,250,50,10,10,1,1,1,4,20,100,90,0.05,5,20,5,True,False,224.602,19,1500,1448,1448,0,60,23291.1,353,730,True,False,44.623,19,1500,1448,1425,0,60,34152.95,60,363,85,777,2837,2875,2825,2876,3,27,74,07-27-202604:59:43,07-27-202605:00:37
Cable mnp,250,50,10,10,1,1,1,4,20,100,90,0.05,5,20,5,True,True,225.356,16,1500,1448,1448,0,48,23124.375,389,850,True,False,44.372,19,1500,1448,1425,0,60,34575.75,75,338,43,711,2824,2876,2823,2876,2,25,91,07-27-202605:15:13,07-27-202605:16:02
Cable mnp,250,50,10,10,1,1,1,4,20,100,90,0.05,5,20,5,True,False,224.876,19,1500,1448,1448,0,60,23650.7,337,719,True,False,44.848,19,1500,1448,1425,0,60,34247.35,52,386,62,779,2834,2876,2827,2875,2,27,53,07-27-202604:40:21,07-27-202604:41:14
Cable mnp,250,50,10,10,1,1,1,4,20,100,90,0.05,5,20,5,True,False,224.997,19,1500,1448,1448,0,60,23108.6,355,708,True,False,43.737,19,1500,1448,1424,0,60,34526.05,56,372,69,775,2840,2879,2838,2880,2,27,21,07-27-202604:10:52,07-27-202604:11:45
Cable mnp,250,50,10,10,1,1,1,4,20,100,90,0.05,5,20,5,True,False,224.817,19,1500,1448,1448,0,60,22980.8,382,725,True,False,44.123,19,1500,1448,1424,0,60,34265.15,54,396,71,796,2845,2881,2843,2880,3,28,55,07-27-202604:42:14,07-27-202604:43:07
Cable mnp,250,50,10,10,1,1,1,4,20,100,90,0.05,5,20,5,True,True,224.933,12,1500,1448,1448,0,36,22189.916666666668,520,912,True,False,44.725,19,1500,1448,1425,0,60,34233.45,59,370,51,785,2828,2879,2828,2880,2,27,27,07-27-202604:16:20,07-27-202604:17:05
Cable mnp,250,50,10,10,1,1,1,4,20,100,90,0.05,5,20,5,True,True,224.977,16,1500,1448,1448,0,48,22668.9375,413,767,True,False,44.950,19,1500,1448,1425,0,60,34496.7,58,370,39,657,2832,2874,2832,2874,1,23,77,07-27-202605:02:28,07-27-202605:03:17
Cable mnp,250,50,10,10,1,1,1,4,20,100,90,0.05,5,20,5,True,True,224.744,16,1500,1448,1448,0,48,22651.875,428,751,True,False,45.252,19,1500,1448,1424,0,60,33365.05,61,359,47,670,2847,2881,2841,2882,2,23,85,07-27-202605:09:41,07-27-202605:10:30
Cable mnp,250,50,10,10,1,1,1,4,20,100,90,0.05,5,20,5,True,False,224.629,19,1500,1448,1448,0,60,23537.65,336,721,True,False,46.605,19,1500,1448,1425,0,60,34171.7,60,336,80,819,2828,2875,2828,2874,3,28,86,07-27-202605:10:33,07-27-202605:11:26
Cable mnp,250,50,10,10,1,1,1,4,20,100,90,0.05,5,20,5,True,False,225.369,19,1500,1448,1448,0,60,23432.5,344,687,True,False,44.253,19,1500,1448,1424,0,60,33749.65,45,341,76,749,2838,2878,2833,2879,3,26,18,07-27-202604:08:16,07-27-202604:09:09
Cable mnp,250,50,10,10,1,1,1,4,20,100,90,0.05,5,20,5,True,False,224.745,19,1500,1448,1448,0,60,23082.9,360,690,True,False,45.246,19,1500,1448,1425,0,60,34935.35,68,378,106,767,2837,2877,2835,2878,4,27,22,07-27-202604:11:48,07-27-202604:12:41
Cable mnp,250,50,10,10,1,1,1,4,20,100,90,0.05,5,20,5,True,True,224.495,13,1500,1448,1448,0,39,22241.153846153848,517,877,True,False,45.078,19,1500,1448,1425,0,60,34244,61,383,68,768,2837,2872,2835,2873,2,27,81,07-27-202605:06:06,07-27-202605:06:52
Cable mnp,250,50,10,10,1,1,1,4,20,100,90,0.05,5,20,5,True,True,224.994,11,1500,1448,1448,0,36,22760.833333333332,418,951,True,False,45.239,19,1500,1448,1424,0,60,33662.5,60,379,64,748,2820,2877,2819,2878,2,26,64,07-27-202604:50:36,07-27-202604:51:22
Cable mnp,250,50,10,10,1,1,1,4,20,100,90,0.05,5,20,5,True,True,225.242,17,1500,1448,1448,0,51,23433,356,782,True,False,45.107,19,1500,1448,1424,0,60,34573.65,52,386,68,716,2831,2882,2821,2882,2,25,7,07-27-202603:58:14,07-27-202603:59:05
Cable mnp,250,50,10,10,1,1,1,4,20,100,90,0.05,5,20,5,True,False,224.628,19,1500,1448,1448,0,60,23057.1,380,691,True,False,43.973,19,1500,1448,1425,0,60,34094.6,50,321,72,793,2836,2879,2831,2880,3,28,76,07-27-202605:01:32,07-27-202605:02:25
Cable mnp,250,50,10,10,1,1,1,4,20,100,90,0.05,5,20,5,True,False,224.672,19,1500,1448,1448,0,60,23081.55,365,685,True,False,44.230,19,1500,1448,1425,0,60,33261.8,46,399,61,665,2840,2877,2835,2877,2,23,98,07-27-202605:21:38,07-27-202605:22:31
Cable mnp,250,50,10,10,1,1,1,4,20,100,90,0.05,5,20,5,True,True,225.013,12,1500,1448,1448,0,36,22203,519,915,True,False,44.984,19,1500,1448,1425,0,60,34018.4,59,386,56,801,2843,2878,2837,2878,2,28,19,07-27-202604:09:12,07-27-202604:09:57
Cable mnp,250,50,10,10,1,1,1,4,20,100,90,0.05,5,20,5,True,False,225.004,19,1500,1448,1448,0,60,23062.2,359,705,True,False,42.850,19,1500,1448,1424,0,60,34047.75,38,362,53,699,2841,2878,2829,2877,2,24,28,07-27-202604:17:09,07-27-202604:18:02
Cable mnp,250,50,10,10,1,1,1,4,20,100,90,0.05,5,20,5,True,False,224.496,19,1500,1448,1448,0,60,23708,340,707,True,False,45.112,19,1500,1448,1425,0,60,33891.05,61,367,72,896,2832,2880,2831,2881,3,31,67,07-27-202604:53:18,07-27-202604:54:11
Cable mnp,250,50,10,10,1,1,1,4,20,100,90,0.05,5,20,5,True,False,224.491,19,1500,1448,1448,0,60,23507.55,343,736,True,False,44.209,19,1500,1448,1424,0,60,33828.4,77,383,72,813,2830,2877,2825,2877,3,28,61,07-27-202604:47:49,07-27-202604:48:42
Cable mnp,250,50,10,10,1,1,1,4,20,100,90,0.05,5,20,5,True,False,224.987,19,1500,1448,1448,0,60,23099.1,369,715,True,False,44.579,19,1500,1448,1424,0,60,34669.75,49,435,70,788,2835,2880,2829,2881,2,27,1,07-27-202603:52:42,07-27-202603:53:35
Cable mnp,250,50,10,10,1,1,1,4,20,100,90,0.05,5,20,5,True,False,224.746,19,1500,1448,1448,0,60,23252,361,692,True,False,43.406,19,1500,1448,1425,0,60,34330.8,54,387,95,785,2827,2878,2827,2878,3,27,66,07-27-202604:52:21,07-27-202604:53:14
Cable mnp,250,50,10,10,1,1,1,4,20,100,90,0.05,5,20,5,True,False,224.606,19,1500,1448,1448,0,60,22857.6,391,749,True,False,43.960,19,1500,1448,1425,0,60,33619.65,53,375,75,671,2838,2877,2835,2878,3,23,40,07-27-202604:28:18,07-27-202604:29:11
Cable mnp,250,50,10,10,1,1,1,4,20,100,90,0.05,5,20,5,True,True,225.004,17,1500,1448,1448,0,51,22790.41176470588,390,718,True,False,43.367,19,1500,1448,1425,0,60,34505.5,51,369,48,647,2825,2881,2818,2879,2,22,73,07-27-202604:58:50,07-27-202604:59:40
Cable mnp,250,50,10,10,1,1,1,4,20,100,90,0.05,5,20,5,True,False,225.001,19,1500,1448,1448,0,60,23226.95,347,713,True,False,44.208,19,1500,1448,1425,0,60,34941.9,55,385,72,767,2843,2875,2842,2876,3,27,49,07-27-202604:36:41,07-27-202604:37:34
Cable mnp,250,50,10,10,1,1,1,4,20,100,90,0.05,5,20,5,True,False,224.746,19,1500,1448,1448,0,60,23087,374,733,True,False,44.963,19,1500,1448,1425,0,60,34623.65,46,366,67,772,2832,2880,2830,2880,2,27,60,07-27-202604:46:52,07-27-202604:47:45
Cable mnp,250,50,10,10,1,1,1,4,20,100,90,0.05,5,20,5,True,False,224.996,19,1500,1448,1448,0,60,23615.95,313,725,True,False,46.071,19,1500,1448,1424,0,60,34387,56,393,70,850,2822,2874,2817,2875,2,30,41,07-27-202604:29:14,07-27-202604:30:07
Cable mnp,250,50,10,10,1,1,1,4,20,100,90,0.05,5,20,5,True,True,224.989,12,1500,1448,1448,0,36,22340.666666666668,532,940,True,False,44.595,19,1500,1448,1425,0,60,33655.15,45,399,43,800,2829,2876,2823,2877,2,28,10,07-27-202604:01:01,07-27-202604:01:46
Cable mnp,250,50,10,10,1,1,1,4,20,100,90,0.05,5,20,5,True,True,224.740,14,1500,1448,1448,0,42,22691.85714285714,426,917,True,False,44.242,19,1500,1448,1425,0,60,34097.75,46,371,43,734,2828,2881,2822,2882,2,25,37,07-27-202604:25:35,07-27-202604:26:22
Cable mnp,250,50,10,10,1,1,1,4,20,100,90,0.05,5,20,5,True,False,224.990,19,1500,1448,1448,0,60,23504.95,331,736,True,False,45.989,19,1500,1448,1425,0,60,34546.7,63,400,107,846,2839,2880,2840,2880,4,29,100,07-27-202605:23:30,07-27-202605:24:23
Cable mnp,250,50,10,10,1,1,1,4,20,100,90,0.05,5,20,5,True,False,224.716,19,1500,1448,1448,0,60,23000.65,381,684,True,False,44.693,19,1500,1448,1424,0,60,34729.7,102,378,96,794,2839,2881,2831,2879,3,28,35,07-27-202604:23:42,07-27-202604:24:35
Cable mnp,250,50,10,10,1,1,1,4,20,100,90,0.05,5,20,5,True,False,225.231,19,1500,1448,1448,0,60,23161.95,364,718,True,False,45.343,19,1500,1448,1424,0,60,33745.9,65,380,76,771,2838,2880,2823,2879,3,27,11,07-27-202604:01:49,07-27-202604:02:42
Cable mnp,250,50,10,10,1,1,1,4,20,100,90,0.05,5,20,5,True,False,225.181,19,1500,1448,1448,0,60,23162.75,367,655,True,False,44.470,19,1500,1448,1425,1,60,34566.65,52,379,72,754,2835,2877,2831,2876,3,26,94,07-27-202605:17:58,07-27-202605:18:51
Cable mnp,250,50,10,10,1,1,1,4,20,100,90,0.05,5,20,5,True,True,224.610,18,1500,1448,1448,0,54,23054.444444444445,395,709,True,False,44.112,19,1500,1448,1424,0,60,34434.15,54,377,66,662,2827,2880,2821,2881,2,23,87,07-27-202605:11:29,07-27-202605:12:20
Cable mnp,250,50,10,10,1,1,1,4,20,100,90,0.05,5,20,5,True,False,224.887,19,1500,1448,1448,0,60,23434.6,347,714,True,False,43.874,19,1500,1448,1424,0,60,34373.35,68,341,57,715,2831,2878,2823,2879,2,25,90,07-27-202605:14:16,07-27-202605:15:09
Cable mnp,250,50,10,10,1,1,1,4,20,100,90,0.05,5,20,5,True,True,225.126,17,1500,1448,1448,0,51,22687.529411764706,420,755,True,False,44.854,19,1500,1448,1424,0,60,33783.65,60,397,71,665,2826,2878,2819,2879,3,23,6,07-27-202603:57:21,07-27-202603:58:11
Cable mnp,250,50,10,10,1,1,1,4,20,100,90,0.05,5,20,5,True,True,225.255,16,1500,1448,1448,0,48,22820.375,397,767,True,False,44.371,19,1500,1448,1425,0,60,34114.7,58,390,59,661,2839,2876,2838,2876,2,23,25,07-27-202604:14:32,07-27-202604:15:21
Cable mnp,250,50,10,10,1,1,1,4,20,100,90,0.05,5,20,5,True,False,224.984,19,1500,1448,1448,0,60,23248,353,708,True,False,42.862,19,1500,1448,1424,0,60,33894,45,374,64,687,2814,2874,2814,2875,2,24,65,07-27-202604:51:25,07-27-202604:52:18
Cable mnp,250,50,10,10,1,1,1,4,20,100,90,0.05,5,20,5,True,False,224.623,19,1500,1448,1448,0,60,23128.35,359,687,True,False,45.349,19,1500,1448,1425,0,60,34878.3,65,350,104,799,2832,2876,2838,2876,4,28,54,07-27-202604:41:18,07-27-202604:42:11
Cable mnp,250,50,10,10,1,1,1,4,20,100,90,0.05,5,20,5,True,False,225.238,19,1500,1448,1448,0,60,23235.45,366,684,True,False,44.589,19,1500,1448,1425,0,60,33867.7,73,374,50,651,2838,2879,2831,2880,2,23,39,07-27-202604:27:21,07-27-202604:28:14
Cable mnp,250,50,10,10,1,1,1,4,20,100,90,0.05,5,20,5,True,True,224.615,18,1500,1448,1448,0,54,23355.333333333332,353,719,True,False,44.116,19,1500,1448,1425,0,60,34249.95,47,387,55,656,2822,2877,2818,2877,2,23,3,07-27-202603:54:34,07-27-202603:55:25
Cable mnp,250,50,10,10,1,1,1,4,20,100,90,0.05,5,20,5,True,True,224.610,15,1500,1448,1448,0,45,22754.666666666668,429,760,True,False,45.462,19,1500,1448,1424,0,60,33258.65,62,395,67,672,2836,2879,2829,2879,2,23,97,07-27-202605:20:46,07-27-202605:21:34
Cable mnp,250,50,10,10,1,1,1,4,20,100,90,0.05,5,20,5,True,False,224.866,19,1500,1448,1448,0,60,23099.35,391,718,True,False,44.612,19,1500,1448,1425,0,60,34300.4,72,376,71,799,2845,2883,2843,2884,2,28,33,07-27-202604:21:50,07-27-202604:22:43
Cable mnp,250,50,10,10,1,1,1,4,20,100,90,0.05,5,20,5,True,False,224.719,19,1500,1448,1448,0,60,23091.5,362,667,True,False,44.103,19,1500,1448,1425,0,60,34062.05,54,416,59,634,2840,2877,2838,2877,2,22,47,07-27-202604:34:48,07-27-202604:35:41
Cable mnp,250,50,10,10,1,1,1,4,20,100,90,0.05,5,20,5,True,False,224.715,19,1500,1448,1448,0,60,23141.95,377,713,True,False,44.338,19,1500,1448,1425,0,60,33873.35,63,374,86,788,2815,2881,2812,2880,3,27,96,07-27-202605:19:50,07-27-202605:20:43
Cable mnp,250,50,10,10,1,1,1,4,20,100,90,0.05,5,20,5,True,True,224.804,16,1500,1448,1448,0,48,22669.875,411,725,True,False,44.368,19,1500,1448,1425,0,60,33660.2,42,368,44,646,2829,2880,2823,2882,2,22,72,07-27-202604:57:58,07-27-202604:58:47
Cable mnp,250,50,10,10,1,1,1,4,20,100,90,0.05,5,20,5,True,False,224.841,19,1500,1448,1448,0,60,23119.2,363,698,True,False,45.602,19,1500,1448,1425,0,60,33429.6,54,378,57,684,2826,2882,2820,2882,2,24,16,07-27-202604:06:23,07-27-202604:07:16
Cable mnp,250,50,10,10,1,1,1,4,20,100,90,0.05,5,20,5,True,False,224.872,19,1500,1448,1448,0,60,23651.2,331,695,True,False,44.847,19,1500,1448,1425,0,60,34325.55,50,383,57,778,2825,2880,2826,2880,2,27,8,07-27-202603:59:08,07-27-202604:00:01
Cable mnp,250,50,10,10,1,1,1,4,20,100,90,0.05,5,20,5,True,True,224.864,12,1500,1448,1448,0,39,22166.923076923078,517,813,True,False,44.872,19,1500,1448,1424,0,60,34188.6,59,348,47,734,2833,2883,2826,2884,2,25,14,07-27-202604:04:38,07-27-202604:05:24
Cable mnp,250,50,10,10,1,1,1,4,20,100,90,0.05,5,20,5,True,False,224.625,19,1500,1448,1448,0,60,23499.3,349,740,True,False,45.095,19,1500,1448,1425,0,60,34449.1,59,379,77,807,2826,2880,2823,2878,3,28,82,07-27-202605:06:55,07-27-202605:07:48
Cable mnp,250,50,10,10,1,1,1,4,20,100,90,0.05,5,20,5,True,False,224.992,19,1500,1448,1448,0,60,23217.4,359,674,True,False,44.618,19,1500,1448,1424,0,60,33695,58,380,69,714,2830,2874,2824,2875,2,25,45,07-27-202604:32:55,07-27-202604:33:48
Cable mnp,250,50,10,10,1,1,1,4,20,100,90,0.05,5,20,5,True,False,224.861,19,1500,1448,1448,0,60,23066.35,360,663,True,False,43.979,19,1500,1448,1425,0,60,34688.7,60,378,57,665,2839,2879,2832,2878,2,23,43,07-27-202604:31:07,07-27-202604:32:00
Cable mnp,250,50,10,10,1,1,1,4,20,100,90,0.05,5,20,5,True,False,224.608,19,1500,1448,1448,0,60,23221.6,355,677,True,False,44.491,19,1500,1448,1425,0,60,33781.5,62,355,113,796,2834,2876,2828,2875,4,28,83,07-27-202605:07:51,07-27-202605:08:44
Cable mnp,250,50,10,10,1,1,1,4,20,100,90,0.05,5,20,5,True,False,224.717,19,1500,1448,1448,0,60,23607.5,333,693,True,False,44.835,19,1500,1448,1425,0,60,35030.15,81,351,67,770,2841,2879,2832,2881,2,27,63,07-27-202604:49:40,07-27-202604:50:33
Cable mnp,250,50,10,10,1,1,1,4,20,100,90,0.05,5,20,5,True,True,224.741,16,1500,1448,1448,0,48,22691.75,442,768,True,False,45.500,19,1500,1448,1425,0,60,34447.75,56,384,63,682,2836,2882,2829,2883,2,24,80,07-27-202605:05:13,07-27-202605:06:02
Cable mnp,250,50,10,10,1,1,1,4,20,100,90,0.05,5,20,5,True,True,224.613,17,1500,1448,1448,0,51,22852.647058823528,407,709,True,False,44.368,19,1500,1448,1425,0,60,34490.85,48,371,65,619,2829,2878,2826,2879,2,22,59,07-27-202604:45:59,07-27-202604:46:49
Cable mnp,250,50,10,10,1,1,1,4,20,100,90,0.05,5,20,5,True,False,224.360,19,1500,1448,1448,0,60,23636.8,342,709,True,False,43.876,19,1500,1448,1424,0,60,33751.75,53,350,61,761,2825,2873,2820,2874,2,26,15,07-27-202604:05:27,07-27-202604:06:20
Cable mnp,250,50,10,10,1,1,1,4,20,100,90,0.05,5,20,5,True,False,225.133,19,1500,1448,1448,0,60,23064.85,379,696,True,False,44.868,19,1500,1448,1424,0,60,34278,61,413,56,663,2834,2881,2827,2881,2,23,71,07-27-202604:57:02,07-27-202604:57:55
Cable mnp,250,50,10,10,1,1,1,4,20,100,90,0.05,5,20,5,True,False,224.737,19,1500,1448,1448,0,60,23089.5,375,671,True,False,45.127,19,1500,1448,1424,0,60,34437.75,67,354,67,773,2841,2877,2837,2876,2,27,42,07-27-202604:30:10,07-27-202604:31:04
Cable mnp,250,50,10,10,1,1,1,4,20,100,90,0.05,5,20,5,True,True,224.981,15,1500,1448,1448,0,45,22765.2,437,794,True,False,44.485,19,1500,1448,1425,0,60,34217.6,53,360,58,670,2817,2877,2817,2876,2,23,51,07-27-202604:38:33,07-27-202604:39:22
Cable mnp,250,50,10,10,1,1,1,4,20,100,90,0.05,5,20,5,True,False,224.611,19,1500,1448,1448,0,60,23058.8,358,727,True,False,44.846,19,1500,1448,1424,0,60,34370.65,44,376,50,780,2835,2882,2827,2882,2,27,57,07-27-202604:44:06,07-27-202604:44:59
Cable mnp,250,50,10,10,1,1,1,4,20,100,90,0.05,5,20,5,True,False,224.864,19,1500,1448,1448,0,60,23095.85,364,680,True,False,44.993,19,1500,1448,1424,0,60,33884.8,60,395,59,641,2836,2876,2828,2876,2,22,88,07-27-202605:12:23,07-27-202605:13:16
Cable mnp,250,50,10,10,1,1,1,4,20,100,90,0.05,5,20,5,True,False,224.987,19,1500,1448,1448,0,60,23268.5,367,686,True,False,45.491,19,1500,1448,1425,0,60,33951.95,73,357,67,777,2844,2880,2844,2880,2,27,4,07-27-202603:55:29,07-27-202603:56:22
Cable mnp,250,50,10,10,1,1,1,4,20,100,90,0.05,5,20,5,True,False,224.881,19,1500,1448,1448,0,60,23136.25,371,709,True,False,45.082,19,1500,1448,1424,0,60,34297.75,59,384,56,787,2831,2876,2826,2877,2,27,12,07-27-202604:02:45,07-27-202604:03:38
Cable sdt,250,50,10,10,1,1,1,4,16,100,90,0.05,3,20,5,True,False,224.733,16,1500,1448,1448,0,48,22887.9375,361,721,True,False,45.225,16,1500,1448,1424,0,48,31211.375,53,384,62,756,2829,2877,2818,2876,2,26,79,07-27-202606:35:58,07-27-202606:36:51
Cable sdt,250,50,10,10,1,1,1,4,16,100,90,0.05,3,20,5,True,True,225.001,16,1500,1448,1448,0,48,22847.625,370,705,True,False,44.362,16,1500,1448,1424,0,48,31339.8125,55,423,63,643,2818,2874,2818,2874,2,22,50,07-27-202606:09:17,07-27-202606:10:08
Cable sdt,250,50,10,10,1,1,1,4,16,100,90,0.05,3,20,5,True,False,224.736,16,1500,1448,1448,0,48,22668.9375,391,685,True,False,43.965,16,1500,1448,1424,0,48,31814.3125,58,419,61,664,2826,2879,2821,2879,2,23,23,07-27-202605:44:35,07-27-202605:45:28
Cable sdt,250,50,10,10,1,1,1,4,16,100,90,0.05,3,20,5,True,True,224.487,16,1500,1448,1448,0,48,22848.75,402,782,True,False,43.481,16,1500,1448,1425,0,48,31385.8125,59,394,59,668,2819,2878,2815,2878,2,23,68,07-27-202606:25:44,07-27-202606:26:33
Cable sdt,250,50,10,10,1,1,1,4,16,100,90,0.05,3,20,5,True,True,224.994,16,1500,1448,1448,0,48,22735.125,398,689,True,False,43.356,16,1500,1448,1425,0,48,31580,50,421,50,627,2840,2879,2835,2880,2,22,92,07-27-202606:47:53,07-27-202606:48:45
Cable sdt,250,50,10,10,1,1,1,4,16,100,90,0.05,3,20,5,True,True,224.744,14,1500,1448,1448,0,42,22894.571428571428,392,915,True,False,43.342,16,1500,1448,1424,0,48,31549.625,49,360,59,727,2830,2878,2831,2879,2,25,95,07-27-202606:50:36,07-27-202606:51:23
Cable sdt,250,50,10,10,1,1,1,4,16,100,90,0.05,3,20,5,True,False,225.269,16,1500,1448,1448,0,48,22733.75,381,723,True,False,43.244,16,1500,1448,1425,0,48,32001.6875,60,401,84,784,2827,2875,2823,2876,3,27,46,07-27-202606:05:34,07-27-202606:06:27
Cable sdt,250,50,10,10,1,1,1,4,16,100,90,0.05,3,20,5,True,True,224.737,16,1500,1448,1448,0,48,22977.5,396,704,True,False,46.094,16,1500,1448,1424,0,48,31231.4375,63,375,48,637,2829,2877,2826,2877,2,22,93,07-27-202606:48:48,07-27-202606:49:38
Cable sdt,250,50,10,10,1,1,1,4,16,100,90,0.05,3,20,5,True,True,224.741,16,1500,1448,1448,0,48,22739.4375,394,682,True,False,44.084,16,1500,1448,1424,0,48,31484.5,49,401,44,628,2831,2880,2826,2881,2,22,17,07-27-202605:39:07,07-27-202605:39:58
Cable sdt,250,50,10,10,1,1,1,4,16,100,90,0.05,3,20,5,True,False,225.165,16,1500,1448,1448,0,48,22676.8125,389,731,True,False,44.834,16,1500,1448,1424,0,49,31044.3125,46,374,64,803,2825,2877,2824,2878,2,28,29,07-27-202605:50:06,07-27-202605:50:59
Cable sdt,250,50,10,10,1,1,1,4,16,100,90,0.05,3,20,5,True,False,224.867,16,1500,1448,1448,0,48,23058.3125,361,800,True,False,44.203,16,1500,1448,1425,0,48,31694.0625,51,357,92,836,2838,2876,2837,2877,3,29,20,07-27-202605:41:54,07-27-202605:42:47
Cable sdt,250,50,10,10,1,1,1,4,16,100,90,0.05,3,20,5,True,True,224.994,16,1500,1448,1448,0,48,22668.5625,416,721,True,False,44.357,16,1500,1448,1425,0,48,31738.75,70,370,64,630,2831,2878,2823,2879,2,22,31,07-27-202605:51:58,07-27-202605:52:48
Cable sdt,250,50,10,10,1,1,1,4,16,100,90,0.05,3,20,5,True,True,224.868,16,1500,1448,1448,0,48,22717.375,385,689,True,False,43.242,16,1500,1448,1425,0,48,31237.9375,59,387,55,633,2843,2878,2843,2877,2,22,84,07-27-202606:40:32,07-27-202606:41:24
Cable sdt,250,50,10,10,1,1,1,4,16,100,90,0.05,3,20,5,True,True,224.858,16,1500,1448,1448,0,48,23078.8125,381,766,True,False,44.985,16,1500,1448,1424,0,48,31763.25,49,423,50,666,2834,2878,2839,2878,2,23,13,07-27-202605:35:28,07-27-202605:36:19
Cable sdt,250,50,10,10,1,1,1,4,16,100,90,0.05,3,20,5,True,False,225.102,16,1500,1448,1448,0,48,23140.625,347,724,True,False,44.731,16,1500,1448,1424,0,48,31812.8125,68,394,79,794,2834,2880,2829,2881,3,28,62,07-27-202606:20:12,07-27-202606:21:05
Cable sdt,250,50,10,10,1,1,1,4,16,100,90,0.05,3,20,5,True,True,225.238,16,1500,1448,1448,0,48,22779.25,388,751,True,False,43.742,16,1500,1448,1425,0,48,31374,47,375,49,669,2819,2878,2816,2876,2,23,75,07-27-202606:32:13,07-27-202606:33:04
Cable sdt,250,50,10,10,1,1,1,4,16,100,90,0.05,3,20,5,True,True,225.107,16,1500,1448,1448,0,48,22767.8125,399,723,True,False,42.847,16,1500,1448,1425,0,50,31245.5,47,379,62,659,2829,2875,2827,2876,2,23,9,07-27-202605:31:46,07-27-202605:32:38
Cable sdt,250,50,10,10,1,1,1,4,16,100,90,0.05,3,20,5,True,True,224.996,16,1500,1448,1448,0,48,22702.9375,388,692,True,False,43.491,16,1500,1448,1425,0,48,31909.5625,50,428,48,607,2840,2882,2837,2882,2,21,44,07-27-202606:03:44,07-27-202606:04:36
Cable sdt,250,50,10,10,1,1,1,4,16,100,90,0.05,3,20,5,True,False,224.741,16,1500,1448,1448,0,48,23186.4375,336,699,True,False,45.577,16,1500,1448,1424,0,48,31254.25,61,432,116,812,2829,2877,2820,2878,4,28,48,07-27-202606:07:24,07-27-202606:08:17
Cable sdt,250,50,10,10,1,1,1,4,16,100,90,0.05,3,20,5,True,True,225.106,16,1500,1448,1448,0,48,22618.4375,412,718,True,False,42.881,16,1500,1448,1425,0,48,31946.75,44,386,64,660,2837,2880,2832,2881,2,23,99,07-27-202606:54:13,07-27-202606:55:04
Cable sdt,250,50,10,10,1,1,1,4,16,100,90,0.05,3,20,5,True,True,224.864,16,1500,1448,1448,0,48,22946.875,410,713,True,False,43.865,16,1500,1448,1425,0,48,31801.4375,58,433,52,647,2827,2879,2826,2880,2,22,56,07-27-202606:14:47,07-27-202606:15:36
Cable sdt,250,50,10,10,1,1,1,4,16,100,90,0.05,3,20,5,True,True,225.370,16,1500,1448,1448,0,48,23216.875,383,843,True,False,45.597,16,1500,1448,1424,0,48,31791.25,42,399,42,702,2841,2880,2845,2881,1,24,32,07-27-202605:52:51,07-27-202605:53:40
Cable sdt,250,50,10,10,1,1,1,4,16,100,90,0.05,3,20,5,True,False,224.960,16,1500,1448,1448,0,48,23333.625,356,755,True,False,44.375,16,1500,1448,1424,0,48,31459.875,49,354,67,806,2829,2877,2828,2877,2,28,78,07-27-202606:35:01,07-27-202606:35:54
Cable sdt,250,50,10,10,1,1,1,4,16,100,90,0.05,3,20,5,True,True,224.745,16,1500,1448,1448,0,48,22731.75,400,714,True,False,44.231,16,1500,1448,1424,0,48,31992.375,52,366,56,644,2845,2878,2840,2878,2,22,38,07-27-202605:58:13,07-27-202605:59:04
Cable sdt,250,50,10,10,1,1,1,4,16,100,90,0.05,3,20,5,True,False,225.118,16,1500,1448,1448,1,48,22863.875,366,701,True,False,43.247,16,1500,1448,1424,0,48,31361.3125,66,406,98,779,2830,2876,2823,2876,3,27,26,07-27-202605:47:21,07-27-202605:48:14
Cable sdt,250,50,10,10,1,1,1,4,16,100,90,0.05,3,20,5,True,False,224.610,16,1500,1448,1448,0,48,23197.125,349,727,True,False,44.969,16,1500,1448,1424,0,48,31270.625,50,368,69,792,2834,2879,2827,2880,2,28,69,07-27-202606:26:37,07-27-202606:27:30
Cable sdt,250,50,10,10,1,1,1,4,16,100,90,0.05,3,20,5,True,False,224.989,16,1500,1448,1448,0,48,22392.6875,432,673,True,False,43.720,16,1500,1448,1424,0,48,31399.125,59,372,58,823,2837,2874,2829,2874,2,29,34,07-27-202605:54:39,07-27-202605:55:32
Cable sdt,250,50,10,10,1,1,1,4,16,100,90,0.05,3,20,5,True,True,224.993,16,1500,1448,1448,1,48,22710,403,708,True,False,43.255,16,1500,1448,1424,0,48,31642.3125,53,416,60,617,2837,2878,2843,2878,2,21,58,07-27-202606:16:34,07-27-202606:17:26
Cable sdt,250,50,10,10,1,1,1,4,16,100,90,0.05,3,20,5,True,True,225.115,16,1500,1448,1448,0,48,23205.5,350,739,True,False,44.722,16,1500,1448,1424,0,48,31557.1875,79,413,69,670,2835,2877,2832,2877,2,23,30,07-27-202605:51:02,07-27-202605:51:55
Cable sdt,250,50,10,10,1,1,1,4,16,100,90,0.05,3,20,5,True,False,225.117,16,1500,1448,1448,0,48,22816.125,382,725,True,False,43.106,16,1500,1448,1425,0,48,32159.125,57,443,54,725,2837,2881,2832,2881,2,25,70,07-27-202606:27:33,07-27-202606:28:26
Cable sdt,250,50,10,10,1,1,1,4,16,100,90,0.05,3,20,5,True,False,225.119,16,1500,1448,1448,0,48,23086.25,361,748,True,False,42.480,16,1500,1448,1424,0,48,30927.6875,68,381,63,684,2838,2881,2834,2882,2,24,24,07-27-202605:45:31,07-27-202605:46:24
Cable sdt,250,50,10,10,1,1,1,4,16,100,90,0.05,3,20,5,True,True,225.480,16,1500,1448,1448,0,48,23161.625,359,774,True,False,43.743,16,1500,1448,1425,0,48,31000.8125,67,337,60,659,2822,2880,2836,2880,2,23,52,07-27-202606:11:07,07-27-202606:11:58
Cable sdt,250,50,10,10,1,1,1,4,16,100,90,0.05,3,20,5,True,True,224.867,16,1500,1448,1448,0,48,22780.125,405,743,True,False,42.981,16,1500,1448,1424,0,48,31924.125,69,322,74,661,2829,2878,2823,2879,3,23,36,07-27-202605:56:25,07-27-202605:57:15
Cable sdt,250,50,10,10,1,1,1,4,16,100,90,0.05,3,20,5,True,True,225.245,16,1500,1448,1448,0,48,22950.1875,369,742,True,False,43.229,16,1500,1448,1425,0,48,31438.8125,59,405,83,678,2831,2875,2821,2875,3,24,2,07-27-202605:25:22,07-27-202605:26:14
Cable sdt,250,50,10,10,1,1,1,4,16,100,90,0.05,3,20,5,True,True,225.240,16,1500,1448,1448,0,48,23179.3125,371,756,True,False,43.726,16,1500,1448,1424,0,48,31464.9375,65,408,64,677,2833,2877,2828,2878,2,24,5,07-27-202605:28:08,07-27-202605:28:58
Cable sdt,250,50,10,10,1,1,1,4,16,100,90,0.05,3,20,5,True,False,224.728,16,1500,1448,1448,0,48,22702.5625,386,707,True,False,43.376,16,1500,1448,1424,0,48,31832.75,68,399,60,798,2831,2878,2823,2879,2,28,89,07-27-202606:45:06,07-27-202606:45:59
Cable sdt,250,50,10,10,1,1,1,4,16,100,90,0.05,3,20,5,True,False,224.993,16,1500,1448,1448,0,48,22713.8125,391,697,True,False,44.753,16,1500,1448,1425,0,48,31351.375,55,388,58,772,2840,2881,2827,2882,2,27,74,07-27-202606:31:17,07-27-202606:32:10
Cable sdt,250,50,10,10,1,1,1,4,16,100,90,0.05,3,20,5,True,False,225.357,16,1500,1448,1448,0,48,22667.1875,388,737,True,False,43.080,16,1500,1448,1425,0,48,30857.4375,62,409,66,776,2822,2880,2819,2881,2,27,91,07-27-202606:46:56,07-27-202606:47:49
Cable sdt,250,50,10,10,1,1,1,4,16,100,90,0.05,3,20,5,True,False,224.987,16,1500,1448,1448,0,48,23141.6875,372,734,True,False,45.207,16,1500,1448,1425,0,48,31334.4375,60,412,87,689,2826,2879,2834,2880,3,24,53,07-27-202606:12:02,07-27-202606:12:55
Cable sdt,250,50,10,10,1,1,1,4,16,100,90,0.05,3,20,5,True,True,225.242,16,1500,1448,1448,0,48,22619.6875,408,689,True,False,46.346,16,1500,1448,1425,0,48,31624.8125,50,365,46,605,2837,2876,2833,2877,2,21,21,07-27-202605:42:50,07-27-202605:43:41
Cable sdt,250,50,10,10,1,1,1,4,16,100,90,0.05,3,20,5,True,False,225.117,16,1500,1448,1448,0,48,22389.625,436,647,True,False,44.494,16,1500,1448,1425,0,48,31566.8125,66,365,75,801,2846,2881,2846,2881,3,28,55,07-27-202606:13:51,07-27-202606:14:44
Cable sdt,250,50,10,10,1,1,1,4,16,100,90,0.05,3,20,5,True,True,225.364,16,1500,1448,1448,0,48,22811.3125,391,693,True,False,42.970,16,1500,1448,1424,0,48,31058.875,59,361,37,617,2831,2879,2829,2880,1,21,27,07-27-202605:48:17,07-27-202605:49:09
Cable sdt,250,50,10,10,1,1,1,4,16,100,90,0.05,3,20,5,True,True,225.244,16,1500,1448,1448,0,48,22769.375,399,681,True,False,42.851,16,1500,1448,1425,0,48,31127.5625,50,398,55,621,2836,2876,2843,2876,2,22,77,07-27-202606:34:04,07-27-202606:34:58
Cable sdt,250,50,10,10,1,1,1,4,16,100,90,0.05,3,20,5,True,True,224.875,16,1500,1448,1448,0,48,22784.5625,393,740,True,False,42.505,16,1500,1448,1425,0,48,31253.5,56,421,50,657,2841,2878,2842,2878,2,23,85,07-27-202606:41:28,07-27-202606:42:19
Cable sdt,250,50,10,10,1,1,1,4,16,100,90,0.05,3,20,5,True,False,225.233,16,1500,1448,1448,0,48,22556.8125,403,680,True,False,43.743,16,1500,1448,1425,0,48,31434,65,326,78,784,2836,2876,2831,2875,3,27,86,07-27-202606:42:22,07-27-202606:43:15
Cable sdt,250,50,10,10,1,1,1,4,16,100,90,0.05,3,20,5,True,False,225.000,16,1500,1448,1448,0,48,23254,351,756,True,False,45.964,16,1500,1448,1425,0,48,31503.25,73,333,75,818,2828,2877,2828,2875,3,28,18,07-27-202605:40:01,07-27-202605:40:54
Cable sdt,250,50,10,10,1,1,1,4,16,100,90,0.05,3,20,5,True,True,225.099,14,1500,1448,1448,0,42,22889.714285714286,410,871,True,False,45.999,16,1500,1448,1425,0,48,31793.5,68,385,50,721,2834,2880,2832,2881,2,25,22,07-27-202605:43:44,07-27-202605:44:31
Cable sdt,250,50,10,10,1,1,1,4,16,100,90,0.05,3,20,5,True,False,224.968,16,1500,1448,1448,0,48,23102.8125,354,765,True,False,44.108,16,1500,1448,1425,0,48,31623.6875,47,351,62,845,2841,2877,2827,2878,2,29,81,07-27-202606:37:44,07-27-202606:38:37
Cable sdt,250,50,10,10,1,1,1,4,16,100,90,0.05,3,20,5,True,False,225.110,16,1500,1448,1448,0,48,23217.875,355,746,True,False,43.353,16,1500,1448,1425,0,48,31441.4375,53,370,71,732,2836,2873,2830,2874,3,25,64,07-27-202606:22:02,07-27-202606:22:55
Cable sdt,250,50,10,10,1,1,1,4,16,100,90,0.05,3,20,5,True,True,225.367,16,1500,1448,1448,0,48,22738.1875,391,713,True,False,43.105,16,1500,1448,1424,0,48,31567.5625,51,396,65,645,2834,2874,2826,2875,2,22,7,07-27-202605:29:57,07-27-202605:30:49
Cable sdt,250,50,10,10,1,1,1,4,16,100,90,0.05,3,20,5,True,False,224.991,16,1500,1448,1448,0,48,23080,370,733,True,False,43.592,16,1500,1448,1424,0,48,31140,51,409,50,719,2839,2881,2839,2882,2,25,76,07-27-202606:33:08,07-27-202606:34:01
Cable sdt,250,50,10,10,1,1,1,4,16,100,90,0.05,3,20,5,True,False,225.242,16,1500,1448,1448,0,48,23093.5,349,722,True,False,44.866,16,1500,1448,1425,0,48,31357.375,49,439,49,803,2821,2877,2830,2877,2,28,98,07-27-202606:53:17,07-27-202606:54:10
Cable sdt,250,50,10,10,1,1,1,4,16,100,90,0.05,3,20,5,True,False,225.136,16,1500,1448,1448,0,48,22697,400,690,True,False,43.251,16,1500,1448,1425,0,48,31089,47,380,70,770,2841,2881,2833,2881,2,27,19,07-27-202605:40:57,07-27-202605:41:50
Cable sdt,250,50,10,10,1,1,1,4,16,100,90,0.05,3,20,5,True,True,224.994,16,1500,1448,1448,0,48,22654.875,403,693,True,False,43.220,16,1500,1448,1424,0,48,31241.9375,50,375,47,613,2821,2877,2818,2878,2,21,28,07-27-202605:49:12,07-27-202605:50:03
Cable sdt,250,50,10,10,1,1,1,4,16,100,90,0.05,3,20,5,True,True,225.109,16,1500,1448,1448,0,48,22727.1875,392,748,True,False,45.438,16,1500,1448,1425,0,48,31570.875,55,416,54,668,2830,2880,2828,2881,2,23,67,07-27-202606:24:50,07-27-202606:25:41
Cable sdt,250,50,10,10,1,1,1,4,16,100,90,0.05,3,20,5,True,True,225.366,16,1500,1448,1448,0,48,22732,400,705,True,False,44.869,16,1500,1448,1425,0,48,31448.6875,61,360,80,618,2843,2878,2839,2878,3,21,61,07-27-202606:19:17,07-27-202606:20:08
Cable sdt,250,50,10,10,1,1,1,4,16,100,90,0.05,3,20,5,True,True,224.851,16,1500,1448,1448,0,48,22965.5625,375,696,True,False,45.370,16,1500,1448,1424,0,48,31216.375,48,368,43,628,2835,2876,2835,2876,2,22,1,07-27-202605:24:27,07-27-202605:25:19
Cable sdt,250,50,10,10,1,1,1,4,16,100,90,0.05,3,20,5,True,False,224.871,16,1500,1448,1448,0,48,22722.3125,377,689,True,False,45.620,16,1500,1448,1425,0,48,31287.6875,52,385,68,776,2840,2880,2823,2881,2,27,66,07-27-202606:23:54,07-27-202606:24:47
Cable sdt,250,50,10,10,1,1,1,4,16,100,90,0.05,3,20,5,True,True,225.123,16,1500,1448,1448,0,48,22854.1875,373,697,True,False,45.219,16,1500,1448,1425,0,48,31243.625,70,386,86,638,2839,2877,2830,2878,3,22,40,07-27-202606:00:03,07-27-202606:00:55
Cable sdt,250,50,10,10,1,1,1,4,16,100,90,0.05,3,20,5,True,True,224.741,16,1500,1448,1448,0,48,22984.8125,360,687,True,False,44.338,16,1500,1448,1425,0,48,31219.125,60,373,54,630,2845,2881,2840,2881,2,22,73,07-27-202606:30:22,07-27-202606:31:14
Cable sdt,250,50,10,10,1,1,1,4,16,100,90,0.05,3,20,5,True,False,224.941,16,1500,1448,1448,0,48,23144.125,351,740,True,False,45.736,16,1500,1448,1424,0,48,31096.3125,57,404,57,800,2843,2875,2838,2875,2,28,49,07-27-202606:08:20,07-27-202606:09:13
Cable sdt,250,50,10,10,1,1,1,4,16,100,90,0.05,3,20,5,True,True,225.138,16,1500,1448,1448,0,48,22705.3125,400,733,True,False,43.836,16,1500,1448,1425,0,48,31337.125,54,376,46,641,2840,2873,2841,2873,2,22,60,07-27-202606:18:24,07-27-202606:19:14
Cable sdt,250,50,10,10,1,1,1,4,16,100,90,0.05,3,20,5,True,True,224.874,16,1500,1448,1448,0,48,22592.9375,399,693,True,False,44.621,16,1500,1448,1424,0,48,31235.1875,53,368,53,598,2839,2878,2828,2879,2,21,41,07-27-202606:00:58,07-27-202606:01:50
Cable sdt,250,50,10,10,1,1,1,4,16,100,90,0.05,3,20,5,True,False,225.366,16,1500,1448,1448,0,48,22749,384,668,True,False,45.621,16,1500,1448,1425,0,48,31880.6875,58,373,63,786,2833,2877,2829,2878,2,27,10,07-27-202605:32:42,07-27-202605:33:35
Cable sdt,250,50,10,10,1,1,1,4,16,100,90,0.05,3,20,5,True,True,225.118,16,1500,1448,1448,0,48,22717.25,402,709,True,False,42.972,16,1500,1448,1424,0,48,31399.3125,53,334,57,637,2837,2877,2834,2878,2,22,37,07-27-202605:57:19,07-27-202605:58:10
Cable sdt,250,50,10,10,1,1,1,4,16,100,90,0.05,3,20,5,True,True,225.211,16,1500,1448,1448,0,48,22769.5,406,709,True,False,44.211,16,1500,1448,1424,0,48,31425.625,68,361,50,645,2833,2879,2828,2879,2,22,100,07-27-202606:55:07,07-27-202606:55:57
Cable sdt,250,50,10,10,1,1,1,4,16,100,90,0.05,3,20,5,True,True,224.990,14,1500,1448,1448,0,42,22773.14285714286,423,808,True,False,44.745,16,1500,1448,1425,1,49,31198.125,60,387,60,693,2837,2879,2838,2878,2,24,35,07-27-202605:55:35,07-27-202605:56:22
Cable sdt,250,50,10,10,1,1,1,4,16,100,90,0.05,3,20,5,True,True,225.349,16,1500,1448,1448,0,48,22687.4375,388,722,True,False,44.125,16,1500,1448,1424,0,48,31282.375,55,393,67,634,2823,2881,2820,2882,2,22,11,07-27-202605:33:38,07-27-202605:34:30
Cable sdt,250,50,10,10,1,1,1,4,16,100,90,0.05,3,20,5,True,True,224.985,16,1500,1448,1448,0,48,22758.8125,387,710,True,False,43.233,16,1500,1448,1425,0,48,32649.1875,44,390,44,632,2835,2876,2829,2876,2,22,94,07-27-202606:49:41,07-27-202606:50:32
Cable sdt,250,50,10,10,1,1,1,4,16,100,90,0.05,3,20,5,True,True,225.120,16,1500,1448,1448,0,48,22700.875,390,730,True,False,43.338,16,1500,1448,1424,0,48,31221.8125,50,371,64,652,2831,2882,2831,2882,2,23,87,07-27-202606:43:18,07-27-202606:44:10
Cable sdt,250,50,10,10,1,1,1,4,16,100,90,0.05,3,20,5,True,True,225.122,16,1500,1448,1448,0,48,22710.375,403,739,True,False,42.475,16,1500,1448,1425,0,48,31364.75,65,392,77,656,2842,2880,2837,2880,3,23,90,07-27-202606:46:02,07-27-202606:46:53
Cable sdt,250,50,10,10,1,1,1,4,16,100,90,0.05,3,20,5,True,True,224.981,16,1500,1448,1448,0,48,22723.75,389,718,True,False,42.631,16,1500,1448,1425,0,48,31912.875,75,405,63,644,2838,2879,2838,2879,2,22,6,07-27-202605:29:01,07-27-202605:29:54
Cable sdt,250,50,10,10,1,1,1,4,16,100,90,0.05,3,20,5,True,True,225.121,16,1500,1448,1448,0,48,23116.0625,358,782,True,False,44.852,16,1500,1448,1425,0,48,32137.3125,51,379,54,707,2838,2880,2838,2881,2,25,25,07-27-202605:46:27,07-27-202605:47:17
Cable sdt,250,50,10,10,1,1,1,4,16,100,90,0.05,3,20,5,True,True,225.056,16,1500,1448,1448,0,48,23371.8125,356,760,True,False,43.624,16,1500,1448,1425,0,48,31445.6875,58,377,64,678,2838,2875,2830,2876,2,24,65,07-27-202606:22:58,07-27-202606:23:50
Cable sdt,250,50,10,10,1,1,1,4,16,100,90,0.05,3,20,5,True,True,225.070,16,1500,1448,1448,0,48,22783.0625,415,714,True,False,44.249,16,1500,1448,1424,0,48,31605.875,44,366,49,647,2840,2881,2837,2882,2,22,54,07-27-202606:12:58,07-27-202606:13:48
Cable sdt,250,50,10,10,1,1,1,4,16,100,90,0.05,3,20,5,True,True,224.926,16,1500,1448,1448,0,48,22657.3125,399,664,True,False,45.123,16,1500,1448,1424,0,48,31843.25,52,377,50,598,2839,2876,2826,2877,2,21,39,07-27-202605:59:07,07-27-202605:59:59
Cable sdt,250,50,10,10,1,1,1,4,16,100,90,0.05,3,20,5,True,True,225.249,16,1500,1448,1448,0,48,22863.8125,371,682,True,False,45.974,16,1500,1448,1425,0,48,30524.5625,61,360,60,602,2837,2876,2839,2877,2,21,3,07-27-202605:26:17,07-27-202605:27:09
Cable sdt,250,50,10,10,1,1,1,4,16,100,90,0.05,3,20,5,True,False,225.109,16,1500,1448,1448,0,48,22663.125,384,690,True,False,44.456,16,1500,1448,1424,0,48,31935.875,56,404,71,763,2823,2876,2820,2876,3,27,97,07-27-202606:52:20,07-27-202606:53:13
Cable sdt,250,50,10,10,1,1,1,4,16,100,90,0.05,3,20,5,True,True,225.231,16,1500,1448,1448,0,48,22688,386,724,True,False,43.490,16,1500,1448,1425,0,48,31621.875,60,401,57,639,2827,2879,2822,2880,2,22,33,07-27-202605:53:43,07-27-202605:54:35
Cable sdt,250,50,10,10,1,1,1,4,16,100,90,0.05,3,20,5,True,True,224.983,16,1500,1448,1448,0,48,22697.9375,394,751,True,False,45.106,16,1500,1448,1425,0,48,31399.375,68,369,93,712,2825,2877,2823,2877,3,25,47,07-27-202606:06:31,07-27-202606:07:21
Cable sdt,250,50,10,10,1,1,1,4,16,100,90,0.05,3,20,5,True,True,224.616,16,1500,1448,1448,0,48,22796.875,383,699,True,False,43.123,16,1500,1448,1424,0,48,31389.9375,70,369,57,619,2837,2880,2831,2881,2,21,96,07-27-202606:51:26,07-27-202606:52:17
Cable sdt,250,50,10,10,1,1,1,4,16,100,90,0.05,3,20,5,True,False,224.740,16,1500,1448,1448,0,48,22675.5,385,714,True,False,45.486,16,1500,1448,1424,0,48,32302.75,50,375,85,789,2828,2880,2825,2881,3,27,72,07-27-202606:29:25,07-27-202606:30:19
Cable sdt,250,50,10,10,1,1,1,4,16,100,90,0.05,3,20,5,True,False,225.370,16,1500,1448,1448,0,48,22728.0625,384,709,True,False,44.468,16,1500,1448,1424,0,48,31451.125,63,395,76,753,2819,2876,2817,2877,3,26,16,07-27-202605:38:10,07-27-202605:39:03
Cable sdt,250,50,10,10,1,1,1,4,16,100,90,0.05,3,20,5,True,True,225.354,16,1500,1448,1448,0,48,22754.6875,407,724,True,False,43.860,16,1500,1448,1425,0,48,31933.9375,54,386,55,641,2846,2880,2843,2881,2,22,8,07-27-202605:30:52,07-27-202605:31:43
Cable sdt,250,50,10,10,1,1,1,4,16,100,90,0.05,3,20,5,True,True,225.103,16,1500,1448,1448,0,48,22631.1875,402,703,True,False,42.622,16,1500,1448,1424,0,48,31670.375,69,367,48,631,2830,2880,2822,2880,2,22,14,07-27-202605:36:23,07-27-202605:37:15
Cable sdt,250,50,10,10,1,1,1,4,16,100,90,0.05,3,20,5,True,False,224.875,16,1500,1448,1448,0,48,22656.6875,383,700,True,False,43.488,16,1500,1448,1425,0,48,31444.625,52,434,66,753,2829,2879,2821,2880,2,26,82,07-27-202606:38:40,07-27-202606:39:33
Cable sdt,250,50,10,10,1,1,1,4,16,100,90,0.05,3,20,5,True,True,225.119,16,1500,1448,1448,0,48,22722.5,389,678,True,False,43.221,16,1500,1448,1424,0,48,31787.3125,55,393,71,615,2829,2881,2827,2881,2,21,45,07-27-202606:04:39,07-27-202606:05:31
Cable sdt,250,50,10,10,1,1,1,4,16,100,90,0.05,3,20,5,True,False,225.493,16,1500,1448,1448,0,48,23165.8125,358,747,True,False,45.586,16,1500,1448,1425,0,48,32151.9375,47,373,56,743,2843,2879,2838,2880,2,26,43,07-27-202606:02:47,07-27-202606:03:40
Cable sdt,250,50,10,10,1,1,1,4,16,100,90,0.05,3,20,5,True,False,225.244,16,1500,1448,1448,0,48,23354.3125,359,724,True,False,44.457,16,1500,1448,1424,0,48,31761,57,374,59,722,2817,2877,2812,2877,2,25,83,07-27-202606:39:36,07-27-202606:40:29
Cable sdt,250,50,10,10,1,1,1,4,16,100,90,0.05,3,20,5,True,True,225.051,16,1500,1448,1448,0,48,22718.25,385,702,True,False,43.607,16,1500,1448,1424,0,48,31404.125,58,390,50,635,2836,2875,2828,2876,2,22,63,07-27-202606:21:08,07-27-202606:21:59
Cable sdt,250,50,10,10,1,1,1,4,16,100,90,0.05,3,20,5,True,True,224.986,13,1500,1448,1448,0,39,23040.76923076923,413,891,True,False,45.117,16,1500,1448,1425,0,48,31525.5625,83,377,50,757,2826,2876,2824,2876,2,26,80,07-27-202606:36:54,07-27-202606:37:40
Cable sdt,250,50,10,10,1,1,1,4,16,100,90,0.05,3,20,5,True,True,225.111,16,1500,1448,1448,0,48,22688.75,388,716,True,False,43.971,16,1500,1448,1424,0,48,31470.5,50,382,48,644,2838,2876,2836,2876,2,22,59,07-27-202606:17:29,07-27-202606:18:21
Cable sdt,250,50,10,10,1,1,1,4,16,100,90,0.05,3,20,5,True,True,224.669,16,1500,1448,1448,0,48,22900.4375,390,808,True,False,44.094,16,1500,1448,1424,0,48,32007.0625,46,371,51,663,2842,2880,2836,2881,2,23,15,07-27-202605:37:18,07-27-202605:38:07
Cable sdt,250,50,10,10,1,1,1,4,16,100,90,0.05,3,20,5,True,False,224.610,16,1500,1448,1448,0,48,22750.9375,384,699,True,False,45.471,16,1500,1448,1424,0,48,31799.25,63,399,42,762,2832,2876,2823,2877,1,26,71,07-27-202606:28:29,07-27-202606:29:22
Cable sdt,250,50,10,10,1,1,1,4,16,100,90,0.05,3,20,5,True,True,224.864,16,1500,1448,1448,0,48,23131.9375,357,771,True,False,41.869,16,1500,1448,1424,0,48,32319.6875,57,328,47,668,2843,2879,2838,2879,2,23,42,07-27-202606:01:53,07-27-202606:02:44
Cable sdt,250,50,10,10,1,1,1,4,16,100,90,0.05,3,20,5,True,False,225.107,16,1500,1448,1448,0,48,22856.4375,378,723,True,False,43.866,16,1500,1448,1425,0,48,31062.125,43,353,50,700,2831,2874,2827,2874,2,24,51,07-27-202606:10:11,07-27-202606:11:04
Cable sdt,250,50,10,10,1,1,1,4,16,100,90,0.05,3,20,5,True,True,224.864,16,1500,1448,1448,0,48,22535.875,423,715,True,False,44.705,16,1500,1448,1424,0,48,31014.875,70,415,86,637,2839,2874,2833,2873,3,22,57,07-27-202606:15:39,07-27-202606:16:31
Cable sdt,250,50,10,10,1,1,1,4,16,100,90,0.05,3,20,5,True,True,224.982,16,1500,1448,1448,0,48,22849.375,406,787,True,False,42.712,16,1500,1448,1424,0,48,31710.375,47,380,59,679,2828,2877,2822,2878,2,24,88,07-27-202606:44:13,07-27-202606:45:03
Cable sdt,250,50,10,10,1,1,1,4,16,100,90,0.05,3,20,5,True,True,224.858,16,1500,1448,1448,0,48,22662.25,390,694,True,False,43.602,16,1500,1448,1425,0,48,31698.3125,64,378,68,637,2826,2875,2823,2876,2,22,4,07-27-202605:27:13,07-27-202605:28:05
Cable sdt,250,50,10,10,1,1,1,4,16,100,90,0.05,3,20,5,True,True,225.220,16,1500,1448,1448,0,48,23143.5,357,742,True,False,44.836,16,1500,1448,1424,0,48,31752.625,55,373,61,657,2837,2877,2833,2878,2,23,12,07-27-202605:34:33,07-27-202605:35:25
Cable sdt,250,50,10,10,1,1,1,4,16,100,90,0.05,7,20,5,True,True,224.855,14,1500,1448,1448,0,42,22613.071428571428,447,763,True,False,42.996,16,1500,1448,1424,0,48,31154.3125,53,446,51,677,2843,2887,2845,2888,2,23,79,07-27-202608:06:09,07-27-202608:06:56
Cable sdt,250,50,10,10,1,1,1,4,16,100,90,0.05,7,20,5,True,True,225.232,16,1500,1448,1448,0,48,22954.25,378,720,True,False,43.601,16,1500,1448,1425,0,48,31835.5625,54,397,57,634,2838,2883,2832,2878,2,22,50,07-27-202607:40:05,07-27-202607:40:57
Cable sdt,250,50,10,10,1,1,1,4,16,100,90,0.05,7,20,5,True,False,224.736,16,1500,1448,1448,0,48,22745.5,393,697,True,False,43.878,16,1500,1448,1425,0,48,31529.8125,39,401,63,852,2830,2879,2818,2878,2,30,23,07-27-202607:15:39,07-27-202607:16:32
Cable sdt,250,50,10,10,1,1,1,4,16,100,90,0.05,7,20,5,True,True,225.114,16,1500,1448,1448,0,48,22664.5625,399,681,True,False,42.714,16,1500,1448,1425,0,48,31031,63,362,68,618,2820,2876,2814,2877,2,21,68,07-27-202607:56:20,07-27-202607:57:12
Cable sdt,250,50,10,10,1,1,1,4,16,100,90,0.05,7,20,5,True,True,224.720,15,1500,1448,1448,0,45,22531.666666666668,456,855,True,False,44.092,16,1500,1448,1424,0,48,31994.9375,39,373,42,739,2827,2877,2820,2876,1,26,92,07-27-202608:17:55,07-27-202608:18:43
Cable sdt,250,50,10,10,1,1,1,4,16,100,90,0.05,7,20,5,True,False,225.122,16,1500,1448,1448,0,48,23160.25,356,765,True,False,45.090,16,1500,1448,1425,0,48,31799.5625,62,363,65,843,2832,2872,2832,2872,2,29,95,07-27-202608:20:34,07-27-202608:21:27
Cable sdt,250,50,10,10,1,1,1,4,16,100,90,0.05,7,20,5,True,True,225.133,16,1500,1448,1448,0,48,22742.0625,398,732,True,False,43.861,16,1500,1448,1425,0,48,31473.6875,44,408,51,663,2817,2877,2822,2878,2,23,46,07-27-202607:36:32,07-27-202607:37:23
Cable sdt,250,50,10,10,1,1,1,4,16,100,90,0.05,7,20,5,True,True,225.108,16,1500,1448,1448,0,48,23131.9375,372,855,True,False,43.350,16,1500,1448,1425,0,48,31701.6875,52,385,54,702,2824,2875,2818,2875,2,24,93,07-27-202608:18:46,07-27-202608:19:36
Cable sdt,250,50,10,10,1,1,1,4,16,100,90,0.05,7,20,5,True,True,225.117,16,1500,1448,1448,0,48,22626.25,403,702,True,False,45.355,16,1500,1448,1425,0,48,31967.25,48,390,52,629,2823,2879,2815,2879,2,22,17,07-27-202607:10:14,07-27-202607:11:06
Cable sdt,250,50,10,10,1,1,1,4,16,100,90,0.05,7,20,5,True,False,224.985,16,1500,1448,1448,0,48,23094.5,352,760,True,False,46.966,16,1500,1448,1424,0,48,31497,51,379,67,824,2840,2880,2835,2881,2,29,29,07-27-202607:21:08,07-27-202607:22:01
Cable sdt,250,50,10,10,1,1,1,4,16,100,90,0.05,7,20,5,True,False,224.748,16,1500,1448,1448,0,48,22683.1875,388,703,True,False,45.846,16,1500,1448,1424,0,48,31638.5,74,379,71,800,2833,2882,2829,2883,3,28,20,07-27-202607:12:55,07-27-202607:13:48
Cable sdt,250,50,10,10,1,1,1,4,16,100,90,0.05,7,20,5,True,True,224.614,15,1500,1448,1448,0,48,23120.3125,376,789,True,False,47.097,16,1500,1448,1424,0,48,31668.375,67,341,66,710,2840,2879,2838,2879,2,25,31,07-27-202607:23:00,07-27-202607:23:49
Cable sdt,250,50,10,10,1,1,1,4,16,100,90,0.05,7,20,5,True,True,224.731,16,1500,1448,1448,0,48,22669.25,395,706,True,False,46.364,16,1500,1448,1425,0,48,32090.375,47,412,44,646,2840,2880,2835,2880,2,22,84,07-27-202608:10:40,07-27-202608:11:32
Cable sdt,250,50,10,10,1,1,1,4,16,100,90,0.05,7,20,5,True,False,225.244,16,1500,1448,1448,0,48,23361.3125,340,748,True,False,44.949,16,1500,1448,1425,0,48,31735.4375,51,421,71,822,2827,2877,2822,2878,3,29,13,07-27-202607:06:46,07-27-202607:07:39
Cable sdt,250,50,10,10,1,1,1,4,16,100,90,0.05,7,20,5,True,True,224.841,16,1500,1448,1448,0,48,22697.1875,397,739,True,False,42.943,16,1500,1448,1425,0,48,31318.875,46,381,45,649,2845,2878,2843,2879,2,23,62,07-27-202607:50:57,07-27-202607:51:48
Cable sdt,250,50,10,10,1,1,1,4,16,100,90,0.05,7,20,5,True,True,224.863,15,1500,1448,1448,0,45,23018.133333333335,402,838,True,False,42.498,16,1500,1448,1425,0,48,31869.375,57,392,53,679,2835,2879,2832,2880,2,24,75,07-27-202608:02:44,07-27-202608:03:32
Cable sdt,250,50,10,10,1,1,1,4,16,100,90,0.05,7,20,5,True,True,224.735,15,1500,1448,1448,0,45,22684.466666666667,439,712,True,False,42.465,16,1500,1448,1424,0,48,31442.6875,66,372,66,653,2834,2878,2828,2879,2,23,9,07-27-202607:03:08,07-27-202607:03:56
Cable sdt,250,50,10,10,1,1,1,4,16,100,90,0.05,7,20,5,True,True,225.107,16,1500,1448,1448,0,48,22663.3125,400,675,True,False,45.121,16,1500,1448,1424,0,48,31467.6875,68,358,61,598,2838,2875,2837,2875,2,21,44,07-27-202607:34:45,07-27-202607:35:36
Cable sdt,250,50,10,10,1,1,1,4,16,100,90,0.05,7,20,5,True,True,224.964,12,1500,1448,1448,0,39,22417.615384615383,480,851,True,False,43.499,16,1500,1448,1425,0,48,31621.8125,54,344,41,721,2835,2879,2823,2878,1,25,48,07-27-202607:38:20,07-27-202607:39:06
Cable sdt,250,50,10,10,1,1,1,4,16,100,90,0.05,7,20,5,True,False,225.243,16,1500,1448,1448,0,48,22697.375,386,712,True,False,44.957,16,1500,1448,1424,0,48,31780.8125,39,378,51,644,2827,2876,2825,2876,2,22,99,07-27-202608:24:11,07-27-202608:25:04
Cable sdt,250,50,10,10,1,1,1,4,16,100,90,0.05,7,20,5,True,True,224.873,16,1500,1448,1448,0,48,22521.4375,419,701,True,False,44.608,16,1500,1448,1425,0,48,32093.1875,46,406,47,614,2835,2879,2829,2879,2,21,56,07-27-202607:45:32,07-27-202607:46:25
Cable sdt,250,50,10,10,1,1,1,4,16,100,90,0.05,7,20,5,True,False,224.869,16,1500,1448,1448,0,48,22545.75,394,676,True,False,45.116,16,1500,1448,1425,0,48,31170.625,65,381,69,707,2840,2881,2838,2882,2,25,32,07-27-202607:23:52,07-27-202607:24:45
Cable sdt,250,50,10,10,1,1,1,4,16,100,90,0.05,7,20,5,True,True,225.247,16,1500,1448,1448,0,48,22606.625,417,724,True,False,44.243,16,1500,1448,1424,0,48,30976.8125,60,372,65,654,2815,2877,2815,2878,2,23,78,07-27-202608:05:14,07-27-202608:06:05
Cable sdt,250,50,10,10,1,1,1,4,16,100,90,0.05,7,20,5,True,True,224.873,16,1500,1448,1448,0,48,22704.875,406,731,True,False,44.971,16,1500,1448,1424,0,48,31203.5,52,395,53,647,2840,2880,2837,2880,2,22,38,07-27-202607:29:15,07-27-202607:30:06
Cable sdt,250,50,10,10,1,1,1,4,16,100,90,0.05,7,20,5,True,False,224.871,16,1500,1448,1448,0,48,22851.125,371,719,True,False,45.330,16,1500,1448,1424,0,48,32150.875,53,387,92,779,2823,2880,2816,2880,3,27,26,07-27-202607:18:25,07-27-202607:19:18
Cable sdt,250,50,10,10,1,1,1,4,16,100,90,0.05,7,20,5,True,True,224.621,15,1500,1448,1448,0,48,22820.9375,419,737,True,False,45.619,16,1500,1448,1424,0,48,31608.25,56,349,54,641,2838,2878,2834,2878,2,22,69,07-27-202607:57:15,07-27-202607:58:04
Cable sdt,250,50,10,10,1,1,1,4,16,100,90,0.05,7,20,5,True,True,225.002,16,1500,1448,1448,0,48,22742.75,390,712,True,False,44.622,16,1500,1448,1425,0,48,31590.75,78,398,40,632,2834,2880,2829,2881,1,22,34,07-27-202607:25:40,07-27-202607:26:32
Cable sdt,250,50,10,10,1,1,1,4,16,100,90,0.05,7,20,5,True,False,224.608,16,1500,1448,1448,0,48,22788.8125,375,718,True,False,45.238,16,1500,1448,1425,0,48,31232.3125,51,370,63,658,2820,2878,2815,2878,2,23,58,07-27-202607:47:21,07-27-202607:48:14
Cable sdt,250,50,10,10,1,1,1,4,16,100,90,0.05,7,20,5,True,False,224.607,16,1500,1448,1448,0,48,22740.875,378,722,True,False,45.212,16,1500,1448,1424,0,48,30886.875,62,354,71,804,2827,2878,2827,2879,2,28,30,07-27-202607:22:04,07-27-202607:22:57
Cable sdt,250,50,10,10,1,1,1,4,16,100,90,0.05,7,20,5,True,False,224.583,16,1500,1448,1448,0,48,22694.8125,394,680,True,False,42.593,16,1500,1448,1424,0,48,31309.8125,53,370,66,808,2817,2878,2814,2878,2,28,70,07-27-202607:58:07,07-27-202607:59:00
Cable sdt,250,50,10,10,1,1,1,4,16,100,90,0.05,7,20,5,True,False,225.000,16,1500,1448,1448,0,48,22711.625,382,741,True,False,44.094,16,1500,1448,1425,0,48,31430.0625,39,412,51,814,2831,2876,2830,2876,2,28,24,07-27-202607:16:35,07-27-202607:17:28
Cable sdt,250,50,10,10,1,1,1,4,16,100,90,0.05,7,20,5,True,True,225.005,16,1500,1448,1448,0,48,22748.375,397,734,True,False,44.236,16,1500,1448,1424,0,48,31574.3125,50,404,56,675,2834,2877,2831,2878,2,23,52,07-27-202607:41:55,07-27-202607:42:47
Cable sdt,250,50,10,10,1,1,1,4,16,100,90,0.05,7,20,5,True,True,224.991,16,1500,1448,1448,0,48,23201.6875,347,723,True,False,43.345,16,1500,1448,1425,0,48,31453.75,54,355,48,638,2840,2875,2839,2875,2,22,36,07-27-202607:27:25,07-27-202607:28:16
Cable sdt,250,50,10,10,1,1,1,4,16,100,90,0.05,7,20,5,True,True,225.298,16,1500,1448,1448,0,48,22717.875,399,708,True,False,43.217,16,1500,1448,1424,0,48,31636.5,44,386,47,609,2822,2874,2820,2872,2,21,2,07-27-202606:56:52,07-27-202606:57:45
Cable sdt,250,50,10,10,1,1,1,4,16,100,90,0.05,7,20,5,True,True,225.128,16,1500,1448,1448,0,48,22627.9375,420,763,True,False,44.205,16,1500,1448,1425,0,48,32025.75,62,377,45,656,2838,2882,2834,2878,2,23,5,07-27-202606:59:33,07-27-202607:00:22
Cable sdt,250,50,10,10,1,1,1,4,16,100,90,0.05,7,20,5,True,False,224.887,16,1500,1448,1448,0,48,22726.5625,386,743,True,False,44.979,16,1500,1448,1425,0,48,32162.8125,51,330,50,687,2818,2878,2817,2879,2,24,89,07-27-202608:15:09,07-27-202608:16:02
Cable sdt,250,50,10,10,1,1,1,4,16,100,90,0.05,7,20,5,True,True,224.629,16,1500,1448,1448,0,48,22556.4375,398,728,True,False,44.846,16,1500,1448,1424,0,48,31713.25,49,380,58,662,2844,2882,2836,2884,2,23,74,07-27-202608:01:49,07-27-202608:02:41
Cable sdt,250,50,10,10,1,1,1,4,16,100,90,0.05,7,20,5,True,True,225.229,16,1500,1448,1448,0,48,23195.875,372,795,True,False,45.623,16,1500,1448,1425,0,48,31589,41,403,51,701,2830,2875,2838,2876,2,24,91,07-27-202608:17:02,07-27-202608:17:52
Cable sdt,250,50,10,10,1,1,1,4,16,100,90,0.05,7,20,5,True,True,224.985,16,1500,1448,1448,0,48,22713.375,385,716,True,False,43.369,16,1500,1448,1425,0,48,31960.0625,43,316,49,627,2841,2879,2839,2879,2,22,53,07-27-202607:42:50,07-27-202607:43:43
Cable sdt,250,50,10,10,1,1,1,4,16,100,90,0.05,7,20,5,True,True,225.493,16,1500,1448,1448,0,48,22809.8125,404,736,True,False,43.992,16,1500,1448,1424,0,48,31394.0625,41,395,49,639,2843,2880,2843,2880,2,22,21,07-27-202607:13:51,07-27-202607:14:41
Cable sdt,250,50,10,10,1,1,1,4,16,100,90,0.05,7,20,5,True,True,224.488,16,1500,1448,1448,0,48,23186.6875,388,835,True,False,42.360,16,1500,1448,1425,0,48,31539.1875,53,387,53,705,2835,2880,2828,2881,2,24,55,07-27-202607:44:40,07-27-202607:45:29
Cable sdt,250,50,10,10,1,1,1,4,16,100,90,0.05,7,20,5,True,True,225.213,16,1500,1448,1448,0,48,22715.625,381,754,True,False,43.994,16,1500,1448,1425,0,48,31308.3125,44,375,52,674,2822,2878,2823,2878,2,23,27,07-27-202607:19:21,07-27-202607:20:13
Cable sdt,250,50,10,10,1,1,1,4,16,100,90,0.05,7,20,5,True,True,224.818,12,1500,1448,1448,0,39,22789.076923076922,421,947,True,False,45.703,16,1500,1448,1424,0,48,31819.25,62,407,52,804,2842,2880,2843,2881,2,28,77,07-27-202608:04:25,07-27-202608:05:11
Cable sdt,250,50,10,10,1,1,1,4,16,100,90,0.05,7,20,5,True,True,224.986,15,1500,1448,1448,0,45,22543.066666666666,450,733,True,False,45.080,16,1500,1448,1424,0,48,31384.6875,56,410,60,656,2836,2879,2832,2880,2,23,85,07-27-202608:11:35,07-27-202608:12:23
Cable sdt,250,50,10,10,1,1,1,4,16,100,90,0.05,7,20,5,True,True,225.246,14,1500,1448,1448,0,45,22533.2,443,779,True,False,44.108,16,1500,1448,1424,0,48,31461.5,46,392,57,691,2843,2881,2836,2882,2,24,86,07-27-202608:12:27,07-27-202608:13:15
Cable sdt,250,50,10,10,1,1,1,4,16,100,90,0.05,7,20,5,True,True,224.876,14,1500,1448,1448,0,42,22427.928571428572,475,855,True,False,42.477,16,1500,1448,1424,0,48,32012.9375,46,391,56,736,2841,2878,2839,2879,2,26,18,07-27-202607:11:09,07-27-202607:11:56
Cable sdt,250,50,10,10,1,1,1,4,16,100,90,0.05,7,20,5,True,True,224.741,16,1500,1448,1448,0,48,22690.375,398,712,True,False,46.097,16,1500,1448,1425,0,48,31874.8125,66,374,60,635,2833,2876,2829,2876,2,22,22,07-27-202607:14:44,07-27-202607:15:35
Cable sdt,250,50,10,10,1,1,1,4,16,100,90,0.05,7,20,5,True,True,224.997,16,1500,1448,1448,0,48,23121.875,355,757,True,False,45.618,16,1500,1448,1425,0,48,31036.3125,66,371,82,690,2824,2876,2822,2877,3,24,81,07-27-202608:07:55,07-27-202608:08:47
Cable sdt,250,50,10,10,1,1,1,4,16,100,90,0.05,7,20,5,True,True,224.705,16,1500,1448,1448,0,48,22776.125,403,729,True,False,45.719,16,1500,1448,1424,0,48,31668.125,50,377,59,643,2848,2878,2846,2878,2,22,64,07-27-202607:52:43,07-27-202607:53:33
Cable sdt,250,50,10,10,1,1,1,4,16,100,90,0.05,7,20,5,True,True,225.098,14,1500,1448,1448,0,42,22494.64285714286,478,898,True,False,45.455,16,1500,1448,1424,0,48,31886.6875,82,367,44,753,2832,2881,2825,2881,2,26,7,07-27-202607:01:22,07-27-202607:02:09
Cable sdt,250,50,10,10,1,1,1,4,16,100,90,0.05,7,20,5,True,True,224.870,13,1500,1448,1448,0,39,23005.53846153846,389,940,True,False,43.835,16,1500,1448,1425,0,48,32113.25,44,355,43,762,2843,2877,2835,2876,2,27,76,07-27-202608:03:36,07-27-202608:04:22
Cable sdt,250,50,10,10,1,1,1,4,16,100,90,0.05,7,20,5,True,True,224.997,16,1500,1448,1448,0,48,23117.1875,378,832,True,False,43.592,16,1500,1448,1424,0,48,31709.25,48,368,51,682,2834,2881,2826,2881,2,24,98,07-27-202608:23:19,07-27-202608:24:08
Cable sdt,250,50,10,10,1,1,1,4,16,100,90,0.05,7,20,5,True,True,225.246,16,1500,1448,1448,0,48,22773.5,380,727,True,False,43.248,16,1500,1448,1424,0,48,31849.6875,44,364,45,633,2831,2879,2822,2878,2,22,19,07-27-202607:12:00,07-27-202607:12:52
Cable sdt,250,50,10,10,1,1,1,4,16,100,90,0.05,7,20,5,True,True,224.728,15,1500,1448,1448,0,45,22503.6,454,785,True,False,42.124,16,1500,1448,1424,0,48,31072.6875,55,364,64,691,2829,2874,2821,2874,2,24,28,07-27-202607:20:16,07-27-202607:21:04
Cable sdt,250,50,10,10,1,1,1,4,16,100,90,0.05,7,20,5,True,False,224.925,16,1500,1448,1448,0,48,23197,347,748,True,False,44.122,16,1500,1448,1424,0,48,31357.75,51,387,82,838,2833,2880,2839,2881,3,29,67,07-27-202607:55:24,07-27-202607:56:17
Cable sdt,250,50,10,10,1,1,1,4,16,100,90,0.05,7,20,5,True,True,224.749,11,1500,1448,1448,0,36,21975.166666666668,555,917,True,False,44.116,16,1500,1448,1424,0,48,31059.3125,56,379,69,816,2820,2877,2815,2878,2,28,61,07-27-202607:50:08,07-27-202607:50:53
Cable sdt,250,50,10,10,1,1,1,4,16,100,90,0.05,7,20,5,True,True,225.254,16,1500,1448,1448,0,48,22650.6875,421,754,True,False,43.980,16,1500,1448,1425,0,48,31441.8125,63,365,72,669,2840,2878,2837,2878,3,23,1,07-27-202606:56:00,07-27-202606:56:49
Cable sdt,250,50,10,10,1,1,1,4,16,100,90,0.05,7,20,5,True,True,224.735,16,1500,1448,1448,0,48,22727.875,390,694,True,False,43.472,16,1500,1448,1424,0,48,32184.3125,49,394,50,629,2836,2875,2838,2875,2,22,66,07-27-202607:54:30,07-27-202607:55:21
Cable sdt,250,50,10,10,1,1,1,4,16,100,90,0.05,7,20,5,True,False,225.231,16,1500,1448,1448,0,48,22681.1875,390,710,True,False,43.717,16,1500,1448,1424,0,48,31072.625,43,425,83,819,2831,2876,2838,2877,3,28,40,07-27-202607:31:05,07-27-202607:31:58
Cable sdt,250,50,10,10,1,1,1,4,16,100,90,0.05,7,20,5,True,False,225.249,16,1500,1448,1448,0,48,22802.5,393,708,True,False,44.238,16,1500,1448,1425,1,49,31880.125,42,391,65,842,2839,2879,2828,2880,2,29,73,07-27-202608:00:53,07-27-202608:01:46
Cable sdt,250,50,10,10,1,1,1,4,16,100,90,0.05,7,20,5,True,True,225.224,16,1500,1448,1448,0,48,22747.5,405,714,True,False,42.111,16,1500,1448,1424,0,48,31446.625,59,384,60,640,2840,2878,2834,2876,2,22,49,07-27-202607:39:09,07-27-202607:40:01
Cable sdt,250,50,10,10,1,1,1,4,16,100,90,0.05,7,20,5,True,False,224.977,16,1500,1448,1448,0,48,22707.4375,376,728,True,False,43.595,16,1500,1448,1425,0,48,31389.75,52,405,78,814,2830,2873,2825,2874,3,28,60,07-27-202607:49:12,07-27-202607:50:05
Cable sdt,250,50,10,10,1,1,1,4,16,100,90,0.05,7,20,5,True,True,225.118,16,1500,1448,1448,0,48,23110.1875,365,776,True,False,42.250,16,1500,1448,1424,0,48,30543.3125,55,386,50,666,2820,2874,2815,2874,2,23,41,07-27-202607:32:01,07-27-202607:32:53
Cable sdt,250,50,10,10,1,1,1,4,16,100,90,0.05,7,20,5,True,False,225.124,16,1500,1448,1448,0,48,23208.5625,357,729,True,False,43.238,16,1500,1448,1424,0,48,31174.5,61,370,59,827,2828,2876,2822,2876,2,29,10,07-27-202607:04:00,07-27-202607:04:53
Cable sdt,250,50,10,10,1,1,1,4,16,100,90,0.05,7,20,5,True,False,224.998,16,1500,1448,1448,0,48,22635.0625,409,728,True,False,43.872,16,1500,1448,1425,0,48,31973.125,86,425,71,855,2846,2878,2841,2878,3,30,37,07-27-202607:28:19,07-27-202607:29:12
Cable sdt,250,50,10,10,1,1,1,4,16,100,90,0.05,7,20,5,True,True,224.760,16,1500,1448,1448,0,48,22639.8125,400,698,True,False,43.255,16,1500,1448,1425,0,48,31417.125,44,399,43,625,2827,2878,2818,2878,2,22,100,07-27-202608:25:07,07-27-202608:25:59
Cable sdt,250,50,10,10,1,1,1,4,16,100,90,0.05,7,20,5,True,True,224.871,13,1500,1448,1448,0,39,22159.153846153848,501,868,True,False,43.582,16,1500,1448,1425,0,48,31379.5625,51,353,47,759,2823,2876,2821,2876,2,26,35,07-27-202607:26:35,07-27-202607:27:21
Cable sdt,250,50,10,10,1,1,1,4,16,100,90,0.05,7,20,5,True,True,225.360,16,1500,1448,1448,0,48,22722.3125,392,658,True,False,43.356,16,1500,1448,1425,0,48,31225.875,48,402,55,600,2834,2878,2833,2879,2,21,11,07-27-202607:04:56,07-27-202607:05:48
Cable sdt,250,50,10,10,1,1,1,4,16,100,90,0.05,7,20,5,True,True,225.141,16,1500,1448,1448,0,48,23214.875,334,763,True,False,44.623,16,1500,1448,1424,0,48,30939.875,52,365,41,678,2839,2877,2836,2878,1,24,94,07-27-202608:19:39,07-27-202608:20:30
Cable sdt,250,50,10,10,1,1,1,4,16,100,90,0.05,7,20,5,True,True,225.107,16,1500,1448,1448,0,48,22764.4375,377,716,True,False,44.982,16,1500,1448,1425,0,48,31167.8125,49,413,53,650,2833,2877,2830,2877,2,23,87,07-27-202608:13:18,07-27-202608:14:09
Cable sdt,250,50,10,10,1,1,1,4,16,100,90,0.05,7,20,5,True,False,224.739,16,1500,1448,1448,0,48,22583.6875,408,721,True,False,44.381,16,1500,1448,1425,0,48,31390.75,54,358,69,723,2839,2877,2834,2877,2,25,90,07-27-202608:16:05,07-27-202608:16:58
Cable sdt,250,50,10,10,1,1,1,4,16,100,90,0.05,7,20,5,True,False,225.252,16,1500,1448,1448,0,48,22737.4375,370,700,True,False,43.128,16,1500,1448,1424,0,48,31904,50,365,77,820,2835,2879,2828,2879,3,29,6,07-27-202607:00:26,07-27-202607:01:19
Cable sdt,250,50,10,10,1,1,1,4,16,100,90,0.05,7,20,5,True,True,225.644,16,1500,1448,1448,0,48,22996.9375,377,774,True,False,43.372,16,1500,1448,1425,0,48,31787.375,43,388,55,693,2833,2877,2821,2877,2,24,25,07-27-202607:17:31,07-27-202607:18:21
Cable sdt,250,50,10,10,1,1,1,4,16,100,90,0.05,7,20,5,True,True,224.485,16,1500,1448,1448,0,48,23169.125,364,748,True,False,45.123,16,1500,1448,1425,0,48,31272.625,45,403,48,659,2840,2879,2838,2880,2,23,65,07-27-202607:53:36,07-27-202607:54:26
Cable sdt,250,50,10,10,1,1,1,4,16,100,90,0.05,7,20,5,True,True,224.992,16,1500,1448,1448,0,48,22752.5625,401,715,True,False,44.229,16,1500,1448,1425,0,48,30844.125,50,390,60,653,2829,2875,2833,2876,2,23,54,07-27-202607:43:46,07-27-202607:44:37
Cable sdt,250,50,10,10,1,1,1,4,16,100,90,0.05,7,20,5,True,True,225.085,16,1500,1448,1448,0,48,22590.4375,407,711,True,False,45.598,16,1500,1448,1425,0,48,31220,51,369,51,624,2837,2875,2841,2876,2,22,39,07-27-202607:30:10,07-27-202607:31:02
Cable sdt,250,50,10,10,1,1,1,4,16,100,90,0.05,7,20,5,True,True,224.735,12,1500,1448,1448,0,39,22222.76923076923,505,926,True,False,44.379,16,1500,1448,1425,0,48,31184.875,48,410,46,751,2840,2877,2838,2878,2,26,3,07-27-202606:57:48,07-27-202606:58:34
Cable sdt,250,50,10,10,1,1,1,4,16,100,90,0.05,7,20,5,True,True,224.991,16,1500,1448,1448,0,48,22712.75,408,752,True,False,45.381,16,1500,1448,1424,0,48,32490.625,51,352,68,700,2838,2880,2835,2880,2,24,97,07-27-202608:22:25,07-27-202608:23:16
Cable sdt,250,50,10,10,1,1,1,4,16,100,90,0.05,7,20,5,True,True,225.118,15,1500,1448,1448,0,45,23002.466666666667,388,879,True,False,44.952,16,1500,1448,1425,0,48,31147.125,49,372,45,710,2837,2877,2829,2878,2,25,33,07-27-202607:24:49,07-27-202607:25:37
Cable sdt,250,50,10,10,1,1,1,4,16,100,90,0.05,7,20,5,True,True,224.741,16,1500,1448,1448,0,48,22801.9375,389,721,True,False,44.368,16,1500,1448,1425,0,48,32676,56,372,56,641,2838,2876,2833,2874,2,22,47,07-27-202607:37:27,07-27-202607:38:17
Cable sdt,250,50,10,10,1,1,1,4,16,100,90,0.05,7,20,5,True,True,224.766,16,1500,1448,1448,0,48,22685.9375,393,703,True,False,43.091,16,1500,1448,1424,0,48,31088.1875,63,391,67,626,2842,2878,2835,2875,2,22,96,07-27-202608:21:30,07-27-202608:22:21
Cable sdt,250,50,10,10,1,1,1,4,16,100,90,0.05,7,20,5,True,True,224.982,16,1500,1448,1448,0,48,22697.25,391,736,True,False,44.358,16,1500,1448,1425,0,48,31268.6875,53,406,49,639,2830,2877,2831,2877,2,22,72,07-27-202607:59:58,07-27-202608:00:50
Cable sdt,250,50,10,10,1,1,1,4,16,100,90,0.05,7,20,5,True,True,225.118,16,1500,1448,1448,0,48,23105.125,358,778,True,False,40.994,16,1500,1448,1424,0,48,31904.875,44,321,48,676,2838,2879,2837,2879,2,23,16,07-27-202607:09:20,07-27-202607:10:11
Cable sdt,250,50,10,10,1,1,1,4,16,100,90,0.05,7,20,5,True,False,225.122,16,1500,1448,1448,0,48,22653.6875,382,682,True,False,43.479,16,1500,1448,1425,0,48,31110.3125,58,369,79,653,2844,2878,2842,2878,3,23,8,07-27-202607:02:12,07-27-202607:03:05
Cable sdt,250,50,10,10,1,1,1,4,16,100,90,0.05,7,20,5,True,True,225.232,10,1500,1448,1448,0,33,22102.545454545456,567,964,True,False,44.120,16,1500,1448,1424,0,48,31432.625,55,389,43,841,2838,2875,2830,2875,2,29,14,07-27-202607:07:42,07-27-202607:08:27
Cable sdt,250,50,10,10,1,1,1,4,16,100,90,0.05,7,20,5,True,True,224.872,16,1500,1448,1448,0,48,22656.5,410,730,True,False,42.711,16,1500,1448,1425,0,48,31258.375,50,357,53,651,2828,2875,2826,2876,2,23,82,07-27-202608:08:50,07-27-202608:09:40
Cable sdt,250,50,10,10,1,1,1,4,16,100,90,0.05,7,20,5,True,True,224.982,16,1500,1448,1448,0,48,22627.0625,425,704,True,False,44.374,16,1500,1448,1425,0,48,31828.875,62,374,61,624,2829,2877,2824,2878,2,22,45,07-27-202607:35:39,07-27-202607:36:29
Cable sdt,250,50,10,10,1,1,1,4,16,100,90,0.05,7,20,5,True,True,225.495,16,1500,1448,1448,0,48,23215.75,381,829,True,False,44.342,16,1500,1448,1425,0,48,31606.9375,43,403,48,692,2829,2878,2827,2879,2,24,43,07-27-202607:33:53,07-27-202607:34:42
Cable sdt,250,50,10,10,1,1,1,4,16,100,90,0.05,7,20,5,True,False,224.864,16,1500,1448,1448,0,48,23109.0625,363,747,True,False,44.486,16,1500,1448,1424,0,48,31683.875,53,391,72,842,2823,2879,2819,2880,3,29,83,07-27-202608:09:44,07-27-202608:10:37
Cable sdt,250,50,10,10,1,1,1,4,16,100,90,0.05,7,20,5,True,True,225.115,16,1500,1448,1448,0,48,22760.375,426,750,True,False,45.972,16,1500,1448,1425,0,48,31229,51,426,55,649,2818,2877,2817,2877,2,23,63,07-27-202607:51:51,07-27-202607:52:40
Cable sdt,250,50,10,10,1,1,1,4,16,100,90,0.05,7,20,5,True,False,224.974,16,1500,1448,1448,0,48,23106.5625,360,758,True,False,46.228,16,1500,1448,1425,0,48,31819.375,57,401,68,892,2828,2877,2822,2877,2,31,80,07-27-202608:06:59,07-27-202608:07:52
Cable sdt,250,50,10,10,1,1,1,4,16,100,90,0.05,7,20,5,True,True,224.863,16,1500,1448,1448,0,48,22801.5625,398,681,True,False,44.853,16,1500,1448,1424,0,48,30923.875,50,400,53,629,2829,2877,2824,2878,2,22,59,07-27-202607:48:17,07-27-202607:49:09
Cable sdt,250,50,10,10,1,1,1,4,16,100,90,0.05,7,20,5,True,True,224.867,14,1500,1448,1448,0,42,22378.35714285714,489,843,True,False,44.128,16,1500,1448,1425,0,48,31039.5625,66,380,78,731,2842,2879,2842,2880,3,25,15,07-27-202607:08:30,07-27-202607:09:17
Cable sdt,250,50,10,10,1,1,1,4,16,100,90,0.05,7,20,5,True,True,224.861,16,1500,1448,1448,0,48,22859.0625,389,750,True,False,45.495,16,1500,1448,1425,0,48,31076.3125,60,357,54,670,2825,2875,2821,2875,2,23,71,07-27-202607:59:03,07-27-202607:59:54
Cable sdt,250,50,10,10,1,1,1,4,16,100,90,0.05,7,20,5,True,False,225.383,16,1500,1448,1448,0,48,22677.375,373,728,True,False,45.249,16,1500,1448,1425,0,48,31351.9375,53,337,72,785,2835,2881,2840,2880,3,27,42,07-27-202607:32:56,07-27-202607:33:50
Cable sdt,250,50,10,10,1,1,1,4,16,100,90,0.05,7,20,5,True,True,224.866,16,1500,1448,1448,0,48,23072.6875,369,756,True,False,43.618,16,1500,1448,1425,0,48,31256.1875,51,412,51,662,2842,2877,2836,2877,2,23,51,07-27-202607:41:00,07-27-202607:41:52
Cable sdt,250,50,10,10,1,1,1,4,16,100,90,0.05,7,20,5,True,True,224.860,16,1500,1448,1448,0,48,22747,413,753,True,False,43.965,16,1500,1448,1424,0,48,31302,46,375,46,646,2832,2877,2825,2874,2,22,57,07-27-202607:46:28,07-27-202607:47:18
Cable sdt,250,50,10,10,1,1,1,4,16,100,90,0.05,7,20,5,True,False,224.490,16,1500,1448,1448,0,48,23152.625,349,726,True,False,42.731,16,1500,1448,1425,0,48,30739.4375,99,406,310,862,2826,2876,2819,2876,11,30,88,07-27-202608:14:13,07-27-202608:15:06
Cable sdt,250,50,10,10,1,1,1,4,16,100,90,0.05,7,20,5,True,False,224.862,16,1500,1448,1448,0,48,23103.1875,341,733,True,False,44.708,16,1500,1448,1425,0,48,31484.5625,68,370,115,896,2834,2878,2829,2879,4,31,4,07-27-202606:58:37,07-27-202606:59:30
Cable sdt,250,50,10,10,1,1,1,4,16,100,90,0.05,7,20,5,True,True,225.240,16,1500,1448,1448,0,48,23059.9375,367,689,True,False,42.978,16,1500,1448,1425,0,48,31658.1875,44,363,41,627,2828,2876,2819,2871,1,22,12,07-27-202607:05:51,07-27-202607:06:43
