exp_parameters,dl_capacity,ul_capacity,dl_delay,ul_delay,id,inc,inp,mad,mnp,mps,p,ptc,sdt,timeout,tmp,dl_stable_throughput,dl_stable_responsiveness,dl_throughput,dl_connections,dl_max_path_mtu,dl_max_send_mss,dl_max_recv_mss,dl_retransmissions,dl_reorder,dl_avg_rtt,dl_rpm_p,dl_rpm_trimmed,ul_stable_throughput,ul_stable_responsiveness,ul_throughput,ul_connections,ul_max_path_mtu,ul_max_send_mss,ul_max_recv_mss,ul_retransmissions,ul_reorder,ul_avg_rtt,ul_rpm_p,ul_rpm_trimmed,final_rpm_p,final_rpm_trimmed,ub_base_rpm_p,ub_base_rpm_trimmed,base_rpm_p,base_rpm_trimmed,wc_effect_p,wc_effect_trimmed,iteration
VDSL inp,100,40,5,5,1,1,8,4,16,100,90,0.05,5,20,5,True,True,89.239,16,1500,1448,1448,0,48,14436.5625,387,808,True,False,35.249,16,1500,1448,1425,738,48,23316.3125,57,430,67,722,5450,5563,5447,5566,1,13,79
VDSL inp,100,40,5,5,1,1,8,4,16,100,90,0.05,5,20,5,True,True,88.867,16,1500,1448,1448,0,48,14219.375,389,825,True,False,35.854,16,1500,1448,1425,652,48,24364.9375,63,398,79,730,5447,5562,5443,5564,1,13,50
VDSL inp,100,40,5,5,1,1,8,4,16,100,90,0.05,5,20,5,True,True,88.866,16,1500,1448,1448,0,48,14258.5625,397,890,True,False,35.366,16,1500,1448,1424,628,48,24162.1875,70,406,85,782,5457,5564,5453,5564,2,14,23
VDSL inp,100,40,5,5,1,1,8,4,16,100,90,0.05,5,20,5,True,True,89.109,16,1500,1448,1448,0,48,14275.375,407,803,True,False,35.471,16,1500,1448,1424,672,48,23473.75,51,358,64,707,5444,5569,5435,5567,1,13,68
VDSL inp,100,40,5,5,1,1,8,4,16,100,90,0.05,5,20,5,True,True,88.866,16,1500,1448,1448,0,48,14278.4375,384,810,True,False,35.748,16,1500,1448,1425,609,48,23753.375,49,397,62,733,5439,5560,5441,5564,1,13,92
VDSL inp,100,40,5,5,1,1,8,4,16,100,90,0.05,5,20,5,True,True,88.992,16,1500,1448,1448,0,48,14302.75,408,775,True,False,35.250,16,1500,1448,1425,571,48,23490.625,61,392,82,712,5438,5572,5435,5574,2,13,95
VDSL inp,100,40,5,5,1,1,8,4,16,100,90,0.05,5,20,5,True,True,89.124,16,1500,1448,1448,0,48,14227.25,396,840,True,False,35.341,16,1500,1448,1425,638,48,23276.3125,52,448,65,741,5441,5562,5440,5564,1,13,46
VDSL inp,100,40,5,5,1,1,8,4,16,100,90,0.05,5,20,5,True,True,88.622,16,1500,1448,1448,0,48,14410.5625,374,765,True,False,34.872,16,1500,1448,1425,777,48,23526.5625,55,422,64,696,5436,5558,5410,5560,1,13,93
VDSL inp,100,40,5,5,1,1,8,4,16,100,90,0.05,5,20,5,True,True,88.992,16,1500,1448,1448,0,48,14212.5625,370,824,True,False,35.372,16,1500,1448,1424,697,48,23331.375,54,379,68,745,5447,5549,5445,5549,1,13,17
VDSL inp,100,40,5,5,1,1,8,4,16,100,90,0.05,5,20,5,True,True,89.113,16,1500,1448,1448,0,48,14394.375,413,783,True,False,35.491,16,1500,1448,1425,749,48,23818.75,60,376,75,722,5438,5549,5429,5549,1,13,29
VDSL inp,100,40,5,5,1,1,8,4,16,100,90,0.05,5,20,5,True,True,88.992,16,1500,1448,1448,0,48,14493.875,402,802,True,False,35.488,16,1500,1448,1424,684,48,23045.625,57,362,59,714,5450,5554,5450,5556,1,13,20
VDSL inp,100,40,5,5,1,1,8,4,16,100,90,0.05,5,20,5,True,True,88.992,16,1500,1448,1448,0,48,14467.5625,424,816,True,False,34.996,16,1500,1448,1425,619,48,23634.375,60,366,79,737,5450,5570,5441,5572,1,13,31
VDSL inp,100,40,5,5,1,1,8,4,16,100,90,0.05,5,20,5,True,True,88.744,16,1500,1448,1448,0,48,14278.125,393,805,True,False,35.095,16,1500,1448,1425,558,48,23519.5625,54,375,66,727,5437,5558,5436,5561,1,13,84
VDSL inp,100,40,5,5,1,1,8,4,16,100,90,0.05,5,20,5,True,True,88.994,16,1500,1448,1448,0,48,14433.1875,383,795,True,False,35.997,16,1500,1448,1425,623,48,24873.6875,54,448,64,697,5439,5560,5436,5564,1,13,13
VDSL inp,100,40,5,5,1,1,8,4,16,100,90,0.05,5,20,5,True,True,88.877,16,1500,1448,1448,0,48,14345.5625,399,822,True,False,35.866,16,1500,1448,1425,504,48,24046.3125,65,378,75,745,5447,5559,5432,5560,1,13,62
VDSL inp,100,40,5,5,1,1,8,4,16,100,90,0.05,5,20,5,True,True,88.871,16,1500,1448,1448,0,48,14506.5625,386,785,True,False,35.248,16,1500,1448,1425,567,48,23469.6875,51,407,72,708,5445,5572,5445,5576,1,13,75
VDSL inp,100,40,5,5,1,1,8,4,16,100,90,0.05,5,20,5,True,True,88.623,16,1500,1448,1448,0,48,14276.625,375,811,True,False,35.237,16,1500,1448,1424,761,48,23689.25,67,342,76,701,5422,5561,5420,5566,1,13,9
VDSL inp,100,40,5,5,1,1,8,4,16,100,90,0.05,5,20,5,True,True,89.370,16,1500,1448,1448,0,48,14407.1875,422,832,True,False,35.724,16,1500,1448,1424,712,48,24077.75,68,341,80,762,5447,5557,5447,5558,1,14,44
VDSL inp,100,40,5,5,1,1,8,4,16,100,90,0.05,5,20,5,True,True,88.872,16,1500,1448,1448,0,48,14457.625,420,788,True,False,35.238,16,1500,1448,1424,773,48,24468.125,42,444,49,710,5445,5559,5440,5562,1,13,48
VDSL inp,100,40,5,5,1,1,8,4,16,100,90,0.05,5,20,5,True,True,89.739,16,1500,1448,1448,0,48,14810.3125,383,782,True,False,35.847,16,1500,1448,1425,565,48,23128.5625,68,426,100,720,5441,5560,5441,5562,2,13,99
VDSL inp,100,40,5,5,1,1,8,4,16,100,90,0.05,5,20,5,True,True,88.868,16,1500,1448,1448,0,48,14366.25,370,798,True,False,35.122,16,1500,1448,1425,699,48,23487.25,81,395,92,735,5429,5551,5421,5553,2,13,56
VDSL inp,100,40,5,5,1,1,8,4,16,100,90,0.05,5,20,5,True,True,88.874,16,1500,1448,1448,0,48,14541.625,401,802,True,False,35.092,16,1500,1448,1425,623,48,23898.9375,51,369,80,733,5442,5568,5436,5567,1,13,32
VDSL inp,100,40,5,5,1,1,8,4,16,100,90,0.05,5,20,5,True,True,88.873,16,1500,1448,1448,0,48,14190.6875,384,848,True,False,35.490,16,1500,1448,1425,451,48,23121.625,86,391,121,795,5442,5566,5440,5564,2,14,78
VDSL inp,100,40,5,5,1,1,8,4,16,100,90,0.05,5,20,5,True,True,88.997,16,1500,1448,1448,0,48,14366,384,799,True,False,35.219,16,1500,1448,1424,636,48,23908.1875,74,466,73,695,5439,5557,5436,5561,1,12,38
VDSL inp,100,40,5,5,1,1,8,4,16,100,90,0.05,5,20,5,True,True,88.861,16,1500,1448,1448,0,48,14194.5625,421,849,True,False,35.358,16,1500,1448,1424,587,48,23918.4375,50,478,65,755,5437,5559,5428,5561,1,14,26
VDSL inp,100,40,5,5,1,1,8,4,16,100,90,0.05,5,20,5,True,True,88.994,16,1500,1448,1448,0,48,14537.125,399,794,True,False,36.102,16,1500,1448,1425,628,48,23701.75,59,440,80,716,5430,5558,5415,5559,1,13,69
VDSL inp,100,40,5,5,1,1,8,4,16,100,90,0.05,5,20,5,True,True,88.869,16,1500,1448,1448,0,48,14235.875,416,833,True,False,35.978,16,1500,1448,1424,739,48,23446.6875,66,413,71,736,5444,5551,5443,5552,1,13,34
VDSL inp,100,40,5,5,1,1,8,4,16,100,90,0.05,5,20,5,True,True,88.997,16,1500,1448,1448,0,48,14382.1875,390,801,True,False,35.112,16,1500,1448,1425,695,48,23520.1875,49,349,60,709,5440,5549,5440,5552,1,13,58
VDSL inp,100,40,5,5,1,1,8,4,16,100,90,0.05,5,20,5,True,True,88.747,16,1500,1448,1448,0,48,14349.75,404,761,True,False,36.103,16,1500,1448,1424,649,48,23484.5,76,432,89,703,5450,5568,5450,5571,2,13,30
VDSL inp,100,40,5,5,1,1,8,4,16,100,90,0.05,5,20,5,True,True,89.111,16,1500,1448,1448,0,48,14469.9375,420,828,True,False,35.494,16,1500,1448,1424,634,48,24224.4375,59,406,82,748,5450,5562,5450,5565,2,13,70
VDSL inp,100,40,5,5,1,1,8,4,16,100,90,0.05,5,20,5,True,True,88.616,16,1500,1448,1448,0,48,14363.625,414,811,True,False,35.106,16,1500,1448,1424,715,48,24235.9375,43,394,77,734,5444,5559,5443,5561,1,13,24
VDSL inp,100,40,5,5,1,1,8,4,16,100,90,0.05,5,20,5,True,True,88.991,16,1500,1448,1448,0,48,14536.75,379,773,True,False,34.589,16,1500,1448,1423,601,48,24297.0625,55,444,81,694,5461,5563,5455,5560,1,12,52
VDSL inp,100,40,5,5,1,1,8,4,16,100,90,0.05,5,20,5,True,True,88.865,16,1500,1448,1448,0,48,14473.5625,359,802,True,False,34.858,16,1500,1448,1425,712,48,23887.625,59,471,64,720,5444,5553,5443,5556,1,13,36
VDSL inp,100,40,5,5,1,1,8,4,16,100,90,0.05,5,20,5,True,True,89.247,16,1500,1448,1448,0,48,14428.5625,364,796,True,False,34.374,16,1500,1448,1425,760,48,23290.75,58,334,73,718,5447,5563,5441,5564,1,13,2
VDSL inp,100,40,5,5,1,1,8,4,16,100,90,0.05,5,20,5,True,True,88.996,16,1500,1448,1448,0,48,14203.375,403,804,True,False,35.498,16,1500,1448,1425,609,48,24366.375,74,335,86,722,5434,5558,5430,5560,2,13,5
VDSL inp,100,40,5,5,1,1,8,4,16,100,90,0.05,5,20,5,True,True,88.742,16,1500,1448,1448,0,48,14328.125,385,834,True,False,35.243,16,1500,1448,1425,602,48,24050.125,53,420,70,748,5447,5566,5437,5568,1,13,89
VDSL inp,100,40,5,5,1,1,8,4,16,100,90,0.05,5,20,5,True,True,88.493,16,1500,1448,1448,0,48,15147.75,338,711,True,False,35.841,16,1500,1448,1425,520,48,24079.9375,122,404,160,686,5454,5549,5453,5551,3,12,74
VDSL inp,100,40,5,5,1,1,8,4,16,100,90,0.05,5,20,5,True,True,88.986,16,1500,1448,1448,0,48,14350.5,434,789,True,False,35.724,16,1500,1448,1424,708,48,23133.1875,56,468,72,706,5439,5549,5425,5551,1,13,91
VDSL inp,100,40,5,5,1,1,8,4,16,100,90,0.05,5,20,5,True,True,88.988,16,1500,1448,1448,0,48,14372.1875,388,821,True,False,35.097,16,1500,1448,1425,660,48,22886.3125,53,395,73,752,5447,5556,5443,5558,1,14,53
VDSL inp,100,40,5,5,1,1,8,4,16,100,90,0.05,5,20,5,True,True,88.613,16,1500,1448,1448,0,48,14264.5625,371,782,True,False,36.483,16,1500,1448,1425,691,48,23028.0625,43,407,49,701,5436,5553,5434,5556,1,13,21
VDSL inp,100,40,5,5,1,1,8,4,16,100,90,0.05,5,20,5,True,True,89.325,16,1500,1448,1448,0,48,14498.375,431,764,True,False,34.355,16,1500,1448,1425,666,48,24181.8125,64,311,68,706,5456,5570,5457,5573,1,13,55
VDSL inp,100,40,5,5,1,1,8,4,16,100,90,0.05,5,20,5,True,True,88.619,16,1500,1448,1448,0,48,14197.4375,405,833,True,False,35.110,16,1500,1448,1424,589,48,23227.5,56,422,75,745,5446,5559,5447,5561,1,13,27
VDSL inp,100,40,5,5,1,1,8,4,16,100,90,0.05,5,20,5,True,True,88.742,16,1500,1448,1448,0,48,14336.1875,380,817,True,False,34.847,16,1500,1448,1424,656,48,23439.0625,47,431,64,721,5451,5557,5450,5560,1,13,77
VDSL inp,100,40,5,5,1,1,8,4,16,100,90,0.05,5,20,5,True,True,88.998,16,1500,1448,1448,0,48,14418.9375,439,826,True,False,35.112,16,1500,1448,1425,617,48,23200.25,53,340,65,735,5446,5568,5455,5572,1,13,85
VDSL inp,100,40,5,5,1,1,8,4,16,100,90,0.05,5,20,5,True,True,89.241,16,1500,1448,1448,0,48,14511.6875,379,802,True,False,35.980,16,1500,1448,1425,614,48,23400.5625,54,403,69,706,5442,5559,5442,5560,1,13,86
VDSL inp,100,40,5,5,1,1,8,4,16,100,90,0.05,5,20,5,True,True,88.873,16,1500,1448,1448,0,48,14246.125,363,803,True,False,35.218,16,1500,1448,1425,473,48,23645.0625,71,401,88,731,5427,5541,5420,5543,2,13,18
VDSL inp,100,40,5,5,1,1,8,4,16,100,90,0.05,5,20,5,True,True,88.489,16,1500,1448,1448,0,48,14942.5,368,733,True,False,36.124,16,1500,1448,1424,690,48,24554.625,70,381,81,680,5436,5549,5424,5550,1,12,22
VDSL inp,100,40,5,5,1,1,8,4,16,100,90,0.05,5,20,5,True,True,88.802,16,1500,1448,1448,0,48,14195.3125,388,809,True,False,36.250,16,1500,1448,1424,668,48,24283,65,440,75,735,5444,5556,5438,5551,1,13,81
VDSL inp,100,40,5,5,1,1,8,4,16,100,90,0.05,5,20,5,True,True,88.871,16,1500,1448,1448,0,48,14478.875,406,810,True,False,35.114,16,1500,1448,1425,748,48,23626.8125,55,384,64,731,5433,5561,5427,5563,1,13,64
VDSL inp,100,40,5,5,1,1,8,4,16,100,90,0.05,5,20,5,True,True,88.873,16,1500,1448,1448,0,48,14229.1875,362,813,True,False,36.246,16,1500,1448,1424,824,48,23278.875,47,324,55,720,5446,5566,5442,5571,1,13,7
VDSL inp,100,40,5,5,1,1,8,4,16,100,90,0.05,5,20,5,True,True,89.245,16,1500,1448,1448,0,48,14247.5,374,887,True,False,35.598,16,1500,1448,1425,742,48,22911.9375,47,374,55,758,5439,5555,5439,5558,1,14,76
VDSL inp,100,40,5,5,1,1,8,4,16,100,90,0.05,5,20,5,True,True,88.741,16,1500,1448,1448,0,48,14461.6875,373,824,True,False,35.110,16,1500,1448,1424,706,48,23315.125,55,417,73,739,5433,5559,5438,5561,1,13,98
VDSL inp,100,40,5,5,1,1,8,4,16,100,90,0.05,5,20,5,True,True,89.238,16,1500,1448,1448,0,48,14651.4375,363,843,True,False,35.736,16,1500,1448,1424,521,48,24339.75,74,414,96,797,5447,5562,5452,5567,2,14,19
VDSL inp,100,40,5,5,1,1,8,4,16,100,90,0.05,5,20,5,True,True,88.728,16,1500,1448,1448,0,48,14280.25,366,811,True,False,34.982,16,1500,1448,1424,611,48,23523.375,74,374,84,714,5443,5543,5445,5545,2,13,28
VDSL inp,100,40,5,5,1,1,8,4,16,100,90,0.05,5,20,5,True,True,88.989,16,1500,1448,1448,0,48,14510.5625,400,779,True,False,34.842,16,1500,1448,1424,502,48,24504.6875,55,459,75,727,5435,5568,5437,5571,1,13,67
VDSL inp,100,40,5,5,1,1,8,4,16,100,90,0.05,5,20,5,True,True,88.990,16,1500,1448,1448,0,48,14487.125,392,830,True,False,35.347,16,1500,1448,1424,549,48,24292.6875,63,359,74,738,5445,5554,5440,5556,1,13,61
VDSL inp,100,40,5,5,1,1,8,4,16,100,90,0.05,5,20,5,True,True,88.620,16,1500,1448,1448,0,48,14264.0625,404,831,True,False,34.472,16,1500,1448,1425,517,48,24206.9375,69,427,92,743,5435,5555,5430,5560,2,13,1
VDSL inp,100,40,5,5,1,1,8,4,16,100,90,0.05,5,20,5,True,True,89.497,16,1500,1448,1448,0,48,14597.3125,421,749,True,False,36.091,16,1500,1448,1424,663,48,23211.6875,66,388,65,679,5441,5565,5438,5563,1,12,66
VDSL inp,100,40,5,5,1,1,8,4,16,100,90,0.05,5,20,5,True,True,88.746,16,1500,1448,1448,0,48,14154.8125,421,835,True,False,35.240,16,1500,1448,1425,651,48,24658.25,58,465,62,743,5434,5549,5447,5551,1,13,40
VDSL inp,100,40,5,5,1,1,8,4,16,100,90,0.05,5,20,5,True,True,88.988,16,1500,1448,1448,0,48,14258,411,833,True,False,34.782,16,1500,1448,1424,737,48,23274.5625,62,394,75,745,5441,5572,5434,5576,1,13,73
VDSL inp,100,40,5,5,1,1,8,4,16,100,90,0.05,5,20,5,True,True,88.868,16,1500,1448,1448,0,48,14216.875,404,823,True,False,35.738,16,1500,1448,1424,696,48,24091.75,50,382,62,741,5439,5568,5439,5569,1,13,49
VDSL inp,100,40,5,5,1,1,8,4,16,100,90,0.05,5,20,5,True,True,88.953,16,1500,1448,1448,0,48,14469.875,399,795,True,False,34.734,16,1500,1448,1424,513,48,23652.125,78,401,95,744,5432,5556,5425,5556,2,13,60
VDSL inp,100,40,5,5,1,1,8,4,16,100,90,0.05,5,20,5,True,True,89.119,16,1500,1448,1448,0,48,14622.5625,405,798,True,False,35.357,16,1500,1448,1425,648,48,23064.25,47,446,52,708,5440,5552,5441,5554,1,13,41
VDSL inp,100,40,5,5,1,1,8,4,16,100,90,0.05,5,20,5,True,True,89.243,16,1500,1448,1448,0,48,14353.8125,407,799,True,False,35.102,16,1500,1448,1424,863,48,23186.5625,46,342,56,714,5449,5554,5447,5554,1,13,10
VDSL inp,100,40,5,5,1,1,8,4,16,100,90,0.05,5,20,5,True,True,89.122,16,1500,1448,1448,0,48,14322.625,385,806,True,False,34.606,16,1500,1448,1425,705,48,23739.3125,44,417,50,717,5448,5570,5448,5569,1,13,37
VDSL inp,100,40,5,5,1,1,8,4,16,100,90,0.05,5,20,5,True,True,88.869,16,1500,1448,1448,0,48,14367.75,375,821,True,False,34.850,16,1500,1448,1425,549,48,23552.125,70,433,68,731,5447,5576,5438,5576,1,13,100
VDSL inp,100,40,5,5,1,1,8,4,16,100,90,0.05,5,20,5,True,True,88.993,16,1500,1448,1448,0,48,14512.9375,381,828,True,False,35.487,16,1500,1448,1424,601,48,24018.4375,45,396,60,747,5438,5564,5438,5566,1,13,35
VDSL inp,100,40,5,5,1,1,8,4,16,100,90,0.05,5,20,5,True,True,88.261,16,1500,1448,1448,0,48,14432.9375,383,794,True,False,35.500,16,1500,1448,1425,451,48,23982.75,90,416,108,743,5431,5561,5429,5563,2,13,11
VDSL inp,100,40,5,5,1,1,8,4,16,100,90,0.05,5,20,5,True,True,88.863,16,1500,1448,1448,0,48,14429,377,841,True,False,34.749,16,1500,1448,1424,501,48,23643.5,82,389,106,773,5444,5568,5450,5573,2,14,94
VDSL inp,100,40,5,5,1,1,8,4,16,100,90,0.05,5,20,5,True,True,89.109,16,1500,1448,1448,0,48,14516.3125,408,758,True,False,35.598,16,1500,1448,1425,597,48,24809.5,54,390,62,679,5445,5575,5444,5579,1,12,87
VDSL inp,100,40,5,5,1,1,8,4,16,100,90,0.05,5,20,5,True,True,88.623,16,1500,1448,1448,0,48,14491.875,404,820,True,False,36.338,16,1500,1448,1424,627,48,23264.3125,64,407,77,731,5439,5557,5437,5558,1,13,90
VDSL inp,100,40,5,5,1,1,8,4,16,100,90,0.05,5,20,5,True,True,89.240,16,1500,1448,1448,0,48,14237.4375,408,828,True,False,35.117,16,1500,1448,1425,569,48,23945.8125,51,399,72,729,5444,5561,5442,5563,1,13,6
VDSL inp,100,40,5,5,1,1,8,4,16,100,90,0.05,5,20,5,True,True,88.872,16,1500,1448,1448,0,48,14446.1875,408,801,True,False,36.968,16,1500,1448,1425,509,48,23424.375,66,404,100,762,5437,5559,5432,5561,2,14,25
VDSL inp,100,40,5,5,1,1,8,4,16,100,90,0.05,5,20,5,True,True,88.998,16,1500,1448,1448,0,48,14321.25,368,777,True,False,35.620,16,1500,1448,1424,694,48,23749,56,393,78,708,5450,5554,5448,5556,1,13,65
VDSL inp,100,40,5,5,1,1,8,4,16,100,90,0.05,5,20,5,True,True,88.982,16,1500,1448,1448,0,48,14357.375,381,832,True,False,35.961,16,1500,1448,1424,691,48,23769.125,50,390,70,718,5437,5550,5432,5552,1,13,54
VDSL inp,100,40,5,5,1,1,8,4,16,100,90,0.05,5,20,5,True,True,88.868,16,1500,1448,1448,0,48,14604.4375,393,770,True,False,35.617,16,1500,1448,1425,761,48,23732.1875,58,360,66,694,5450,5561,5446,5563,1,12,39
VDSL inp,100,40,5,5,1,1,8,4,16,100,90,0.05,5,20,5,True,True,88.987,16,1500,1448,1448,0,48,14504.3125,383,767,True,False,34.745,16,1500,1448,1425,594,48,24018.1875,52,398,67,695,5445,5565,5431,5561,1,13,3
VDSL inp,100,40,5,5,1,1,8,4,16,100,90,0.05,5,20,5,True,True,89.242,16,1500,1448,1448,0,48,14343.75,408,799,True,False,34.619,16,1500,1448,1424,594,48,24093.375,46,397,70,725,5445,5563,5455,5563,1,13,97
VDSL inp,100,40,5,5,1,1,8,4,16,100,90,0.05,5,20,5,True,True,88.865,16,1500,1448,1448,0,48,14585.625,377,766,True,False,35.250,16,1500,1448,1424,529,48,23517.625,62,489,64,698,5448,5562,5444,5563,1,13,33
VDSL inp,100,40,5,5,1,1,8,4,16,100,90,0.05,5,20,5,True,True,88.619,16,1500,1448,1448,0,48,14431.875,405,855,True,False,35.245,16,1500,1448,1424,728,48,24183.9375,48,403,58,751,5445,5564,5444,5567,1,13,47
VDSL inp,100,40,5,5,1,1,8,4,16,100,90,0.05,5,20,5,True,True,89.119,16,1500,1448,1448,0,48,14420.5625,419,810,True,False,35.358,16,1500,1448,1424,551,48,23495.5625,74,394,92,759,5454,5573,5454,5576,2,14,96
VDSL inp,100,40,5,5,1,1,8,4,16,100,90,0.05,5,20,5,True,True,88.989,16,1500,1448,1448,0,48,14390.0625,384,824,True,False,35.737,16,1500,1448,1425,604,48,23931,68,453,77,721,5440,5556,5444,5555,1,13,72
VDSL inp,100,40,5,5,1,1,8,4,16,100,90,0.05,5,20,5,True,True,89.242,16,1500,1448,1448,0,48,14274.4375,359,766,True,False,34.990,16,1500,1448,1425,695,48,23474.8125,62,434,65,703,5448,5566,5443,5568,1,13,16
VDSL inp,100,40,5,5,1,1,8,4,16,100,90,0.05,5,20,5,True,True,88.621,16,1500,1448,1448,0,48,14239.5625,370,787,True,False,34.717,16,1500,1448,1425,471,48,24154.0625,79,383,110,748,5450,5559,5450,5559,2,13,8
VDSL inp,100,40,5,5,1,1,8,4,16,100,90,0.05,5,20,5,True,True,88.872,16,1500,1448,1448,0,48,14594.125,408,795,True,False,34.474,16,1500,1448,1425,687,48,23706.8125,50,397,57,714,5448,5569,5439,5558,1,13,14
VDSL inp,100,40,5,5,1,1,8,4,16,100,90,0.05,5,20,5,True,True,89.119,16,1500,1448,1448,0,48,14215.25,415,818,True,False,35.096,16,1500,1448,1424,720,48,23750.1875,48,347,70,747,5436,5560,5447,5563,1,13,82
VDSL inp,100,40,5,5,1,1,8,4,16,100,90,0.05,5,20,5,True,True,88.982,16,1500,1448,1448,0,48,14266.0625,395,819,True,False,34.997,16,1500,1448,1424,567,48,23296.25,48,344,65,745,5454,5552,5451,5555,1,13,45
VDSL inp,100,40,5,5,1,1,8,4,16,100,90,0.05,5,20,5,True,True,89.124,16,1500,1448,1448,0,48,14342.5625,394,777,True,False,35.735,16,1500,1448,1425,678,48,23107.625,52,429,71,720,5447,5567,5451,5570,1,13,43
VDSL inp,100,40,5,5,1,1,8,4,16,100,90,0.05,5,20,5,True,True,88.866,16,1500,1448,1448,0,48,14402.0625,370,802,True,False,35.718,16,1500,1448,1425,661,48,23498.3125,61,400,71,710,5443,5565,5429,5568,1,13,83
VDSL inp,100,40,5,5,1,1,8,4,16,100,90,0.05,5,20,5,True,True,88.742,16,1500,1448,1448,0,48,14245.875,378,830,True,False,34.496,16,1500,1448,1424,591,48,23710.0625,58,372,76,746,5447,5561,5447,5562,1,13,63
VDSL inp,100,40,5,5,1,1,8,4,16,100,90,0.05,5,20,5,True,True,89.120,16,1500,1448,1448,0,48,14258.5,400,823,True,False,35.624,16,1500,1448,1425,450,48,23861.875,80,390,110,787,5445,5565,5440,5562,2,14,80
VDSL inp,100,40,5,5,1,1,8,4,16,100,90,0.05,5,20,5,True,True,89.247,16,1500,1448,1448,0,48,14258.25,378,810,True,False,35.119,16,1500,1448,1424,666,48,23578.25,50,454,61,734,5444,5554,5442,5557,1,13,59
VDSL inp,100,40,5,5,1,1,8,4,16,100,90,0.05,5,20,5,True,True,88.866,16,1500,1448,1448,0,48,14334.75,392,810,True,False,35.613,16,1500,1448,1425,552,48,23581.75,54,438,58,713,5444,5553,5443,5552,1,13,15
VDSL inp,100,40,5,5,1,1,8,4,16,100,90,0.05,5,20,5,True,True,88.997,16,1500,1448,1448,0,48,14451,369,799,True,False,35.344,16,1500,1448,1425,719,48,23482.375,50,370,63,731,5455,5565,5455,5569,1,13,71
VDSL inp,100,40,5,5,1,1,8,4,16,100,90,0.05,5,20,5,True,True,89.118,16,1500,1448,1448,0,48,14352.8125,400,805,True,False,33.999,16,1500,1448,1425,569,48,23232.5625,69,409,85,734,5430,5565,5431,5569,2,13,42
VDSL inp,100,40,5,5,1,1,8,4,16,100,90,0.05,5,20,5,True,True,88.872,16,1500,1448,1448,0,48,14348,409,786,True,False,34.866,16,1500,1448,1424,595,48,23975.75,58,360,66,714,5437,5551,5438,5554,1,13,51
VDSL inp,100,40,5,5,1,1,8,4,16,100,90,0.05,5,20,5,True,True,89.122,16,1500,1448,1448,0,48,14518.375,377,784,True,False,35.618,16,1500,1448,1424,655,48,23978.5625,57,390,76,715,5440,5564,5441,5565,1,13,57
VDSL inp,100,40,5,5,1,1,8,4,16,100,90,0.05,5,20,5,True,True,89.118,16,1500,1448,1448,0,48,14524.5,396,870,True,False,35.970,16,1500,1448,1424,555,48,24033.3125,73,372,97,781,5439,5564,5436,5567,2,14,88
VDSL inp,100,40,5,5,1,1,8,4,16,100,90,0.05,5,20,5,True,True,88.748,16,1500,1448,1448,0,48,14241.125,377,808,True,False,35.970,16,1500,1448,1425,697,48,23275.5625,48,323,70,709,5453,5547,5442,5548,1,13,4
VDSL inp,100,40,5,5,1,1,8,4,16,100,90,0.05,5,20,5,True,True,88.987,16,1500,1448,1448,0,48,14275.4375,385,767,True,False,35.736,16,1500,1448,1425,525,48,23242.5,63,431,103,724,5462,5570,5464,5572,2,13,12
VDSL inp,100,40,5,5,1,1,2,4,16,100,90,0.05,5,20,5,True,True,88.999,16,1500,1448,1448,0,48,15396,335,731,True,False,35.233,16,1500,1448,1424,329,48,22818.8125,66,483,78,667,5440,5548,5434,5547,1,12,79
VDSL inp,100,40,5,5,1,1,2,4,16,100,90,0.05,5,20,5,True,True,88.986,16,1500,1448,1448,0,48,15265.6875,353,696,True,False,36.249,16,1500,1448,1424,362,48,22508.75,73,431,74,649,5450,5563,5447,5565,1,12,50
VDSL inp,100,40,5,5,1,1,2,4,16,100,90,0.05,5,20,5,True,True,88.934,16,1500,1448,1448,0,48,15197.1875,357,706,True,False,35.602,16,1500,1448,1425,304,48,23485.875,62,539,70,656,5444,5557,5441,5559,1,12,23
VDSL inp,100,40,5,5,1,1,2,4,16,100,90,0.05,5,20,5,True,True,88.993,16,1500,1448,1448,0,48,15324.5625,327,714,True,False,34.125,16,1500,1448,1424,378,48,23687.9375,68,419,64,660,5447,5565,5442,5565,1,12,68
VDSL inp,100,40,5,5,1,1,2,4,16,100,90,0.05,5,20,5,True,True,88.996,13,1500,1448,1448,0,42,14618.92857142857,437,814,True,False,36.590,16,1500,1448,1424,481,48,25184.8125,70,411,94,758,5452,5564,5443,5562,2,14,92
VDSL inp,100,40,5,5,1,1,2,4,16,100,90,0.05,5,20,5,True,True,89.432,16,1500,1448,1448,0,48,15268,362,692,True,False,34.244,16,1500,1448,1425,375,48,23725.375,66,498,69,671,5446,5562,5446,5564,1,12,95
VDSL inp,100,40,5,5,1,1,2,4,16,100,90,0.05,5,20,5,True,True,88.928,16,1500,1448,1448,0,48,15136.125,338,728,True,False,34.613,16,1500,1448,1424,482,48,23616.5625,73,406,90,678,5452,5570,5452,5575,2,12,46
VDSL inp,100,40,5,5,1,1,2,4,16,100,90,0.05,5,20,5,True,True,88.852,16,1500,1448,1448,0,48,15428.875,347,677,False,False,33.856,16,1500,1448,1425,1009,48,23666.0625,49,309,56,597,5449,5555,5438,5553,1,11,93
VDSL inp,100,40,5,5,1,1,2,4,16,100,90,0.05,5,20,5,True,True,89.205,14,1500,1448,1448,0,45,14879.333333333334,392,827,True,False,34.844,16,1500,1448,1425,339,48,22906.0625,55,473,63,753,5441,5558,5439,5561,1,14,17
VDSL inp,100,40,5,5,1,1,2,4,16,100,90,0.05,5,20,5,True,True,88.864,16,1500,1448,1448,0,48,15261.0625,336,711,True,False,35.604,16,1500,1448,1424,449,48,23759.4375,70,438,110,667,5447,5565,5437,5564,2,12,29
VDSL inp,100,40,5,5,1,1,2,4,16,100,90,0.05,5,20,5,True,True,88.749,16,1500,1448,1448,0,48,15348.75,342,787,True,False,35.848,16,1500,1448,1425,432,48,24147.0625,64,448,54,708,5437,5576,5434,5580,1,13,20
VDSL inp,100,40,5,5,1,1,2,4,16,100,90,0.05,5,20,5,True,True,88.990,16,1500,1448,1448,0,48,15291.8125,340,671,True,False,35.249,16,1500,1448,1425,235,48,23971.875,140,500,269,661,5439,5575,5439,5577,5,12,31
VDSL inp,100,40,5,5,1,1,2,4,16,100,90,0.05,5,20,5,True,True,88.987,16,1500,1448,1448,0,48,15012.6875,356,795,True,False,36.342,16,1500,1448,1424,363,48,24068.9375,86,486,112,731,5451,5560,5448,5562,2,13,84
VDSL inp,100,40,5,5,1,1,2,4,16,100,90,0.05,5,20,5,True,True,88.927,16,1500,1448,1448,0,48,15184.1875,321,685,True,False,34.739,16,1500,1448,1425,118,49,23530.375,49,498,63,654,5433,5545,5430,5545,1,12,13
VDSL inp,100,40,5,5,1,1,2,4,16,100,90,0.05,5,20,5,True,True,88.993,15,1500,1448,1448,0,48,15186.25,381,812,False,False,35.349,16,1500,1448,1425,812,48,23069.0625,51,343,50,706,5448,5557,5445,5557,1,13,62
VDSL inp,100,40,5,5,1,1,2,4,16,100,90,0.05,5,20,5,True,True,88.993,16,1500,1448,1448,0,48,15367.1875,346,681,True,False,35.740,16,1500,1448,1425,433,48,23719.0625,82,441,103,636,5445,5554,5439,5553,2,11,75
VDSL inp,100,40,5,5,1,1,2,4,16,100,90,0.05,5,20,5,True,True,88.805,13,1500,1448,1448,0,42,14737.785714285714,405,847,True,False,34.721,16,1500,1448,1424,387,48,23458.5625,59,433,82,787,5443,5555,5437,5553,2,14,9
VDSL inp,100,40,5,5,1,1,2,4,16,100,90,0.05,5,20,5,True,True,89.370,16,1500,1448,1448,0,48,15180.3125,338,731,True,False,34.874,16,1500,1448,1424,494,48,24102.8125,80,407,115,680,5449,5561,5449,5564,2,12,44
VDSL inp,100,40,5,5,1,1,2,4,16,100,90,0.05,5,20,5,True,True,88.868,15,1500,1448,1448,0,48,15234.0625,386,758,True,False,33.839,16,1500,1448,1425,401,48,24006.5,66,437,74,695,5427,5537,5420,5540,1,13,48
VDSL inp,100,40,5,5,1,1,2,4,16,100,90,0.05,5,20,5,True,True,88.996,12,1500,1448,1448,0,36,14437.416666666666,463,920,True,False,35.723,16,1500,1448,1425,375,48,23229.1875,51,467,67,824,5441,5562,5450,5565,1,15,99
VDSL inp,100,40,5,5,1,1,2,4,16,100,90,0.05,5,20,5,True,True,88.867,16,1500,1448,1448,0,48,15270.8125,352,688,True,False,33.969,16,1500,1448,1425,450,48,22994.25,52,405,67,642,5456,5555,5449,5556,1,12,56
VDSL inp,100,40,5,5,1,1,2,4,16,100,90,0.05,5,20,5,True,True,88.994,16,1500,1448,1448,0,48,15159.3125,337,722,True,False,35.118,16,1500,1448,1425,361,48,23529.125,87,423,112,680,5455,5564,5456,5565,2,12,32
VDSL inp,100,40,5,5,1,1,2,4,16,100,90,0.05,5,20,5,True,True,88.716,15,1500,1448,1448,0,48,15215.0625,384,775,True,False,35.349,16,1500,1448,1425,511,48,23796.5625,58,427,68,704,5435,5560,5431,5563,1,13,78
VDSL inp,100,40,5,5,1,1,2,4,16,100,90,0.05,5,20,5,True,True,88.868,13,1500,1448,1448,0,42,14613.357142857143,419,870,True,False,35.612,16,1500,1448,1424,410,48,23102.1875,72,475,81,792,5439,5576,5434,5573,1,14,38
VDSL inp,100,40,5,5,1,1,2,4,16,100,90,0.05,5,20,5,True,True,88.874,15,1500,1448,1448,0,45,15360.133333333333,405,767,True,False,34.998,16,1500,1448,1424,494,48,23660.375,80,388,94,716,5433,5570,5436,5573,2,13,26
VDSL inp,100,40,5,5,1,1,2,4,16,100,90,0.05,5,20,5,True,True,88.998,16,1500,1448,1448,0,48,15161.875,319,734,True,False,34.970,16,1500,1448,1425,501,48,23319.1875,78,418,53,665,5437,5559,5433,5563,1,12,69
VDSL inp,100,40,5,5,1,1,2,4,16,100,90,0.05,5,20,5,True,True,88.748,12,1500,1448,1448,0,39,14465.846153846154,450,849,True,False,34.725,16,1500,1448,1424,387,48,23464.8125,61,398,66,775,5450,5563,5453,5564,1,14,34
VDSL inp,100,40,5,5,1,1,2,4,16,100,90,0.05,5,20,5,True,True,88.998,16,1500,1448,1448,0,48,15466.3125,332,666,True,False,35.486,16,1500,1448,1424,362,48,23106.1875,80,435,123,638,5444,5568,5435,5567,2,11,58
VDSL inp,100,40,5,5,1,1,2,4,16,100,90,0.05,5,20,5,True,True,88.618,16,1500,1448,1448,0,48,15298.6875,337,679,True,False,35.233,16,1500,1448,1425,361,48,23262.6875,75,386,78,633,5426,5562,5419,5566,1,11,30
VDSL inp,100,40,5,5,1,1,2,4,16,100,90,0.05,5,20,5,True,True,88.623,13,1500,1448,1448,0,42,14634.07142857143,410,833,True,False,35.098,16,1500,1448,1424,380,48,23458.375,65,448,89,784,5446,5552,5444,5552,2,14,70
VDSL inp,100,40,5,5,1,1,2,4,16,100,90,0.05,5,20,5,True,True,88.618,15,1500,1448,1448,0,48,15221.875,350,850,True,False,35.989,16,1500,1448,1425,411,50,23397.1875,70,389,90,769,5453,5561,5453,5561,2,14,24
VDSL inp,100,40,5,5,1,1,2,4,16,100,90,0.05,5,20,5,True,True,88.870,16,1500,1448,1448,0,48,15084.8125,356,718,True,False,34.115,16,1500,1448,1425,374,48,23309.8125,67,456,93,661,5441,5555,5428,5556,2,12,52
VDSL inp,100,40,5,5,1,1,2,4,16,100,90,0.05,5,20,5,True,True,88.997,16,1500,1448,1448,0,48,15394,347,715,True,False,35.223,16,1500,1448,1424,388,48,24012.375,49,436,52,655,5460,5568,5457,5567,1,12,36
VDSL inp,100,40,5,5,1,1,2,4,16,100,90,0.05,5,20,5,True,True,88.865,16,1500,1448,1448,0,48,15727.75,364,711,True,False,34.856,16,1500,1448,1424,196,48,23791.0625,108,506,204,697,5451,5559,5449,5559,4,13,2
VDSL inp,100,40,5,5,1,1,2,4,16,100,90,0.05,5,20,5,True,True,88.994,16,1500,1448,1448,0,48,15199.8125,359,707,True,False,36.727,16,1500,1448,1424,232,48,24019.875,+Inf,NaN,337,703,5442,5577,5441,5581,6,13,5
VDSL inp,100,40,5,5,1,1,2,4,16,100,90,0.05,5,20,5,True,True,88.553,16,1500,1448,1448,0,48,15325.125,326,699,True,False,35.120,16,1500,1448,1424,463,48,22646.5625,55,474,80,657,5436,5566,5429,5570,1,12,89
VDSL inp,100,40,5,5,1,1,2,4,16,100,90,0.05,5,20,5,True,True,88.745,16,1500,1448,1448,0,48,15253.4375,334,708,True,False,35.473,16,1500,1448,1424,359,48,23141.5625,54,464,76,660,5432,5570,5432,5573,1,12,74
VDSL inp,100,40,5,5,1,1,2,4,16,100,90,0.05,5,20,5,True,True,88.499,12,1500,1448,1448,0,39,14715.923076923076,415,827,True,False,34.977,16,1500,1448,1425,411,48,22908.875,61,402,61,768,5459,5557,5450,5556,1,14,91
VDSL inp,100,40,5,5,1,1,2,4,16,100,90,0.05,5,20,5,True,True,89.054,13,1500,1448,1448,0,42,14857.57142857143,421,842,True,False,34.589,16,1500,1448,1425,481,48,23114.625,62,519,78,785,5465,5563,5462,5564,1,14,53
VDSL inp,100,40,5,5,1,1,2,4,16,100,90,0.05,5,20,5,True,True,88.865,16,1500,1448,1448,0,48,15260.0625,344,699,True,False,35.232,16,1500,1448,1425,295,48,23672.625,58,459,57,670,5447,5565,5446,5564,1,12,21
VDSL inp,100,40,5,5,1,1,2,4,16,100,90,0.05,5,20,5,True,True,88.869,16,1500,1448,1448,0,48,15269.875,351,694,True,False,36.988,16,1500,1448,1425,36,48,23640,+Inf,NaN,343,693,5443,5564,5438,5565,6,12,55
VDSL inp,100,40,5,5,1,1,2,4,16,100,90,0.05,5,20,5,True,True,88.871,16,1500,1448,1448,0,48,15083.1875,355,733,True,False,37.213,16,1500,1448,1424,427,48,23568.3125,100,437,137,701,5455,5570,5446,5572,3,13,27
VDSL inp,100,40,5,5,1,1,2,4,16,100,90,0.05,5,20,5,True,True,88.494,16,1500,1448,1448,0,48,15198.4375,375,724,True,False,35.357,16,1500,1448,1424,316,48,23189.4375,87,410,134,704,5451,5559,5451,5559,2,13,77
VDSL inp,100,40,5,5,1,1,2,4,16,100,90,0.05,5,20,5,True,True,88.873,16,1500,1448,1448,0,48,15351.75,358,680,True,False,35.842,16,1500,1448,1424,308,48,23734.125,63,469,90,622,5437,5568,5440,5572,2,11,85
VDSL inp,100,40,5,5,1,1,2,4,16,100,90,0.05,5,20,5,True,True,89.123,16,1500,1448,1448,0,48,15369.75,329,714,True,False,35.358,16,1500,1448,1425,456,48,22839.0625,41,429,51,657,5426,5562,5422,5549,1,12,86
VDSL inp,100,40,5,5,1,1,2,4,16,100,90,0.05,5,20,5,True,True,89.372,16,1500,1448,1448,0,48,15210.8125,309,711,True,False,35.849,16,1500,1448,1424,336,48,23425,103,437,146,685,5430,5560,5430,5563,3,12,18
VDSL inp,100,40,5,5,1,1,2,4,16,100,90,0.05,5,20,5,True,True,89.117,16,1500,1448,1448,0,48,15297.9375,361,664,True,False,35.112,16,1500,1448,1424,376,48,24443.375,78,463,104,628,5456,5560,5444,5562,2,11,22
VDSL inp,100,40,5,5,1,1,2,4,16,100,90,0.05,5,20,5,True,True,89.120,14,1500,1448,1448,0,45,15172.733333333334,431,793,True,False,35.241,16,1500,1448,1424,396,48,23291.6875,72,430,78,727,5449,5573,5451,5576,1,13,81
VDSL inp,100,40,5,5,1,1,2,4,16,100,90,0.05,5,20,5,True,True,88.366,15,1500,1448,1448,0,48,15318.375,357,784,True,False,35.625,16,1500,1448,1424,497,48,24153.125,47,396,45,715,5449,5556,5444,5557,1,13,64
VDSL inp,100,40,5,5,1,1,2,4,16,100,90,0.05,5,20,5,True,True,88.623,16,1500,1448,1448,0,48,14980.625,373,759,True,False,35.343,16,1500,1448,1424,453,48,23915.9375,64,431,102,709,5452,5567,5457,5571,2,13,7
VDSL inp,100,40,5,5,1,1,2,4,16,100,90,0.05,5,20,5,True,True,88.626,13,1500,1448,1448,0,39,14691.23076923077,439,871,True,False,35.969,16,1500,1448,1424,428,48,23006.4375,82,473,108,795,5457,5578,5450,5576,2,14,76
VDSL inp,100,40,5,5,1,1,2,4,16,100,90,0.05,5,20,5,True,True,89.124,12,1500,1448,1448,0,39,14453.153846153846,431,832,False,False,35.999,16,1500,1448,1424,1009,48,23965.5625,40,483,41,759,5445,5566,5436,5571,1,14,98
VDSL inp,100,40,5,5,1,1,2,4,16,100,90,0.05,5,20,5,True,True,89.116,13,1500,1448,1448,0,42,15440.5,331,725,True,False,35.120,16,1500,1448,1424,473,48,24487.5,72,511,87,697,5436,5555,5440,5558,2,13,19
VDSL inp,100,40,5,5,1,1,2,4,16,100,90,0.05,5,20,5,True,True,88.996,16,1500,1448,1448,0,48,15207.4375,329,693,False,False,35.102,16,1500,1448,1424,980,48,24551.375,48,395,50,617,5446,5553,5445,5553,1,11,28
VDSL inp,100,40,5,5,1,1,2,4,16,100,90,0.05,5,20,5,True,True,88.869,11,1500,1448,1448,0,36,14192.916666666666,489,919,True,False,35.371,16,1500,1448,1425,532,48,23359.9375,95,389,112,874,5441,5566,5442,5570,2,16,67
VDSL inp,100,40,5,5,1,1,2,4,16,100,90,0.05,5,20,5,True,True,89.118,16,1500,1448,1448,0,48,15191.125,348,735,True,False,36.107,16,1500,1448,1424,463,48,23484.375,63,499,91,679,5432,5549,5431,5550,2,12,61
VDSL inp,100,40,5,5,1,1,2,4,16,100,90,0.05,5,20,5,True,True,88.933,16,1500,1448,1448,0,48,15233.375,330,736,True,False,35.354,16,1500,1448,1424,447,48,24416.25,70,468,78,671,5438,5559,5445,5561,1,12,1
VDSL inp,100,40,5,5,1,1,2,4,16,100,90,0.05,5,20,5,True,True,88.808,16,1500,1448,1448,0,48,15286.1875,373,767,True,False,35.719,16,1500,1448,1425,400,48,23888,92,449,120,730,5452,5560,5445,5562,2,13,66
VDSL inp,100,40,5,5,1,1,2,4,16,100,90,0.05,5,20,5,True,True,88.866,16,1500,1448,1448,0,48,15285.1875,308,703,True,False,36.344,16,1500,1448,1425,286,48,24080.9375,57,431,59,653,5450,5561,5450,5560,1,12,40
VDSL inp,100,40,5,5,1,1,2,4,16,100,90,0.05,5,20,5,True,True,88.741,16,1500,1448,1448,0,48,15875.3125,293,665,False,False,35.977,16,1500,1448,1424,941,48,24312.6875,52,366,57,596,5450,5555,5451,5557,1,11,73
VDSL inp,100,40,5,5,1,1,2,4,16,100,90,0.05,5,20,5,True,True,89.247,16,1500,1448,1448,0,48,15176.75,367,719,True,False,34.874,16,1500,1448,1425,448,48,23935.8125,61,430,73,660,5436,5555,5432,5556,1,12,49
VDSL inp,100,40,5,5,1,1,2,4,16,100,90,0.05,5,20,5,True,True,88.871,12,1500,1448,1448,0,36,14285.5,481,895,True,False,35.717,16,1500,1448,1425,440,48,23562.625,75,485,66,811,5458,5570,5454,5572,1,15,60
VDSL inp,100,40,5,5,1,1,2,4,16,100,90,0.05,5,20,5,True,True,88.993,16,1500,1448,1448,0,48,15387.1875,335,717,False,False,35.469,16,1500,1448,1424,951,48,23448.75,52,344,53,650,5443,5556,5437,5557,1,12,41
VDSL inp,100,40,5,5,1,1,2,4,16,100,90,0.05,5,20,5,True,True,88.748,13,1500,1448,1448,0,42,14661.714285714286,413,871,True,False,36.733,16,1500,1448,1424,368,48,23519.625,74,461,92,807,5454,5551,5447,5553,2,15,10
VDSL inp,100,40,5,5,1,1,2,4,16,100,90,0.05,5,20,5,True,True,89.247,16,1500,1448,1448,0,48,15234.25,346,795,True,False,34.862,16,1500,1448,1425,393,48,24004.6875,86,438,90,703,5436,5561,5431,5559,2,13,37
VDSL inp,100,40,5,5,1,1,2,4,16,100,90,0.05,5,20,5,True,True,88.744,16,1500,1448,1448,0,48,15113.875,337,727,True,False,35.859,16,1500,1448,1424,323,48,24160.9375,47,494,49,666,5445,5567,5439,5563,1,12,100
VDSL inp,100,40,5,5,1,1,2,4,16,100,90,0.05,5,20,5,True,True,88.746,15,1500,1448,1448,0,45,15047.8,364,824,False,False,35.462,16,1500,1448,1424,873,48,24060.125,54,420,57,717,5444,5542,5442,5544,1,13,35
VDSL inp,100,40,5,5,1,1,2,4,16,100,90,0.05,5,20,5,True,True,88.865,16,1500,1448,1448,0,48,15329.5,367,691,True,False,34.622,16,1500,1448,1425,291,48,23908.875,60,434,90,654,5462,5565,5456,5567,2,12,11
VDSL inp,100,40,5,5,1,1,2,4,16,100,90,0.05,5,20,5,True,True,88.874,16,1500,1448,1448,0,48,15171,338,703,True,False,35.113,16,1500,1448,1425,387,48,22756.6875,86,446,68,647,5436,5551,5426,5550,1,12,94
VDSL inp,100,40,5,5,1,1,2,4,16,100,90,0.05,5,20,5,True,True,89.245,16,1500,1448,1448,0,48,15470.5,340,681,True,False,35.615,16,1500,1448,1424,354,48,22982,64,469,86,642,5450,5558,5444,5559,2,12,87
VDSL inp,100,40,5,5,1,1,2,4,16,100,90,0.05,5,20,5,True,True,88.968,16,1500,1448,1448,0,48,15180,360,706,True,False,35.715,16,1500,1448,1424,435,48,23238.9375,85,431,128,663,5427,5556,5430,5560,2,12,90
VDSL inp,100,40,5,5,1,1,2,4,16,100,90,0.05,5,20,5,True,True,88.749,12,1500,1448,1448,0,39,14605.923076923076,452,858,False,False,36.247,16,1500,1448,1424,971,48,22493.25,44,389,52,772,5455,5559,5460,5562,1,14,6
VDSL inp,100,40,5,5,1,1,2,4,16,100,90,0.05,5,20,5,True,True,88.616,16,1500,1448,1448,0,48,15212.6875,351,732,True,False,35.366,16,1500,1448,1424,330,48,23554.75,96,478,128,697,5433,5546,5439,5547,2,13,25
VDSL inp,100,40,5,5,1,1,2,4,16,100,90,0.05,5,20,5,True,True,88.868,16,1500,1448,1448,0,48,15169.5,344,665,True,False,34.237,16,1500,1448,1424,386,48,24096.0625,78,448,103,633,5456,5572,5448,5570,2,11,65
VDSL inp,100,40,5,5,1,1,2,4,16,100,90,0.05,5,20,5,True,True,88.874,16,1500,1448,1448,0,48,15373.0625,351,692,True,False,35.624,16,1500,1448,1425,181,48,23653.875,144,475,260,681,5439,5552,5437,5555,5,12,54
VDSL inp,100,40,5,5,1,1,2,4,16,100,90,0.05,5,20,5,True,True,89.242,16,1500,1448,1448,0,48,15366.125,334,675,True,False,36.125,16,1500,1448,1424,395,48,23715.875,70,413,77,650,5437,5554,5431,5553,1,12,39
VDSL inp,100,40,5,5,1,1,2,4,16,100,90,0.05,5,20,5,True,True,88.808,13,1500,1448,1448,0,39,14585.384615384615,424,863,True,False,35.358,16,1500,1448,1425,401,48,23374.5,143,421,236,851,5441,5553,5440,5554,4,15,3
VDSL inp,100,40,5,5,1,1,2,4,16,100,90,0.05,5,20,5,True,True,89.487,16,1500,1448,1448,0,48,15439.1875,351,728,True,False,35.233,16,1500,1448,1424,355,48,22695.3125,75,496,97,677,5444,5565,5443,5569,2,12,97
VDSL inp,100,40,5,5,1,1,2,4,16,100,90,0.05,5,20,5,True,True,89.117,16,1500,1448,1448,0,48,15434.3125,342,725,True,False,35.603,16,1500,1448,1425,308,48,23573.5,50,423,60,665,5444,5565,5441,5561,1,12,33
VDSL inp,100,40,5,5,1,1,2,4,16,100,90,0.05,5,20,5,True,True,89.373,16,1500,1448,1448,0,48,15232.75,331,710,True,False,35.345,16,1500,1448,1425,396,48,24000.3125,99,456,82,663,5441,5555,5438,5559,2,12,47
VDSL inp,100,40,5,5,1,1,2,4,16,100,90,0.05,5,20,5,True,True,89.373,14,1500,1448,1448,0,45,15202.066666666668,395,802,True,False,36.496,16,1500,1448,1425,594,48,23295.1875,60,413,67,728,5452,5556,5451,5559,1,13,96
VDSL inp,100,40,5,5,1,1,2,4,16,100,90,0.05,5,20,5,True,True,89.245,16,1500,1448,1448,0,48,15263.0625,341,767,True,False,36.098,16,1500,1448,1425,322,48,23600.5,56,448,68,690,5462,5566,5465,5568,1,12,72
VDSL inp,100,40,5,5,1,1,2,4,16,100,90,0.05,5,20,5,True,True,88.620,16,1500,1448,1448,0,48,15218.5,347,755,True,False,34.486,16,1500,1448,1424,338,48,23017.9375,50,456,89,696,5447,5562,5436,5563,2,13,16
VDSL inp,100,40,5,5,1,1,2,4,16,100,90,0.05,5,20,5,True,True,88.994,16,1500,1448,1448,0,48,15365.9375,338,692,True,False,35.863,16,1500,1448,1425,274,49,23677,120,477,158,662,5441,5545,5441,5547,3,12,8
VDSL inp,100,40,5,5,1,1,2,4,16,100,90,0.05,5,20,5,True,True,88.871,15,1500,1448,1448,0,48,15375.1875,390,784,True,False,36.100,16,1500,1448,1424,458,48,23915.5625,75,455,93,716,5438,5572,5432,5559,2,13,14
VDSL inp,100,40,5,5,1,1,2,4,16,100,90,0.05,5,20,5,True,True,88.996,16,1500,1448,1448,0,48,15230.6875,331,696,True,False,36.243,16,1500,1448,1425,235,48,23108.9375,135,496,197,679,5452,5571,5443,5568,4,12,82
VDSL inp,100,40,5,5,1,1,2,4,16,100,90,0.05,5,20,5,True,True,89.120,16,1500,1448,1448,0,48,15456.6875,332,678,True,False,35.358,16,1500,1448,1425,317,48,24073.625,87,512,85,643,5460,5565,5457,5567,2,12,45
VDSL inp,100,40,5,5,1,1,2,4,16,100,90,0.05,5,20,5,True,False,89.000,16,1500,1448,1448,0,48,15182.3125,315,705,True,False,34.121,16,1500,1448,1424,425,48,23739.8125,45,493,47,662,5443,5547,5424,5550,1,12,43
VDSL inp,100,40,5,5,1,1,2,4,16,100,90,0.05,5,20,5,True,True,88.859,16,1500,1448,1448,0,48,15273.75,329,707,True,False,35.986,16,1500,1448,1425,465,48,23609.5625,71,513,101,670,5433,5552,5418,5555,2,12,83
VDSL inp,100,40,5,5,1,1,2,4,16,100,90,0.05,5,20,5,True,True,88.860,16,1500,1448,1448,0,48,15209.6875,340,715,True,False,36.364,16,1500,1448,1424,450,48,23447.75,82,472,74,666,5449,5559,5448,5562,1,12,63
VDSL inp,100,40,5,5,1,1,2,4,16,100,90,0.05,5,20,5,True,True,88.614,16,1500,1448,1448,0,48,15371.6875,337,689,True,False,35.737,16,1500,1448,1424,372,48,23550.5,92,499,111,649,5445,5556,5449,5558,2,12,80
VDSL inp,100,40,5,5,1,1,2,4,16,100,90,0.05,5,20,5,True,True,89.116,16,1500,1448,1448,0,48,15172.625,353,677,True,False,34.980,16,1500,1448,1424,388,48,24146.4375,50,440,99,633,5446,5556,5452,5558,2,11,59
VDSL inp,100,40,5,5,1,1,2,4,16,100,90,0.05,5,20,5,True,True,88.745,16,1500,1448,1448,0,48,15160.9375,347,720,True,False,34.114,16,1500,1448,1425,438,48,23599.0625,59,419,73,659,5443,5558,5443,5560,1,12,15
VDSL inp,100,40,5,5,1,1,2,4,16,100,90,0.05,5,20,5,True,True,88.988,11,1500,1448,1448,0,36,14358.416666666666,469,918,True,False,34.485,16,1500,1448,1425,311,48,23893.5625,65,469,99,831,5444,5558,5434,5558,2,15,71
VDSL inp,100,40,5,5,1,1,2,4,16,100,90,0.05,5,20,5,True,True,89.113,16,1500,1448,1448,0,48,15365.75,368,692,True,False,35.972,16,1500,1448,1424,360,48,23570.5625,96,458,141,665,5442,5570,5439,5574,3,12,42
VDSL inp,100,40,5,5,1,1,2,4,16,100,90,0.05,5,20,5,True,True,89.493,16,1500,1448,1448,0,48,15249.5,343,722,True,False,35.726,16,1500,1448,1425,381,48,23836.875,114,608,86,688,5448,5553,5440,5552,2,12,51
VDSL inp,100,40,5,5,1,1,2,4,16,100,90,0.05,5,20,5,True,True,88.860,12,1500,1448,1448,0,39,14477,439,862,True,False,34.486,16,1500,1448,1424,417,48,23219.6875,75,445,84,791,5449,5553,5460,5555,2,14,57
VDSL inp,100,40,5,5,1,1,2,4,16,100,90,0.05,5,20,5,True,True,88.743,13,1500,1448,1448,0,42,14896,406,835,True,False,35.109,16,1500,1448,1424,368,48,22804.3125,75,463,103,777,5466,5573,5456,5576,2,14,88
VDSL inp,100,40,5,5,1,1,2,4,16,100,90,0.05,5,20,5,True,True,89.116,11,1500,1448,1448,0,36,14265.333333333334,467,934,True,False,36.363,16,1500,1448,1424,386,48,23019.0625,79,562,105,863,5442,5568,5443,5570,2,15,4
VDSL inp,100,40,5,5,1,1,2,4,16,100,90,0.05,5,20,5,True,True,88.618,16,1500,1448,1448,0,48,15324,360,660,True,False,35.593,16,1500,1448,1424,440,48,24982.8125,76,490,100,627,5436,5547,5436,5548,2,11,12
VDSL inp,100,40,5,5,1,1,4,4,16,100,90,0.05,5,20,5,True,True,88.749,14,1500,1448,1448,0,42,14365.785714285714,448,871,True,False,35.091,16,1500,1448,1425,537,48,23787.1875,85,420,74,802,5445,5555,5442,5557,1,14,79
VDSL inp,100,40,5,5,1,1,4,4,16,100,90,0.05,5,20,5,True,True,88.858,16,1500,1448,1448,0,48,14898.4375,360,774,True,False,35.870,16,1500,1448,1425,369,48,23758.625,111,407,168,743,5447,5570,5448,5573,3,13,50
VDSL inp,100,40,5,5,1,1,4,4,16,100,90,0.05,5,20,5,True,True,88.614,16,1500,1448,1448,0,48,15016.0625,348,719,True,False,36.124,16,1500,1448,1425,530,48,23875.125,67,486,68,671,5444,5565,5439,5564,1,12,23
VDSL inp,100,40,5,5,1,1,4,4,16,100,90,0.05,5,20,5,True,True,88.994,16,1500,1448,1448,0,48,15094.25,336,716,True,False,36.108,16,1500,1448,1424,520,48,24327.25,65,377,80,680,5463,5574,5458,5575,1,12,68
VDSL inp,100,40,5,5,1,1,4,4,16,100,90,0.05,5,20,5,True,True,88.995,16,1500,1448,1448,0,48,15155.625,354,729,True,False,35.851,16,1500,1448,1424,548,48,23256.125,100,447,117,700,5427,5547,5422,5545,2,13,92
VDSL inp,100,40,5,5,1,1,4,4,16,100,90,0.05,5,20,5,True,True,88.998,13,1500,1448,1448,0,42,14391.785714285714,428,867,True,False,35.235,16,1500,1448,1424,555,48,22970.25,48,461,59,781,5455,5561,5451,5563,1,14,95
VDSL inp,100,40,5,5,1,1,4,4,16,100,90,0.05,5,20,5,True,True,88.874,16,1500,1448,1448,0,48,15068.25,349,744,True,False,34.977,16,1500,1448,1425,545,48,24063.5625,84,532,102,719,5434,5561,5434,5562,2,13,46
VDSL inp,100,40,5,5,1,1,4,4,16,100,90,0.05,5,20,5,True,True,89.114,15,1500,1448,1448,0,48,14898.4375,388,837,True,False,35.871,16,1500,1448,1424,557,48,24495.6875,57,529,54,741,5455,5555,5449,5556,1,13,93
VDSL inp,100,40,5,5,1,1,4,4,16,100,90,0.05,5,20,5,True,True,89.374,16,1500,1448,1448,0,48,15045.4375,335,764,True,False,36.224,16,1500,1448,1425,610,48,22994.125,70,378,72,687,5439,5556,5438,5558,1,12,17
VDSL inp,100,40,5,5,1,1,4,4,16,100,90,0.05,5,20,5,True,True,88.875,16,1500,1448,1448,0,48,14806.0625,375,731,True,False,36.491,16,1500,1448,1424,578,48,22666.75,56,404,64,662,5442,5560,5439,5559,1,12,29
VDSL inp,100,40,5,5,1,1,4,4,16,100,90,0.05,5,20,5,True,True,89.122,16,1500,1448,1448,0,48,14928.625,378,717,True,False,35.368,16,1500,1448,1425,500,48,23682.5,79,401,91,683,5448,5556,5445,5558,2,12,20
VDSL inp,100,40,5,5,1,1,4,4,16,100,90,0.05,5,20,5,True,True,88.874,15,1500,1448,1448,0,48,14943.625,387,805,True,False,35.967,16,1500,1448,1425,564,48,23683.5625,66,406,84,749,5442,5567,5436,5572,2,13,31
VDSL inp,100,40,5,5,1,1,4,4,16,100,90,0.05,5,20,5,True,True,88.867,16,1500,1448,1448,0,48,14817.625,343,732,True,False,34.872,16,1500,1448,1425,457,48,23276.375,68,462,89,679,5442,5555,5446,5557,2,12,84
VDSL inp,100,40,5,5,1,1,4,4,16,100,90,0.05,5,20,5,True,True,88.989,16,1500,1448,1448,0,48,14919.125,381,811,True,False,35.860,16,1500,1448,1424,524,48,23868.5625,62,416,70,737,5447,5580,5441,5582,1,13,13
VDSL inp,100,40,5,5,1,1,4,4,16,100,90,0.05,5,20,5,True,True,88.620,16,1500,1448,1448,0,48,15045.3125,337,718,True,False,35.998,16,1500,1448,1424,463,48,24079.125,65,413,62,654,5448,5553,5447,5555,1,12,62
VDSL inp,100,40,5,5,1,1,4,4,16,100,90,0.05,5,20,5,True,True,88.869,16,1500,1448,1448,0,48,14940.0625,341,719,True,False,35.235,16,1500,1448,1424,528,48,23107,53,414,64,661,5446,5548,5436,5550,1,12,75
VDSL inp,100,40,5,5,1,1,4,4,16,100,90,0.05,5,20,5,True,True,88.867,13,1500,1448,1448,0,42,14389.714285714286,433,887,True,False,35.226,16,1500,1448,1424,569,48,24108.0625,50,406,61,801,5450,5559,5441,5561,1,14,9
VDSL inp,100,40,5,5,1,1,4,4,16,100,90,0.05,5,20,5,True,True,88.997,13,1500,1448,1448,0,42,14513.785714285714,430,846,True,False,35.348,16,1500,1448,1424,498,48,23251.0625,38,412,49,783,5438,5558,5436,5560,1,14,44
VDSL inp,100,40,5,5,1,1,4,4,16,100,90,0.05,5,20,5,True,True,88.621,16,1500,1448,1448,0,48,15158.25,345,762,True,False,35.623,16,1500,1448,1424,484,48,23191,51,417,62,690,5437,5565,5435,5566,1,12,48
VDSL inp,100,40,5,5,1,1,4,4,16,100,90,0.05,5,20,5,True,True,89.361,16,1500,1448,1448,0,48,14941.8125,356,770,True,False,35.738,16,1500,1448,1424,609,48,23653,50,383,68,697,5445,5549,5440,5550,1,13,99
VDSL inp,100,40,5,5,1,1,4,4,16,100,90,0.05,5,20,5,True,True,88.621,16,1500,1448,1448,0,48,15039.125,330,770,True,False,35.241,16,1500,1448,1425,482,48,23909.3125,50,442,52,665,5448,5562,5437,5565,1,12,56
VDSL inp,100,40,5,5,1,1,4,4,16,100,90,0.05,5,20,5,True,True,88.869,16,1500,1448,1448,0,48,15844,283,644,True,False,34.740,16,1500,1448,1425,470,48,24353.75,69,364,105,612,5438,5548,5442,5551,2,11,32
VDSL inp,100,40,5,5,1,1,4,4,16,100,90,0.05,5,20,5,True,True,89.116,13,1500,1448,1448,0,42,15305.785714285714,347,748,True,False,35.227,16,1500,1448,1424,585,48,24116.6875,43,400,54,665,5441,5571,5438,5567,1,12,78
VDSL inp,100,40,5,5,1,1,4,4,16,100,90,0.05,5,20,5,True,True,88.997,14,1500,1448,1448,0,45,14580.133333333333,422,850,True,False,35.999,16,1500,1448,1423,392,48,23952.25,67,432,86,782,5448,5561,5452,5560,2,14,38
VDSL inp,100,40,5,5,1,1,4,4,16,100,90,0.05,5,20,5,True,True,89.227,14,1500,1448,1448,0,45,14543.2,423,838,True,False,35.491,16,1500,1448,1425,580,48,23778.375,52,481,66,742,5441,5566,5447,5568,1,13,26
VDSL inp,100,40,5,5,1,1,4,4,16,100,90,0.05,5,20,5,True,True,88.745,16,1500,1448,1448,0,48,14935.375,346,781,True,False,34.997,16,1500,1448,1425,630,48,23700.625,47,389,57,682,5455,5564,5449,5564,1,12,69
VDSL inp,100,40,5,5,1,1,4,4,16,100,90,0.05,5,20,5,True,True,88.995,15,1500,1448,1448,0,48,14980.375,352,825,True,False,36.594,16,1500,1448,1424,398,48,23411.4375,+Inf,NaN,339,822,5453,5559,5448,5560,6,15,34
VDSL inp,100,40,5,5,1,1,4,4,16,100,90,0.05,5,20,5,True,True,88.811,16,1500,1448,1448,0,48,15034.1875,344,775,True,False,35.873,16,1500,1448,1424,390,48,23872,64,389,75,690,5439,5554,5427,5556,1,12,58
VDSL inp,100,40,5,5,1,1,4,4,16,100,90,0.05,5,20,5,True,True,88.992,16,1500,1448,1448,0,48,14934.0625,361,717,True,False,35.994,16,1500,1448,1425,456,48,23107.25,87,444,125,688,5435,5562,5431,5564,2,12,30
VDSL inp,100,40,5,5,1,1,4,4,16,100,90,0.05,5,20,5,True,True,88.676,16,1500,1448,1448,0,48,15069.8125,358,762,True,False,36.233,16,1500,1448,1424,410,48,24095.875,62,425,79,713,5447,5562,5440,5564,1,13,70
VDSL inp,100,40,5,5,1,1,4,4,16,100,90,0.05,5,20,5,True,True,89.124,16,1500,1448,1448,0,48,15241.3125,355,694,True,False,35.098,16,1500,1448,1424,537,48,23739.125,56,404,65,629,5441,5565,5431,5568,1,11,24
VDSL inp,100,40,5,5,1,1,4,4,16,100,90,0.05,5,20,5,True,True,89.123,16,1500,1448,1448,0,48,14945.875,361,783,True,False,35.720,16,1500,1448,1424,558,48,23537.9375,58,464,66,716,5443,5571,5432,5575,1,13,52
VDSL inp,100,40,5,5,1,1,4,4,16,100,90,0.05,5,20,5,True,True,88.748,16,1500,1448,1448,0,48,15033.375,374,804,True,False,36.249,16,1500,1448,1424,471,48,22748.9375,50,524,68,719,5445,5545,5447,5547,1,13,36
VDSL inp,100,40,5,5,1,1,4,4,16,100,90,0.05,5,20,5,True,True,88.498,16,1500,1448,1448,0,48,15057.3125,365,722,True,False,35.871,16,1500,1448,1424,479,48,23106.75,67,438,85,683,5443,5553,5432,5554,2,12,2
VDSL inp,100,40,5,5,1,1,4,4,16,100,90,0.05,5,20,5,True,True,88.876,14,1500,1448,1448,0,45,14619.8,426,862,True,False,35.738,16,1500,1448,1425,440,48,22215.0625,76,409,116,810,5453,5576,5448,5573,2,15,5
VDSL inp,100,40,5,5,1,1,4,4,16,100,90,0.05,5,20,5,True,True,89.120,16,1500,1448,1448,0,48,15022.5,374,708,True,False,34.977,16,1500,1448,1425,474,49,23966.3125,55,472,72,656,5439,5556,5444,5558,1,12,89
VDSL inp,100,40,5,5,1,1,4,4,16,100,90,0.05,5,20,5,True,True,89.248,15,1500,1448,1448,0,48,15052.3125,392,790,True,False,35.997,16,1500,1448,1425,522,48,23374.375,57,447,71,718,5426,5562,5435,5567,1,13,74
VDSL inp,100,40,5,5,1,1,4,4,16,100,90,0.05,5,20,5,True,True,89.247,16,1500,1448,1448,0,48,14910.6875,329,746,True,False,35.738,16,1500,1448,1424,503,48,23472.3125,43,454,58,672,5460,5572,5459,5569,1,12,91
VDSL inp,100,40,5,5,1,1,4,4,16,100,90,0.05,5,20,5,True,True,89.124,16,1500,1448,1448,0,48,14626.5,340,776,True,False,35.356,16,1500,1448,1425,455,48,23507.8125,49,447,77,713,5442,5573,5442,5577,1,13,53
VDSL inp,100,40,5,5,1,1,4,4,16,100,90,0.05,5,20,5,True,True,88.998,16,1500,1448,1448,0,48,15176.9375,360,789,True,False,35.231,16,1500,1448,1425,606,48,24068.9375,79,413,113,746,5442,5556,5433,5558,2,13,21
VDSL inp,100,40,5,5,1,1,4,4,16,100,90,0.05,5,20,5,True,True,88.989,16,1500,1448,1448,0,48,14939.625,376,707,True,False,35.350,16,1500,1448,1425,587,48,23954.875,55,395,69,653,5451,5562,5450,5564,1,12,55
VDSL inp,100,40,5,5,1,1,4,4,16,100,90,0.05,5,20,5,True,True,89.111,16,1500,1448,1448,0,48,14947.0625,346,724,True,False,36.108,16,1500,1448,1425,640,48,23956.125,51,362,63,668,5441,5558,5439,5561,1,12,27
VDSL inp,100,40,5,5,1,1,4,4,16,100,90,0.05,5,20,5,True,True,88.995,16,1500,1448,1448,0,48,14869,352,793,True,False,35.596,16,1500,1448,1425,510,48,24686.0625,58,435,66,697,5455,5559,5453,5560,1,13,77
VDSL inp,100,40,5,5,1,1,4,4,16,100,90,0.05,5,20,5,True,True,89.125,16,1500,1448,1448,0,48,15086.5625,346,724,True,False,35.359,16,1500,1448,1424,526,48,23356.375,80,472,90,674,5450,5565,5446,5568,2,12,85
VDSL inp,100,40,5,5,1,1,4,4,16,100,90,0.05,5,20,5,True,True,88.872,16,1500,1448,1448,0,48,15050.625,357,728,True,False,35.597,16,1500,1448,1424,496,48,23428.875,112,435,163,714,5434,5549,5436,5551,3,13,86
VDSL inp,100,40,5,5,1,1,4,4,16,100,90,0.05,5,20,5,True,True,89.116,16,1500,1448,1448,0,48,14955.0625,348,752,True,False,34.995,16,1500,1448,1425,596,48,24110.6875,71,402,93,693,5458,5556,5459,5559,2,12,18
VDSL inp,100,40,5,5,1,1,4,4,16,100,90,0.05,5,20,5,True,True,88.989,13,1500,1448,1448,0,42,14401.42857142857,448,854,True,False,35.474,16,1500,1448,1425,569,48,23703.375,60,449,73,779,5449,5573,5449,5571,1,14,22
VDSL inp,100,40,5,5,1,1,4,4,16,100,90,0.05,5,20,5,True,True,88.870,16,1500,1448,1448,0,48,15012.1875,336,746,True,False,35.464,16,1500,1448,1425,402,48,23439.375,65,430,87,680,5446,5551,5444,5553,2,12,81
VDSL inp,100,40,5,5,1,1,4,4,16,100,90,0.05,5,20,5,True,True,88.991,16,1500,1448,1448,0,48,15589.875,289,675,True,False,35.615,16,1500,1448,1424,412,48,23233,79,404,100,639,5428,5556,5428,5559,2,12,64
VDSL inp,100,40,5,5,1,1,4,4,16,100,90,0.05,5,20,5,True,True,88.497,16,1500,1448,1448,0,48,14951.625,363,724,True,False,35.592,16,1500,1448,1424,631,48,23523.875,76,389,105,688,5450,5549,5447,5550,2,12,7
VDSL inp,100,40,5,5,1,1,4,4,16,100,90,0.05,5,20,5,True,True,89.118,13,1500,1448,1448,0,42,14394.285714285714,451,886,True,False,35.611,16,1500,1448,1424,484,48,23200,57,394,72,794,5465,5573,5449,5571,1,14,76
VDSL inp,100,40,5,5,1,1,4,4,16,100,90,0.05,5,20,5,True,True,88.865,14,1500,1448,1448,0,45,14806,423,813,True,False,36.122,16,1500,1448,1424,480,48,23338.5625,124,422,155,776,5457,5560,5451,5560,3,14,98
VDSL inp,100,40,5,5,1,1,4,4,16,100,90,0.05,5,20,5,True,True,88.994,16,1500,1448,1448,0,48,15007.75,353,748,True,False,34.371,16,1500,1448,1425,495,48,22397.25,59,456,81,682,5448,5562,5446,5565,1,12,19
VDSL inp,100,40,5,5,1,1,4,4,16,100,90,0.05,5,20,5,True,True,89.244,16,1500,1448,1448,0,48,14961.4375,341,733,True,False,34.606,16,1500,1448,1425,539,48,23429.25,53,456,56,675,5451,5557,5446,5554,1,12,28
VDSL inp,100,40,5,5,1,1,4,4,16,100,90,0.05,5,20,5,True,True,88.869,16,1500,1448,1448,0,48,14934.9375,352,806,True,False,35.228,16,1500,1448,1424,456,48,23099.4375,50,385,54,719,5438,5571,5434,5570,1,13,67
VDSL inp,100,40,5,5,1,1,4,4,16,100,90,0.05,5,20,5,True,True,88.749,16,1500,1448,1448,0,48,14959.625,349,749,True,False,35.354,16,1500,1448,1425,557,48,24295.4375,86,402,103,708,5429,5543,5433,5545,2,13,61
VDSL inp,100,40,5,5,1,1,4,4,16,100,90,0.05,5,20,5,True,True,89.055,16,1500,1448,1448,0,48,15125.9375,353,691,True,False,35.847,16,1500,1448,1425,616,48,23109.5,59,396,78,659,5444,5560,5444,5561,1,12,1
VDSL inp,100,40,5,5,1,1,4,4,16,100,90,0.05,5,20,5,True,True,88.619,16,1500,1448,1448,0,48,14974.1875,395,812,True,False,34.997,16,1500,1448,1424,366,48,23799.25,50,450,66,727,5459,5577,5455,5574,1,13,66
VDSL inp,100,40,5,5,1,1,4,4,16,100,90,0.05,5,20,5,True,True,88.621,16,1500,1448,1448,0,48,14981.3125,348,728,True,False,34.992,16,1500,1448,1424,519,48,24125.9375,55,393,61,657,5431,5567,5431,5571,1,12,40
VDSL inp,100,40,5,5,1,1,4,4,16,100,90,0.05,5,20,5,True,True,88.741,16,1500,1448,1448,0,48,14946.9375,368,760,True,False,35.235,16,1500,1448,1425,484,48,23145.1875,54,436,70,669,5439,5562,5434,5556,1,12,73
VDSL inp,100,40,5,5,1,1,4,4,16,100,90,0.05,5,20,5,True,True,89.369,16,1500,1448,1448,0,48,15024.125,347,728,True,False,36.344,16,1500,1448,1424,330,48,22882.6875,98,462,123,688,5444,5558,5444,5561,2,12,49
VDSL inp,100,40,5,5,1,1,4,4,16,100,90,0.05,5,20,5,True,True,89.121,16,1500,1448,1448,0,48,15047.0625,329,739,True,False,35.364,16,1500,1448,1425,655,48,23472.0625,50,391,62,660,5441,5557,5443,5559,1,12,60
VDSL inp,100,40,5,5,1,1,4,4,16,100,90,0.05,5,20,5,True,True,89.118,16,1500,1448,1448,0,48,14897.625,344,717,True,False,34.750,16,1500,1448,1424,459,48,23731.625,58,425,65,666,5443,5556,5449,5558,1,12,41
VDSL inp,100,40,5,5,1,1,4,4,16,100,90,0.05,5,20,5,True,True,88.626,16,1500,1448,1448,0,48,14916.8125,335,719,True,False,35.123,16,1500,1448,1425,345,48,23685.875,95,445,122,687,5426,5559,5421,5563,2,12,10
VDSL inp,100,40,5,5,1,1,4,4,16,100,90,0.05,5,20,5,True,True,89.121,16,1500,1448,1448,0,48,15102,338,749,True,False,36.119,16,1500,1448,1424,362,48,23847.125,84,447,120,717,5441,5558,5435,5560,2,13,37
VDSL inp,100,40,5,5,1,1,4,4,16,100,90,0.05,5,20,5,True,True,88.872,16,1500,1448,1448,0,48,14939.375,351,735,True,False,35.715,16,1500,1448,1425,249,48,23878.5,+Inf,NaN,339,730,5436,5553,5438,5555,6,13,100
VDSL inp,100,40,5,5,1,1,4,4,16,100,90,0.05,5,20,5,True,True,88.687,16,1500,1448,1448,0,48,15145.75,338,695,True,False,35.614,16,1500,1448,1424,409,48,24157.625,152,410,243,685,5444,5582,5446,5585,4,12,35
VDSL inp,100,40,5,5,1,1,4,4,16,100,90,0.05,5,20,5,True,True,88.999,16,1500,1448,1448,0,48,15058.8125,348,724,True,False,35.103,16,1500,1448,1425,508,48,23028.125,56,409,81,661,5448,5572,5446,5569,1,12,11
VDSL inp,100,40,5,5,1,1,4,4,16,100,90,0.05,5,20,5,True,True,88.863,16,1500,1448,1448,0,48,14979.3125,375,811,True,False,35.091,16,1500,1448,1425,412,48,23998,117,420,170,772,5438,5546,5438,5547,3,14,94
VDSL inp,100,40,5,5,1,1,4,4,16,100,90,0.05,5,20,5,True,True,88.997,13,1500,1448,1448,0,42,14511.642857142857,437,875,True,False,35.118,16,1500,1448,1425,408,50,24186.4375,61,424,76,790,5441,5558,5438,5552,1,14,87
VDSL inp,100,40,5,5,1,1,4,4,16,100,90,0.05,5,20,5,True,True,88.998,15,1500,1448,1448,0,48,14900.0625,385,841,True,False,35.094,16,1500,1448,1425,490,48,24495.4375,52,430,72,765,5450,5552,5451,5554,1,14,90
VDSL inp,100,40,5,5,1,1,4,4,16,100,90,0.05,5,20,5,True,True,88.994,15,1500,1448,1448,0,48,14920.6875,395,801,True,False,35.613,16,1500,1448,1424,455,48,24177.125,73,424,95,747,5455,5561,5447,5557,2,13,6
VDSL inp,100,40,5,5,1,1,4,4,16,100,90,0.05,5,20,5,True,True,88.370,15,1500,1448,1448,0,48,15078.9375,389,840,True,False,35.500,16,1500,1448,1424,559,48,24125.1875,79,417,97,763,5450,5552,5440,5552,2,14,25
VDSL inp,100,40,5,5,1,1,4,4,16,100,90,0.05,5,20,5,True,True,89.123,16,1500,1448,1448,0,48,14881.875,368,756,True,False,35.710,16,1500,1448,1425,520,48,23036.6875,57,413,68,692,5456,5561,5455,5563,1,12,65
VDSL inp,100,40,5,5,1,1,4,4,16,100,90,0.05,5,20,5,True,True,88.624,16,1500,1448,1448,0,48,14955.3125,336,747,True,False,35.214,16,1500,1448,1425,475,48,24444.25,111,424,138,711,5437,5552,5432,5554,3,13,54
VDSL inp,100,40,5,5,1,1,4,4,16,100,90,0.05,5,20,5,True,True,88.872,16,1500,1448,1448,0,48,14937.125,351,764,True,False,35.338,16,1500,1448,1424,530,48,23812.6875,55,377,76,699,5440,5563,5430,5558,1,13,39
VDSL inp,100,40,5,5,1,1,4,4,16,100,90,0.05,5,20,5,True,True,88.623,16,1500,1448,1448,0,48,15088.5,341,768,True,False,35.097,16,1500,1448,1425,388,48,23897.875,51,424,70,700,5431,5546,5426,5548,1,13,3
VDSL inp,100,40,5,5,1,1,4,4,16,100,90,0.05,5,20,5,True,True,88.737,16,1500,1448,1448,0,48,14889.1875,337,665,True,False,35.590,16,1500,1448,1425,416,48,23753.1875,61,462,71,618,5438,5567,5434,5570,1,11,97
VDSL inp,100,40,5,5,1,1,4,4,16,100,90,0.05,5,20,5,True,True,88.869,16,1500,1448,1448,0,48,15049.6875,339,729,True,False,35.493,16,1500,1448,1424,440,48,24166.8125,48,422,67,678,5457,5561,5459,5566,1,12,33
VDSL inp,100,40,5,5,1,1,4,4,16,100,90,0.05,5,20,5,True,True,88.995,13,1500,1448,1448,0,42,14497,453,861,True,False,35.235,16,1500,1448,1425,529,48,24180.6875,74,423,97,808,5450,5569,5450,5572,2,14,47
VDSL inp,100,40,5,5,1,1,4,4,16,100,90,0.05,5,20,5,True,True,88.870,16,1500,1448,1448,0,48,15019.9375,352,757,True,False,36.614,16,1500,1448,1424,536,48,23670,49,428,73,680,5433,5559,5433,5561,1,12,96
VDSL inp,100,40,5,5,1,1,4,4,16,100,90,0.05,5,20,5,True,True,88.988,16,1500,1448,1448,0,48,14872.9375,357,725,True,False,35.483,16,1500,1448,1425,501,48,22621.25,55,427,63,679,5459,5566,5455,5567,1,12,72
VDSL inp,100,40,5,5,1,1,4,4,16,100,90,0.05,5,20,5,True,True,89.060,16,1500,1448,1448,0,48,14989.9375,345,697,True,False,35.594,16,1500,1448,1425,564,48,23757.0625,65,426,85,664,5445,5560,5449,5564,2,12,16
VDSL inp,100,40,5,5,1,1,4,4,16,100,90,0.05,5,20,5,True,True,88.490,16,1500,1448,1448,0,48,14865.5,364,710,True,False,35.372,16,1500,1448,1425,570,48,23577.875,63,474,79,661,5448,5566,5443,5564,1,12,8
VDSL inp,100,40,5,5,1,1,4,4,16,100,90,0.05,5,20,5,True,True,89.116,16,1500,1448,1448,0,48,15036.5,343,773,True,False,35.000,16,1500,1448,1424,589,48,23896.125,56,368,73,684,5426,5550,5424,5552,1,12,14
VDSL inp,100,40,5,5,1,1,4,4,16,100,90,0.05,5,20,5,True,True,88.993,14,1500,1448,1448,0,45,14517.6,413,902,True,False,35.618,16,1500,1448,1425,571,48,23793.75,65,455,87,793,5437,5559,5432,5554,2,14,82
VDSL inp,100,40,5,5,1,1,4,4,16,100,90,0.05,5,20,5,True,True,88.992,16,1500,1448,1448,0,48,14850.625,372,747,True,False,35.357,16,1500,1448,1424,450,48,23739.3125,48,467,69,683,5451,5557,5455,5556,1,12,45
VDSL inp,100,40,5,5,1,1,4,4,16,100,90,0.05,5,20,5,True,True,89.112,16,1500,1448,1448,0,48,14992.1875,367,779,True,False,35.873,16,1500,1448,1424,560,48,22787.9375,74,460,109,740,5433,5558,5438,5560,2,13,43
VDSL inp,100,40,5,5,1,1,4,4,16,100,90,0.05,5,20,5,True,True,89.240,16,1500,1448,1448,0,48,15064.5,355,768,True,False,35.222,16,1500,1448,1424,505,48,23502.1875,76,380,84,709,5449,5566,5448,5562,2,13,83
VDSL inp,100,40,5,5,1,1,4,4,16,100,90,0.05,5,20,5,True,True,88.874,13,1500,1448,1448,0,42,14335.285714285714,439,852,True,False,34.616,16,1500,1448,1424,583,48,23405.375,43,460,50,775,5441,5554,5441,5556,1,14,63
VDSL inp,100,40,5,5,1,1,4,4,16,100,90,0.05,5,20,5,True,True,88.873,13,1500,1448,1448,0,42,14538.357142857143,441,855,True,False,35.373,16,1500,1448,1424,390,48,24609.3125,129,390,207,839,5446,5579,5445,5582,4,15,80
VDSL inp,100,40,5,5,1,1,4,4,16,100,90,0.05,5,20,5,True,True,88.733,16,1500,1448,1448,0,48,14856.6875,353,798,True,False,35.603,16,1500,1448,1425,542,48,23675.375,46,406,55,694,5450,5552,5449,5554,1,13,59
VDSL inp,100,40,5,5,1,1,4,4,16,100,90,0.05,5,20,5,True,True,88.619,16,1500,1448,1448,0,48,14893.9375,350,732,True,False,35.602,16,1500,1448,1425,459,48,24134,72,438,75,664,5449,5556,5446,5552,1,12,15
VDSL inp,100,40,5,5,1,1,4,4,16,100,90,0.05,5,20,5,True,True,89.247,16,1500,1448,1448,0,48,15061.125,360,736,True,False,34.496,16,1500,1448,1425,577,48,23425.3125,85,432,125,704,5452,5554,5448,5556,2,13,71
VDSL inp,100,40,5,5,1,1,4,4,16,100,90,0.05,5,20,5,True,True,88.993,16,1500,1448,1448,0,48,14869.5,356,739,True,False,35.480,16,1500,1448,1425,417,48,23829.4375,64,490,67,671,5436,5563,5432,5563,1,12,42
VDSL inp,100,40,5,5,1,1,4,4,16,100,90,0.05,5,20,5,True,True,88.744,16,1500,1448,1448,0,48,14953.3125,367,742,True,False,34.610,16,1500,1448,1424,510,48,23333,89,378,104,700,5442,5546,5444,5549,2,13,51
VDSL inp,100,40,5,5,1,1,4,4,16,100,90,0.05,5,20,5,True,True,88.992,16,1500,1448,1448,0,48,14880.75,364,757,True,False,35.475,16,1500,1448,1424,574,48,23905.3125,91,392,113,709,5440,5551,5440,5554,2,13,57
VDSL inp,100,40,5,5,1,1,4,4,16,100,90,0.05,5,20,5,True,True,88.625,14,1500,1448,1448,0,45,14721,425,871,True,False,35.369,16,1500,1448,1425,456,48,24311.375,53,405,50,793,5453,5567,5450,5567,1,14,88
VDSL inp,100,40,5,5,1,1,4,4,16,100,90,0.05,5,20,5,True,True,88.615,16,1500,1448,1448,0,48,14958.125,346,729,True,False,34.747,16,1500,1448,1425,508,48,24355.875,57,423,72,672,5443,5560,5434,5562,1,12,4
VDSL inp,100,40,5,5,1,1,4,4,16,100,90,0.05,5,20,5,True,True,88.870,15,1500,1448,1448,0,48,14872.75,396,828,True,False,34.498,16,1500,1448,1424,590,48,23467.5625,56,401,68,739,5447,5562,5443,5565,1,13,12
VDSL inp,100,40,5,5,1,1,6,4,16,100,90,0.05,5,20,5,True,True,89.373,16,1500,1448,1448,0,48,14773.6875,349,759,True,False,35.496,16,1500,1448,1425,560,48,23760.125,97,377,146,737,5435,5556,5441,5559,3,13,79
VDSL inp,100,40,5,5,1,1,6,4,16,100,90,0.05,5,20,5,True,True,88.871,16,1500,1448,1448,0,48,14609,400,861,True,False,35.243,16,1500,1448,1424,579,48,23540.5625,84,404,120,818,5442,5551,5448,5552,2,15,50
VDSL inp,100,40,5,5,1,1,6,4,16,100,90,0.05,5,20,5,True,True,89.124,16,1500,1448,1448,0,48,14702.75,365,762,True,False,34.464,16,1500,1448,1425,600,48,23895.625,62,359,87,727,5442,5543,5429,5545,2,13,23
VDSL inp,100,40,5,5,1,1,6,4,16,100,90,0.05,5,20,5,True,True,88.620,16,1500,1448,1448,0,48,14632.875,342,772,True,False,35.472,16,1500,1448,1424,715,48,23105.4375,55,402,61,685,5434,5549,5426,5552,1,12,68
VDSL inp,100,40,5,5,1,1,6,4,16,100,90,0.05,5,20,5,True,True,88.748,16,1500,1448,1448,0,48,14484.125,405,778,True,False,35.121,16,1500,1448,1425,669,48,24293.0625,57,338,67,712,5444,5553,5445,5554,1,13,92
VDSL inp,100,40,5,5,1,1,6,4,16,100,90,0.05,5,20,5,True,True,89.116,16,1500,1448,1448,0,48,14662.875,369,807,True,False,34.478,16,1500,1448,1424,685,48,24506.5625,70,404,76,727,5442,5552,5437,5553,1,13,95
VDSL inp,100,40,5,5,1,1,6,4,16,100,90,0.05,5,20,5,True,True,89.000,16,1500,1448,1448,0,48,14732.1875,359,802,True,False,35.357,16,1500,1448,1424,623,48,23668.1875,55,380,63,719,5435,5552,5428,5554,1,13,46
VDSL inp,100,40,5,5,1,1,6,4,16,100,90,0.05,5,20,5,True,True,89.120,16,1500,1448,1448,0,48,14695.875,373,810,True,False,35.480,16,1500,1448,1424,551,48,23075.5,79,435,84,711,5437,5571,5432,5575,2,13,93
VDSL inp,100,40,5,5,1,1,6,4,16,100,90,0.05,5,20,5,True,True,88.732,16,1500,1448,1448,0,48,14933.9375,382,734,True,False,35.473,16,1500,1448,1424,477,48,23339.625,53,477,58,659,5436,5548,5434,5549,1,12,17
VDSL inp,100,40,5,5,1,1,6,4,16,100,90,0.05,5,20,5,True,True,88.998,15,1500,1448,1448,0,48,14740.25,430,866,True,False,35.999,16,1500,1448,1424,562,48,23553.5625,118,418,161,825,5441,5566,5440,5570,3,15,29
VDSL inp,100,40,5,5,1,1,6,4,16,100,90,0.05,5,20,5,True,True,88.998,16,1500,1448,1448,0,48,14592.4375,389,795,True,False,33.861,16,1500,1448,1424,611,48,22672.5625,53,406,76,689,5455,5558,5451,5560,1,12,20
VDSL inp,100,40,5,5,1,1,6,4,16,100,90,0.05,5,20,5,True,True,88.876,16,1500,1448,1448,0,48,14430.5,423,872,True,False,36.241,16,1500,1448,1425,705,48,22602.0625,52,344,65,784,5451,5558,5448,5561,1,14,31
VDSL inp,100,40,5,5,1,1,6,4,16,100,90,0.05,5,20,5,True,True,88.602,16,1500,1448,1448,0,48,14617.0625,373,736,True,False,36.113,16,1500,1448,1425,540,48,23850,51,339,61,675,5425,5548,5430,5551,1,12,84
VDSL inp,100,40,5,5,1,1,6,4,16,100,90,0.05,5,20,5,True,True,89.371,15,1500,1448,1448,0,48,14860.0625,424,836,True,False,35.866,16,1500,1448,1425,542,48,24280.8125,90,382,117,784,5449,5565,5446,5566,2,14,13
VDSL inp,100,40,5,5,1,1,6,4,16,100,90,0.05,5,20,5,True,True,88.623,16,1500,1448,1448,0,48,14649.75,420,869,True,False,34.866,16,1500,1448,1425,586,48,23823.4375,62,432,72,781,5448,5559,5443,5559,1,14,62
VDSL inp,100,40,5,5,1,1,6,4,16,100,90,0.05,5,20,5,True,True,89.248,16,1500,1448,1448,0,48,14653.3125,343,739,True,False,35.125,16,1500,1448,1424,617,48,23629.1875,57,416,64,694,5452,5560,5451,5563,1,12,75
VDSL inp,100,40,5,5,1,1,6,4,16,100,90,0.05,5,20,5,True,True,88.747,16,1500,1448,1448,0,48,14732.0625,366,737,True,False,34.875,16,1500,1448,1424,722,48,22809.1875,58,434,73,678,5439,5556,5424,5559,1,12,9
VDSL inp,100,40,5,5,1,1,6,4,16,100,90,0.05,5,20,5,True,True,88.859,16,1500,1448,1448,0,48,14695.125,358,763,True,False,34.991,16,1500,1448,1425,661,48,23652.3125,51,363,68,710,5444,5549,5441,5552,1,13,44
VDSL inp,100,40,5,5,1,1,6,4,16,100,90,0.05,5,20,5,True,True,88.932,16,1500,1448,1448,0,48,14669.625,367,753,True,False,35.609,16,1500,1448,1425,592,48,23894.5,76,425,58,686,5458,5567,5454,5567,1,12,48
VDSL inp,100,40,5,5,1,1,6,4,16,100,90,0.05,5,20,5,True,True,88.994,15,1500,1448,1448,0,48,14987.6875,412,837,True,False,35.490,16,1500,1448,1425,613,48,23245.3125,58,413,67,746,5439,5555,5442,5558,1,13,99
VDSL inp,100,40,5,5,1,1,6,4,16,100,90,0.05,5,20,5,True,True,88.873,16,1500,1448,1448,0,48,14431.4375,344,810,True,False,35.120,16,1500,1448,1425,644,48,23353.75,55,436,72,708,5452,5578,5451,5581,1,13,56
VDSL inp,100,40,5,5,1,1,6,4,16,100,90,0.05,5,20,5,True,True,88.624,16,1500,1448,1448,0,48,14598.625,416,850,True,False,36.220,16,1500,1448,1424,567,48,23017.125,78,387,97,812,5451,5554,5445,5556,2,15,32
VDSL inp,100,40,5,5,1,1,6,4,16,100,90,0.05,5,20,5,True,True,88.621,16,1500,1448,1448,0,48,14492.4375,354,751,True,False,35.622,16,1500,1448,1424,559,48,24566.6875,55,412,74,683,5446,5568,5443,5565,1,12,78
VDSL inp,100,40,5,5,1,1,6,4,16,100,90,0.05,5,20,5,True,True,88.999,16,1500,1448,1448,0,48,14635.4375,395,832,True,False,35.498,16,1500,1448,1424,579,48,22689.1875,71,432,84,759,5445,5564,5439,5567,2,14,38
VDSL inp,100,40,5,5,1,1,6,4,16,100,90,0.05,5,20,5,True,True,89.110,16,1500,1448,1448,0,48,14911.625,385,786,True,False,35.855,16,1500,1448,1425,690,48,23244,46,347,70,714,5434,5557,5436,5560,1,13,26
VDSL inp,100,40,5,5,1,1,6,4,16,100,90,0.05,5,20,5,True,True,88.613,16,1500,1448,1448,0,48,14642,377,792,True,False,34.842,16,1500,1448,1424,452,48,23561.875,115,424,162,773,5467,5564,5468,5565,3,14,69
VDSL inp,100,40,5,5,1,1,6,4,16,100,90,0.05,5,20,5,True,True,88.994,16,1500,1448,1448,0,48,14531.5,377,795,True,False,34.865,16,1500,1448,1425,650,48,23691.3125,51,415,74,724,5444,5571,5441,5575,1,13,34
VDSL inp,100,40,5,5,1,1,6,4,16,100,90,0.05,5,20,5,True,True,89.114,15,1500,1448,1448,0,48,14520.0625,435,860,True,False,34.856,16,1500,1448,1424,703,48,24456.9375,64,369,72,773,5448,5556,5450,5558,1,14,58
VDSL inp,100,40,5,5,1,1,6,4,16,100,90,0.05,5,20,5,True,True,89.240,16,1500,1448,1448,0,48,14765.125,373,741,True,False,35.851,16,1500,1448,1424,526,48,23815.9375,108,384,142,713,5437,5558,5433,5560,3,13,30
VDSL inp,100,40,5,5,1,1,6,4,16,100,90,0.05,5,20,5,True,True,88.866,15,1500,1448,1448,0,48,14648.125,411,831,True,False,35.598,16,1500,1448,1425,563,48,23599.75,56,446,85,785,5440,5563,5432,5568,2,14,70
VDSL inp,100,40,5,5,1,1,6,4,16,100,90,0.05,5,20,5,True,True,88.999,16,1500,1448,1448,0,48,14732.9375,335,778,True,False,35.246,16,1500,1448,1425,629,48,23636.5,56,372,66,714,5462,5570,5473,5571,1,13,24
VDSL inp,100,40,5,5,1,1,6,4,16,100,90,0.05,5,20,5,True,True,88.990,16,1500,1448,1448,0,48,14611.875,374,725,True,False,35.994,16,1500,1448,1425,517,48,23117.25,138,415,220,706,5428,5570,5424,5574,4,13,52
VDSL inp,100,40,5,5,1,1,6,4,16,100,90,0.05,5,20,5,True,True,88.869,16,1500,1448,1448,0,48,14498.75,411,781,True,False,35.743,16,1500,1448,1424,715,48,24153.875,46,364,57,693,5435,5554,5435,5556,1,12,36
VDSL inp,100,40,5,5,1,1,6,4,16,100,90,0.05,5,20,5,True,True,88.614,15,1500,1448,1448,0,48,14906.75,420,857,True,False,34.998,16,1500,1448,1425,629,48,23348.8125,71,355,85,762,5447,5559,5446,5560,2,14,2
VDSL inp,100,40,5,5,1,1,6,4,16,100,90,0.05,5,20,5,True,True,88.996,16,1500,1448,1448,0,48,14530.125,365,778,True,False,34.740,16,1500,1448,1425,604,48,22987.1875,43,496,52,711,5442,5552,5442,5554,1,13,5
VDSL inp,100,40,5,5,1,1,6,4,16,100,90,0.05,5,20,5,True,True,89.248,16,1500,1448,1448,0,48,14597.9375,382,756,True,False,35.222,16,1500,1448,1424,591,48,24181.375,51,425,79,705,5448,5563,5449,5565,1,13,89
VDSL inp,100,40,5,5,1,1,6,4,16,100,90,0.05,5,20,5,True,True,88.747,16,1500,1448,1448,0,48,14666.25,362,752,True,False,36.488,16,1500,1448,1425,638,48,22688.5,52,386,78,698,5449,5575,5440,5577,1,13,74
VDSL inp,100,40,5,5,1,1,6,4,16,100,90,0.05,5,20,5,True,True,89.117,16,1500,1448,1448,0,48,14589.25,362,788,True,False,36.603,16,1500,1448,1424,373,48,23300.25,+Inf,NaN,345,784,5446,5554,5445,5557,6,14,91
VDSL inp,100,40,5,5,1,1,6,4,16,100,90,0.05,5,20,5,True,True,89.366,16,1500,1448,1448,0,48,14651.8125,367,798,True,False,35.493,16,1500,1448,1425,669,48,23523.3125,50,338,62,711,5458,5569,5454,5568,1,13,53
VDSL inp,100,40,5,5,1,1,6,4,16,100,90,0.05,5,20,5,True,True,88.993,16,1500,1448,1448,0,48,14720.6875,371,769,True,False,35.591,16,1500,1448,1425,680,48,24212.4375,39,381,48,690,5451,5557,5445,5559,1,12,21
VDSL inp,100,40,5,5,1,1,6,4,16,100,90,0.05,5,20,5,True,True,88.985,16,1500,1448,1448,0,48,14831.0625,321,768,True,False,35.367,16,1500,1448,1425,560,48,23693.1875,55,427,57,704,5445,5556,5443,5559,1,13,55
VDSL inp,100,40,5,5,1,1,6,4,16,100,90,0.05,5,20,5,True,True,89.249,15,1500,1448,1448,0,48,14678.5,429,825,True,False,35.625,16,1500,1448,1425,664,48,23405.5625,58,412,69,754,5452,5556,5446,5555,1,14,27
VDSL inp,100,40,5,5,1,1,6,4,16,100,90,0.05,5,20,5,True,True,88.867,15,1500,1448,1448,0,48,14470.9375,421,885,True,False,34.730,16,1500,1448,1425,564,48,24011.125,71,456,74,771,5445,5561,5443,5563,1,14,77
VDSL inp,100,40,5,5,1,1,6,4,16,100,90,0.05,5,20,5,True,True,89.000,16,1500,1448,1448,0,48,14815.75,336,715,True,False,35.365,16,1500,1448,1424,594,48,24282,69,458,83,660,5439,5564,5438,5566,2,12,85
VDSL inp,100,40,5,5,1,1,6,4,16,100,90,0.05,5,20,5,True,True,88.874,16,1500,1448,1448,0,48,14766.5,372,760,True,False,35.843,16,1500,1448,1425,641,48,23337,65,391,73,680,5434,5545,5430,5547,1,12,86
VDSL inp,100,40,5,5,1,1,6,4,16,100,90,0.05,5,20,5,True,True,88.870,16,1500,1448,1448,0,48,14622.0625,350,741,True,False,33.750,16,1500,1448,1425,654,48,23685.6875,50,417,63,682,5441,5559,5433,5560,1,12,18
VDSL inp,100,40,5,5,1,1,6,4,16,100,90,0.05,5,20,5,True,True,88.748,15,1500,1448,1448,0,48,14544.5,432,843,True,False,34.871,16,1500,1448,1424,610,48,24008.3125,95,422,117,776,5439,5557,5430,5560,2,14,22
VDSL inp,100,40,5,5,1,1,6,4,16,100,90,0.05,5,20,5,True,True,88.742,15,1500,1448,1448,0,48,14688.75,402,827,True,False,35.841,16,1500,1448,1424,553,48,23930.3125,45,397,57,754,5449,5555,5443,5557,1,14,81
VDSL inp,100,40,5,5,1,1,6,4,16,100,90,0.05,5,20,5,True,True,88.997,15,1500,1448,1448,0,48,14535.6875,387,837,True,False,35.488,16,1500,1448,1424,559,48,24577.125,46,372,51,761,5435,5552,5450,5554,1,14,64
VDSL inp,100,40,5,5,1,1,6,4,16,100,90,0.05,5,20,5,True,True,88.863,15,1500,1448,1448,0,48,14542.5,417,864,True,False,35.480,16,1500,1448,1424,551,48,23968.5,61,407,68,778,5462,5572,5462,5575,1,14,7
VDSL inp,100,40,5,5,1,1,6,4,16,100,90,0.05,5,20,5,True,True,89.118,16,1500,1448,1448,0,48,14539.6875,383,797,True,False,34.986,16,1500,1448,1425,635,48,23927.6875,53,396,65,735,5456,5566,5452,5566,1,13,76
VDSL inp,100,40,5,5,1,1,6,4,16,100,90,0.05,5,20,5,True,True,88.868,16,1500,1448,1448,0,48,14696.0625,376,823,True,False,35.467,16,1500,1448,1424,496,48,24612.75,47,412,59,722,5446,5571,5436,5559,1,13,98
VDSL inp,100,40,5,5,1,1,6,4,16,100,90,0.05,5,20,5,True,True,88.992,16,1500,1448,1448,0,48,14626.375,383,860,True,False,34.867,16,1500,1448,1425,646,48,22920.4375,59,390,69,747,5459,5562,5455,5562,1,13,19
VDSL inp,100,40,5,5,1,1,6,4,16,100,90,0.05,5,20,5,True,True,89.250,16,1500,1448,1448,0,48,14519.125,380,771,True,False,36.123,16,1500,1448,1425,583,48,23550.3125,+Inf,NaN,359,767,5438,5559,5431,5560,7,14,28
VDSL inp,100,40,5,5,1,1,6,4,16,100,90,0.05,5,20,5,True,True,88.874,16,1500,1448,1448,0,48,14717.875,409,781,True,False,35.845,16,1500,1448,1424,562,48,22825.9375,60,370,72,697,5451,5558,5447,5561,1,13,67
VDSL inp,100,40,5,5,1,1,6,4,16,100,90,0.05,5,20,5,True,True,88.868,16,1500,1448,1448,0,48,14657.8125,350,828,True,False,34.123,16,1500,1448,1424,456,48,23912.6875,64,377,96,764,5461,5567,5459,5567,2,14,61
VDSL inp,100,40,5,5,1,1,6,4,16,100,90,0.05,5,20,5,True,True,88.988,16,1500,1448,1448,0,48,14776.5625,366,805,True,False,34.588,16,1500,1448,1424,682,48,23961.1875,52,395,54,695,5442,5556,5442,5557,1,13,1
VDSL inp,100,40,5,5,1,1,6,4,16,100,90,0.05,5,20,5,True,True,88.618,16,1500,1448,1448,0,48,14460.0625,351,784,True,False,35.248,16,1500,1448,1425,502,48,23706.125,59,393,65,728,5455,5562,5451,5564,1,13,66
VDSL inp,100,40,5,5,1,1,6,4,16,100,90,0.05,5,20,5,True,True,88.739,16,1500,1448,1448,0,48,14643.75,352,807,True,False,35.374,16,1500,1448,1424,592,48,23935.0625,74,403,102,751,5459,5560,5456,5562,2,13,40
VDSL inp,100,40,5,5,1,1,6,4,16,100,90,0.05,5,20,5,True,True,88.737,16,1500,1448,1448,0,48,14667.125,370,730,True,False,35.243,16,1500,1448,1425,680,48,24322.6875,62,361,78,664,5453,5556,5442,5558,1,12,73
VDSL inp,100,40,5,5,1,1,6,4,16,100,90,0.05,5,20,5,True,True,88.995,16,1500,1448,1448,0,48,14766.0625,359,752,True,False,35.234,16,1500,1448,1424,579,48,23689.0625,60,433,71,682,5450,5561,5442,5564,1,12,49
VDSL inp,100,40,5,5,1,1,6,4,16,100,90,0.05,5,20,5,True,True,88.617,16,1500,1448,1448,0,48,14761.875,355,766,True,False,35.976,16,1500,1448,1425,735,48,22399.75,45,365,51,685,5443,5561,5442,5562,1,12,60
VDSL inp,100,40,5,5,1,1,6,4,16,100,90,0.05,5,20,5,True,True,89.119,15,1500,1448,1448,0,48,14662.125,439,867,True,False,35.748,16,1500,1448,1425,573,48,23621.4375,62,400,86,766,5436,5550,5438,5552,2,14,41
VDSL inp,100,40,5,5,1,1,6,4,16,100,90,0.05,5,20,5,True,True,88.858,16,1500,1448,1448,0,48,14671.1875,368,792,True,False,34.874,16,1500,1448,1425,607,48,23523.0625,60,393,87,731,5447,5563,5450,5566,2,13,10
VDSL inp,100,40,5,5,1,1,6,4,16,100,90,0.05,5,20,5,True,True,89.115,16,1500,1448,1448,0,48,14544.4375,359,779,True,False,35.603,16,1500,1448,1424,594,48,24095.1875,68,357,78,700,5445,5555,5445,5557,1,13,37
VDSL inp,100,40,5,5,1,1,6,4,16,100,90,0.05,5,20,5,True,True,89.123,16,1500,1448,1448,0,48,14477.25,389,781,True,False,35.249,16,1500,1448,1424,764,48,24187,67,390,82,712,5438,5552,5434,5555,2,13,100
VDSL inp,100,40,5,5,1,1,6,4,16,100,90,0.05,5,20,5,True,True,88.746,16,1500,1448,1448,0,48,14618.9375,374,749,True,False,35.370,16,1500,1448,1424,607,48,22392.125,52,430,68,687,5447,5564,5440,5557,1,12,35
VDSL inp,100,40,5,5,1,1,6,4,16,100,90,0.05,5,20,5,True,True,88.746,16,1500,1448,1448,0,48,14414.1875,384,767,True,False,35.496,16,1500,1448,1424,644,48,23846.125,57,372,69,723,5428,5553,5426,5554,1,13,11
VDSL inp,100,40,5,5,1,1,6,4,16,100,90,0.05,5,20,5,True,True,88.497,16,1500,1448,1448,0,48,14769.875,368,763,True,False,34.374,16,1500,1448,1424,506,48,23635.5625,53,379,61,689,5448,5561,5447,5560,1,12,94
VDSL inp,100,40,5,5,1,1,6,4,16,100,90,0.05,5,20,5,True,True,88.998,16,1500,1448,1448,0,48,14474.125,366,739,True,False,35.219,16,1500,1448,1424,649,48,24258.4375,48,406,87,684,5433,5553,5433,5556,2,12,87
VDSL inp,100,40,5,5,1,1,6,4,16,100,90,0.05,5,20,5,True,True,89.371,16,1500,1448,1448,0,48,14820.25,348,744,True,False,34.735,16,1500,1448,1425,605,48,23713,45,404,54,673,5440,5552,5440,5554,1,12,90
VDSL inp,100,40,5,5,1,1,6,4,16,100,90,0.05,5,20,5,True,True,89.247,16,1500,1448,1448,0,48,14668.25,369,757,True,False,34.607,16,1500,1448,1424,467,48,23929.75,83,401,106,710,5424,5551,5424,5548,2,13,6
VDSL inp,100,40,5,5,1,1,6,4,16,100,90,0.05,5,20,5,True,True,88.863,16,1500,1448,1448,0,48,14339.5,423,773,True,False,36.361,16,1500,1448,1425,587,48,23324.4375,61,412,90,745,5450,5576,5459,5578,2,13,25
VDSL inp,100,40,5,5,1,1,6,4,16,100,90,0.05,5,20,5,True,True,88.997,16,1500,1448,1448,0,48,14717.0625,351,823,True,False,34.994,16,1500,1448,1425,565,48,23209.1875,64,374,102,744,5453,5567,5451,5571,2,13,65
VDSL inp,100,40,5,5,1,1,6,4,16,100,90,0.05,5,20,5,True,True,88.873,16,1500,1448,1448,0,48,14658.6875,394,793,True,False,35.721,16,1500,1448,1424,544,48,23615.375,50,402,62,705,5450,5559,5439,5555,1,13,54
VDSL inp,100,40,5,5,1,1,6,4,16,100,90,0.05,5,20,5,True,True,88.996,16,1500,1448,1448,0,48,14597.6875,377,783,True,False,34.745,16,1500,1448,1425,556,48,24058.125,50,405,55,699,5439,5560,5441,5563,1,13,39
VDSL inp,100,40,5,5,1,1,6,4,16,100,90,0.05,5,20,5,True,True,88.742,16,1500,1448,1448,0,48,14684.8125,363,731,True,False,34.855,16,1500,1448,1424,659,48,23888.6875,67,424,70,668,5433,5566,5428,5567,1,12,3
VDSL inp,100,40,5,5,1,1,6,4,16,100,90,0.05,5,20,5,True,True,89.243,16,1500,1448,1448,0,48,14602.4375,392,808,True,False,35.475,16,1500,1448,1424,602,48,24012.9375,59,345,70,695,5448,5566,5448,5568,1,12,97
VDSL inp,100,40,5,5,1,1,6,4,16,100,90,0.05,5,20,5,True,True,88.992,16,1500,1448,1448,0,48,14659.625,357,808,True,False,35.113,16,1500,1448,1424,597,48,23980,82,415,111,762,5452,5564,5445,5562,2,14,33
VDSL inp,100,40,5,5,1,1,6,4,16,100,90,0.05,5,20,5,True,True,88.867,16,1500,1448,1448,0,48,14781.875,421,848,True,False,35.106,16,1500,1448,1424,553,48,24038.25,50,451,59,748,5442,5554,5435,5557,1,13,47
VDSL inp,100,40,5,5,1,1,6,4,16,100,90,0.05,5,20,5,True,True,88.867,16,1500,1448,1448,0,48,14525.875,403,798,True,False,35.479,16,1500,1448,1424,650,48,23488.25,51,387,80,736,5440,5563,5438,5564,1,13,96
VDSL inp,100,40,5,5,1,1,6,4,16,100,90,0.05,5,20,5,True,True,88.874,16,1500,1448,1448,0,48,14465.375,391,793,True,False,35.122,16,1500,1448,1425,826,48,23691.5,57,395,68,718,5433,5554,5433,5556,1,13,72
VDSL inp,100,40,5,5,1,1,6,4,16,100,90,0.05,5,20,5,True,True,88.745,16,1500,1448,1448,0,48,14729.8125,370,759,True,False,35.731,16,1500,1448,1425,629,48,24148.4375,63,379,74,695,5443,5563,5435,5565,1,12,16
VDSL inp,100,40,5,5,1,1,6,4,16,100,90,0.05,5,20,5,True,True,89.236,16,1500,1448,1448,0,48,14599.1875,357,761,True,False,35.480,16,1500,1448,1424,566,48,23328.9375,86,402,120,723,5460,5560,5455,5562,2,13,8
VDSL inp,100,40,5,5,1,1,6,4,16,100,90,0.05,5,20,5,True,True,88.873,16,1500,1448,1448,0,48,14792.4375,376,824,True,False,35.741,16,1500,1448,1425,662,48,23725.9375,49,377,65,717,5441,5555,5434,5559,1,13,14
VDSL inp,100,40,5,5,1,1,6,4,16,100,90,0.05,5,20,5,True,True,88.619,15,1500,1448,1448,0,48,14530.375,422,825,True,False,35.374,16,1500,1448,1424,551,48,23233.375,81,444,89,739,5452,5558,5444,5560,2,13,82
VDSL inp,100,40,5,5,1,1,6,4,16,100,90,0.05,5,20,5,True,True,88.988,16,1500,1448,1448,0,48,14663.875,368,768,True,False,35.235,16,1500,1448,1424,615,48,23778.9375,67,387,97,698,5442,5563,5444,5565,2,13,45
VDSL inp,100,40,5,5,1,1,6,4,16,100,90,0.05,5,20,5,True,True,88.612,16,1500,1448,1448,0,48,14782.125,364,772,True,False,35.244,16,1500,1448,1424,487,48,23770.25,56,338,57,694,5447,5567,5445,5570,1,12,43
VDSL inp,100,40,5,5,1,1,6,4,16,100,90,0.05,5,20,5,True,True,88.372,16,1500,1448,1448,0,48,14957.875,371,737,True,False,35.365,16,1500,1448,1425,651,48,24188.1875,57,359,66,675,5433,5559,5444,5563,1,12,83
VDSL inp,100,40,5,5,1,1,6,4,16,100,90,0.05,5,20,5,True,True,88.991,16,1500,1448,1448,0,48,14460.9375,376,857,True,False,35.221,16,1500,1448,1424,629,48,22917,51,378,56,751,5446,5567,5441,5570,1,13,63
VDSL inp,100,40,5,5,1,1,6,4,16,100,90,0.05,5,20,5,True,True,88.498,16,1500,1448,1448,0,48,14548,379,765,True,False,36.859,16,1500,1448,1425,571,48,23361.375,60,360,85,706,5428,5558,5424,5553,2,13,80
VDSL inp,100,40,5,5,1,1,6,4,16,100,90,0.05,5,20,5,True,True,88.617,16,1500,1448,1448,0,48,14532.8125,345,773,True,False,35.609,16,1500,1448,1424,618,48,23286.375,67,340,79,699,5464,5561,5462,5563,1,13,59
VDSL inp,100,40,5,5,1,1,6,4,16,100,90,0.05,5,20,5,True,True,88.993,16,1500,1448,1448,0,48,14861.875,358,732,True,False,35.094,16,1500,1448,1424,635,48,24130.1875,68,368,83,679,5440,5557,5444,5559,2,12,15
VDSL inp,100,40,5,5,1,1,6,4,16,100,90,0.05,5,20,5,True,True,88.619,16,1500,1448,1448,0,48,14660.1875,426,849,True,False,35.987,16,1500,1448,1424,646,48,23371.3125,56,410,67,751,5452,5571,5455,5561,1,14,71
VDSL inp,100,40,5,5,1,1,6,4,16,100,90,0.05,5,20,5,True,True,88.991,15,1500,1448,1448,0,48,14670.125,413,843,True,False,35.119,16,1500,1448,1424,477,48,24998,58,430,79,758,5464,5573,5453,5575,1,14,42
VDSL inp,100,40,5,5,1,1,6,4,16,100,90,0.05,5,20,5,True,True,88.875,16,1500,1448,1448,0,48,14740.8125,366,754,True,False,35.370,16,1500,1448,1425,642,48,23711.875,46,394,70,691,5443,5570,5442,5572,1,12,51
VDSL inp,100,40,5,5,1,1,6,4,16,100,90,0.05,5,20,5,True,True,89.122,16,1500,1448,1448,0,48,14503.5625,401,817,True,False,36.363,16,1500,1448,1425,704,48,24085.125,52,447,61,716,5442,5570,5438,5574,1,13,57
VDSL inp,100,40,5,5,1,1,6,4,16,100,90,0.05,5,20,5,True,True,89.312,16,1500,1448,1448,0,48,14662.4375,371,806,True,False,34.992,16,1500,1448,1425,557,48,23262,74,355,82,721,5455,5565,5462,5567,1,13,88
VDSL inp,100,40,5,5,1,1,6,4,16,100,90,0.05,5,20,5,True,True,88.865,15,1500,1448,1448,0,48,15205.75,352,778,True,False,34.975,16,1500,1448,1424,501,48,23863.625,55,402,63,679,5430,5559,5426,5563,1,12,4
VDSL inp,100,40,5,5,1,1,6,4,16,100,90,0.05,5,20,5,True,True,88.845,16,1500,1448,1448,0,48,14457.75,404,735,True,False,35.246,16,1500,1448,1425,525,48,24309.375,55,406,68,688,5438,5552,5434,5555,1,12,12
VDSL inc,100,40,5,5,1,8,1,4,16,100,90,0.05,5,20,5,True,True,88.742,17,1500,1448,1448,0,51,15525.941176470587,448,707,True,False,36.370,17,1500,1448,1424,861,51,23728.470588235294,57,524,67,651,5432,5556,5424,5557,1,12,79
VDSL inc,100,40,5,5,1,8,1,4,16,100,90,0.05,5,20,5,True,True,88.996,17,1500,1448,1448,0,51,15391,425,679,True,False,34.247,17,1500,1448,1424,869,51,24500.70588235294,92,436,67,634,5438,5546,5432,5547,1,11,50
VDSL inc,100,40,5,5,1,8,1,4,16,100,90,0.05,5,20,5,True,True,88.742,17,1500,1448,1448,0,51,15454.411764705883,427,694,True,False,35.962,17,1500,1448,1425,798,51,23985.823529411766,87,544,93,646,5441,5568,5437,5570,2,12,23
VDSL inc,100,40,5,5,1,8,1,4,16,100,90,0.05,5,20,5,True,True,89.122,17,1500,1448,1448,0,51,15350.70588235294,429,693,True,False,34.870,17,1500,1448,1425,848,51,23851.823529411766,79,557,104,643,5449,5545,5444,5545,2,12,68
VDSL inc,100,40,5,5,1,8,1,4,16,100,90,0.05,5,20,5,True,True,88.874,17,1500,1448,1448,0,51,15495.70588235294,416,697,True,False,33.987,17,1500,1448,1425,808,51,23295.58823529412,67,419,67,635,5448,5564,5444,5567,1,11,92
VDSL inc,100,40,5,5,1,8,1,4,16,100,90,0.05,5,20,5,True,True,89.116,17,1500,1448,1448,0,51,15467.117647058823,419,694,True,False,34.723,17,1500,1448,1425,701,51,23800.235294117647,96,458,96,634,5448,5570,5446,5567,2,11,95
VDSL inc,100,40,5,5,1,8,1,4,16,100,90,0.05,5,20,5,True,True,88.996,17,1500,1448,1448,0,51,15199,422,710,True,False,35.595,17,1500,1448,1425,776,51,24212.176470588234,75,480,93,662,5440,5558,5439,5560,2,12,46
VDSL inc,100,40,5,5,1,8,1,4,16,100,90,0.05,5,20,5,True,True,88.751,17,1500,1448,1448,0,51,15501,437,690,True,False,34.495,17,1500,1448,1424,673,51,23337.58823529412,86,484,88,643,5434,5546,5427,5548,2,12,93
VDSL inc,100,40,5,5,1,8,1,4,16,100,90,0.05,5,20,5,True,True,88.875,17,1500,1448,1448,0,51,15409.35294117647,425,719,True,False,35.353,17,1500,1448,1424,831,51,23192.235294117647,54,483,67,666,5444,5563,5446,5565,1,12,17
VDSL inc,100,40,5,5,1,8,1,4,16,100,90,0.05,5,20,5,True,True,89.119,17,1500,1448,1448,0,51,15673.882352941177,431,673,True,False,34.366,17,1500,1448,1425,877,51,24303.29411764706,63,472,70,634,5448,5565,5455,5567,1,11,29
VDSL inc,100,40,5,5,1,8,1,4,16,100,90,0.05,5,20,5,True,True,89.119,17,1500,1448,1448,0,51,15532.470588235294,432,708,True,False,34.101,17,1500,1448,1424,729,51,23874.882352941175,77,558,91,644,5445,5565,5438,5563,2,12,20
VDSL inc,100,40,5,5,1,8,1,4,16,100,90,0.05,5,20,5,True,True,88.987,17,1500,1448,1448,0,51,15530.176470588236,430,685,True,False,34.747,17,1500,1448,1424,313,51,23082.529411764706,73,450,109,624,5454,5570,5454,5574,2,11,31
VDSL inc,100,40,5,5,1,8,1,4,16,100,90,0.05,5,20,5,True,True,89.111,17,1500,1448,1448,0,51,15469.70588235294,425,681,True,False,35.985,17,1500,1448,1424,920,51,24092.882352941175,63,488,74,640,5457,5562,5457,5564,1,11,84
VDSL inc,100,40,5,5,1,8,1,4,16,100,90,0.05,5,20,5,True,True,89.308,17,1500,1448,1448,0,51,15520.588235294117,433,705,True,False,35.373,17,1500,1448,1425,904,51,23909.117647058825,89,478,97,644,5452,5562,5452,5565,2,12,13
VDSL inc,100,40,5,5,1,8,1,4,16,100,90,0.05,5,20,5,True,True,89.121,17,1500,1448,1448,0,51,15572.35294117647,427,696,True,False,35.219,17,1500,1448,1425,752,51,23806.529411764706,76,551,113,647,5447,5574,5444,5577,2,12,62
VDSL inc,100,40,5,5,1,8,1,4,16,100,90,0.05,5,20,5,True,True,89.240,17,1500,1448,1448,0,51,15502.70588235294,423,684,True,False,34.998,17,1500,1448,1425,920,51,23790.647058823528,62,443,62,627,5446,5561,5439,5560,1,11,75
VDSL inc,100,40,5,5,1,8,1,4,16,100,90,0.05,5,20,5,True,True,88.999,17,1500,1448,1448,0,51,15253.29411764706,452,719,True,False,34.105,17,1500,1448,1424,753,51,23431,78,467,88,649,5448,5561,5454,5561,2,12,9
VDSL inc,100,40,5,5,1,8,1,4,16,100,90,0.05,5,20,5,True,True,89.244,17,1500,1448,1448,0,51,15461.941176470587,426,702,True,False,35.475,17,1500,1448,1425,789,51,23520.235294117647,69,461,76,635,5450,5560,5444,5558,1,11,44
VDSL inc,100,40,5,5,1,8,1,4,16,100,90,0.05,5,20,5,True,True,89.122,17,1500,1448,1448,0,51,15390.29411764706,428,686,True,False,35.853,17,1500,1448,1424,699,52,23344.058823529413,77,585,103,656,5453,5569,5449,5569,2,12,48
VDSL inc,100,40,5,5,1,8,1,4,16,100,90,0.05,5,20,5,True,True,88.990,17,1500,1448,1448,0,51,15208.29411764706,455,703,True,False,35.220,17,1500,1448,1424,955,51,23747.70588235294,78,459,77,642,5444,5554,5434,5555,1,12,99
VDSL inc,100,40,5,5,1,8,1,4,16,100,90,0.05,5,20,5,True,True,88.983,17,1500,1448,1448,0,51,15321.588235294117,448,731,True,False,34.602,17,1500,1448,1425,916,51,24287.823529411766,70,551,63,650,5454,5549,5448,5552,1,12,56
VDSL inc,100,40,5,5,1,8,1,4,16,100,90,0.05,5,20,5,True,True,88.618,17,1500,1448,1448,0,51,15710.411764705883,430,686,True,False,34.224,17,1500,1448,1425,681,51,23259.70588235294,99,491,107,638,5456,5568,5455,5569,2,11,32
VDSL inc,100,40,5,5,1,8,1,4,16,100,90,0.05,5,20,5,True,True,89.115,17,1500,1448,1448,0,51,15414.058823529413,433,699,True,False,35.870,17,1500,1448,1424,814,51,24475.176470588234,60,466,60,639,5433,5557,5423,5561,1,11,78
VDSL inc,100,40,5,5,1,8,1,4,16,100,90,0.05,5,20,5,True,True,88.990,17,1500,1448,1448,0,51,15458.823529411764,439,684,True,False,35.482,17,1500,1448,1425,853,51,23666.70588235294,91,474,116,641,5454,5565,5446,5568,2,12,38
VDSL inc,100,40,5,5,1,8,1,4,16,100,90,0.05,5,20,5,True,True,88.998,17,1500,1448,1448,0,51,15509.176470588236,429,698,True,False,36.492,17,1500,1448,1425,728,51,23382.176470588234,68,493,87,645,5451,5558,5441,5561,2,12,26
VDSL inc,100,40,5,5,1,8,1,4,16,100,90,0.05,5,20,5,True,True,88.873,17,1500,1448,1448,0,51,15492.176470588236,435,694,True,False,34.740,17,1500,1448,1424,526,51,23639.941176470587,86,560,105,654,5452,5561,5447,5558,2,12,69
VDSL inc,100,40,5,5,1,8,1,4,16,100,90,0.05,5,20,5,True,True,88.811,17,1500,1448,1448,0,51,15675.70588235294,428,719,True,False,34.748,17,1500,1448,1424,575,51,24420.41176470588,95,476,86,648,5447,5566,5441,5557,2,12,34
VDSL inc,100,40,5,5,1,8,1,4,16,100,90,0.05,5,20,5,True,True,89.186,17,1500,1448,1448,0,51,15587.764705882353,444,660,True,False,35.372,17,1500,1448,1425,625,51,25184.529411764706,111,509,143,642,5437,5553,5436,5555,3,12,58
VDSL inc,100,40,5,5,1,8,1,4,16,100,90,0.05,5,20,5,True,True,88.618,17,1500,1448,1448,0,51,15455.411764705883,430,707,True,False,33.859,17,1500,1448,1425,717,51,23488.470588235294,69,516,73,644,5452,5555,5454,5557,1,12,30
VDSL inc,100,40,5,5,1,8,1,4,16,100,90,0.05,5,20,5,True,True,89.494,17,1500,1448,1448,0,51,15407.529411764706,433,712,True,False,34.619,17,1500,1448,1424,988,51,23573.882352941175,42,594,57,653,5443,5563,5441,5567,1,12,70
VDSL inc,100,40,5,5,1,8,1,4,16,100,90,0.05,5,20,5,True,True,89.238,17,1500,1448,1448,0,51,15436.411764705883,441,706,True,False,34.870,17,1500,1448,1424,644,51,23852.235294117647,51,470,63,652,5452,5567,5452,5571,1,12,24
VDSL inc,100,40,5,5,1,8,1,4,16,100,90,0.05,5,20,5,True,True,88.611,17,1500,1448,1448,0,51,15169.470588235294,459,721,True,False,35.489,17,1500,1448,1424,801,51,23997.176470588234,84,482,115,666,5430,5556,5423,5558,2,12,52
VDSL inc,100,40,5,5,1,8,1,4,16,100,90,0.05,5,20,5,True,True,88.862,17,1500,1448,1448,0,51,15498.882352941177,427,687,True,False,34.612,17,1500,1448,1425,788,51,23240.882352941175,51,406,47,634,5436,5557,5428,5556,1,11,36
VDSL inc,100,40,5,5,1,8,1,4,16,100,90,0.05,5,20,5,True,True,88.994,17,1500,1448,1448,0,51,14951.941176470587,472,742,True,False,35.620,17,1500,1448,1424,642,51,23898.70588235294,63,473,74,686,5431,5553,5426,5555,1,12,2
VDSL inc,100,40,5,5,1,8,1,4,16,100,90,0.05,5,20,5,True,True,88.871,17,1500,1448,1448,0,51,15518.35294117647,429,670,True,False,35.874,17,1500,1448,1424,848,51,23929.58823529412,80,536,89,642,5443,5567,5443,5568,2,12,5
VDSL inc,100,40,5,5,1,8,1,4,16,100,90,0.05,5,20,5,True,True,88.612,17,1500,1448,1448,0,51,15234.823529411764,448,734,True,False,35.595,17,1500,1448,1425,793,51,24057.41176470588,68,490,76,672,5437,5546,5434,5547,1,12,89
VDSL inc,100,40,5,5,1,8,1,4,16,100,90,0.05,5,20,5,True,True,88.787,17,1500,1448,1448,0,51,15593.764705882353,421,717,True,False,35.219,17,1500,1448,1424,810,51,23708.764705882353,84,433,95,642,5437,5555,5442,5558,2,12,74
VDSL inc,100,40,5,5,1,8,1,4,16,100,90,0.05,5,20,5,True,True,88.875,17,1500,1448,1448,0,51,15354.176470588236,433,709,True,False,35.467,17,1500,1448,1424,1184,51,24423.058823529413,79,499,84,643,5448,5562,5455,5565,2,12,91
VDSL inc,100,40,5,5,1,8,1,4,16,100,90,0.05,5,20,5,True,True,88.739,17,1500,1448,1448,0,51,15684.411764705883,424,679,True,False,35.608,17,1500,1448,1424,944,51,22525.941176470587,68,434,76,636,5459,5566,5456,5568,1,11,53
VDSL inc,100,40,5,5,1,8,1,4,16,100,90,0.05,5,20,5,True,True,89.371,17,1500,1448,1448,0,51,15396.70588235294,436,677,True,False,35.623,17,1500,1448,1425,861,51,23802.941176470587,95,437,94,625,5453,5558,5439,5561,2,11,21
VDSL inc,100,40,5,5,1,8,1,4,16,100,90,0.05,5,20,5,True,True,89.249,17,1500,1448,1448,0,51,15504.882352941177,431,689,True,False,35.967,17,1500,1448,1424,719,51,23624.70588235294,59,491,63,629,5440,5552,5435,5554,1,11,55
VDSL inc,100,40,5,5,1,8,1,4,16,100,90,0.05,5,20,5,True,True,88.747,17,1500,1448,1448,0,51,15446.470588235294,430,677,True,False,34.473,17,1500,1448,1425,601,51,22747.764705882353,131,408,256,669,5442,5555,5435,5557,5,12,27
VDSL inc,100,40,5,5,1,8,1,4,16,100,90,0.05,5,20,5,True,True,89.122,17,1500,1448,1448,0,51,15613.941176470587,428,691,True,False,33.986,17,1500,1448,1424,666,51,23780.058823529413,50,515,78,645,5451,5555,5454,5553,1,12,77
VDSL inc,100,40,5,5,1,8,1,4,16,100,90,0.05,5,20,5,True,True,89.374,17,1500,1448,1448,0,51,15523.058823529413,430,692,True,False,34.350,17,1500,1448,1425,825,51,24588.70588235294,56,557,76,652,5453,5551,5457,5552,1,12,85
VDSL inc,100,40,5,5,1,8,1,4,16,100,90,0.05,5,20,5,True,True,88.981,17,1500,1448,1448,0,51,15445.70588235294,416,713,True,False,34.372,17,1500,1448,1424,633,51,23885.470588235294,72,467,80,651,5443,5556,5433,5556,1,12,86
VDSL inc,100,40,5,5,1,8,1,4,16,100,90,0.05,5,20,5,True,True,88.991,17,1500,1448,1448,0,51,15447.882352941177,427,679,True,False,34.102,17,1500,1448,1424,589,51,23818.470588235294,70,426,98,626,5442,5557,5447,5556,2,11,18
VDSL inc,100,40,5,5,1,8,1,4,16,100,90,0.05,5,20,5,True,True,88.880,17,1500,1448,1448,0,51,15394.235294117647,427,687,True,False,34.846,17,1500,1448,1425,942,51,24015.764705882353,64,548,65,636,5440,5560,5427,5563,1,11,22
VDSL inc,100,40,5,5,1,8,1,4,16,100,90,0.05,5,20,5,True,True,88.624,17,1500,1448,1448,0,51,15419.529411764706,433,686,True,False,35.356,17,1500,1448,1425,566,51,24189.176470588234,53,540,76,635,5454,5571,5452,5568,1,11,81
VDSL inc,100,40,5,5,1,8,1,4,16,100,90,0.05,5,20,5,True,True,88.999,17,1500,1448,1448,0,51,15361.882352941177,437,690,True,False,35.588,17,1500,1448,1425,1013,51,23549.176470588234,77,488,79,641,5442,5562,5433,5564,1,12,64
VDSL inc,100,40,5,5,1,8,1,4,16,100,90,0.05,5,20,5,True,True,89.235,17,1500,1448,1448,0,51,15531.529411764706,429,703,True,False,36.102,17,1500,1448,1425,910,51,23150.352941176472,84,461,87,621,5443,5563,5443,5566,2,11,7
VDSL inc,100,40,5,5,1,8,1,4,16,100,90,0.05,5,20,5,True,True,88.993,17,1500,1448,1448,0,51,15199.529411764706,440,723,True,False,35.477,17,1500,1448,1425,680,51,24266.882352941175,76,524,83,659,5438,5549,5434,5550,2,12,76
VDSL inc,100,40,5,5,1,8,1,4,16,100,90,0.05,5,20,5,True,True,89.372,17,1500,1448,1448,0,51,15571.823529411764,437,678,True,False,35.992,17,1500,1448,1425,775,51,22861.647058823528,93,527,113,642,5442,5560,5439,5564,2,12,98
VDSL inc,100,40,5,5,1,8,1,4,16,100,90,0.05,5,20,5,True,True,89.061,17,1500,1448,1448,0,51,15479.764705882353,435,685,True,False,34.479,17,1500,1448,1424,777,51,23342.29411764706,84,423,112,647,5453,5556,5450,5558,2,12,19
VDSL inc,100,40,5,5,1,8,1,4,16,100,90,0.05,5,20,5,True,True,88.863,17,1500,1448,1448,0,51,15386,426,707,True,False,36.236,17,1500,1448,1425,826,51,23683.352941176472,51,495,89,645,5443,5557,5441,5560,2,12,28
VDSL inc,100,40,5,5,1,8,1,4,16,100,90,0.05,5,20,5,True,True,88.618,17,1500,1448,1448,0,51,15500.823529411764,430,692,True,False,36.221,17,1500,1448,1424,819,51,23465.41176470588,79,450,117,643,5455,5556,5459,5557,2,12,67
VDSL inc,100,40,5,5,1,8,1,4,16,100,90,0.05,5,20,5,True,True,89.243,17,1500,1448,1448,0,51,15365.235294117647,429,699,True,False,34.347,17,1500,1448,1425,782,51,23799.058823529413,61,491,81,659,5465,5577,5451,5564,1,12,61
VDSL inc,100,40,5,5,1,8,1,4,16,100,90,0.05,5,20,5,True,True,88.870,17,1500,1448,1448,0,51,15546.176470588236,434,717,True,False,35.742,17,1500,1448,1424,942,51,24892.41176470588,61,505,70,628,5455,5561,5451,5559,1,11,1
VDSL inc,100,40,5,5,1,8,1,4,16,100,90,0.05,5,20,5,True,True,89.116,17,1500,1448,1448,0,51,15551.882352941177,414,661,True,False,35.494,17,1500,1448,1425,807,51,23774.352941176472,94,472,91,628,5443,5559,5439,5558,2,11,66
VDSL inc,100,40,5,5,1,8,1,4,16,100,90,0.05,5,20,5,True,True,88.598,17,1500,1448,1448,0,51,15540.823529411764,437,676,True,False,36.000,17,1500,1448,1424,444,51,23775.823529411766,132,555,128,628,5427,5559,5424,5548,2,11,40
VDSL inc,100,40,5,5,1,8,1,4,16,100,90,0.05,5,20,5,True,True,88.873,17,1500,1448,1448,0,51,14895.764705882353,476,754,True,False,35.866,17,1500,1448,1424,971,51,22689.58823529412,111,476,71,682,5448,5557,5442,5559,1,12,73
VDSL inc,100,40,5,5,1,8,1,4,16,100,90,0.05,5,20,5,True,True,88.994,17,1500,1448,1448,0,51,15556.058823529413,424,744,True,False,36.238,17,1500,1448,1424,630,51,22969.41176470588,103,497,172,708,5426,5560,5423,5564,3,13,49
VDSL inc,100,40,5,5,1,8,1,4,16,100,90,0.05,5,20,5,True,True,88.871,17,1500,1448,1448,0,51,15373.941176470587,433,719,True,False,35.866,17,1500,1448,1424,698,51,22419,102,544,101,647,5453,5561,5452,5561,2,12,60
VDSL inc,100,40,5,5,1,8,1,4,16,100,90,0.05,5,20,5,True,True,88.999,17,1500,1448,1448,0,51,15299.470588235294,450,728,True,False,35.473,17,1500,1448,1425,950,51,23514.470588235294,97,456,103,664,5450,5561,5447,5563,2,12,41
VDSL inc,100,40,5,5,1,8,1,4,16,100,90,0.05,5,20,5,True,True,89.362,17,1500,1448,1448,0,51,15430.70588235294,430,723,True,False,34.993,17,1500,1448,1425,808,51,22983.529411764706,63,472,72,646,5452,5549,5448,5550,1,12,10
VDSL inc,100,40,5,5,1,8,1,4,16,100,90,0.05,5,20,5,True,True,88.992,17,1500,1448,1448,0,51,15429.117647058823,439,707,True,False,35.467,17,1500,1448,1425,926,51,23256.176470588234,58,559,70,654,5435,5549,5431,5552,1,12,37
VDSL inc,100,40,5,5,1,8,1,4,16,100,90,0.05,5,20,5,True,True,88.996,17,1500,1448,1448,0,51,15136.35294117647,452,739,True,False,35.359,17,1500,1448,1425,774,51,23179.235294117647,80,547,85,671,5439,5557,5434,5558,2,12,100
VDSL inc,100,40,5,5,1,8,1,4,16,100,90,0.05,5,20,5,True,True,88.993,17,1500,1448,1448,0,51,15497.235294117647,427,674,True,False,36.247,17,1500,1448,1425,644,51,23065.176470588234,84,549,100,650,5457,5560,5455,5562,2,12,35
VDSL inc,100,40,5,5,1,8,1,4,16,100,90,0.05,5,20,5,True,True,88.991,17,1500,1448,1448,0,51,15234,461,717,True,False,35.244,17,1500,1448,1424,334,51,22707.470588235294,144,506,140,657,5451,5559,5450,5558,3,12,11
VDSL inc,100,40,5,5,1,8,1,4,16,100,90,0.05,5,20,5,True,True,88.615,17,1500,1448,1448,0,51,15314.29411764706,431,711,True,False,35.737,17,1500,1448,1424,758,51,23215.117647058825,87,440,84,640,5449,5554,5436,5555,2,12,94
VDSL inc,100,40,5,5,1,8,1,4,16,100,90,0.05,5,20,5,True,True,89.126,17,1500,1448,1448,0,51,15462.70588235294,432,698,True,False,35.708,17,1500,1448,1425,677,51,23770.29411764706,62,527,71,654,5443,5564,5442,5569,1,12,87
VDSL inc,100,40,5,5,1,8,1,4,16,100,90,0.05,5,20,5,True,True,89.114,17,1500,1448,1448,0,51,15574.64705882353,431,693,True,False,36.373,17,1500,1448,1424,820,51,23983.529411764706,71,526,78,650,5443,5545,5439,5547,1,12,90
VDSL inc,100,40,5,5,1,8,1,4,16,100,90,0.05,5,20,5,True,True,88.625,17,1500,1448,1448,0,51,15501.470588235294,438,675,True,False,33.850,17,1500,1448,1424,792,51,23587.29411764706,78,490,100,632,5444,5561,5442,5564,2,11,6
VDSL inc,100,40,5,5,1,8,1,4,16,100,90,0.05,5,20,5,True,True,88.617,17,1500,1448,1448,0,51,15421.176470588236,427,702,True,False,35.119,17,1500,1448,1425,988,51,24293.058823529413,50,469,61,633,5443,5554,5432,5555,1,11,25
VDSL inc,100,40,5,5,1,8,1,4,16,100,90,0.05,5,20,5,True,True,88.623,17,1500,1448,1448,0,51,15469.117647058823,427,685,True,False,35.350,17,1500,1448,1424,1006,51,24087.058823529413,68,541,67,642,5437,5554,5437,5556,1,12,65
VDSL inc,100,40,5,5,1,8,1,4,16,100,90,0.05,5,20,5,True,True,89.127,17,1500,1448,1448,0,51,15473.176470588236,415,730,True,False,36.124,17,1500,1448,1424,625,51,23941.117647058825,83,440,90,649,5436,5560,5424,5564,2,12,54
VDSL inc,100,40,5,5,1,8,1,4,16,100,90,0.05,5,20,5,True,True,88.502,17,1500,1448,1448,0,51,15511.235294117647,433,695,True,False,35.618,17,1500,1448,1425,744,51,23997.764705882353,75,496,52,639,5446,5566,5450,5570,1,11,39
VDSL inc,100,40,5,5,1,8,1,4,16,100,90,0.05,5,20,5,True,True,88.748,17,1500,1448,1448,0,51,15232.29411764706,451,758,True,False,34.229,17,1500,1448,1424,717,51,23142.882352941175,77,475,78,681,5425,5556,5415,5558,1,12,3
VDSL inc,100,40,5,5,1,8,1,4,16,100,90,0.05,5,20,5,True,True,89.352,17,1500,1448,1448,0,51,15500.411764705883,427,684,True,False,34.994,17,1500,1448,1424,736,59,23178.29411764706,79,528,109,636,5453,5571,5449,5562,2,11,97
VDSL inc,100,40,5,5,1,8,1,4,16,100,90,0.05,5,20,5,True,True,88.619,17,1500,1448,1448,0,51,15461.176470588236,421,703,True,False,34.998,17,1500,1448,1424,402,51,22519,117,486,135,649,5438,5556,5437,5556,2,12,33
VDSL inc,100,40,5,5,1,8,1,4,16,100,90,0.05,5,20,5,True,True,88.869,17,1500,1448,1448,0,51,15235.764705882353,435,706,True,False,35.245,17,1500,1448,1425,670,51,23689.764705882353,66,453,73,648,5440,5558,5441,5561,1,12,47
VDSL inc,100,40,5,5,1,8,1,4,16,100,90,0.05,5,20,5,True,True,88.865,17,1500,1448,1448,0,51,15251.941176470587,446,709,True,False,35.851,17,1500,1448,1425,837,51,24952.764705882353,59,403,62,649,5433,5545,5438,5537,1,12,96
VDSL inc,100,40,5,5,1,8,1,4,16,100,90,0.05,5,20,5,True,True,88.994,17,1500,1448,1448,0,51,15548.529411764706,422,703,True,False,35.227,17,1500,1448,1425,601,51,23690.176470588234,111,555,123,668,5443,5559,5443,5561,2,12,72
VDSL inc,100,40,5,5,1,8,1,4,16,100,90,0.05,5,20,5,True,True,89.118,17,1500,1448,1448,0,51,15405.882352941177,435,690,True,False,35.617,17,1500,1448,1424,698,51,23974.235294117647,66,528,82,648,5457,5553,5459,5554,2,12,16
VDSL inc,100,40,5,5,1,8,1,4,16,100,90,0.05,5,20,5,True,True,89.371,17,1500,1448,1448,0,51,15193.764705882353,447,732,True,False,34.357,17,1500,1448,1425,737,51,23957.058823529413,61,431,55,661,5450,5557,5450,5560,1,12,8
VDSL inc,100,40,5,5,1,8,1,4,16,100,90,0.05,5,20,5,True,True,88.871,17,1500,1448,1448,0,51,15419.058823529413,427,694,True,False,35.606,17,1500,1448,1425,593,51,23788.529411764706,96,501,78,628,5436,5550,5433,5551,1,11,14
VDSL inc,100,40,5,5,1,8,1,4,16,100,90,0.05,5,20,5,True,True,88.873,17,1500,1448,1448,0,51,15538.882352941177,435,706,True,False,36.124,17,1500,1448,1424,914,51,24785.882352941175,88,443,110,663,5444,5568,5441,5569,2,12,82
VDSL inc,100,40,5,5,1,8,1,4,16,100,90,0.05,5,20,5,True,True,88.747,17,1500,1448,1448,0,51,15435.470588235294,407,716,True,False,34.347,17,1500,1448,1425,777,51,23713.70588235294,49,485,55,636,5440,5561,5434,5564,1,11,45
VDSL inc,100,40,5,5,1,8,1,4,16,100,90,0.05,5,20,5,True,True,89.367,17,1500,1448,1448,0,51,15725.470588235294,412,713,True,False,33.980,17,1500,1448,1424,747,51,24020.58823529412,71,526,82,649,5446,5563,5444,5561,1,12,43
VDSL inc,100,40,5,5,1,8,1,4,16,100,90,0.05,5,20,5,True,True,89.106,17,1500,1448,1448,0,51,15528.882352941177,428,700,True,False,35.861,17,1500,1448,1424,957,51,23043.117647058825,61,435,72,640,5458,5570,5457,5566,1,11,83
VDSL inc,100,40,5,5,1,8,1,4,16,100,90,0.05,5,20,5,True,True,89.121,17,1500,1448,1448,0,51,15506.823529411764,420,698,True,False,35.607,17,1500,1448,1424,866,51,23563.882352941175,72,539,93,642,5429,5551,5420,5553,2,12,63
VDSL inc,100,40,5,5,1,8,1,4,16,100,90,0.05,5,20,5,True,True,88.844,17,1500,1448,1448,0,51,15461.176470588236,381,680,True,False,35.374,17,1500,1448,1424,701,51,23910.70588235294,66,515,63,641,5450,5576,5432,5559,1,12,80
VDSL inc,100,40,5,5,1,8,1,4,16,100,90,0.05,5,20,5,True,True,89.429,17,1500,1448,1448,0,51,15370.823529411764,437,701,True,False,35.624,17,1500,1448,1425,763,51,24582.470588235294,117,481,153,668,5451,5566,5445,5567,3,12,59
VDSL inc,100,40,5,5,1,8,1,4,16,100,90,0.05,5,20,5,True,True,89.247,17,1500,1448,1448,0,51,15511.176470588236,410,681,True,False,36.719,17,1500,1448,1425,783,51,23790.235294117647,90,551,98,647,5437,5555,5434,5558,2,12,15
VDSL inc,100,40,5,5,1,8,1,4,16,100,90,0.05,5,20,5,True,True,89.117,17,1500,1448,1448,0,51,15469.117647058823,420,675,True,False,34.104,17,1500,1448,1424,677,51,22810.117647058825,115,514,197,655,5455,5576,5441,5572,4,12,71
VDSL inc,100,40,5,5,1,8,1,4,16,100,90,0.05,5,20,5,True,True,88.866,17,1500,1448,1448,0,51,15479.235294117647,424,695,True,False,35.491,17,1500,1448,1425,723,51,24121.235294117647,52,491,60,642,5436,5552,5436,5554,1,12,42
VDSL inc,100,40,5,5,1,8,1,4,16,100,90,0.05,5,20,5,True,True,89.111,17,1500,1448,1448,0,51,15177.941176470587,431,701,True,False,34.372,17,1500,1448,1425,928,51,23684.58823529412,86,505,74,636,5462,5572,5459,5572,1,11,51
VDSL inc,100,40,5,5,1,8,1,4,16,100,90,0.05,5,20,5,True,True,88.988,17,1500,1448,1448,0,51,15574.29411764706,424,684,True,False,36.251,17,1500,1448,1424,1003,51,23402.058823529413,62,560,51,632,5460,5562,5453,5563,1,11,57
VDSL inc,100,40,5,5,1,8,1,4,16,100,90,0.05,5,20,5,True,True,88.985,17,1500,1448,1448,0,51,15415.64705882353,421,700,True,False,35.494,17,1500,1448,1425,838,51,23975.235294117647,73,507,99,647,5446,5559,5448,5558,2,12,88
VDSL inc,100,40,5,5,1,8,1,4,16,100,90,0.05,5,20,5,True,True,88.981,17,1500,1448,1448,0,51,15511.411764705883,429,686,True,False,33.970,17,1500,1448,1424,743,51,23253.235294117647,89,455,81,627,5440,5565,5434,5568,1,11,4
VDSL inc,100,40,5,5,1,8,1,4,16,100,90,0.05,5,20,5,True,True,89.116,17,1500,1448,1448,0,51,15478.470588235294,422,682,True,False,35.117,17,1500,1448,1424,647,51,24570.764705882353,72,474,94,640,5434,5561,5421,5564,2,11,12
VDSL inc,100,40,5,5,1,2,1,4,16,100,90,0.05,5,20,5,True,True,88.998,17,1500,1448,1448,0,51,15589.70588235294,333,655,True,False,35.345,17,1500,1448,1425,802,51,22512.41176470588,50,427,54,610,5446,5567,5444,5570,1,11,79
VDSL inc,100,40,5,5,1,2,1,4,16,100,90,0.05,5,20,5,True,True,88.993,17,1500,1448,1448,0,51,15679.117647058823,348,666,True,False,34.496,17,1500,1448,1425,739,51,24030.29411764706,82,459,87,608,5442,5553,5431,5553,2,11,50
VDSL inc,100,40,5,5,1,2,1,4,16,100,90,0.05,5,20,5,True,True,88.742,17,1500,1448,1448,0,51,15215.941176470587,329,722,True,False,35.863,17,1500,1448,1425,651,51,23521.764705882353,45,430,56,641,5444,5554,5438,5556,1,12,23
VDSL inc,100,40,5,5,1,2,1,4,16,100,90,0.05,5,20,5,True,True,88.999,17,1500,1448,1448,0,51,15584.941176470587,344,675,True,False,35.999,17,1500,1448,1424,838,51,23431.882352941175,74,470,115,639,5442,5554,5445,5556,2,12,68
VDSL inc,100,40,5,5,1,2,1,4,16,100,90,0.05,5,20,5,True,True,88.866,17,1500,1448,1448,0,51,15679,346,654,True,False,34.431,17,1500,1448,1425,645,51,23839.764705882353,55,521,52,600,5442,5573,5439,5577,1,11,92
VDSL inc,100,40,5,5,1,2,1,4,16,100,90,0.05,5,20,5,True,True,88.741,17,1500,1448,1448,0,51,15540.470588235294,355,677,True,False,35.847,17,1500,1448,1424,813,51,23431.352941176472,79,469,72,624,5447,5563,5451,5557,1,11,95
VDSL inc,100,40,5,5,1,2,1,4,16,100,90,0.05,5,20,5,True,True,88.742,17,1500,1448,1448,0,51,15590.823529411764,339,710,True,False,34.610,17,1500,1448,1425,757,51,23817.647058823528,58,438,55,646,5448,5562,5454,5564,1,12,46
VDSL inc,100,40,5,5,1,2,1,4,16,100,90,0.05,5,20,5,True,True,88.624,17,1500,1448,1448,0,51,15488.882352941177,366,658,True,False,35.500,17,1500,1448,1425,786,51,23669.117647058825,72,514,91,631,5433,5571,5433,5574,2,11,93
VDSL inc,100,40,5,5,1,2,1,4,16,100,90,0.05,5,20,5,True,True,88.870,17,1500,1448,1448,0,51,15677.823529411764,348,759,True,False,35.998,17,1500,1448,1424,819,51,23218.882352941175,67,634,79,671,5429,5561,5417,5563,1,12,17
VDSL inc,100,40,5,5,1,2,1,4,16,100,90,0.05,5,20,5,True,True,88.868,17,1500,1448,1448,0,51,15508.70588235294,342,669,True,False,36.741,17,1500,1448,1425,627,51,23062.41176470588,85,475,108,634,5443,5559,5443,5561,2,11,29
VDSL inc,100,40,5,5,1,2,1,4,16,100,90,0.05,5,20,5,True,True,88.993,17,1500,1448,1448,0,51,16607.117647058825,306,613,True,False,35.476,17,1500,1448,1424,769,51,23078.470588235294,90,428,131,580,5444,5562,5440,5565,2,10,20
VDSL inc,100,40,5,5,1,2,1,4,16,100,90,0.05,5,20,5,True,True,88.990,17,1500,1448,1448,0,51,15651.588235294117,361,675,True,False,36.481,17,1500,1448,1425,752,51,23615.70588235294,74,448,114,639,5441,5555,5438,5554,2,12,31
VDSL inc,100,40,5,5,1,2,1,4,16,100,90,0.05,5,20,5,True,True,88.988,17,1500,1448,1448,0,51,15509.882352941177,347,668,True,False,34.620,17,1500,1448,1425,818,51,24335.882352941175,74,482,74,614,5451,5555,5449,5557,1,11,84
VDSL inc,100,40,5,5,1,2,1,4,16,100,90,0.05,5,20,5,True,True,88.995,17,1500,1448,1448,0,51,15492.941176470587,340,666,True,False,34.473,17,1500,1448,1424,679,51,24388.70588235294,62,437,63,616,5449,5560,5443,5564,1,11,13
VDSL inc,100,40,5,5,1,2,1,4,16,100,90,0.05,5,20,5,True,True,88.990,17,1500,1448,1448,0,51,15554.64705882353,390,715,True,False,33.730,17,1500,1448,1424,735,51,24662.352941176472,78,614,82,680,5430,5557,5424,5560,2,12,62
VDSL inc,100,40,5,5,1,2,1,4,16,100,90,0.05,5,20,5,True,True,88.871,17,1500,1448,1448,0,51,15584.529411764706,354,686,True,False,35.985,17,1500,1448,1425,930,51,23538.41176470588,71,467,73,629,5456,5569,5451,5570,1,11,75
VDSL inc,100,40,5,5,1,2,1,4,16,100,90,0.05,5,20,5,True,True,89.246,17,1500,1448,1448,0,51,15501.70588235294,354,700,True,False,35.615,17,1500,1448,1424,708,51,23218.941176470587,79,474,88,659,5443,5569,5443,5572,2,12,9
VDSL inc,100,40,5,5,1,2,1,4,16,100,90,0.05,5,20,5,True,True,89.123,17,1500,1448,1448,0,51,15512.29411764706,352,699,True,False,35.748,17,1500,1448,1424,863,51,24499.941176470587,71,552,52,622,5460,5570,5452,5572,1,11,44
VDSL inc,100,40,5,5,1,2,1,4,16,100,90,0.05,5,20,5,True,True,88.624,17,1500,1448,1448,0,51,15573.29411764706,367,690,True,False,35.367,17,1500,1448,1425,823,51,22898.764705882353,91,486,117,655,5444,5571,5439,5570,2,12,48
VDSL inc,100,40,5,5,1,2,1,4,16,100,90,0.05,5,20,5,True,True,88.872,17,1500,1448,1448,0,51,15615.70588235294,371,736,True,False,35.988,17,1500,1448,1425,657,51,23920.235294117647,60,481,79,671,5442,5563,5436,5565,1,12,99
VDSL inc,100,40,5,5,1,2,1,4,16,100,90,0.05,5,20,5,True,True,89.117,17,1500,1448,1448,0,51,15620.35294117647,359,702,True,False,35.979,17,1500,1448,1424,531,51,22804.941176470587,128,480,229,691,5446,5568,5447,5570,4,12,56
VDSL inc,100,40,5,5,1,2,1,4,16,100,90,0.05,5,20,5,True,True,89.116,17,1500,1448,1448,0,51,15511.29411764706,330,737,True,False,35.597,17,1500,1448,1424,733,51,24063.529411764706,61,487,79,683,5443,5561,5445,5564,1,12,32
VDSL inc,100,40,5,5,1,2,1,4,16,100,90,0.05,5,20,5,True,True,89.246,17,1500,1448,1448,0,51,16702.941176470587,291,576,True,False,35.349,17,1500,1448,1424,930,51,23097.470588235294,54,397,55,534,5432,5562,5436,5566,1,10,78
VDSL inc,100,40,5,5,1,2,1,4,16,100,90,0.05,5,20,5,True,True,88.988,17,1500,1448,1448,0,51,15433.411764705883,340,693,True,False,34.875,17,1500,1448,1424,816,51,24089.117647058825,59,423,60,628,5432,5562,5421,5565,1,11,38
VDSL inc,100,40,5,5,1,2,1,4,16,100,90,0.05,5,20,5,True,True,89.118,17,1500,1448,1448,0,51,15500,340,682,True,False,35.850,17,1500,1448,1424,733,51,23042.058823529413,75,594,80,631,5435,5549,5430,5548,1,11,26
VDSL inc,100,40,5,5,1,2,1,4,16,100,90,0.05,5,20,5,True,True,88.996,17,1500,1448,1448,0,51,15651.588235294117,363,694,True,False,35.990,17,1500,1448,1425,580,51,23836.41176470588,48,406,61,624,5456,5558,5444,5559,1,11,69
VDSL inc,100,40,5,5,1,2,1,4,16,100,90,0.05,5,20,5,True,True,89.003,17,1500,1448,1448,0,51,15609.35294117647,350,684,True,False,35.467,17,1500,1448,1425,747,51,24839.352941176472,51,426,56,633,5430,5561,5426,5560,1,11,34
VDSL inc,100,40,5,5,1,2,1,4,16,100,90,0.05,5,20,5,True,True,89.111,17,1500,1448,1448,0,51,15510,347,665,True,False,35.497,17,1500,1448,1425,730,51,23549.352941176472,84,522,58,616,5465,5573,5468,5575,1,11,58
VDSL inc,100,40,5,5,1,2,1,4,16,100,90,0.05,5,20,5,True,True,89.374,17,1500,1448,1448,0,51,15638,360,691,True,False,35.746,17,1500,1448,1424,730,51,25051.29411764706,51,557,77,636,5443,5554,5440,5556,1,11,30
VDSL inc,100,40,5,5,1,2,1,4,16,100,90,0.05,5,20,5,True,True,88.990,17,1500,1448,1448,0,51,15571.470588235294,374,732,True,False,34.975,17,1500,1448,1424,899,51,23917.235294117647,69,511,76,664,5448,5571,5444,5574,1,12,70
VDSL inc,100,40,5,5,1,2,1,4,16,100,90,0.05,5,20,5,True,True,89.116,17,1500,1448,1448,0,51,15538.29411764706,342,720,True,False,33.607,17,1500,1448,1425,841,51,22832.529411764706,50,488,70,665,5441,5561,5449,5564,1,12,24
VDSL inc,100,40,5,5,1,2,1,4,16,100,90,0.05,5,20,5,True,True,88.849,17,1500,1448,1448,0,51,15456.64705882353,346,693,True,False,35.988,17,1500,1448,1425,844,51,23411.176470588234,109,419,214,670,5442,5557,5437,5559,4,12,52
VDSL inc,100,40,5,5,1,2,1,4,16,100,90,0.05,5,20,5,True,True,88.932,17,1500,1448,1448,0,51,15575.529411764706,353,709,True,False,36.098,17,1500,1448,1425,642,51,24586.529411764706,47,495,58,649,5444,5579,5443,5582,1,12,36
VDSL inc,100,40,5,5,1,2,1,4,16,100,90,0.05,5,20,5,True,True,89.250,17,1500,1448,1448,0,51,15555.235294117647,351,644,True,False,35.247,17,1500,1448,1425,791,51,23651.235294117647,52,476,88,606,5457,5560,5452,5561,2,11,2
VDSL inc,100,40,5,5,1,2,1,4,16,100,90,0.05,5,20,5,True,True,88.870,17,1500,1448,1448,0,51,15499.588235294117,356,701,True,False,34.730,17,1500,1448,1424,858,51,24479.823529411766,49,390,70,649,5446,5551,5440,5551,1,12,5
VDSL inc,100,40,5,5,1,2,1,4,16,100,90,0.05,5,20,5,True,True,89.119,17,1500,1448,1448,0,51,15531.411764705883,349,677,True,False,35.225,17,1500,1448,1424,874,51,24315.470588235294,79,435,64,624,5443,5566,5451,5569,1,11,89
VDSL inc,100,40,5,5,1,2,1,4,16,100,90,0.05,5,20,5,True,True,88.748,17,1500,1448,1448,0,51,15263.411764705883,350,720,True,False,35.498,17,1500,1448,1425,727,51,23559.41176470588,67,407,76,665,5445,5563,5434,5557,1,12,74
VDSL inc,100,40,5,5,1,2,1,4,16,100,90,0.05,5,20,5,True,True,88.397,17,1500,1448,1448,0,51,15279.823529411764,332,724,True,False,34.968,17,1500,1448,1425,705,51,23589.235294117647,108,519,137,699,5457,5557,5444,5558,3,13,91
VDSL inc,100,40,5,5,1,2,1,4,16,100,90,0.05,5,20,5,True,True,89.248,17,1500,1448,1448,0,51,15512.64705882353,368,696,True,False,35.354,17,1500,1448,1425,432,51,23044.941176470587,159,412,258,685,5440,5558,5440,5561,5,12,53
VDSL inc,100,40,5,5,1,2,1,4,16,100,90,0.05,5,20,5,True,True,88.868,17,1500,1448,1448,0,51,15491.823529411764,346,661,True,False,35.476,17,1500,1448,1425,732,51,24289.882352941175,61,477,63,613,5450,5570,5457,5574,1,11,21
VDSL inc,100,40,5,5,1,2,1,4,16,100,90,0.05,5,20,5,True,True,88.741,17,1500,1448,1448,0,51,15514.941176470587,350,683,True,False,36.247,17,1500,1448,1425,886,51,24064.470588235294,59,510,66,618,5441,5555,5449,5556,1,11,55
VDSL inc,100,40,5,5,1,2,1,4,16,100,90,0.05,5,20,5,True,True,89.497,17,1500,1448,1448,0,51,15572.29411764706,350,654,True,False,35.717,17,1500,1448,1424,785,51,22915.176470588234,56,393,57,619,5456,5559,5448,5561,1,11,27
VDSL inc,100,40,5,5,1,2,1,4,16,100,90,0.05,5,20,5,True,True,88.872,17,1500,1448,1448,0,51,15594.470588235294,349,674,True,False,35.995,17,1500,1448,1424,521,51,23405,166,557,261,665,5450,5555,5449,5557,5,12,77
VDSL inc,100,40,5,5,1,2,1,4,16,100,90,0.05,5,20,5,True,True,88.995,17,1500,1448,1448,0,51,14976.70588235294,357,735,True,False,34.362,17,1500,1448,1425,824,51,22956.823529411766,60,576,62,665,5436,5565,5447,5568,1,12,85
VDSL inc,100,40,5,5,1,2,1,4,16,100,90,0.05,5,20,5,True,True,89.246,17,1500,1448,1448,0,51,15676.117647058823,372,751,True,False,35.738,17,1500,1448,1424,548,51,24050.176470588234,93,534,122,711,5446,5567,5448,5567,2,13,86
VDSL inc,100,40,5,5,1,2,1,4,16,100,90,0.05,5,20,5,True,True,88.866,17,1500,1448,1448,0,51,15504.882352941177,350,652,True,False,35.126,17,1500,1448,1425,543,51,23357.235294117647,136,563,273,642,5457,5560,5458,5564,5,12,18
VDSL inc,100,40,5,5,1,2,1,4,16,100,90,0.05,5,20,5,True,True,88.868,17,1500,1448,1448,0,51,15529.529411764706,353,674,True,False,35.861,17,1500,1448,1424,817,51,23611.352941176472,68,519,57,618,5443,5575,5447,5577,1,11,22
VDSL inc,100,40,5,5,1,2,1,4,16,100,90,0.05,5,20,5,True,True,88.747,17,1500,1448,1448,0,51,15439.35294117647,352,690,True,False,35.492,17,1500,1448,1424,743,51,24294.647058823528,66,440,70,634,5450,5555,5443,5557,1,11,81
VDSL inc,100,40,5,5,1,2,1,4,16,100,90,0.05,5,20,5,True,True,89.365,17,1500,1448,1448,0,51,15629.941176470587,341,696,True,False,36.240,17,1500,1448,1425,572,51,22803.117647058825,54,386,79,648,5446,5559,5460,5556,1,12,64
VDSL inc,100,40,5,5,1,2,1,4,16,100,90,0.05,5,20,5,True,True,88.870,17,1500,1448,1448,0,51,15536.176470588236,358,703,True,False,35.249,17,1500,1448,1424,809,51,24314.176470588234,54,480,59,645,5438,5556,5450,5550,1,12,7
VDSL inc,100,40,5,5,1,2,1,4,16,100,90,0.05,5,20,5,True,True,88.746,17,1500,1448,1448,0,51,15660.470588235294,361,671,True,False,35.992,17,1500,1448,1425,644,51,23073.352941176472,72,523,107,636,5453,5565,5449,5568,2,11,76
VDSL inc,100,40,5,5,1,2,1,4,16,100,90,0.05,5,20,5,True,True,88.862,17,1500,1448,1448,0,51,15576.470588235294,374,712,True,False,35.991,17,1500,1448,1425,837,51,23813.470588235294,63,613,49,656,5433,5564,5430,5567,1,12,98
VDSL inc,100,40,5,5,1,2,1,4,16,100,90,0.05,5,20,5,True,True,88.997,17,1500,1448,1448,0,51,15480.70588235294,349,725,True,False,35.245,17,1500,1448,1425,685,51,23352.470588235294,67,464,50,645,5446,5561,5441,5563,1,12,19
VDSL inc,100,40,5,5,1,2,1,4,16,100,90,0.05,5,20,5,True,True,88.494,17,1500,1448,1448,0,51,15521.235294117647,335,631,True,False,35.369,17,1500,1448,1424,538,51,23881.235294117647,116,548,217,624,5448,5569,5444,5569,4,11,28
VDSL inc,100,40,5,5,1,2,1,4,16,100,90,0.05,5,20,5,True,True,89.247,17,1500,1448,1448,0,51,15512.823529411764,358,732,True,False,34.866,17,1500,1448,1425,759,51,24115.470588235294,49,471,68,667,5436,5560,5437,5563,1,12,67
VDSL inc,100,40,5,5,1,2,1,4,16,100,90,0.05,5,20,5,True,True,88.869,17,1500,1448,1448,0,51,15550.941176470587,318,695,True,False,35.477,17,1500,1448,1424,697,51,24235.529411764706,74,385,81,625,5453,5566,5450,5568,1,11,61
VDSL inc,100,40,5,5,1,2,1,4,16,100,90,0.05,5,20,5,True,True,542.867,17,1500,1448,1448,0,51,10616,756,1683,True,True,270.726,17,1500,1448,1424,0,58,11198.529411764706,670,1213,708,1465,6644,6869,6648,6873,11,21,1
VDSL inc,100,40,5,5,1,2,1,4,16,100,90,0.05,5,20,5,True,True,88.744,17,1500,1448,1448,0,51,15504.882352941177,356,688,True,False,34.497,17,1500,1448,1424,343,51,23686.176470588234,79,443,102,650,5438,5556,5451,5559,2,12,66
VDSL inc,100,40,5,5,1,2,1,4,16,100,90,0.05,5,20,5,True,True,89.367,17,1500,1448,1448,0,51,15603.70588235294,364,670,True,False,36.000,17,1500,1448,1424,701,51,22873.764705882353,79,474,80,611,5444,5568,5446,5570,1,11,40
VDSL inc,100,40,5,5,1,2,1,4,16,100,90,0.05,5,20,5,True,True,88.499,17,1500,1448,1448,0,51,15545.470588235294,359,699,True,False,34.996,17,1500,1448,1424,780,51,23812.58823529412,47,480,63,650,5458,5563,5460,5566,1,12,73
VDSL inc,100,40,5,5,1,2,1,4,16,100,90,0.05,5,20,5,True,True,88.873,17,1500,1448,1448,0,51,15348.411764705883,353,733,True,False,34.744,17,1500,1448,1424,908,51,23735.823529411766,74,450,68,677,5456,5553,5456,5555,1,12,49
VDSL inc,100,40,5,5,1,2,1,4,16,100,90,0.05,5,20,5,True,True,88.869,17,1500,1448,1448,0,51,15571.529411764706,367,727,True,False,35.595,17,1500,1448,1424,676,51,24164.235294117647,63,375,58,642,5452,5569,5452,5572,1,12,60
VDSL inc,100,40,5,5,1,2,1,4,16,100,90,0.05,5,20,5,True,True,88.998,17,1500,1448,1448,0,51,15462.882352941177,343,662,True,False,35.976,17,1500,1448,1425,885,51,23834.823529411766,68,401,65,607,5446,5557,5449,5558,1,11,41
VDSL inc,100,40,5,5,1,2,1,4,16,100,90,0.05,5,20,5,True,True,88.745,17,1500,1448,1448,0,51,15662.529411764706,340,653,True,False,34.368,17,1500,1448,1425,823,51,23921.764705882353,79,533,92,626,5438,5571,5427,5574,2,11,10
VDSL inc,100,40,5,5,1,2,1,4,16,100,90,0.05,5,20,5,True,True,89.109,17,1500,1448,1448,0,51,15586.941176470587,349,706,True,False,36.223,17,1500,1448,1424,668,51,23359.647058823528,76,503,98,662,5446,5562,5444,5564,2,12,37
VDSL inc,100,40,5,5,1,2,1,4,16,100,90,0.05,5,20,5,True,True,89.243,17,1500,1448,1448,0,51,14922,342,734,True,False,35.124,17,1500,1448,1425,626,51,23630.647058823528,63,444,64,673,5446,5573,5440,5577,1,12,100
VDSL inc,100,40,5,5,1,2,1,4,16,100,90,0.05,5,20,5,True,True,89.061,17,1500,1448,1448,0,51,15571.941176470587,339,726,True,False,36.109,17,1500,1448,1425,701,51,23285.29411764706,80,421,100,665,5457,5562,5459,5562,2,12,35
VDSL inc,100,40,5,5,1,2,1,4,16,100,90,0.05,5,20,5,True,True,88.369,17,1500,1448,1448,0,51,15029.411764705883,346,714,True,False,36.091,17,1500,1448,1425,859,51,24020,86,421,104,664,5449,5555,5448,5557,2,12,11
VDSL inc,100,40,5,5,1,2,1,4,16,100,90,0.05,5,20,5,True,True,89.114,17,1500,1448,1448,0,51,15608.764705882353,311,673,True,False,34.722,17,1500,1448,1425,694,51,22940.41176470588,93,443,102,632,5430,5566,5423,5567,2,11,94
VDSL inc,100,40,5,5,1,2,1,4,16,100,90,0.05,5,20,5,True,True,88.746,17,1500,1448,1448,0,51,15509.882352941177,335,658,True,False,36.340,17,1500,1448,1424,654,51,22897.941176470587,88,505,103,642,5443,5555,5439,5555,2,12,87
VDSL inc,100,40,5,5,1,2,1,4,16,100,90,0.05,5,20,5,True,True,89.634,17,1500,1448,1448,0,51,15673.941176470587,356,687,True,False,34.874,17,1500,1448,1425,765,51,24236.235294117647,65,371,68,625,5436,5559,5449,5561,1,11,90
VDSL inc,100,40,5,5,1,2,1,4,16,100,90,0.05,5,20,5,True,True,89.248,17,1500,1448,1448,0,51,15453.29411764706,353,694,True,False,35.971,17,1500,1448,1425,727,51,22414.41176470588,80,543,89,633,5434,5563,5439,5565,2,11,6
VDSL inc,100,40,5,5,1,2,1,4,16,100,90,0.05,5,20,5,True,True,88.745,17,1500,1448,1448,0,51,15631.823529411764,349,695,True,False,36.349,17,1500,1448,1424,822,51,22934.882352941175,74,649,87,655,5438,5558,5438,5559,2,12,25
VDSL inc,100,40,5,5,1,2,1,4,16,100,90,0.05,5,20,5,True,True,89.490,17,1500,1448,1448,0,51,15476.823529411764,377,738,True,False,34.477,17,1500,1448,1424,941,51,23070.41176470588,55,487,69,673,5453,5560,5451,5563,1,12,65
VDSL inc,100,40,5,5,1,2,1,4,16,100,90,0.05,5,20,5,True,True,88.993,17,1500,1448,1448,0,51,15451.529411764706,299,695,True,False,34.859,17,1500,1448,1424,818,51,24925.29411764706,48,553,53,638,5436,5561,5439,5564,1,11,54
VDSL inc,100,40,5,5,1,2,1,4,16,100,90,0.05,5,20,5,True,True,88.866,17,1500,1448,1448,0,51,15388,321,693,True,False,34.971,17,1500,1448,1425,805,51,24027.941176470587,66,495,73,651,5445,5564,5438,5567,1,12,39
VDSL inc,100,40,5,5,1,2,1,4,16,100,90,0.05,5,20,5,True,True,88.998,17,1500,1448,1448,0,51,15663.235294117647,345,653,True,False,36.745,17,1500,1448,1425,740,51,23674.470588235294,78,464,88,596,5458,5559,5453,5560,2,11,3
VDSL inc,100,40,5,5,1,2,1,4,16,100,90,0.05,5,20,5,True,True,88.873,17,1500,1448,1448,0,51,15678.941176470587,317,687,True,False,35.498,17,1500,1448,1425,683,51,22939.058823529413,110,416,149,651,5440,5557,5440,5543,3,12,97
VDSL inc,100,40,5,5,1,2,1,4,16,100,90,0.05,5,20,5,True,True,89.247,17,1500,1448,1448,0,51,15547.588235294117,322,710,True,False,35.742,17,1500,1448,1424,866,51,23357.647058823528,59,498,63,669,5437,5557,5435,5559,1,12,33
VDSL inc,100,40,5,5,1,2,1,4,16,100,90,0.05,5,20,5,True,True,88.614,17,1500,1448,1448,0,51,15229.823529411764,340,704,True,False,36.362,17,1500,1448,1425,771,51,23650.70588235294,82,424,101,665,5450,5557,5444,5559,2,12,47
VDSL inc,100,40,5,5,1,2,1,4,16,100,90,0.05,5,20,5,True,True,88.620,17,1500,1448,1448,0,51,15484.64705882353,352,687,True,False,34.998,17,1500,1448,1425,696,51,23790.352941176472,66,518,60,628,5451,5565,5450,5567,1,11,96
VDSL inc,100,40,5,5,1,2,1,4,16,100,90,0.05,5,20,5,True,True,89.237,17,1500,1448,1448,0,51,15394.411764705883,340,729,True,False,34.624,17,1500,1448,1424,661,51,23704.176470588234,64,547,64,661,5448,5550,5443,5552,1,12,72
VDSL inc,100,40,5,5,1,2,1,4,16,100,90,0.05,5,20,5,True,True,89.249,17,1500,1448,1448,0,51,16651.29411764706,274,557,True,False,34.120,17,1500,1448,1425,617,51,24523.29411764706,67,444,74,530,5452,5556,5452,5559,1,10,16
VDSL inc,100,40,5,5,1,2,1,4,16,100,90,0.05,5,20,5,True,True,88.735,17,1500,1448,1448,0,51,15225.117647058823,329,718,True,False,35.745,17,1500,1448,1425,654,51,22937.117647058825,78,444,72,657,5435,5555,5433,5558,1,12,8
VDSL inc,100,40,5,5,1,2,1,4,16,100,90,0.05,5,20,5,True,True,88.746,17,1500,1448,1448,0,51,15695.117647058823,355,716,True,False,35.859,17,1500,1448,1424,722,51,24038.764705882353,61,560,72,660,5453,5565,5459,5567,1,12,14
VDSL inc,100,40,5,5,1,2,1,4,16,100,90,0.05,5,20,5,True,True,89.121,17,1500,1448,1448,0,51,15645.941176470587,341,703,True,False,34.466,17,1500,1448,1424,966,51,23215.882352941175,54,559,61,655,5450,5558,5450,5560,1,12,82
VDSL inc,100,40,5,5,1,2,1,4,16,100,90,0.05,5,20,5,True,True,88.993,17,1500,1448,1448,0,51,15550.823529411764,346,704,True,False,34.000,17,1500,1448,1425,557,51,24044.941176470587,68,463,97,664,5439,5549,5442,5550,2,12,45
VDSL inc,100,40,5,5,1,2,1,4,16,100,90,0.05,5,20,5,True,True,88.619,17,1500,1448,1448,0,51,16321,263,575,True,False,34.610,17,1500,1448,1425,657,51,23120.41176470588,93,481,143,549,5443,5558,5437,5557,3,10,43
VDSL inc,100,40,5,5,1,2,1,4,16,100,90,0.05,5,20,5,True,True,88.623,17,1500,1448,1448,0,51,15818.176470588236,353,672,True,False,35.741,17,1500,1448,1425,652,51,23203.470588235294,62,464,69,605,5444,5567,5437,5572,1,11,83
VDSL inc,100,40,5,5,1,2,1,4,16,100,90,0.05,5,20,5,True,True,89.175,17,1500,1448,1448,0,51,16713.41176470588,272,590,True,False,35.242,17,1500,1448,1425,579,51,23063,60,376,77,546,5440,5567,5446,5570,1,10,63
VDSL inc,100,40,5,5,1,2,1,4,16,100,90,0.05,5,20,5,True,True,88.868,17,1500,1448,1448,0,51,16676.764705882353,280,625,True,False,36.091,17,1500,1448,1424,734,51,24263.117647058825,76,565,73,601,5448,5566,5443,5565,1,11,80
VDSL inc,100,40,5,5,1,2,1,4,16,100,90,0.05,5,20,5,True,True,89.244,17,1500,1448,1448,0,51,15492,345,695,True,False,36.723,17,1500,1448,1424,609,51,23622.058823529413,60,467,78,635,5440,5555,5440,5557,1,11,59
VDSL inc,100,40,5,5,1,2,1,4,16,100,90,0.05,5,20,5,True,True,88.985,17,1500,1448,1448,0,51,15504.529411764706,337,695,True,False,36.223,17,1500,1448,1424,646,51,23307.823529411766,84,445,66,624,5449,5574,5449,5572,1,11,15
VDSL inc,100,40,5,5,1,2,1,4,16,100,90,0.05,5,20,5,True,True,88.873,17,1500,1448,1448,0,51,15551.235294117647,303,692,True,False,34.364,17,1500,1448,1425,654,51,23762.470588235294,46,489,53,639,5443,5564,5444,5566,1,11,71
VDSL inc,100,40,5,5,1,2,1,4,16,100,90,0.05,5,20,5,True,True,89.120,17,1500,1448,1448,0,51,15439.470588235294,326,676,True,False,35.249,17,1500,1448,1425,798,51,23097.29411764706,73,490,87,630,5458,5557,5456,5553,2,11,42
VDSL inc,100,40,5,5,1,2,1,4,16,100,90,0.05,5,20,5,True,True,88.749,17,1500,1448,1448,0,51,15454.882352941177,303,680,True,False,36.243,17,1500,1448,1424,746,51,23628.941176470587,60,539,73,626,5426,5558,5424,5560,1,11,51
VDSL inc,100,40,5,5,1,2,1,4,16,100,90,0.05,5,20,5,True,True,88.866,17,1500,1448,1448,0,51,15567.29411764706,331,694,True,False,36.103,17,1500,1448,1425,814,51,24443.70588235294,56,442,66,649,5448,5559,5453,5538,1,12,57
VDSL inc,100,40,5,5,1,2,1,4,16,100,90,0.05,5,20,5,True,True,88.622,17,1500,1448,1448,0,51,15728.941176470587,329,678,True,False,35.868,17,1500,1448,1425,657,51,24351.647058823528,65,448,54,615,5443,5570,5440,5570,1,11,88
VDSL inc,100,40,5,5,1,2,1,4,16,100,90,0.05,5,20,5,True,True,89.122,17,1500,1448,1448,0,51,15538.176470588236,353,713,True,False,36.125,17,1500,1448,1425,836,51,24092.941176470587,64,527,101,673,5432,5555,5430,5560,2,12,4
VDSL inc,100,40,5,5,1,2,1,4,16,100,90,0.05,5,20,5,True,True,89.371,17,1500,1448,1448,0,51,15496.529411764706,356,703,True,False,33.606,17,1500,1448,1425,700,51,23199.823529411766,66,434,62,642,5455,5575,5442,5578,1,12,12
VDSL inc,100,40,5,5,1,4,1,4,16,100,90,0.05,5,20,5,True,True,88.746,17,1500,1448,1448,0,51,15556.764705882353,412,702,True,False,34.998,17,1500,1448,1424,817,51,23691.882352941175,66,496,76,642,5430,5559,5438,5562,1,12,79
VDSL inc,100,40,5,5,1,4,1,4,16,100,90,0.05,5,20,5,True,True,88.869,17,1500,1448,1448,0,51,15504.70588235294,382,671,True,False,36.354,17,1500,1448,1425,528,51,23816.58823529412,69,424,92,630,5441,5565,5440,5567,2,11,50
VDSL inc,100,40,5,5,1,4,1,4,16,100,90,0.05,5,20,5,True,True,88.864,17,1500,1448,1448,0,51,15608.35294117647,374,667,True,False,34.110,17,1500,1448,1425,801,51,23749.235294117647,52,492,71,625,5435,5557,5430,5557,1,11,23
VDSL inc,100,40,5,5,1,4,1,4,16,100,90,0.05,5,20,5,True,True,88.990,17,1500,1448,1448,0,51,15574.64705882353,414,681,True,False,34.351,17,1500,1448,1425,730,51,22664.58823529412,110,525,159,659,5430,5543,5427,5546,3,12,68
VDSL inc,100,40,5,5,1,4,1,4,16,100,90,0.05,5,20,5,True,True,88.740,17,1500,1448,1448,0,51,15530.941176470587,380,673,True,False,34.465,17,1500,1448,1425,898,51,23528.529411764706,64,489,86,633,5439,5556,5449,5539,2,11,92
VDSL inc,100,40,5,5,1,4,1,4,16,100,90,0.05,5,20,5,True,True,88.995,17,1500,1448,1448,0,51,15584,422,683,True,False,35.715,17,1500,1448,1424,396,51,23117.882352941175,+Inf,NaN,393,694,5440,5555,5432,5556,7,12,95
VDSL inc,100,40,5,5,1,4,1,4,16,100,90,0.05,5,20,5,True,True,88.864,17,1500,1448,1448,0,51,15600.235294117647,390,699,True,False,35.844,17,1500,1448,1424,596,51,24168.117647058825,69,539,101,657,5440,5552,5448,5551,2,12,46
VDSL inc,100,40,5,5,1,4,1,4,16,100,90,0.05,5,20,5,True,True,88.997,17,1500,1448,1448,0,51,15501.70588235294,381,701,True,False,34.373,17,1500,1448,1424,268,51,24657.764705882353,96,474,78,637,5458,5558,5452,5560,1,11,93
VDSL inc,100,40,5,5,1,4,1,4,16,100,90,0.05,5,20,5,True,True,88.972,17,1500,1448,1448,0,51,15436.823529411764,370,700,True,False,34.106,17,1500,1448,1425,328,51,23328.882352941175,79,499,81,631,5430,5558,5429,5560,1,11,17
VDSL inc,100,40,5,5,1,4,1,4,16,100,90,0.05,5,20,5,True,True,88.743,17,1500,1448,1448,0,51,15655,367,678,True,False,36.602,17,1500,1448,1424,931,51,24047.58823529412,58,488,64,630,5452,5571,5446,5576,1,11,29
VDSL inc,100,40,5,5,1,4,1,4,16,100,90,0.05,5,20,5,True,True,89.236,17,1500,1448,1448,0,51,15563.529411764706,373,708,True,False,35.094,17,1500,1448,1425,899,51,22726.70588235294,76,493,93,642,5439,5554,5441,5548,2,12,20
VDSL inc,100,40,5,5,1,4,1,4,16,100,90,0.05,5,20,5,True,True,89.120,17,1500,1448,1448,0,51,15560.35294117647,371,672,True,False,35.490,17,1500,1448,1424,958,51,24660.941176470587,50,486,52,636,5437,5562,5436,5567,1,11,31
VDSL inc,100,40,5,5,1,4,1,4,16,100,90,0.05,5,20,5,True,True,88.733,17,1500,1448,1448,0,51,15217.176470588236,330,726,True,False,34.983,17,1500,1448,1425,969,51,23947,75,491,71,636,5437,5568,5437,5571,1,11,84
VDSL inc,100,40,5,5,1,4,1,4,16,100,90,0.05,5,20,5,True,True,89.367,17,1500,1448,1448,0,51,15541.29411764706,398,680,True,False,35.342,17,1500,1448,1425,922,51,22817.235294117647,47,401,49,620,5452,5556,5456,5556,1,11,13
VDSL inc,100,40,5,5,1,4,1,4,16,100,90,0.05,5,20,5,True,True,89.118,17,1500,1448,1448,0,51,15520.470588235294,391,670,True,False,35.371,17,1500,1448,1424,934,51,23963.58823529412,62,515,67,628,5440,5559,5434,5560,1,11,62
VDSL inc,100,40,5,5,1,4,1,4,16,100,90,0.05,5,20,5,True,True,88.999,17,1500,1448,1448,0,51,15680.70588235294,444,673,True,False,36.243,17,1500,1448,1424,945,51,23514.882352941175,61,439,63,624,5434,5552,5432,5554,1,11,75
VDSL inc,100,40,5,5,1,4,1,4,16,100,90,0.05,5,20,5,True,True,88.624,17,1500,1448,1448,0,51,15500.058823529413,385,689,True,False,34.967,17,1500,1448,1424,804,51,22375.117647058825,68,444,85,634,5453,5562,5450,5562,2,11,9
VDSL inc,100,40,5,5,1,4,1,4,16,100,90,0.05,5,20,5,True,True,89.249,17,1500,1448,1448,0,51,15687.29411764706,385,664,True,False,36.109,17,1500,1448,1425,416,51,23657.352941176472,107,517,107,626,5434,5561,5432,5563,2,11,44
VDSL inc,100,40,5,5,1,4,1,4,16,100,90,0.05,5,20,5,True,True,88.872,17,1500,1448,1448,0,51,15683.70588235294,356,693,True,False,34.735,17,1500,1448,1425,784,51,24547.117647058825,50,528,60,641,5440,5556,5434,5556,1,12,48
VDSL inc,100,40,5,5,1,4,1,4,16,100,90,0.05,5,20,5,True,True,89.117,17,1500,1448,1448,0,51,15575.529411764706,414,665,True,False,35.117,17,1500,1448,1425,935,51,23949.29411764706,61,456,51,628,5462,5582,5469,5586,1,11,99
VDSL inc,100,40,5,5,1,4,1,4,16,100,90,0.05,5,20,5,True,True,88.862,17,1500,1448,1448,0,51,15522,397,694,True,False,35.857,17,1500,1448,1425,506,51,24054.764705882353,92,452,83,637,5438,5561,5438,5565,2,11,56
VDSL inc,100,40,5,5,1,4,1,4,16,100,90,0.05,5,20,5,True,True,89.122,17,1500,1448,1448,0,51,15684.29411764706,388,683,True,False,33.998,17,1500,1448,1425,477,51,23967.41176470588,64,479,64,621,5444,5578,5444,5582,1,11,32
VDSL inc,100,40,5,5,1,4,1,4,16,100,90,0.05,5,20,5,True,True,88.866,17,1500,1448,1448,0,51,15612.176470588236,360,698,True,False,35.611,17,1500,1448,1424,657,51,23315,100,482,121,657,5449,5570,5448,5574,2,12,78
VDSL inc,100,40,5,5,1,4,1,4,16,100,90,0.05,5,20,5,True,True,88.870,17,1500,1448,1448,0,51,15629.764705882353,425,707,True,False,34.227,17,1500,1448,1424,385,51,23133.117647058825,98,484,108,651,5442,5561,5442,5564,2,12,38
VDSL inc,100,40,5,5,1,4,1,4,16,100,90,0.05,5,20,5,True,True,88.551,17,1500,1448,1448,0,51,15626.411764705883,386,652,True,False,34.982,17,1500,1448,1425,913,51,24141.823529411766,48,512,52,618,5441,5560,5437,5563,1,11,26
VDSL inc,100,40,5,5,1,4,1,4,16,100,90,0.05,5,20,5,True,True,89.373,17,1500,1448,1448,0,51,15593.411764705883,397,707,True,False,35.851,17,1500,1448,1425,745,51,23122.882352941175,63,421,66,623,5447,5578,5440,5581,1,11,69
VDSL inc,100,40,5,5,1,4,1,4,16,100,90,0.05,5,20,5,True,True,88.741,17,1500,1448,1448,0,51,15629.764705882353,390,654,True,False,33.715,17,1500,1448,1424,458,51,23965.235294117647,62,461,80,618,5436,5564,5444,5566,1,11,34
VDSL inc,100,40,5,5,1,4,1,4,16,100,90,0.05,5,20,5,True,True,89.121,17,1500,1448,1448,0,51,15536.882352941177,378,644,True,False,35.615,17,1500,1448,1425,952,51,23957.823529411766,79,473,57,603,5464,5563,5467,5566,1,11,58
VDSL inc,100,40,5,5,1,4,1,4,16,100,90,0.05,5,20,5,True,True,89.120,17,1500,1448,1448,0,51,15458.823529411764,396,670,True,False,34.875,17,1500,1448,1425,815,51,23688.29411764706,75,402,74,618,5445,5559,5434,5560,1,11,30
VDSL inc,100,40,5,5,1,4,1,4,16,100,90,0.05,5,20,5,True,True,88.992,17,1500,1448,1448,0,51,15547.529411764706,365,674,True,False,35.236,17,1500,1448,1424,797,51,23479.529411764706,81,487,99,615,5449,5565,5450,5567,2,11,70
VDSL inc,100,40,5,5,1,4,1,4,16,100,90,0.05,5,20,5,True,True,88.849,17,1500,1448,1448,0,51,15635.411764705883,409,702,True,False,36.096,17,1500,1448,1424,714,51,24280.823529411766,79,415,89,636,5438,5553,5437,5555,2,11,24
VDSL inc,100,40,5,5,1,4,1,4,16,100,90,0.05,5,20,5,True,True,89.245,17,1500,1448,1448,0,51,15408.235294117647,402,661,True,False,35.352,17,1500,1448,1424,603,51,23636.470588235294,53,486,53,604,5451,5567,5445,5567,1,11,52
VDSL inc,100,40,5,5,1,4,1,4,16,100,90,0.05,5,20,5,True,True,88.874,17,1500,1448,1448,0,51,15568.64705882353,381,708,True,False,33.991,17,1500,1448,1425,884,51,24123.176470588234,70,408,76,641,5453,5560,5444,5562,1,12,36
VDSL inc,100,40,5,5,1,4,1,4,16,100,90,0.05,5,20,5,True,True,89.122,17,1500,1448,1448,0,51,15597.764705882353,409,674,True,False,35.358,17,1500,1448,1425,308,51,23790.41176470588,123,504,165,644,5459,5573,5454,5575,3,12,2
VDSL inc,100,40,5,5,1,4,1,4,16,100,90,0.05,5,20,5,True,True,88.476,17,1500,1448,1448,0,51,15638.176470588236,400,694,True,False,35.482,17,1500,1448,1425,609,51,23921.117647058825,+Inf,NaN,358,690,5456,5557,5451,5559,7,12,5
VDSL inc,100,40,5,5,1,4,1,4,16,100,90,0.05,5,20,5,True,True,89.124,17,1500,1448,1448,0,51,15664.941176470587,406,682,True,False,35.368,17,1500,1448,1425,723,51,23715.823529411766,96,476,117,641,5444,5558,5444,5560,2,12,89
VDSL inc,100,40,5,5,1,4,1,4,16,100,90,0.05,5,20,5,True,True,88.979,17,1500,1448,1448,0,51,15586.29411764706,368,688,True,False,35.867,17,1500,1448,1424,793,51,23701.70588235294,76,543,104,647,5445,5555,5445,5557,2,12,74
VDSL inc,100,40,5,5,1,4,1,4,16,100,90,0.05,5,20,5,True,True,88.867,17,1500,1448,1448,0,51,15643.176470588236,321,679,True,False,35.343,17,1500,1448,1424,320,51,23965.764705882353,104,498,117,631,5440,5555,5434,5553,2,11,91
VDSL inc,100,40,5,5,1,4,1,4,16,100,90,0.05,5,20,5,True,True,88.997,17,1500,1448,1448,0,51,15456.588235294117,395,671,True,False,36.115,17,1500,1448,1425,843,51,23852.941176470587,56,386,51,614,5436,5548,5440,5550,1,11,53
VDSL inc,100,40,5,5,1,4,1,4,16,100,90,0.05,5,20,5,True,True,88.872,17,1500,1448,1448,0,51,15596.117647058823,358,704,True,False,36.225,17,1500,1448,1425,521,51,23625.941176470587,71,383,78,633,5427,5565,5422,5568,1,11,21
VDSL inc,100,40,5,5,1,4,1,4,16,100,90,0.05,5,20,5,True,True,88.870,17,1500,1448,1448,0,51,15621.411764705883,409,696,True,False,34.861,17,1500,1448,1425,869,51,24125.882352941175,48,462,46,634,5445,5568,5440,5569,1,11,55
VDSL inc,100,40,5,5,1,4,1,4,16,100,90,0.05,5,20,5,True,True,88.870,17,1500,1448,1448,0,51,15450.588235294117,414,701,True,False,34.481,17,1500,1448,1424,620,51,23388.882352941175,65,422,80,648,5443,5563,5440,5565,1,12,27
VDSL inc,100,40,5,5,1,4,1,4,16,100,90,0.05,5,20,5,True,True,88.996,17,1500,1448,1448,0,51,15454.823529411764,379,659,True,False,35.616,17,1500,1448,1425,910,51,24284.647058823528,61,442,65,623,5452,5564,5450,5565,1,11,77
VDSL inc,100,40,5,5,1,4,1,4,16,100,90,0.05,5,20,5,True,True,89.231,17,1500,1448,1448,0,51,15532.588235294117,405,717,True,False,34.725,17,1500,1448,1424,798,51,23593.176470588234,59,512,70,646,5451,5563,5446,5559,1,12,85
VDSL inc,100,40,5,5,1,4,1,4,16,100,90,0.05,5,20,5,True,True,89.114,17,1500,1448,1448,0,51,15545.117647058823,397,710,True,False,35.857,17,1500,1448,1424,798,51,23492.058823529413,48,420,74,646,5439,5543,5436,5545,1,12,86
VDSL inc,100,40,5,5,1,4,1,4,16,100,90,0.05,5,20,5,True,True,88.995,17,1500,1448,1448,0,51,15620.764705882353,420,674,True,False,34.865,17,1500,1448,1424,889,51,23698.41176470588,93,479,84,623,5437,5553,5434,5556,2,11,18
VDSL inc,100,40,5,5,1,4,1,4,16,100,90,0.05,5,20,5,True,True,88.748,17,1500,1448,1448,0,51,15596.64705882353,381,656,True,False,35.712,17,1500,1448,1424,714,51,23330.352941176472,58,512,94,616,5441,5564,5438,5568,2,11,22
VDSL inc,100,40,5,5,1,4,1,4,16,100,90,0.05,5,20,5,True,True,89.237,17,1500,1448,1448,0,51,15582.235294117647,392,724,True,False,35.105,17,1500,1448,1425,539,51,23301.70588235294,68,430,87,639,5444,5549,5448,5552,2,12,81
VDSL inc,100,40,5,5,1,4,1,4,16,100,90,0.05,5,20,5,True,True,89.236,17,1500,1448,1448,0,51,15582.176470588236,392,700,True,False,34.105,17,1500,1448,1425,846,51,23585.70588235294,41,530,40,631,5440,5556,5437,5557,1,11,64
VDSL inc,100,40,5,5,1,4,1,4,16,100,90,0.05,5,20,5,True,True,89.249,17,1500,1448,1448,0,51,15475.64705882353,346,669,True,False,35.234,17,1500,1448,1424,572,51,23591.41176470588,104,398,128,633,5453,5571,5461,5574,2,11,7
VDSL inc,100,40,5,5,1,4,1,4,16,100,90,0.05,5,20,5,True,True,88.614,17,1500,1448,1448,0,51,15620,415,664,True,False,36.125,17,1500,1448,1425,598,51,23387.29411764706,108,446,90,609,5440,5562,5437,5563,2,11,76
VDSL inc,100,40,5,5,1,4,1,4,16,100,90,0.05,5,20,5,True,True,88.744,17,1500,1448,1448,0,51,15594.176470588236,425,673,True,False,36.713,17,1500,1448,1424,623,51,24099.529411764706,71,442,83,625,5440,5560,5437,5561,2,11,98
VDSL inc,100,40,5,5,1,4,1,4,16,100,90,0.05,5,20,5,True,True,88.735,17,1500,1448,1448,0,51,14943.529411764706,347,744,True,False,36.487,17,1500,1448,1424,679,51,23706.764705882353,63,561,51,677,5460,5568,5458,5571,1,12,19
VDSL inc,100,40,5,5,1,4,1,4,16,100,90,0.05,5,20,5,True,True,88.808,17,1500,1448,1448,0,51,15586.764705882353,405,724,True,False,35.610,17,1500,1448,1424,649,51,23303.823529411766,74,476,84,637,5434,5564,5426,5564,2,11,28
VDSL inc,100,40,5,5,1,4,1,4,16,100,90,0.05,5,20,5,True,True,89.110,17,1500,1448,1448,0,51,15596.823529411764,410,691,True,False,34.120,17,1500,1448,1424,947,51,24494.941176470587,65,489,66,635,5459,5575,5454,5577,1,11,67
VDSL inc,100,40,5,5,1,4,1,4,16,100,90,0.05,5,20,5,True,True,88.990,17,1500,1448,1448,0,51,15522,382,706,True,False,35.993,17,1500,1448,1425,285,51,24333,63,458,73,626,5442,5561,5445,5563,1,11,61
VDSL inc,100,40,5,5,1,4,1,4,16,100,90,0.05,5,20,5,True,True,89.112,17,1500,1448,1448,0,51,15555.764705882353,396,673,True,False,35.466,17,1500,1448,1425,931,51,23208.882352941175,77,532,107,639,5447,5568,5439,5563,2,11,1
VDSL inc,100,40,5,5,1,4,1,4,16,100,90,0.05,5,20,5,True,True,89.120,17,1500,1448,1448,0,51,15627.235294117647,381,690,True,False,35.614,17,1500,1448,1424,875,61,24255.58823529412,72,347,79,625,5443,5557,5445,5559,1,11,66
VDSL inc,100,40,5,5,1,4,1,4,16,100,90,0.05,5,20,5,True,True,88.864,17,1500,1448,1448,0,51,15600,403,716,False,False,34.624,17,1500,1448,1425,1035,51,23719.41176470588,63,446,73,629,5436,5555,5431,5559,1,11,40
VDSL inc,100,40,5,5,1,4,1,4,16,100,90,0.05,5,20,5,True,True,89.124,17,1500,1448,1448,0,51,15593.764705882353,404,692,True,False,35.374,17,1500,1448,1425,284,51,23597.882352941175,114,453,137,625,5443,5555,5446,5552,3,11,73
VDSL inc,100,40,5,5,1,4,1,4,16,100,90,0.05,5,20,5,True,True,88.992,17,1500,1448,1448,0,51,15602.588235294117,411,721,True,False,35.115,17,1500,1448,1424,447,51,24063.176470588234,102,440,98,641,5451,5565,5458,5570,2,12,49
VDSL inc,100,40,5,5,1,4,1,4,16,100,90,0.05,5,20,5,True,True,88.741,17,1500,1448,1448,0,51,15532.29411764706,413,672,True,False,34.499,17,1500,1448,1424,875,51,23445.058823529413,72,528,66,623,5437,5566,5453,5569,1,11,60
VDSL inc,100,40,5,5,1,4,1,4,16,100,90,0.05,5,20,5,True,True,89.115,17,1500,1448,1448,0,51,15570,371,714,True,False,34.352,17,1500,1448,1424,584,51,24141.529411764706,62,464,108,662,5442,5573,5426,5577,2,12,41
VDSL inc,100,40,5,5,1,4,1,4,16,100,90,0.05,5,20,5,True,True,89.122,17,1500,1448,1448,0,51,15665.470588235294,388,690,True,False,34.343,17,1500,1448,1424,872,51,24566.70588235294,79,462,80,621,5459,5570,5457,5572,1,11,10
VDSL inc,100,40,5,5,1,4,1,4,16,100,90,0.05,5,20,5,True,True,88.871,17,1500,1448,1448,0,51,15479.823529411764,369,659,True,False,34.235,17,1500,1448,1425,715,51,22156.176470588234,56,365,71,607,5435,5549,5436,5552,1,11,37
VDSL inc,100,40,5,5,1,4,1,4,16,100,90,0.05,5,20,5,True,True,88.874,17,1500,1448,1448,0,51,15561.823529411764,405,677,True,False,34.854,17,1500,1448,1425,591,51,24285.235294117647,61,449,81,646,5438,5565,5443,5569,1,12,100
VDSL inc,100,40,5,5,1,4,1,4,16,100,90,0.05,5,20,5,True,True,89.000,17,1500,1448,1448,0,51,15438.70588235294,374,718,True,False,34.864,17,1500,1448,1425,651,51,24004.470588235294,110,605,239,706,5452,5555,5450,5558,4,13,35
VDSL inc,100,40,5,5,1,4,1,4,16,100,90,0.05,5,20,5,True,True,88.747,17,1500,1448,1448,0,51,15663.117647058823,376,696,True,False,34.597,17,1500,1448,1424,811,51,23770.58823529412,79,484,96,620,5447,5556,5444,5556,2,11,11
VDSL inc,100,40,5,5,1,4,1,4,16,100,90,0.05,5,20,5,True,True,89.116,17,1500,1448,1448,0,51,15672.411764705883,380,719,True,False,35.235,17,1500,1448,1425,408,51,23678.764705882353,67,447,83,646,5439,5554,5434,5555,2,12,94
VDSL inc,100,40,5,5,1,4,1,4,16,100,90,0.05,5,20,5,True,True,88.748,17,1500,1448,1448,0,51,15647.29411764706,361,708,True,False,34.748,17,1500,1448,1424,866,51,23809.352941176472,59,480,70,643,5444,5561,5438,5554,1,12,87
VDSL inc,100,40,5,5,1,4,1,4,16,100,90,0.05,5,20,5,True,True,88.745,17,1500,1448,1448,0,51,15570.941176470587,409,673,True,False,35.873,17,1500,1448,1424,773,51,23567.176470588234,68,486,68,629,5454,5571,5449,5575,1,11,90
VDSL inc,100,40,5,5,1,4,1,4,16,100,90,0.05,5,20,5,True,True,88.721,17,1500,1448,1448,0,51,15722.70588235294,425,676,True,False,34.861,17,1500,1448,1425,777,51,24350,70,441,75,635,5451,5560,5439,5555,1,11,6
VDSL inc,100,40,5,5,1,4,1,4,16,100,90,0.05,5,20,5,True,True,89.219,17,1500,1448,1448,0,51,15590.70588235294,389,652,True,False,35.232,17,1500,1448,1424,730,51,24873.941176470587,73,420,88,607,5442,5554,5430,5556,2,11,25
VDSL inc,100,40,5,5,1,4,1,4,16,100,90,0.05,5,20,5,True,True,88.983,17,1500,1448,1448,0,51,15568.588235294117,378,661,True,False,34.246,17,1500,1448,1425,777,51,23077.647058823528,66,450,97,626,5444,5554,5437,5552,2,11,65
VDSL inc,100,40,5,5,1,4,1,4,16,100,90,0.05,5,20,5,True,True,88.861,17,1500,1448,1448,0,51,15639.411764705883,414,677,True,False,35.738,17,1500,1448,1424,232,51,23395.647058823528,93,501,109,643,5453,5555,5453,5558,2,12,54
VDSL inc,100,40,5,5,1,4,1,4,16,100,90,0.05,5,20,5,True,True,88.863,17,1500,1448,1448,0,51,15545.941176470587,394,704,True,False,36.223,17,1500,1448,1424,840,51,23097.764705882353,51,424,63,642,5446,5558,5444,5556,1,12,39
VDSL inc,100,40,5,5,1,4,1,4,16,100,90,0.05,5,20,5,True,True,88.998,17,1500,1448,1448,0,51,15571.823529411764,372,686,True,False,34.610,17,1500,1448,1425,807,51,23483.176470588234,61,436,75,626,5439,5561,5439,5560,1,11,3
VDSL inc,100,40,5,5,1,4,1,4,16,100,90,0.05,5,20,5,True,True,89.245,17,1500,1448,1448,0,51,15330,320,725,True,False,35.214,17,1500,1448,1424,416,51,22706.58823529412,60,536,77,688,5450,5562,5451,5565,1,12,97
VDSL inc,100,40,5,5,1,4,1,4,16,100,90,0.05,5,20,5,True,True,88.995,17,1500,1448,1448,0,51,15676.235294117647,411,695,True,False,35.484,17,1500,1448,1424,987,51,24711.235294117647,70,556,66,639,5438,5569,5435,5572,1,11,33
VDSL inc,100,40,5,5,1,4,1,4,16,100,90,0.05,5,20,5,True,True,89.120,17,1500,1448,1448,0,51,15559.29411764706,379,707,True,False,35.989,17,1500,1448,1425,969,51,23963.823529411766,83,524,99,649,5441,5569,5433,5571,2,12,47
VDSL inc,100,40,5,5,1,4,1,4,16,100,90,0.05,5,20,5,True,True,88.993,17,1500,1448,1448,0,51,15702.235294117647,408,674,True,False,35.240,17,1500,1448,1425,675,51,24115.941176470587,65,440,67,624,5455,5562,5455,5561,1,11,96
VDSL inc,100,40,5,5,1,4,1,4,16,100,90,0.05,5,20,5,True,True,88.870,17,1500,1448,1448,0,51,15592.35294117647,385,672,True,False,35.722,17,1500,1448,1425,756,51,24162,74,488,64,607,5431,5569,5420,5568,1,11,72
VDSL inc,100,40,5,5,1,4,1,4,16,100,90,0.05,5,20,5,True,True,88.615,17,1500,1448,1448,0,51,15629.70588235294,425,667,True,False,35.466,17,1500,1448,1425,911,51,23086.70588235294,103,502,84,640,5434,5563,5432,5564,2,12,16
VDSL inc,100,40,5,5,1,4,1,4,16,100,90,0.05,5,20,5,True,True,89.616,17,1500,1448,1448,0,51,15220.529411764706,343,698,True,False,36.105,17,1500,1448,1424,895,51,23242.941176470587,58,520,67,633,5449,5559,5451,5561,1,11,8
VDSL inc,100,40,5,5,1,4,1,4,16,100,90,0.05,5,20,5,True,True,88.748,17,1500,1448,1448,0,51,15548.176470588236,414,691,True,False,35.725,17,1500,1448,1424,766,51,24148.941176470587,73,467,84,631,5443,5564,5442,5567,2,11,14
VDSL inc,100,40,5,5,1,4,1,4,16,100,90,0.05,5,20,5,True,True,89.248,17,1500,1448,1448,0,51,15531.411764705883,374,653,True,False,34.359,17,1500,1448,1424,931,51,23455.058823529413,63,549,70,610,5445,5559,5440,5556,1,11,82
VDSL inc,100,40,5,5,1,4,1,4,16,100,90,0.05,5,20,5,True,True,88.999,17,1500,1448,1448,0,51,15624.058823529413,357,690,True,False,35.473,17,1500,1448,1424,750,51,23899.41176470588,81,467,62,624,5448,5561,5444,5565,1,11,45
VDSL inc,100,40,5,5,1,4,1,4,16,100,90,0.05,5,20,5,True,True,89.245,17,1500,1448,1448,0,51,15482,311,664,True,False,33.723,17,1500,1448,1424,926,51,23176.882352941175,66,524,75,622,5453,5561,5450,5565,1,11,43
VDSL inc,100,40,5,5,1,4,1,4,16,100,90,0.05,5,20,5,True,True,89.122,17,1500,1448,1448,0,51,15639.35294117647,355,698,True,False,35.343,17,1500,1448,1424,382,51,24017.941176470587,76,476,88,640,5442,5563,5437,5566,2,11,83
VDSL inc,100,40,5,5,1,4,1,4,16,100,90,0.05,5,20,5,True,True,88.992,17,1500,1448,1448,0,51,15606.882352941177,399,693,True,False,33.995,17,1500,1448,1425,840,51,23932.70588235294,73,522,81,634,5430,5555,5421,5558,2,11,63
VDSL inc,100,40,5,5,1,4,1,4,16,100,90,0.05,5,20,5,True,True,89.247,17,1500,1448,1448,0,51,15530.176470588236,345,724,True,False,35.124,17,1500,1448,1425,553,51,23062.529411764706,91,568,105,646,5433,5567,5431,5568,2,12,80
VDSL inc,100,40,5,5,1,4,1,4,16,100,90,0.05,5,20,5,True,True,88.872,17,1500,1448,1448,0,51,15624.29411764706,383,707,True,False,35.602,17,1500,1448,1424,854,51,23376.29411764706,68,525,93,653,5459,5569,5456,5571,2,12,59
VDSL inc,100,40,5,5,1,4,1,4,16,100,90,0.05,5,20,5,True,True,89.238,17,1500,1448,1448,0,51,15546.70588235294,365,666,True,False,35.607,17,1500,1448,1424,388,51,23056.647058823528,89,448,107,631,5449,5554,5447,5557,2,11,15
VDSL inc,100,40,5,5,1,4,1,4,16,100,90,0.05,5,20,5,True,True,89.485,17,1500,1448,1448,0,51,15355.176470588236,327,660,True,False,35.610,17,1500,1448,1424,786,51,23747.352941176472,65,496,75,609,5429,5555,5424,5554,1,11,71
VDSL inc,100,40,5,5,1,4,1,4,16,100,90,0.05,5,20,5,True,True,89.246,17,1500,1448,1448,0,51,15563.058823529413,408,690,True,False,35.496,17,1500,1448,1425,859,51,24435.117647058825,65,476,70,644,5450,5574,5446,5571,1,12,42
VDSL inc,100,40,5,5,1,4,1,4,16,100,90,0.05,5,20,5,True,True,88.872,17,1500,1448,1448,0,51,15703.588235294117,358,723,True,False,35.869,17,1500,1448,1425,683,51,23351.529411764706,63,396,75,641,5433,5553,5433,5555,1,12,51
VDSL inc,100,40,5,5,1,4,1,4,16,100,90,0.05,5,20,5,True,True,88.870,17,1500,1448,1448,0,51,15460.764705882353,372,704,True,False,34.979,17,1500,1448,1425,701,51,23264,66,442,80,644,5447,5562,5439,5565,1,12,57
VDSL inc,100,40,5,5,1,4,1,4,16,100,90,0.05,5,20,5,True,True,89.243,17,1500,1448,1448,0,51,15660.882352941177,376,733,True,False,33.604,17,1500,1448,1424,816,51,23904,82,477,75,652,5447,5570,5444,5573,1,12,88
VDSL inc,100,40,5,5,1,4,1,4,16,100,90,0.05,5,20,5,True,True,88.871,17,1500,1448,1448,0,51,15653.29411764706,385,696,True,False,35.726,17,1500,1448,1425,617,51,24478.70588235294,59,472,70,641,5447,5556,5447,5557,1,12,4
VDSL inc,100,40,5,5,1,4,1,4,16,100,90,0.05,5,20,5,True,True,88.998,17,1500,1448,1448,0,51,15626,397,671,True,False,35.122,17,1500,1448,1424,964,51,22852.823529411766,61,457,65,615,5449,5574,5449,5574,1,11,12
VDSL inc,100,40,5,5,1,6,1,4,16,100,90,0.05,5,20,5,True,True,89.248,19,1500,1448,1448,0,57,15917.631578947368,403,670,True,False,35.247,19,1500,1448,1425,1068,57,25092.36842105263,106,502,110,640,5430,5562,5429,5565,2,11,79
VDSL inc,100,40,5,5,1,6,1,4,16,100,90,0.05,5,20,5,True,True,88.622,19,1500,1448,1448,0,57,15912.21052631579,389,662,True,False,34.477,19,1500,1448,1424,853,57,23617.842105263157,63,519,49,600,5457,5568,5454,5571,1,11,50
VDSL inc,100,40,5,5,1,6,1,4,16,100,90,0.05,5,20,5,True,True,88.994,19,1500,1448,1448,0,57,16003.368421052632,384,681,True,False,35.239,19,1500,1448,1424,927,57,23903.947368421053,46,442,34,624,5432,5562,5438,5565,1,11,23
VDSL inc,100,40,5,5,1,6,1,4,16,100,90,0.05,5,20,5,True,True,89.121,19,1500,1448,1448,0,57,15838.578947368422,394,692,True,False,34.849,19,1500,1448,1425,754,57,24528.315789473683,108,558,118,647,5447,5558,5440,5559,2,12,68
VDSL inc,100,40,5,5,1,6,1,4,16,100,90,0.05,5,20,5,True,True,88.995,19,1500,1448,1448,11,57,15899.421052631578,368,643,True,False,35.852,19,1500,1448,1424,1037,57,22689.894736842107,63,532,80,626,5450,5568,5445,5572,1,11,92
VDSL inc,100,40,5,5,1,6,1,4,16,100,90,0.05,5,20,5,True,True,88.862,19,1500,1448,1448,0,57,15920.105263157895,399,678,True,False,34.236,19,1500,1448,1425,794,57,23896.526315789473,61,554,40,627,5454,5565,5452,5568,1,11,95
VDSL inc,100,40,5,5,1,6,1,4,16,100,90,0.05,5,20,5,True,True,88.624,19,1500,1448,1448,0,57,15922.052631578947,394,699,True,False,35.362,19,1500,1448,1425,1186,57,24271.21052631579,94,453,78,628,5447,5563,5440,5563,1,11,46
VDSL inc,100,40,5,5,1,6,1,4,16,100,90,0.05,5,20,5,True,True,89.247,19,1500,1448,1448,0,57,15905.894736842105,407,678,True,False,36.621,19,1500,1448,1425,836,57,23135.473684210527,63,447,55,631,5444,5555,5437,5558,1,11,93
VDSL inc,100,40,5,5,1,6,1,4,16,100,90,0.05,5,20,5,True,True,89.119,19,1500,1448,1448,0,57,15916.578947368422,395,656,True,False,35.352,19,1500,1448,1424,920,57,24093.842105263157,93,472,66,607,5453,5558,5447,5557,1,11,17
VDSL inc,100,40,5,5,1,6,1,4,16,100,90,0.05,5,20,5,True,True,88.624,19,1500,1448,1448,0,57,15917.736842105263,400,687,True,False,33.617,19,1500,1448,1424,1050,57,23708.42105263158,77,523,81,628,5430,5555,5422,5557,1,11,29
VDSL inc,100,40,5,5,1,6,1,4,16,100,90,0.05,5,20,5,True,True,89.117,19,1500,1448,1448,0,57,15894.842105263158,394,688,True,False,34.100,19,1500,1448,1425,806,57,23004.947368421053,83,520,101,641,5435,5542,5428,5544,2,12,20
VDSL inc,100,40,5,5,1,6,1,4,16,100,90,0.05,5,20,5,True,True,88.745,19,1500,1448,1448,0,57,15898.894736842105,409,706,True,False,34.364,19,1500,1448,1425,931,57,23791.57894736842,111,457,95,635,5457,5559,5455,5559,2,11,31
VDSL inc,100,40,5,5,1,6,1,4,16,100,90,0.05,5,20,5,True,True,88.498,19,1500,1448,1448,0,57,15912.21052631579,399,662,True,False,34.586,19,1500,1448,1424,1138,57,23771.947368421053,58,575,59,623,5441,5551,5440,5554,1,11,84
VDSL inc,100,40,5,5,1,6,1,4,16,100,90,0.05,5,20,5,True,True,89.181,19,1500,1448,1448,0,57,15992.684210526315,400,639,True,False,36.123,19,1500,1448,1425,702,57,22731.842105263157,80,432,99,587,5454,5565,5443,5568,2,11,13
VDSL inc,100,40,5,5,1,6,1,4,16,100,90,0.05,5,20,5,True,True,89.239,19,1500,1448,1448,0,57,15894.21052631579,406,636,True,False,35.745,19,1500,1448,1425,979,57,22900.157894736843,98,516,55,605,5435,5569,5431,5571,1,11,62
VDSL inc,100,40,5,5,1,6,1,4,16,100,90,0.05,5,20,5,True,True,88.866,19,1500,1448,1448,0,57,15907.526315789473,403,680,True,False,35.863,19,1500,1448,1424,941,57,23839.736842105263,91,524,76,616,5439,5548,5441,5552,1,11,75
VDSL inc,100,40,5,5,1,6,1,4,16,100,90,0.05,5,20,5,True,True,88.874,19,1500,1448,1448,0,57,15918.578947368422,403,669,True,False,35.849,19,1500,1448,1424,1035,57,23919.57894736842,83,567,93,629,5449,5552,5445,5552,2,11,9
VDSL inc,100,40,5,5,1,6,1,4,16,100,90,0.05,5,20,5,True,True,88.502,19,1500,1448,1448,0,57,15931.684210526315,391,646,True,False,34.223,19,1500,1448,1425,729,57,23732.105263157893,76,540,90,607,5442,5562,5444,5565,2,11,44
VDSL inc,100,40,5,5,1,6,1,4,16,100,90,0.05,5,20,5,True,True,88.997,19,1500,1448,1448,0,57,16163.526315789473,394,648,True,False,36.235,19,1500,1448,1425,1029,57,24840.947368421053,68,501,76,605,5452,5560,5449,5562,1,11,48
VDSL inc,100,40,5,5,1,6,1,4,16,100,90,0.05,5,20,5,True,True,88.993,19,1500,1448,1448,0,57,15919.105263157895,395,691,True,False,35.853,19,1500,1448,1424,807,57,23396.947368421053,74,483,77,631,5438,5558,5437,5561,1,11,99
VDSL inc,100,40,5,5,1,6,1,4,16,100,90,0.05,5,20,5,True,True,88.870,19,1500,1448,1448,0,57,15651.21052631579,398,687,True,False,34.498,19,1500,1448,1425,942,57,23212,92,496,88,634,5446,5568,5435,5570,2,11,56
VDSL inc,100,40,5,5,1,6,1,4,16,100,90,0.05,5,20,5,True,True,88.751,19,1500,1448,1448,0,57,15955.315789473685,391,654,True,False,35.858,19,1500,1448,1424,967,57,23569.42105263158,69,454,69,597,5438,5554,5438,5556,1,11,32
VDSL inc,100,40,5,5,1,6,1,4,16,100,90,0.05,5,20,5,True,True,89.236,19,1500,1448,1448,0,57,15951.368421052632,403,658,True,False,34.993,19,1500,1448,1425,902,57,24000.21052631579,143,531,116,628,5450,5563,5445,5565,2,11,78
VDSL inc,100,40,5,5,1,6,1,4,16,100,90,0.05,5,20,5,True,True,88.744,19,1500,1448,1448,0,57,15928.052631578947,396,655,True,False,35.866,19,1500,1448,1425,642,57,23008.157894736843,101,542,96,610,5451,5568,5444,5554,2,11,38
VDSL inc,100,40,5,5,1,6,1,4,16,100,90,0.05,5,20,5,True,True,88.870,19,1500,1448,1448,0,57,15963,391,650,True,False,36.360,19,1500,1448,1424,757,57,23292.42105263158,86,448,100,600,5432,5565,5430,5568,2,11,26
VDSL inc,100,40,5,5,1,6,1,4,16,100,90,0.05,5,20,5,True,True,89.216,19,1500,1448,1448,0,57,15937.526315789473,396,659,True,False,34.362,19,1500,1448,1424,1055,57,23406.63157894737,99,529,98,619,5452,5559,5455,5562,2,11,69
VDSL inc,100,40,5,5,1,6,1,4,16,100,90,0.05,5,20,5,True,True,88.862,19,1500,1448,1448,0,57,15856.78947368421,399,675,True,False,34.245,19,1500,1448,1424,972,57,24352.63157894737,98,521,33,625,5437,5560,5438,5563,1,11,34
VDSL inc,100,40,5,5,1,6,1,4,16,100,90,0.05,5,20,5,True,True,89.117,19,1500,1448,1448,0,57,15953.421052631578,400,654,True,False,33.612,19,1500,1448,1424,1022,57,24474.105263157893,60,497,59,605,5451,5567,5435,5571,1,11,58
VDSL inc,100,40,5,5,1,6,1,4,16,100,90,0.05,5,20,5,True,True,89.372,19,1500,1448,1448,0,57,15943.421052631578,402,710,True,False,35.226,19,1500,1448,1424,707,57,22316.157894736843,104,494,114,635,5436,5564,5432,5556,2,11,30
VDSL inc,100,40,5,5,1,6,1,4,16,100,90,0.05,5,20,5,True,True,89.243,19,1500,1448,1448,0,57,15989.894736842105,408,661,True,False,34.750,19,1500,1448,1424,766,57,22835.736842105263,66,484,60,609,5442,5571,5439,5575,1,11,70
VDSL inc,100,40,5,5,1,6,1,4,16,100,90,0.05,5,20,5,True,True,89.126,19,1500,1448,1448,0,57,15814.578947368422,417,694,True,False,36.124,19,1500,1448,1424,864,57,23102.21052631579,82,516,112,641,5445,5558,5455,5560,2,12,24
VDSL inc,100,40,5,5,1,6,1,4,16,100,90,0.05,5,20,5,True,True,88.993,19,1500,1448,1448,0,57,15913.421052631578,401,654,True,False,34.983,19,1500,1448,1424,751,57,23987.42105263158,101,533,155,629,5463,5571,5451,5558,3,11,52
VDSL inc,100,40,5,5,1,6,1,4,16,100,90,0.05,5,20,5,True,True,89.497,19,1500,1448,1448,0,57,15908.052631578947,412,709,True,False,36.106,19,1500,1448,1425,993,57,23320.63157894737,85,538,68,652,5443,5566,5444,5569,1,12,36
VDSL inc,100,40,5,5,1,6,1,4,16,100,90,0.05,5,20,5,True,True,89.367,19,1500,1448,1448,0,57,15586.578947368422,284,687,True,False,34.500,19,1500,1448,1425,1169,57,23765.894736842107,70,595,58,638,5433,5550,5450,5552,1,11,2
VDSL inc,100,40,5,5,1,6,1,4,16,100,90,0.05,5,20,5,True,True,89.245,19,1500,1448,1448,0,57,15892.052631578947,391,659,True,False,33.837,19,1500,1448,1425,811,57,23389.473684210527,67,535,54,622,5460,5574,5456,5577,1,11,5
VDSL inc,100,40,5,5,1,6,1,4,16,100,90,0.05,5,20,5,True,True,89.116,19,1500,1448,1448,0,57,15940.736842105263,400,683,True,False,34.489,19,1500,1448,1425,771,57,23129.684210526317,53,563,72,638,5426,5545,5429,5546,1,12,89
VDSL inc,100,40,5,5,1,6,1,4,16,100,90,0.05,5,20,5,True,True,88.866,19,1500,1448,1448,0,57,15916.368421052632,391,660,True,False,35.964,19,1500,1448,1424,792,57,23092.57894736842,94,518,99,600,5462,5568,5457,5568,2,11,74
VDSL inc,100,40,5,5,1,6,1,4,16,100,90,0.05,5,20,5,True,True,89.120,19,1500,1448,1448,0,57,15875.315789473685,401,695,True,False,35.357,19,1500,1448,1425,904,57,23472.052631578947,67,585,52,639,5454,5579,5456,5583,1,11,91
VDSL inc,100,40,5,5,1,6,1,4,16,100,90,0.05,5,20,5,True,True,89.108,19,1500,1448,1448,0,57,15944.631578947368,411,694,True,False,34.124,19,1500,1448,1424,838,57,23109.894736842107,89,497,75,630,5449,5553,5449,5555,1,11,53
VDSL inc,100,40,5,5,1,6,1,4,16,100,90,0.05,5,20,5,True,True,88.864,19,1500,1448,1448,0,57,15805.21052631579,411,696,True,False,34.495,19,1500,1448,1425,883,57,23453.473684210527,45,469,36,631,5457,5564,5453,5565,1,11,21
VDSL inc,100,40,5,5,1,6,1,4,16,100,90,0.05,5,20,5,True,True,89.121,19,1500,1448,1448,0,57,17245.315789473683,278,494,True,False,35.359,19,1500,1448,1425,568,57,23162,97,500,90,493,5442,5577,5442,5580,2,9,55
VDSL inc,100,40,5,5,1,6,1,4,16,100,90,0.05,5,20,5,True,True,89.120,19,1500,1448,1448,0,57,15877.78947368421,397,658,True,False,35.729,19,1500,1448,1425,795,57,23619.473684210527,108,570,104,632,5438,5548,5438,5551,2,11,27
VDSL inc,100,40,5,5,1,6,1,4,16,100,90,0.05,5,20,5,True,True,88.867,19,1500,1448,1448,0,57,15884,401,657,True,False,36.337,19,1500,1448,1425,1187,57,23929.263157894737,78,520,54,623,5449,5564,5453,5564,1,11,77
VDSL inc,100,40,5,5,1,6,1,4,16,100,90,0.05,5,20,5,True,True,89.310,19,1500,1448,1448,0,57,15913,394,639,True,False,35.841,19,1500,1448,1424,1131,57,23475.684210526317,77,575,52,634,5435,5561,5428,5559,1,11,85
VDSL inc,100,40,5,5,1,6,1,4,16,100,90,0.05,5,20,5,True,True,88.748,19,1500,1448,1448,0,57,15899.473684210527,400,670,True,False,35.717,19,1500,1448,1424,1002,57,23605.105263157893,48,538,60,616,5461,5573,5452,5575,1,11,86
VDSL inc,100,40,5,5,1,6,1,4,16,100,90,0.05,5,20,5,True,True,88.495,19,1500,1448,1448,0,57,15908.578947368422,401,684,True,False,34.843,19,1500,1448,1425,1027,57,23631.894736842107,92,528,75,635,5446,5557,5446,5559,1,11,18
VDSL inc,100,40,5,5,1,6,1,4,16,100,90,0.05,5,20,5,True,True,89.246,19,1500,1448,1448,0,57,15930.684210526315,395,704,True,False,34.988,19,1500,1448,1424,648,57,24103.263157894737,89,456,101,640,5436,5562,5428,5557,2,12,22
VDSL inc,100,40,5,5,1,6,1,4,16,100,90,0.05,5,20,5,True,True,89.243,19,1500,1448,1448,0,57,15945.157894736842,389,685,True,False,35.727,19,1500,1448,1424,885,57,23809.36842105263,96,550,103,630,5454,5569,5451,5570,2,11,81
VDSL inc,100,40,5,5,1,6,1,4,16,100,90,0.05,5,20,5,True,True,88.868,19,1500,1448,1448,0,57,15992.684210526315,398,726,True,False,34.498,19,1500,1448,1424,934,57,23307.263157894737,38,427,36,644,5447,5558,5445,5559,1,12,64
VDSL inc,100,40,5,5,1,6,1,4,16,100,90,0.05,5,20,5,True,True,88.614,19,1500,1448,1448,0,57,15875.368421052632,404,690,True,False,35.611,19,1500,1448,1424,877,57,24149.315789473683,119,538,101,631,5445,5550,5444,5550,2,11,7
VDSL inc,100,40,5,5,1,6,1,4,16,100,90,0.05,5,20,5,True,True,88.862,19,1500,1448,1448,0,57,15910.894736842105,386,667,True,False,33.999,19,1500,1448,1424,887,57,23143.57894736842,95,579,93,646,5447,5552,5438,5551,2,12,76
VDSL inc,100,40,5,5,1,6,1,4,16,100,90,0.05,5,20,5,True,True,88.869,19,1500,1448,1448,0,57,15805,389,649,True,False,36.981,19,1500,1448,1425,790,57,22871.105263157893,97,532,100,603,5453,5564,5444,5559,2,11,98
VDSL inc,100,40,5,5,1,6,1,4,16,100,90,0.05,5,20,5,True,True,89.115,19,1500,1448,1448,0,57,15998.526315789473,403,658,True,False,33.494,19,1500,1448,1424,1221,57,24637.21052631579,83,548,91,637,5454,5558,5445,5559,2,11,19
VDSL inc,100,40,5,5,1,6,1,4,16,100,90,0.05,5,20,5,True,True,89.248,19,1500,1448,1448,0,57,15966.263157894737,390,675,True,False,35.465,19,1500,1448,1425,1109,57,23382.947368421053,65,549,58,624,5438,5558,5432,5560,1,11,28
VDSL inc,100,40,5,5,1,6,1,4,16,100,90,0.05,5,20,5,True,True,88.864,19,1500,1448,1448,0,57,15894.684210526315,391,655,True,False,35.220,19,1500,1448,1424,867,57,24159.63157894737,63,586,66,630,5444,5551,5440,5553,1,11,67
VDSL inc,100,40,5,5,1,6,1,4,16,100,90,0.05,5,20,5,True,True,88.584,19,1500,1448,1448,0,57,15924.631578947368,409,644,True,False,36.248,19,1500,1448,1425,955,57,23986.57894736842,68,488,69,604,5422,5555,5422,5559,1,11,61
VDSL inc,100,40,5,5,1,6,1,4,16,100,90,0.05,5,20,5,True,True,89.362,19,1500,1448,1448,0,57,15892.421052631578,400,670,True,False,35.361,19,1500,1448,1424,897,57,23209.36842105263,92,465,68,608,5429,5553,5431,5556,1,11,1
VDSL inc,100,40,5,5,1,6,1,4,16,100,90,0.05,5,20,5,True,True,88.622,19,1500,1448,1448,0,57,15894.315789473685,399,645,True,False,36.109,19,1500,1448,1425,880,57,23875.052631578947,129,576,131,624,5444,5553,5432,5558,2,11,66
VDSL inc,100,40,5,5,1,6,1,4,16,100,90,0.05,5,20,5,True,True,88.870,19,1500,1448,1448,0,57,16031.263157894737,389,665,True,False,33.847,19,1500,1448,1424,769,57,23520.526315789473,106,529,148,633,5447,5557,5455,5557,3,11,40
VDSL inc,100,40,5,5,1,6,1,4,16,100,90,0.05,5,20,5,True,True,88.748,19,1500,1448,1448,0,57,15955.736842105263,407,675,True,False,35.249,19,1500,1448,1424,716,57,24083.052631578947,54,485,94,610,5437,5559,5439,5561,2,11,73
VDSL inc,100,40,5,5,1,6,1,4,16,100,90,0.05,5,20,5,True,True,89.118,19,1500,1448,1448,0,57,15848.157894736842,353,701,True,False,34.732,19,1500,1448,1425,977,57,23962.842105263157,101,523,78,647,5434,5551,5427,5549,1,12,49
VDSL inc,100,40,5,5,1,6,1,4,16,100,90,0.05,5,20,5,True,True,89.271,19,1500,1448,1448,0,57,15841.684210526315,391,662,True,False,34.997,19,1500,1448,1425,1121,57,24758.842105263157,45,529,69,622,5438,5557,5434,5560,1,11,60
VDSL inc,100,40,5,5,1,6,1,4,16,100,90,0.05,5,20,5,True,True,89.221,19,1500,1448,1448,0,57,15842.368421052632,399,695,True,False,33.872,19,1500,1448,1425,1009,57,23183.736842105263,103,505,101,632,5441,5565,5440,5568,2,11,41
VDSL inc,100,40,5,5,1,6,1,4,16,100,90,0.05,5,20,5,True,True,88.736,19,1500,1448,1448,0,57,15979.842105263158,395,679,True,False,35.364,19,1500,1448,1425,546,57,23027.684210526317,94,520,108,624,5440,5567,5426,5568,2,11,10
VDSL inc,100,40,5,5,1,6,1,4,16,100,90,0.05,5,20,5,True,True,88.865,19,1500,1448,1448,0,57,15946.578947368422,393,710,True,False,36.360,19,1500,1448,1424,997,57,24418.63157894737,72,598,47,663,5440,5551,5438,5549,1,12,37
VDSL inc,100,40,5,5,1,6,1,4,16,100,90,0.05,5,20,5,True,True,88.864,19,1500,1448,1448,0,57,15886.368421052632,401,689,True,False,33.847,19,1500,1448,1424,1077,57,24030.157894736843,102,646,98,655,5444,5558,5441,5560,2,12,100
VDSL inc,100,40,5,5,1,6,1,4,16,100,90,0.05,5,20,5,True,True,89.234,19,1500,1448,1448,0,57,15947.315789473685,391,701,True,False,35.124,19,1500,1448,1424,1159,57,23713.736842105263,45,601,63,634,5446,5558,5445,5556,1,11,35
VDSL inc,100,40,5,5,1,6,1,4,16,100,90,0.05,5,20,5,True,True,88.873,19,1500,1448,1448,0,57,15898.842105263158,394,678,True,False,34.240,19,1500,1448,1425,670,57,23263.315789473683,80,480,78,633,5430,5554,5420,5554,1,11,11
VDSL inc,100,40,5,5,1,6,1,4,16,100,90,0.05,5,20,5,True,True,89.123,19,1500,1448,1448,0,57,15889.473684210527,410,662,True,False,35.478,19,1500,1448,1424,936,57,23452.263157894737,73,571,54,633,5439,5569,5438,5568,1,11,94
VDSL inc,100,40,5,5,1,6,1,4,16,100,90,0.05,5,20,5,True,True,88.872,19,1500,1448,1448,0,57,15871.263157894737,401,671,True,False,35.964,19,1500,1448,1424,789,57,23853.315789473683,74,595,98,645,5447,5556,5444,5552,2,12,87
VDSL inc,100,40,5,5,1,6,1,4,16,100,90,0.05,5,20,5,True,True,89.123,19,1500,1448,1448,0,57,15865.105263157895,398,652,True,False,34.625,19,1500,1448,1424,1034,57,23280.473684210527,123,604,150,644,5445,5552,5441,5553,3,12,90
VDSL inc,100,40,5,5,1,6,1,4,16,100,90,0.05,5,20,5,True,True,89.124,19,1500,1448,1448,0,57,15907.315789473685,395,710,True,False,35.097,19,1500,1448,1425,872,57,24236.473684210527,94,531,71,635,5440,5558,5429,5561,1,11,6
VDSL inc,100,40,5,5,1,6,1,4,16,100,90,0.05,5,20,5,True,True,89.246,19,1500,1448,1448,0,57,15914.368421052632,388,661,True,False,35.468,19,1500,1448,1424,1045,57,23534.684210526317,78,573,90,643,5443,5556,5448,5556,2,12,25
VDSL inc,100,40,5,5,1,6,1,4,16,100,90,0.05,5,20,5,True,True,89.370,19,1500,1448,1448,0,57,15906.052631578947,400,672,True,False,35.846,19,1500,1448,1425,1002,57,24020.842105263157,82,496,95,624,5442,5562,5437,5564,2,11,65
VDSL inc,100,40,5,5,1,6,1,4,16,100,90,0.05,5,20,5,True,True,88.990,19,1500,1448,1448,0,57,15717.578947368422,389,705,True,False,35.110,19,1500,1448,1424,843,57,23072.947368421053,74,434,89,644,5453,5554,5452,5555,2,12,54
VDSL inc,100,40,5,5,1,6,1,4,16,100,90,0.05,5,20,5,True,True,88.489,19,1500,1448,1448,0,57,15910.78947368421,401,685,True,False,34.124,19,1500,1448,1425,994,57,24354.473684210527,92,503,75,629,5443,5559,5441,5562,1,11,39
VDSL inc,100,40,5,5,1,6,1,4,16,100,90,0.05,5,20,5,True,True,88.993,19,1500,1448,1448,0,57,15928.21052631579,397,695,True,False,34.854,19,1500,1448,1424,980,57,23801.21052631579,81,532,76,651,5447,5562,5442,5563,1,12,3
VDSL inc,100,40,5,5,1,6,1,4,16,100,90,0.05,5,20,5,True,True,88.989,19,1500,1448,1448,0,57,15595.894736842105,379,669,True,False,35.594,19,1500,1448,1424,1018,57,24079.052631578947,82,529,63,623,5455,5569,5465,5572,1,11,97
VDSL inc,100,40,5,5,1,6,1,4,16,100,90,0.05,5,20,5,True,True,89.113,19,1500,1448,1448,0,57,16091.105263157895,389,678,True,False,36.372,19,1500,1448,1425,879,57,23811.78947368421,72,455,74,611,5436,5559,5447,5563,1,11,33
VDSL inc,100,40,5,5,1,6,1,4,16,100,90,0.05,5,20,5,True,True,88.615,19,1500,1448,1448,0,57,15833.947368421053,388,682,True,False,35.360,19,1500,1448,1424,1054,57,23613.052631578947,55,503,51,632,5441,5561,5441,5563,1,11,47
VDSL inc,100,40,5,5,1,6,1,4,16,100,90,0.05,5,20,5,True,True,88.750,19,1500,1448,1448,0,57,15917.105263157895,398,688,True,False,35.997,19,1500,1448,1424,850,57,24701.736842105263,88,568,76,648,5441,5564,5437,5567,1,12,96
VDSL inc,100,40,5,5,1,6,1,4,16,100,90,0.05,5,20,5,True,True,89.301,19,1500,1448,1448,0,57,15901.473684210527,396,637,True,False,35.858,19,1500,1448,1424,1125,57,23340.894736842107,61,555,57,612,5461,5566,5462,5566,1,11,72
VDSL inc,100,40,5,5,1,6,1,4,16,100,90,0.05,5,20,5,True,True,89.114,19,1500,1448,1448,0,57,15870.052631578947,402,664,True,False,35.587,19,1500,1448,1424,647,57,23676.473684210527,109,504,111,616,5449,5560,5443,5562,2,11,16
VDSL inc,100,40,5,5,1,6,1,4,16,100,90,0.05,5,20,5,True,True,88.862,19,1500,1448,1448,0,57,15778.684210526315,392,686,True,False,35.745,19,1500,1448,1424,999,57,22870.21052631579,114,620,104,636,5453,5556,5452,5558,2,11,8
VDSL inc,100,40,5,5,1,6,1,4,16,100,90,0.05,5,20,5,True,True,88.870,19,1500,1448,1448,0,57,15783.526315789473,366,662,True,False,34.364,19,1500,1448,1424,699,57,24252.78947368421,99,512,114,605,5441,5559,5447,5562,2,11,14
VDSL inc,100,40,5,5,1,6,1,4,16,100,90,0.05,5,20,5,True,True,89.495,19,1500,1448,1448,0,57,15892.21052631579,395,705,True,False,35.732,19,1500,1448,1425,742,57,23238.157894736843,74,584,83,645,5447,5572,5447,5576,2,12,82
VDSL inc,100,40,5,5,1,6,1,4,16,100,90,0.05,5,20,5,True,True,88.998,19,1500,1448,1448,0,57,16065.78947368421,382,692,True,False,36.355,19,1500,1448,1425,1130,57,23573.052631578947,73,475,84,621,5429,5550,5425,5553,2,11,45
VDSL inc,100,40,5,5,1,6,1,4,16,100,90,0.05,5,20,5,True,True,88.727,19,1500,1448,1448,0,57,15917.315789473685,406,673,True,False,35.488,19,1500,1448,1425,1167,57,22693.947368421053,73,576,71,640,5439,5552,5438,5555,1,12,43
VDSL inc,100,40,5,5,1,6,1,4,16,100,90,0.05,5,20,5,True,True,89.113,19,1500,1448,1448,0,57,15877.736842105263,410,672,True,False,33.994,19,1500,1448,1424,1131,57,24169.57894736842,61,537,50,611,5435,5549,5437,5551,1,11,83
VDSL inc,100,40,5,5,1,6,1,4,16,100,90,0.05,5,20,5,True,True,88.994,19,1500,1448,1448,0,57,15934.315789473685,394,696,True,False,34.856,19,1500,1448,1424,932,57,23861.947368421053,90,529,91,618,5440,5551,5435,5553,2,11,63
VDSL inc,100,40,5,5,1,6,1,4,16,100,90,0.05,5,20,5,True,True,88.867,19,1500,1448,1448,0,57,15884.578947368422,404,685,True,False,35.477,19,1500,1448,1425,809,57,24281.157894736843,75,431,99,641,5438,5554,5430,5549,2,12,80
VDSL inc,100,40,5,5,1,6,1,4,16,100,90,0.05,5,20,5,True,True,88.744,19,1500,1448,1448,0,57,15836.631578947368,365,656,True,False,35.498,19,1500,1448,1425,887,57,22932.78947368421,68,542,67,629,5449,5564,5446,5568,1,11,59
VDSL inc,100,40,5,5,1,6,1,4,16,100,90,0.05,5,20,5,True,True,88.864,19,1500,1448,1448,0,57,15896.947368421053,393,646,True,False,35.859,19,1500,1448,1424,1082,57,23369.052631578947,75,513,38,607,5443,5557,5443,5561,1,11,15
VDSL inc,100,40,5,5,1,6,1,4,16,100,90,0.05,5,20,5,True,True,88.864,19,1500,1448,1448,0,57,15927.421052631578,404,680,True,False,35.992,19,1500,1448,1424,1022,57,23810.63157894737,62,539,93,640,5441,5550,5435,5551,2,12,71
VDSL inc,100,40,5,5,1,6,1,4,16,100,90,0.05,5,20,5,True,True,89.113,19,1500,1448,1448,0,57,16031.631578947368,393,682,True,False,34.873,19,1500,1448,1424,681,57,23705.052631578947,100,522,112,632,5435,5552,5428,5554,2,11,42
VDSL inc,100,40,5,5,1,6,1,4,16,100,90,0.05,5,20,5,True,True,88.742,19,1500,1448,1448,0,57,15902,400,629,True,False,34.110,19,1500,1448,1424,869,57,23021.57894736842,117,496,129,606,5446,5559,5447,5562,2,11,51
VDSL inc,100,40,5,5,1,6,1,4,16,100,90,0.05,5,20,5,True,True,89.114,19,1500,1448,1448,0,57,15671.263157894737,369,674,True,False,35.235,19,1500,1448,1424,1037,57,23543.894736842107,92,540,96,632,5451,5566,5446,5571,2,11,57
VDSL inc,100,40,5,5,1,6,1,4,16,100,90,0.05,5,20,5,True,True,89.119,19,1500,1448,1448,0,57,15839.631578947368,399,669,True,False,36.240,19,1500,1448,1424,971,57,23709.894736842107,87,622,58,633,5436,5559,5432,5563,1,11,88
VDSL inc,100,40,5,5,1,6,1,4,16,100,90,0.05,5,20,5,True,True,88.988,19,1500,1448,1448,0,57,15952.421052631578,398,645,True,False,34.492,19,1500,1448,1424,915,57,23608,57,430,64,590,5441,5554,5439,5557,1,11,4
VDSL inc,100,40,5,5,1,6,1,4,16,100,90,0.05,5,20,5,True,True,88.997,19,1500,1448,1448,0,57,15853.684210526315,393,667,True,False,35.732,19,1500,1448,1425,856,57,23452.36842105263,113,507,118,622,5437,5553,5427,5554,2,11,12
Fiber inp,600,300,4,4,1,1,8,4,16,100,90,0.05,5,20,5,True,True,542.712,16,1500,1448,1448,0,48,10216.375,853,1468,True,True,269.145,16,1500,1448,1424,3,133,11725.6875,588,1196,645,1435,6674,6880,6661,6877,10,21,79
Fiber inp,600,300,4,4,1,1,8,4,16,100,90,0.05,5,20,5,True,True,542.057,16,1500,1448,1448,0,48,10510.6875,762,1189,True,True,270.992,16,1500,1448,1424,2,85,11521.125,575,1203,627,1204,6648,6855,6650,6862,9,18,50
Fiber inp,600,300,4,4,1,1,8,4,16,100,90,0.05,5,20,5,True,True,542.332,16,1500,1448,1448,0,48,10473,863,1277,True,True,271.773,16,1500,1448,1425,5,148,11536.4375,603,1121,657,1254,6650,6855,6650,6859,10,18,23
Fiber inp,600,300,4,4,1,1,8,4,16,100,90,0.05,5,20,5,True,True,541.962,16,1500,1448,1448,0,48,10272.9375,716,1352,True,True,272.081,16,1500,1448,1424,2,106,11399.375,642,1165,664,1316,6627,6853,6626,6834,10,19,68
Fiber inp,600,300,4,4,1,1,8,4,16,100,90,0.05,5,20,5,True,True,542.483,16,1500,1448,1448,0,48,10573.6875,768,1315,True,True,272.867,16,1500,1448,1424,3,123,11429.125,531,1148,593,1273,6634,6855,6625,6837,9,19,92
Fiber inp,600,300,4,4,1,1,8,4,16,100,90,0.05,5,20,5,True,True,542.549,16,1500,1448,1448,1,48,10182.5,820,1373,True,True,269.259,16,1500,1448,1424,0,53,11118.6875,724,1164,761,1344,6656,6894,6648,6885,11,20,95
Fiber inp,600,300,4,4,1,1,8,4,16,100,90,0.05,5,20,5,True,True,542.110,16,1500,1448,1448,1,48,10575.875,829,1232,True,True,270.356,16,1500,1448,1424,6,122,11519.375,609,1152,658,1222,6649,6863,6635,6869,10,18,46
Fiber inp,600,300,4,4,1,1,8,4,16,100,90,0.05,5,20,5,True,True,542.353,16,1500,1448,1448,0,48,10475.625,805,1263,True,True,271.244,16,1500,1448,1425,0,90,11494.9375,560,1123,668,1230,6654,6869,6645,6865,10,18,93
Fiber inp,600,300,4,4,1,1,8,4,16,100,90,0.05,5,20,5,True,True,541.956,16,1500,1448,1448,0,48,10092.875,882,1530,True,True,272.383,16,1500,1448,1424,2,100,11586.3125,676,1176,721,1479,6650,6891,6650,6898,11,21,17
Fiber inp,600,300,4,4,1,1,8,4,16,100,90,0.05,5,20,5,True,True,542.244,16,1500,1448,1448,0,48,10492.6875,710,1242,True,True,269.620,16,1500,1448,1425,1,93,11543.5,574,1214,617,1241,6643,6866,6633,6869,9,18,29
Fiber inp,600,300,4,4,1,1,8,4,16,100,90,0.05,5,20,5,True,True,542.117,16,1500,1448,1448,1,48,10100.375,948,1537,True,True,267.211,16,1500,1448,1425,2,130,11343.8125,474,1052,611,1496,6656,6876,6638,6879,9,22,20
Fiber inp,600,300,4,4,1,1,8,4,16,100,90,0.05,5,20,5,True,True,541.985,16,1500,1448,1448,0,48,10741.75,785,1158,True,True,270.368,16,1500,1448,1425,2,107,11538.6875,572,1143,636,1162,6674,6865,6663,6871,10,17,31
Fiber inp,600,300,4,4,1,1,8,4,16,100,90,0.05,5,20,5,True,True,542.357,16,1500,1448,1448,0,48,10488.4375,789,1316,True,True,272.283,16,1500,1448,1424,2,101,11838.9375,563,1229,606,1294,6642,6854,6631,6858,9,19,84
Fiber inp,600,300,4,4,1,1,8,4,16,100,90,0.05,5,20,5,True,True,542.583,16,1500,1448,1448,1,48,10429.5625,822,1278,True,True,268.519,16,1500,1448,1424,1,176,11711.9375,606,1170,669,1258,6648,6899,6644,6905,10,18,13
Fiber inp,600,300,4,4,1,1,8,4,16,100,90,0.05,5,20,5,True,True,542.225,16,1500,1448,1448,0,48,10338.25,849,1348,True,True,271.101,16,1500,1448,1425,1,148,11906.3125,554,1106,613,1317,6644,6849,6627,6842,9,19,62
Fiber inp,600,300,4,4,1,1,8,4,16,100,90,0.05,5,20,5,True,True,541.735,16,1500,1448,1448,0,48,10427.9375,831,1242,True,True,269.513,16,1500,1448,1424,0,76,11122.8125,666,1224,730,1242,6654,6870,6646,6875,11,18,75
Fiber inp,600,300,4,4,1,1,8,4,16,100,90,0.05,5,20,5,True,True,542.291,16,1500,1448,1448,0,48,10469.1875,738,1277,True,True,268.162,16,1500,1448,1425,0,79,11626.1875,528,1216,632,1270,6674,6868,6675,6873,9,18,9
Fiber inp,600,300,4,4,1,1,8,4,16,100,90,0.05,5,20,5,True,True,542.753,16,1500,1448,1448,0,48,10213.3125,946,1473,True,True,270.169,16,1500,1448,1424,4,115,11263.25,648,1283,737,1430,6631,6882,6608,6883,11,21,44
Fiber inp,600,300,4,4,1,1,8,4,16,100,90,0.05,5,20,5,True,True,543.368,16,1500,1448,1448,0,48,11753.4375,502,2147,True,True,273.530,16,1500,1448,1424,1,110,11506.6875,633,1138,535,1716,6642,6857,6660,6861,8,25,48
Fiber inp,600,300,4,4,1,1,8,4,16,100,90,0.05,5,20,5,True,True,541.849,16,1500,1448,1448,0,48,10460.875,810,1353,True,True,273.240,16,1500,1448,1424,1,69,11607.6875,667,1238,696,1332,6646,6860,6596,6848,11,19,99
Fiber inp,600,300,4,4,1,1,8,4,16,100,90,0.05,5,20,5,True,True,541.698,16,1500,1448,1448,0,48,10548,826,1246,True,True,268.733,16,1500,1448,1424,0,97,11529,553,1186,653,1224,6631,6895,6643,6897,10,18,56
Fiber inp,600,300,4,4,1,1,8,4,16,100,90,0.05,5,20,5,True,True,541.880,16,1500,1448,1448,0,48,10309.5625,822,1286,True,True,271.717,16,1500,1448,1425,8,160,11665.4375,579,1210,651,1284,6666,6874,6671,6872,10,19,32
Fiber inp,600,300,4,4,1,1,8,4,16,100,90,0.05,5,20,5,True,True,542.371,16,1500,1448,1448,0,48,10537.3125,825,1172,True,True,268.885,16,1500,1448,1425,1,99,11293.75,687,1230,745,1199,6651,6877,6649,6881,11,17,78
Fiber inp,600,300,4,4,1,1,8,4,16,100,90,0.05,5,20,5,True,True,541.931,16,1500,1448,1448,0,48,10294.75,708,1304,True,True,271.619,16,1500,1448,1425,1,136,11288.25,632,1191,660,1281,6680,6873,6677,6878,10,19,38
Fiber inp,600,300,4,4,1,1,8,4,16,100,90,0.05,5,20,5,True,True,542.205,16,1500,1448,1448,0,48,10248.875,818,1416,True,True,270.216,16,1500,1448,1424,0,68,11605.3125,633,1125,686,1377,6597,6848,6593,6852,10,20,26
Fiber inp,600,300,4,4,1,1,8,4,16,100,90,0.05,5,20,5,True,True,542.048,16,1500,1448,1448,0,48,10536.625,823,1214,True,True,271.120,16,1500,1448,1424,3,83,11496.125,628,1201,682,1212,6667,6882,6666,6888,10,18,69
Fiber inp,600,300,4,4,1,1,8,4,16,100,90,0.05,5,20,5,True,True,542.457,16,1500,1448,1448,0,48,10323.5625,734,1381,True,True,271.959,16,1500,1448,1424,0,70,11488.4375,659,1216,684,1330,6666,6883,6670,6879,10,19,34
Fiber inp,600,300,4,4,1,1,8,4,16,100,90,0.05,5,20,5,True,True,542.498,16,1500,1448,1448,0,48,10227.625,973,1382,True,True,272.222,16,1500,1448,1425,0,58,11310.625,626,1159,686,1364,6643,6876,6643,6882,10,20,58
Fiber inp,600,300,4,4,1,1,8,4,16,100,90,0.05,5,20,5,True,True,542.051,16,1500,1448,1448,0,48,10041.5625,896,1536,True,True,272.464,16,1500,1448,1424,5,99,11246.75,644,1258,720,1498,6644,6864,6669,6869,11,22,30
Fiber inp,600,300,4,4,1,1,8,4,16,100,90,0.05,5,20,5,True,True,542.425,16,1500,1448,1448,0,48,10200.1875,928,1438,True,True,272.597,16,1500,1448,1424,1,91,11311.3125,572,1131,647,1402,6649,6890,6640,6890,10,20,70
Fiber inp,600,300,4,4,1,1,8,4,16,100,90,0.05,5,20,5,True,True,542.226,16,1500,1448,1448,1,48,10182.125,942,1425,True,True,271.855,16,1500,1448,1425,2,110,11349.8125,655,1269,702,1400,6624,6850,6633,6855,11,20,24
Fiber inp,600,300,4,4,1,1,8,4,16,100,90,0.05,5,20,5,True,True,541.992,16,1500,1448,1448,0,48,10301.8125,863,1323,True,True,270.813,16,1500,1448,1425,1,81,11444.4375,639,1192,695,1295,6650,6870,6650,6875,10,19,52
Fiber inp,600,300,4,4,1,1,8,4,16,100,90,0.05,5,20,5,True,True,541.455,16,1500,1448,1448,0,48,10219.75,822,1418,True,True,273.081,16,1500,1448,1424,0,142,11698.6875,555,1155,623,1387,6638,6875,6640,6878,9,20,36
Fiber inp,600,300,4,4,1,1,8,4,16,100,90,0.05,5,20,5,True,True,542.366,16,1500,1448,1448,0,48,10441.8125,789,1245,True,True,271.739,16,1500,1448,1424,1,72,11300.6875,641,1139,705,1228,6646,6862,6640,6870,11,18,2
Fiber inp,600,300,4,4,1,1,8,4,16,100,90,0.05,5,20,5,True,True,542.163,16,1500,1448,1448,1,48,10383.25,829,1265,True,True,272.358,16,1500,1448,1425,7,104,11615.4375,648,1183,680,1252,6650,6885,6642,6885,10,18,5
Fiber inp,600,300,4,4,1,1,8,4,16,100,90,0.05,5,20,5,True,True,541.999,16,1500,1448,1448,0,48,10408.25,859,1281,True,True,269.375,16,1500,1448,1424,2,90,11309.4375,628,1192,689,1266,6630,6874,6630,6879,10,18,89
Fiber inp,600,300,4,4,1,1,8,4,16,100,90,0.05,5,20,5,True,True,542.398,16,1500,1448,1448,0,48,10289.6875,811,1333,True,True,271.708,16,1500,1448,1425,1,94,11513.5,622,1172,674,1302,6667,6873,6667,6878,10,19,74
Fiber inp,600,300,4,4,1,1,8,4,16,100,90,0.05,5,20,5,True,True,542.120,16,1500,1448,1448,0,48,10350.1875,842,1318,True,True,269.951,16,1500,1448,1425,2,87,11564.125,523,1060,634,1291,6631,6847,6622,6849,10,19,91
Fiber inp,600,300,4,4,1,1,8,4,16,100,90,0.05,5,20,5,True,True,541.879,16,1500,1448,1448,0,48,10115.1875,745,1570,True,True,270.569,16,1500,1448,1425,0,54,11224.75,692,1161,702,1532,6646,6868,6641,6864,11,22,53
Fiber inp,600,300,4,4,1,1,8,4,16,100,90,0.05,5,20,5,True,True,542.356,16,1500,1448,1448,0,48,10299.5,851,1355,True,True,269.935,16,1500,1448,1424,1,138,11452.375,612,1193,656,1330,6680,6854,6683,6856,10,19,21
Fiber inp,600,300,4,4,1,1,8,4,16,100,90,0.05,5,20,5,True,True,541.991,16,1500,1448,1448,1,48,10490.1875,799,1217,True,True,269.693,16,1500,1448,1424,3,96,11489.6875,517,1123,624,1202,6652,6869,6647,6873,9,17,55
Fiber inp,600,300,4,4,1,1,8,4,16,100,90,0.05,5,20,5,True,True,542.528,16,1500,1448,1448,0,48,10265.625,861,1476,True,True,270.955,16,1500,1448,1424,0,117,11464.75,558,1190,653,1437,6656,6853,6648,6854,10,21,27
Fiber inp,600,300,4,4,1,1,8,4,16,100,90,0.05,5,20,5,True,True,542.075,16,1500,1448,1448,0,48,10353,823,1271,True,True,272.486,16,1500,1448,1424,1,173,11583.5,477,1093,593,1244,6663,6857,6651,6859,9,18,77
Fiber inp,600,300,4,4,1,1,8,4,16,100,90,0.05,5,20,5,True,True,542.351,16,1500,1448,1448,0,48,10491.75,780,1247,True,True,272.953,16,1500,1448,1425,7,106,11510.1875,590,1112,628,1224,6665,6858,6662,6862,9,18,85
Fiber inp,600,300,4,4,1,1,8,4,16,100,90,0.05,5,20,5,True,True,542.122,16,1500,1448,1448,0,48,9967.0625,956,1641,True,True,269.997,16,1500,1448,1425,0,88,11197,678,1127,756,1593,6655,6859,6674,6857,11,23,86
Fiber inp,600,300,4,4,1,1,8,4,16,100,90,0.05,5,20,5,True,True,542.848,16,1500,1448,1448,0,48,10457.25,840,1312,True,True,270.924,16,1500,1448,1425,2,110,11554.5625,547,1125,627,1284,6635,6869,6628,6871,9,19,18
Fiber inp,600,300,4,4,1,1,8,4,16,100,90,0.05,5,20,5,True,True,542.190,16,1500,1448,1448,0,48,10372.25,865,1359,True,True,269.613,16,1500,1448,1424,1,145,11402.4375,585,1178,646,1317,6627,6862,6618,6863,10,19,22
Fiber inp,600,300,4,4,1,1,8,4,16,100,90,0.05,5,20,5,True,True,541.389,16,1500,1448,1448,0,48,10522.375,809,1213,True,True,266.881,16,1500,1448,1424,1,112,11281,681,1220,747,1219,6656,6855,6641,6860,11,18,81
Fiber inp,600,300,4,4,1,1,8,4,16,100,90,0.05,5,20,5,True,True,542.111,16,1500,1448,1448,1,48,10814.1875,666,1267,True,True,273.447,16,1500,1448,1425,2,126,11665.875,582,1204,640,1249,6641,6858,6640,6847,10,18,64
Fiber inp,600,300,4,4,1,1,8,4,16,100,90,0.05,5,20,5,True,True,542.348,16,1500,1448,1448,0,48,10351.3125,834,1308,True,True,271.533,16,1500,1448,1425,0,69,11186,602,1188,627,1295,6671,6881,6673,6888,9,19,7
Fiber inp,600,300,4,4,1,1,8,4,16,100,90,0.05,5,20,5,True,True,541.797,16,1500,1448,1448,0,48,10370.0625,756,1302,True,True,270.201,16,1500,1448,1424,4,124,11359.125,672,1146,693,1272,6657,6866,6657,6869,10,19,76
Fiber inp,600,300,4,4,1,1,8,4,16,100,90,0.05,5,20,5,True,True,542.358,16,1500,1448,1448,1,48,10363.1875,983,1432,True,True,270.226,16,1500,1448,1424,0,99,11388.1875,525,1163,607,1400,6662,6862,6654,6866,9,20,98
Fiber inp,600,300,4,4,1,1,8,4,16,100,90,0.05,5,20,5,True,True,542.243,16,1500,1448,1448,0,48,10321.125,759,1425,True,True,269.810,16,1500,1448,1424,1,121,11598.0625,590,1210,624,1362,6655,6866,6660,6873,9,20,19
Fiber inp,600,300,4,4,1,1,8,4,16,100,90,0.05,5,20,5,True,True,542.117,16,1500,1448,1448,0,48,10419.4375,839,1216,True,True,270.098,16,1500,1448,1424,3,119,11530.8125,536,1191,629,1223,6671,6875,6663,6880,9,18,28
Fiber inp,600,300,4,4,1,1,8,4,16,100,90,0.05,5,20,5,True,True,542.093,16,1500,1448,1448,0,48,10360.4375,810,1309,True,True,269.596,16,1500,1448,1424,6,118,11344.25,536,1138,615,1276,6673,6877,6660,6874,9,19,67
Fiber inp,600,300,4,4,1,1,8,4,16,100,90,0.05,5,20,5,True,True,542.286,16,1500,1448,1448,0,48,10359.5625,814,1277,True,True,270.988,16,1500,1448,1424,1,75,11974.9375,548,1275,621,1286,6649,6865,6622,6863,9,19,61
Fiber inp,600,300,4,4,1,1,8,4,16,100,90,0.05,5,20,5,True,True,541.997,16,1500,1448,1448,0,48,10361.3125,791,1293,True,True,272.099,16,1500,1448,1425,3,132,11359.0625,589,1163,692,1268,6654,6861,6647,6859,10,18,1
Fiber inp,600,300,4,4,1,1,8,4,16,100,90,0.05,5,20,5,True,True,542.085,16,1500,1448,1448,0,48,10446.625,845,1249,True,True,268.126,16,1500,1448,1424,3,127,11514.3125,510,1133,624,1233,6646,6857,6651,6864,9,18,66
Fiber inp,600,300,4,4,1,1,8,4,16,100,90,0.05,5,20,5,True,True,542.622,16,1500,1448,1448,0,48,10403.4375,858,1234,True,True,270.225,16,1500,1448,1425,8,133,11635.25,670,1212,706,1245,6682,6900,6673,6905,11,18,40
Fiber inp,600,300,4,4,1,1,8,4,16,100,90,0.05,5,20,5,True,True,542.047,16,1500,1448,1448,0,48,10442.25,834,1294,True,True,269.975,16,1500,1448,1424,2,115,11449.25,595,1197,663,1268,6661,6846,6657,6849,10,19,73
Fiber inp,600,300,4,4,1,1,8,4,16,100,90,0.05,5,20,5,True,True,541.837,16,1500,1448,1448,0,48,10538.3125,776,1168,True,True,271.822,16,1500,1448,1424,0,67,11420.375,616,1195,653,1183,6635,6843,6634,6849,10,17,49
Fiber inp,600,300,4,4,1,1,8,4,16,100,90,0.05,5,20,5,True,True,541.969,16,1500,1448,1448,0,48,10504.375,765,1231,True,True,270.107,16,1500,1448,1425,3,107,11484.75,628,1174,672,1224,6635,6856,6625,6861,10,18,60
Fiber inp,600,300,4,4,1,1,8,4,16,100,90,0.05,5,20,5,True,True,541.925,16,1500,1448,1448,0,48,10348.375,788,1356,True,True,270.280,16,1500,1448,1425,0,84,11268.75,510,1136,595,1325,6638,6852,6642,6855,9,19,41
Fiber inp,600,300,4,4,1,1,8,4,16,100,90,0.05,5,20,5,True,True,542.129,16,1500,1448,1448,0,48,10434.0625,835,1287,True,True,271.874,16,1500,1448,1424,0,90,11278.125,613,1218,684,1280,6666,6861,6660,6861,10,19,10
Fiber inp,600,300,4,4,1,1,8,4,16,100,90,0.05,5,20,5,True,True,542.352,16,1500,1448,1448,1,48,10206.4375,812,1455,True,True,269.188,16,1500,1448,1425,3,108,11173.125,712,1207,740,1402,6666,6849,6663,6849,11,20,37
Fiber inp,600,300,4,4,1,1,8,4,16,100,90,0.05,5,20,5,True,True,541.893,16,1500,1448,1448,0,48,10429.5,890,1283,True,True,271.753,16,1500,1448,1425,6,104,11140.3125,661,1146,724,1254,6634,6850,6642,6841,11,18,100
Fiber inp,600,300,4,4,1,1,8,4,16,100,90,0.05,5,20,5,True,True,542.215,16,1500,1448,1448,0,48,10535.875,821,1228,True,True,269.093,16,1500,1448,1424,1,77,11547.625,639,1261,685,1249,6615,6876,6615,6885,10,18,35
Fiber inp,600,300,4,4,1,1,8,4,16,100,90,0.05,5,20,5,True,True,540.867,16,1500,1448,1448,0,48,10370.8125,813,1285,True,True,272.008,16,1500,1448,1425,0,107,11101.25,551,1183,639,1256,6651,6894,6644,6900,10,18,11
Fiber inp,600,300,4,4,1,1,8,4,16,100,90,0.05,5,20,5,True,True,541.947,16,1500,1448,1448,0,48,10437.75,825,1241,True,True,271.575,16,1500,1448,1425,5,137,11444.6875,555,1222,619,1255,6680,6867,6679,6873,9,18,94
Fiber inp,600,300,4,4,1,1,8,4,16,100,90,0.05,5,20,5,True,True,542.470,16,1500,1448,1448,0,48,10152.625,810,1498,True,True,270.355,16,1500,1448,1425,0,112,11246.6875,514,1122,569,1457,6641,6865,6645,6834,9,21,87
Fiber inp,600,300,4,4,1,1,8,4,16,100,90,0.05,5,20,5,True,True,541.726,16,1500,1448,1448,1,48,10321,803,1392,True,True,270.125,16,1500,1448,1425,10,183,11573.625,634,1165,673,1354,6638,6856,6636,6862,10,20,90
Fiber inp,600,300,4,4,1,1,8,4,16,100,90,0.05,5,20,5,True,True,542.537,16,1500,1448,1448,0,48,10438.6875,869,1340,True,True,271.209,16,1500,1448,1425,3,115,11587.6875,580,1154,629,1314,6646,6864,6630,6868,9,19,6
Fiber inp,600,300,4,4,1,1,8,4,16,100,90,0.05,5,20,5,True,True,542.302,16,1500,1448,1448,0,48,10511.4375,721,1262,True,True,271.221,16,1500,1448,1424,4,121,11567.75,604,1245,647,1258,6644,6845,6637,6849,10,18,25
Fiber inp,600,300,4,4,1,1,8,4,16,100,90,0.05,5,20,5,True,True,542.368,16,1500,1448,1448,0,48,10465.875,738,1311,True,True,269.601,16,1500,1448,1424,1,122,11016.9375,707,1216,715,1271,6650,6845,6648,6827,11,19,65
Fiber inp,600,300,4,4,1,1,8,4,16,100,90,0.05,5,20,5,True,True,541.874,16,1500,1448,1448,0,48,10325.625,655,1347,True,True,271.616,16,1500,1448,1424,0,65,11406.875,680,1234,666,1314,6659,6856,6664,6859,10,19,54
Fiber inp,600,300,4,4,1,1,8,4,16,100,90,0.05,5,20,5,True,True,541.939,16,1500,1448,1448,0,48,10309,679,1368,True,True,270.499,16,1500,1448,1424,0,67,11600.9375,656,1131,660,1323,6653,6875,6624,6879,10,19,39
Fiber inp,600,300,4,4,1,1,8,4,16,100,90,0.05,5,20,5,True,True,542.092,16,1500,1448,1448,1,48,10473.9375,675,1270,True,True,264.882,16,1500,1448,1425,0,101,11777,636,1185,640,1252,6657,6881,6639,6880,10,18,3
Fiber inp,600,300,4,4,1,1,8,4,16,100,90,0.05,5,20,5,True,True,542.242,16,1500,1448,1448,0,48,9980.875,944,1657,True,True,269.743,16,1500,1448,1424,0,55,11232.9375,690,1160,723,1602,6643,6860,6652,6865,11,23,97
Fiber inp,600,300,4,4,1,1,8,4,16,100,90,0.05,5,20,5,True,True,542.036,16,1500,1448,1448,0,48,10600.4375,829,1245,True,True,271.654,16,1500,1448,1424,6,167,11652.8125,464,1159,604,1217,6648,6871,6648,6837,9,18,33
Fiber inp,600,300,4,4,1,1,8,4,16,100,90,0.05,5,20,5,True,True,543.252,16,1500,1448,1448,0,48,10207.5625,920,1405,True,True,272.423,16,1500,1448,1424,0,60,11544.8125,588,1075,637,1364,6653,6861,6641,6866,10,20,47
Fiber inp,600,300,4,4,1,1,8,4,16,100,90,0.05,5,20,5,True,True,541.274,16,1500,1448,1448,0,48,10545.3125,769,1241,True,True,273.207,16,1500,1448,1424,4,118,11685.375,588,1151,606,1226,6638,6864,6602,6867,9,18,96
Fiber inp,600,300,4,4,1,1,8,4,16,100,90,0.05,5,20,5,True,True,541.787,16,1500,1448,1448,0,48,10571.125,774,1206,True,True,270.427,16,1500,1448,1425,0,113,10867.4375,701,1367,729,1306,6663,6857,6657,6860,11,19,72
Fiber inp,600,300,4,4,1,1,8,4,16,100,90,0.05,5,20,5,True,True,542.117,16,1500,1448,1448,0,48,10582.8125,807,1189,True,True,272.285,16,1500,1448,1425,0,82,11623.25,659,1169,703,1192,6643,6854,6639,6857,11,17,16
Fiber inp,600,300,4,4,1,1,8,4,16,100,90,0.05,5,20,5,True,True,541.870,16,1500,1448,1448,0,48,10109.25,823,1595,True,True,270.323,16,1500,1448,1424,1,66,11035.5625,717,1169,745,1540,6650,6867,6654,6867,11,22,8
Fiber inp,600,300,4,4,1,1,8,4,16,100,90,0.05,5,20,5,True,True,541.675,16,1500,1448,1448,0,48,10296.5,917,1417,True,True,274.362,16,1500,1448,1424,14,180,11574.4375,576,1172,646,1373,6649,6861,6648,6867,10,20,14
Fiber inp,600,300,4,4,1,1,8,4,16,100,90,0.05,5,20,5,True,True,542.229,16,1500,1448,1448,0,48,10231.4375,884,1440,True,True,269.827,16,1500,1448,1424,5,95,11360.4375,612,1201,687,1406,6644,6843,6644,6844,10,21,82
Fiber inp,600,300,4,4,1,1,8,4,16,100,90,0.05,5,20,5,True,True,541.866,16,1500,1448,1448,0,48,10293.3125,849,1301,True,True,269.971,16,1500,1448,1424,7,94,11492,636,1208,681,1294,6631,6865,6636,6872,10,19,45
Fiber inp,600,300,4,4,1,1,8,4,16,100,90,0.05,5,20,5,True,True,542.099,16,1500,1448,1448,1,48,10580.125,779,1183,True,True,270.865,16,1500,1448,1424,1,103,11135.5,503,1156,573,1177,6648,6889,6646,6896,9,17,43
Fiber inp,600,300,4,4,1,1,8,4,16,100,90,0.05,5,20,5,True,True,541.745,16,1500,1448,1448,1,48,10366.125,763,1312,True,True,271.009,16,1500,1448,1425,1,73,11498.875,584,1110,643,1273,6665,6860,6662,6849,10,19,83
Fiber inp,600,300,4,4,1,1,8,4,16,100,90,0.05,5,20,5,True,True,542.032,16,1500,1448,1448,0,48,10428.0625,872,1319,True,True,268.122,16,1500,1448,1424,1,90,11487.0625,651,1284,687,1316,6637,6851,6629,6854,10,19,63
Fiber inp,600,300,4,4,1,1,8,4,16,100,90,0.05,5,20,5,True,True,542.344,16,1500,1448,1448,0,48,10325.5,903,1317,True,True,270.501,16,1500,1448,1425,3,65,11241.125,696,1133,757,1289,6649,6859,6643,6862,11,19,80
Fiber inp,600,300,4,4,1,1,8,4,16,100,90,0.05,5,20,5,True,True,541.593,16,1500,1448,1448,0,48,10495.1875,794,1199,True,True,270.547,16,1500,1448,1425,9,127,11647.6875,620,1210,678,1215,6675,6853,6671,6858,10,18,59
Fiber inp,600,300,4,4,1,1,8,4,16,100,90,0.05,5,20,5,True,True,541.984,16,1500,1448,1448,0,48,10330.375,886,1363,True,True,270.558,16,1500,1448,1425,1,70,11294,404,1169,633,1328,6628,6880,6640,6886,10,19,15
Fiber inp,600,300,4,4,1,1,8,4,16,100,90,0.05,5,20,5,True,True,542.307,16,1500,1448,1448,1,48,10409.5,831,1303,True,True,271.097,16,1500,1448,1424,0,62,11209.625,696,1170,753,1272,6662,6881,6655,6885,11,18,71
Fiber inp,600,300,4,4,1,1,8,4,16,100,90,0.05,5,20,5,True,True,541.953,16,1500,1448,1448,0,48,10594.375,784,1146,True,True,270.591,16,1500,1448,1424,1,111,11577.9375,639,1169,683,1160,6653,6861,6658,6863,10,17,42
Fiber inp,600,300,4,4,1,1,8,4,16,100,90,0.05,5,20,5,True,True,542.081,16,1500,1448,1448,1,48,10453.5625,809,1290,True,True,269.974,16,1500,1448,1425,3,144,11430.125,478,1197,638,1267,6670,6867,6671,6873,10,18,51
Fiber inp,600,300,4,4,1,1,8,4,16,100,90,0.05,5,20,5,True,True,542.373,16,1500,1448,1448,1,48,10282.4375,882,1373,True,True,271.409,16,1500,1448,1424,19,173,11216.625,640,1178,709,1335,6632,6862,6625,6869,11,19,57
Fiber inp,600,300,4,4,1,1,8,4,16,100,90,0.05,5,20,5,True,True,541.991,16,1500,1448,1448,0,48,10286.8125,928,1389,True,True,270.690,16,1500,1448,1424,6,140,11631.25,601,1203,659,1352,6617,6866,6626,6870,10,20,88
Fiber inp,600,300,4,4,1,1,8,4,16,100,90,0.05,5,20,5,True,True,542.002,16,1500,1448,1448,0,48,10315.4375,712,1358,True,True,268.992,16,1500,1448,1425,2,119,11618.125,575,1035,609,1325,6644,6851,6644,6851,9,19,4
Fiber inp,600,300,4,4,1,1,8,4,16,100,90,0.05,5,20,5,True,True,541.835,16,1500,1448,1448,0,48,10365.25,757,1316,True,True,270.961,16,1500,1448,1425,5,85,11630.625,606,1187,654,1290,6632,6862,6614,6861,10,19,12
Fiber inp,600,300,4,4,1,1,2,4,16,100,90,0.05,5,20,5,True,True,542.381,14,1500,1448,1448,0,42,10427.07142857143,898,1668,True,True,268.824,16,1500,1448,1424,0,67,11714.5625,557,1172,611,1570,6651,6866,6653,6870,9,23,79
Fiber inp,600,300,4,4,1,1,2,4,16,100,90,0.05,5,20,5,True,True,542.204,13,1500,1448,1448,0,42,10221.714285714286,977,1737,True,True,271.219,16,1500,1448,1424,0,100,11725.875,583,1188,642,1648,6631,6850,6626,6854,10,24,50
Fiber inp,600,300,4,4,1,1,2,4,16,100,90,0.05,5,20,5,True,True,541.832,11,1500,1448,1448,0,36,10143.666666666666,1045,1834,True,True,272.332,14,1500,1448,1424,0,64,11491.666666666666,654,1299,718,1734,6681,6869,6666,6872,11,25,23
Fiber inp,600,300,4,4,1,1,2,4,16,100,90,0.05,5,20,5,True,True,544.250,14,1500,1448,1448,0,42,10087.285714285714,1108,1732,True,True,272.151,11,1500,1448,1424,0,40,11215.583333333334,729,1383,808,1658,6661,6869,6658,6876,12,24,68
Fiber inp,600,300,4,4,1,1,2,4,16,100,90,0.05,5,20,5,True,True,542.246,16,1500,1448,1448,0,48,10371.1875,982,1787,True,True,272.093,16,1500,1448,1425,0,65,11450.0625,592,1244,652,1633,6663,6864,6663,6869,10,24,92
Fiber inp,600,300,4,4,1,1,2,4,16,100,90,0.05,5,20,5,True,True,542.394,16,1500,1448,1448,0,48,10540.8125,821,1393,True,True,272.494,16,1500,1448,1424,0,65,11431.125,649,1266,714,1349,6665,6869,6659,6871,11,20,95
Fiber inp,600,300,4,4,1,1,2,4,16,100,90,0.05,5,20,5,True,True,542.353,12,1500,1448,1448,0,36,10177.666666666666,1128,1700,True,True,270.159,16,1500,1448,1424,0,103,11917.3125,536,1134,597,1650,6658,6855,6664,6859,9,24,46
Fiber inp,600,300,4,4,1,1,2,4,16,100,90,0.05,5,20,5,True,True,542.529,16,1500,1448,1448,0,48,10487.3125,819,1416,True,True,271.609,16,1500,1448,1425,0,102,11834.9375,609,1287,671,1357,6672,6876,6663,6882,10,20,93
Fiber inp,600,300,4,4,1,1,2,4,16,100,90,0.05,5,20,5,True,True,542.551,16,1500,1448,1448,0,48,10623.625,839,1412,True,True,272.247,12,1500,1448,1424,1,73,11543.846153846154,645,1308,709,1370,6657,6873,6658,6875,11,20,17
Fiber inp,600,300,4,4,1,1,2,4,16,100,90,0.05,5,20,5,True,True,542.551,11,1500,1448,1448,0,36,10208.833333333334,1098,1708,True,True,271.854,15,1500,1448,1424,0,56,11495.5,617,1264,727,1658,6702,6879,6694,6880,11,24,29
Fiber inp,600,300,4,4,1,1,2,4,16,100,90,0.05,5,20,5,True,True,542.629,14,1500,1448,1448,0,45,10382.8,836,1588,True,True,273.323,16,1500,1448,1424,0,60,11668.3125,564,1402,637,1507,6636,6861,6646,6867,10,22,20
Fiber inp,600,300,4,4,1,1,2,4,16,100,90,0.05,5,20,5,True,True,542.607,13,1500,1448,1448,1,42,10565.142857142857,872,1615,True,True,271.438,16,1500,1448,1425,4,61,11112.875,806,1359,834,1527,6653,6869,6645,6838,13,22,31
Fiber inp,600,300,4,4,1,1,2,4,16,100,90,0.05,5,20,5,True,True,543.031,16,1500,1448,1448,0,48,10554.0625,800,1542,True,True,270.349,16,1500,1448,1424,0,94,11586.4375,560,1239,650,1466,6659,6893,6652,6898,10,21,84
Fiber inp,600,300,4,4,1,1,2,4,16,100,90,0.05,5,20,5,True,True,542.618,16,1500,1448,1448,0,48,10406.4375,849,1413,True,True,272.888,12,1500,1448,1424,0,92,11637.166666666666,646,1401,706,1414,6640,6850,6629,6855,11,21,13
Fiber inp,600,300,4,4,1,1,2,4,16,100,90,0.05,5,20,5,True,True,542.673,12,1500,1448,1448,0,39,10301.23076923077,968,1661,True,True,271.664,16,1500,1448,1425,0,58,11590.625,535,1131,610,1595,6599,6844,6587,6847,9,23,62
Fiber inp,600,300,4,4,1,1,2,4,16,100,90,0.05,5,20,5,True,True,542.833,13,1500,1448,1448,0,42,10522.857142857143,875,1541,True,True,270.871,16,1500,1448,1424,0,63,11892.4375,586,1257,640,1479,6662,6862,6661,6867,10,22,75
Fiber inp,600,300,4,4,1,1,2,4,16,100,90,0.05,5,20,5,True,True,542.584,16,1500,1448,1448,0,48,10615.3125,737,1655,True,True,271.302,16,1500,1448,1424,1,101,11298.625,620,1155,689,1382,6644,6872,6640,6872,10,20,9
Fiber inp,600,300,4,4,1,1,2,4,16,100,90,0.05,5,20,5,True,True,542.644,14,1500,1448,1448,0,45,11033.733333333334,739,1538,True,True,270.948,16,1500,1448,1424,0,56,12193.25,569,1347,622,1464,6661,6849,6654,6848,9,21,44
Fiber inp,600,300,4,4,1,1,2,4,16,100,90,0.05,5,20,5,True,True,541.493,14,1500,1448,1448,0,45,10359.133333333333,993,1571,True,True,273.692,15,1500,1448,1424,3,63,11414,644,1476,703,1538,6657,6863,6656,6868,11,22,48
Fiber inp,600,300,4,4,1,1,2,4,16,100,90,0.05,5,20,5,True,True,542.112,16,1500,1448,1448,0,48,10517.1875,848,1357,True,True,272.119,14,1500,1448,1425,0,58,11704.933333333332,606,1190,690,1294,6640,6872,6636,6858,10,19,99
Fiber inp,600,300,4,4,1,1,2,4,16,100,90,0.05,5,20,5,True,True,541.864,16,1500,1448,1448,0,48,10344.875,897,1458,True,True,271.495,13,1500,1448,1424,0,69,11696.214285714286,587,1305,678,1414,6653,6845,6639,6846,10,21,56
Fiber inp,600,300,4,4,1,1,2,4,16,100,90,0.05,5,20,5,True,True,542.010,15,1500,1448,1448,0,45,10354.466666666667,916,1562,True,True,270.506,12,1500,1448,1424,0,83,11430.23076923077,708,1377,773,1489,6644,6862,6636,6864,12,22,32
Fiber inp,600,300,4,4,1,1,2,4,16,100,90,0.05,5,20,5,True,True,542.239,16,1500,1448,1448,1,48,10536.0625,856,1483,True,True,273.016,16,1500,1448,1424,1,76,11607.75,641,1215,691,1394,6650,6861,6644,6865,10,20,78
Fiber inp,600,300,4,4,1,1,2,4,16,100,90,0.05,5,20,5,True,True,542.233,16,1500,1448,1448,0,48,10661.125,758,1365,True,True,272.547,16,1500,1448,1424,0,119,11746.125,582,1459,646,1457,6652,6868,6659,6869,10,21,38
Fiber inp,600,300,4,4,1,1,2,4,16,100,90,0.05,5,20,5,True,True,542.783,15,1500,1448,1448,0,45,10356.466666666667,998,1559,True,True,270.491,15,1500,1448,1425,1,72,11459.4375,651,1256,721,1505,6623,6856,6653,6859,11,22,26
Fiber inp,600,300,4,4,1,1,2,4,16,100,90,0.05,5,20,5,True,True,542.397,11,1500,1448,1448,0,36,9944.916666666666,1147,1895,True,True,270.827,15,1500,1448,1425,0,79,11507.0625,617,1208,673,1814,6623,6857,6593,6851,10,26,69
Fiber inp,600,300,4,4,1,1,2,4,16,100,90,0.05,5,20,5,True,True,542.729,14,1500,1448,1448,0,42,10547.5,798,1713,True,True,274.111,12,1500,1448,1424,0,80,11316.384615384615,681,1331,734,1589,6621,6859,6633,6866,11,23,34
Fiber inp,600,300,4,4,1,1,2,4,16,100,90,0.05,5,20,5,True,False,541.926,16,1500,1448,1448,0,48,10566.3125,770,1584,True,True,272.238,15,1500,1448,1425,0,75,11514.9375,610,1166,657,1414,6647,6852,6654,6853,10,21,58
Fiber inp,600,300,4,4,1,1,2,4,16,100,90,0.05,5,20,5,True,True,542.497,16,1500,1448,1448,0,48,10572.25,747,1464,True,True,271.347,16,1500,1448,1425,0,171,11327.1875,621,1221,690,1369,6648,6860,6652,6862,10,20,30
Fiber inp,600,300,4,4,1,1,2,4,16,100,90,0.05,5,20,5,True,True,542.611,15,1500,1448,1448,0,45,10507.133333333333,868,1571,True,True,271.863,16,1500,1448,1425,3,110,11612.5,550,1184,613,1470,6658,6868,6644,6874,9,21,70
Fiber inp,600,300,4,4,1,1,2,4,16,100,90,0.05,5,20,5,False,True,542.242,16,1500,1448,1448,0,48,10152.9375,1052,1601,True,True,270.383,16,1500,1448,1425,0,74,11685.125,569,1080,616,1528,6658,6858,6645,6862,9,22,24
Fiber inp,600,300,4,4,1,1,2,4,16,100,90,0.05,5,20,5,True,True,542.499,16,1500,1448,1448,0,48,10363.375,927,1497,True,True,271.283,15,1500,1448,1425,0,106,11855.6875,560,1272,639,1421,6634,6868,6627,6870,10,21,52
Fiber inp,600,300,4,4,1,1,2,4,16,100,90,0.05,5,20,5,True,True,542.467,16,1500,1448,1448,0,48,10341.3125,901,1321,True,True,271.719,11,1500,1448,1424,0,78,11528.5,640,1395,728,1363,6641,6854,6641,6857,11,20,36
Fiber inp,600,300,4,4,1,1,2,4,16,100,90,0.05,5,20,5,True,True,542.074,14,1500,1448,1448,0,45,10366.2,964,1542,True,True,270.782,14,1500,1448,1424,0,71,11735.2,582,1844,656,1755,6626,6842,6619,6845,10,26,2
Fiber inp,600,300,4,4,1,1,2,4,16,100,90,0.05,5,20,5,True,True,542.645,16,1500,1448,1448,0,48,10691,732,1405,True,True,270.605,15,1500,1448,1424,1,126,11714.375,605,1259,676,1348,6636,6852,6632,6857,10,20,5
Fiber inp,600,300,4,4,1,1,2,4,16,100,90,0.05,5,20,5,True,True,542.303,16,1500,1448,1448,0,48,10548.3125,855,1321,True,True,271.976,14,1500,1448,1425,0,88,11235.4,652,1292,732,1313,6660,6864,6651,6870,11,19,89
Fiber inp,600,300,4,4,1,1,2,4,16,100,90,0.05,5,20,5,True,True,541.978,14,1500,1448,1448,0,45,10205.933333333332,1046,1695,True,True,271.713,15,1500,1448,1424,0,66,11762.6875,617,1190,690,1626,6654,6860,6638,6866,10,24,74
Fiber inp,600,300,4,4,1,1,2,4,16,100,90,0.05,5,20,5,True,True,542.490,16,1500,1448,1448,0,48,10337.625,811,1522,True,True,271.464,14,1500,1448,1425,0,102,11398.933333333332,667,1183,731,1412,6646,6880,6633,6877,11,21,91
Fiber inp,600,300,4,4,1,1,2,4,16,100,90,0.05,5,20,5,True,True,542.425,16,1500,1448,1448,0,48,10429.8125,824,1439,True,True,272.613,13,1500,1448,1425,1,102,11380.357142857143,608,1311,682,1380,6679,6882,6659,6886,10,20,53
Fiber inp,600,300,4,4,1,1,2,4,16,100,90,0.05,5,20,5,True,True,542.251,11,1500,1448,1448,1,36,10232.083333333334,988,1734,True,True,272.897,14,1500,1448,1425,0,57,11484.266666666666,676,1214,740,1650,6673,6882,6675,6880,11,24,21
Fiber inp,600,300,4,4,1,1,2,4,16,100,90,0.05,5,20,5,True,True,542.413,16,1500,1448,1448,0,48,10487,840,1546,True,True,271.732,15,1500,1448,1425,2,79,11769.75,598,1144,661,1446,6628,6866,6618,6869,10,21,55
Fiber inp,600,300,4,4,1,1,2,4,16,100,90,0.05,5,20,5,True,True,542.511,14,1500,1448,1448,0,45,10530.4,909,1527,True,True,273.604,15,1500,1448,1424,1,68,11619.5625,623,1245,714,1476,6628,6875,6628,6875,11,21,27
Fiber inp,600,300,4,4,1,1,2,4,16,100,90,0.05,5,20,5,True,True,542.298,11,1500,1448,1448,0,36,10273.166666666666,994,1786,True,True,272.715,11,1500,1448,1425,0,68,11229.333333333334,657,1511,775,1675,6656,6878,6651,6885,12,24,77
Fiber inp,600,300,4,4,1,1,2,4,16,100,90,0.05,5,20,5,True,True,542.241,12,1500,1448,1448,0,39,10511.692307692309,889,1597,True,True,273.598,15,1500,1448,1425,0,94,11513.75,705,1264,758,1515,6626,6881,6624,6889,11,22,85
Fiber inp,600,300,4,4,1,1,2,4,16,100,90,0.05,5,20,5,True,True,542.318,12,1500,1448,1448,0,39,10233.692307692309,1091,1751,True,True,271.571,16,1500,1448,1424,1,75,11644.0625,578,1150,640,1670,6640,6873,6634,6877,10,24,86
Fiber inp,600,300,4,4,1,1,2,4,16,100,90,0.05,5,20,5,True,True,542.619,16,1500,1448,1448,0,48,10418.8125,812,1386,True,True,272.454,11,1500,1448,1424,0,52,11180.75,719,1346,780,1364,6652,6872,6633,6877,12,20,18
Fiber inp,600,300,4,4,1,1,2,4,16,100,90,0.05,5,20,5,True,True,542.411,16,1500,1448,1448,0,48,10445.875,811,1412,True,True,271.388,11,1500,1448,1425,1,66,11362.166666666666,655,1414,716,1414,6641,6871,6636,6875,11,21,22
Fiber inp,600,300,4,4,1,1,2,4,16,100,90,0.05,5,20,5,True,True,542.782,16,1500,1448,1448,1,48,10976.625,666,1375,True,True,271.236,16,1500,1448,1425,0,78,11592.875,638,1197,650,1283,6668,6870,6667,6873,10,19,81
Fiber inp,600,300,4,4,1,1,2,4,16,100,90,0.05,5,20,5,True,True,542.080,16,1500,1448,1448,0,48,10713.25,761,1474,True,True,271.507,16,1500,1448,1425,0,64,11720.9375,538,1179,596,1343,6686,6887,6678,6893,9,19,64
Fiber inp,600,300,4,4,1,1,2,4,16,100,90,0.05,5,20,5,True,True,542.701,11,1500,1448,1448,0,36,10384.333333333334,915,1808,True,True,270.484,16,1500,1448,1425,0,56,11882.8125,536,1126,599,1693,6654,6867,6654,6858,9,25,7
Fiber inp,600,300,4,4,1,1,2,4,16,100,90,0.05,5,20,5,True,True,541.973,13,1500,1448,1448,0,42,10519.57142857143,936,1528,True,True,270.128,16,1500,1448,1425,1,73,11485.5625,572,1147,635,1465,6626,6857,6612,6860,10,21,76
Fiber inp,600,300,4,4,1,1,2,4,16,100,90,0.05,5,20,5,True,True,542.250,14,1500,1448,1448,0,45,10290.2,1039,1591,True,True,272.502,14,1500,1448,1424,1,69,11229,712,1238,785,1536,6649,6853,6639,6857,12,22,98
Fiber inp,600,300,4,4,1,1,2,4,16,100,90,0.05,5,20,5,True,True,542.445,16,1500,1448,1448,1,48,10423.875,817,1398,True,True,272.881,16,1500,1448,1425,0,61,11397.6875,631,1209,681,1352,6649,6863,6651,6819,10,20,19
Fiber inp,600,300,4,4,1,1,2,4,16,100,90,0.05,5,20,5,True,True,542.603,13,1500,1448,1448,0,39,10343.615384615385,961,1758,True,True,270.482,16,1500,1448,1424,1,79,11607.375,599,1132,668,1618,6665,6850,6660,6853,10,24,28
Fiber inp,600,300,4,4,1,1,2,4,16,100,90,0.05,5,20,5,True,True,544.019,16,1500,1448,1448,0,48,10533.5,837,1630,True,True,271.720,11,1500,1448,1424,0,70,11643.333333333334,670,1467,736,1549,6649,6858,6645,6850,11,23,67
Fiber inp,600,300,4,4,1,1,2,4,16,100,90,0.05,5,20,5,True,True,542.785,16,1500,1448,1448,0,48,10726.9375,726,1565,True,True,272.122,15,1500,1448,1425,1,91,11597.75,638,1188,673,1464,6639,6866,6648,6867,10,21,61
Fiber inp,600,300,4,4,1,1,2,4,16,100,90,0.05,5,20,5,True,True,541.988,12,1500,1448,1448,0,36,10231.333333333334,1088,1717,True,True,271.934,16,1500,1448,1424,1,101,11819.1875,590,1162,653,1636,6648,6889,6640,6890,10,24,1
Fiber inp,600,300,4,4,1,1,2,4,16,100,90,0.05,5,20,5,True,True,542.389,16,1500,1448,1448,0,48,10436.8125,830,1349,True,True,271.660,12,1500,1448,1425,0,49,11134.461538461539,696,1643,765,1566,6687,6844,6687,6840,11,23,66
Fiber inp,600,300,4,4,1,1,2,4,16,100,90,0.05,5,20,5,True,True,542.372,12,1500,1448,1448,0,36,10140,1048,1790,True,True,272.589,12,1500,1448,1425,1,67,11274.615384615385,650,1328,754,1698,6623,6865,6610,6865,11,25,40
Fiber inp,600,300,4,4,1,1,2,4,16,100,90,0.05,5,20,5,True,True,542.004,16,1500,1448,1448,0,48,10381.4375,931,1550,True,True,272.179,16,1500,1448,1425,0,63,11704.6875,588,1207,665,1466,6619,6862,6601,6867,10,21,73
Fiber inp,600,300,4,4,1,1,2,4,16,100,90,0.05,5,20,5,True,True,542.114,15,1500,1448,1448,0,45,10037.4,1089,1780,True,True,270.899,16,1500,1448,1425,0,74,11865.6875,588,1188,648,1714,6655,6851,6652,6856,10,25,49
Fiber inp,600,300,4,4,1,1,2,4,16,100,90,0.05,5,20,5,True,True,542.176,16,1500,1448,1448,0,48,10259.6875,908,1420,True,True,271.123,16,1500,1448,1424,0,63,11681.6875,544,1198,608,1377,6633,6866,6657,6870,9,20,60
Fiber inp,600,300,4,4,1,1,2,4,16,100,90,0.05,5,20,5,True,True,542.226,15,1500,1448,1448,0,45,10461.733333333334,896,1581,True,True,272.365,12,1500,1448,1425,0,48,11138.076923076924,681,1317,763,1483,6663,6877,6653,6884,11,22,41
Fiber inp,600,300,4,4,1,1,2,4,16,100,90,0.05,5,20,5,True,True,542.184,16,1500,1448,1448,0,48,10532.125,912,1505,True,True,269.988,15,1500,1448,1425,0,86,11503.6875,642,1192,708,1411,6653,6860,6626,6862,11,21,10
Fiber inp,600,300,4,4,1,1,2,4,16,100,90,0.05,5,20,5,True,True,540.417,16,1500,1448,1448,0,48,10945,689,1399,True,True,271.809,15,1500,1448,1425,0,92,12001.5625,571,1203,618,1331,6662,6891,6662,6895,9,19,37
Fiber inp,600,300,4,4,1,1,2,4,16,100,90,0.05,5,20,5,True,True,542.365,16,1500,1448,1448,0,48,10352.625,824,1389,True,True,272.911,14,1500,1448,1424,0,67,11610.266666666666,647,1231,698,1364,6665,6882,6670,6886,10,20,100
Fiber inp,600,300,4,4,1,1,2,4,16,100,90,0.05,5,20,5,True,True,543.002,14,1500,1448,1448,0,42,10356.214285714286,955,1959,True,True,271.474,11,1500,1448,1425,0,39,10958.5,708,1391,781,1832,6669,6863,6670,6846,12,27,35
Fiber inp,600,300,4,4,1,1,2,4,16,100,90,0.05,5,20,5,True,True,542.532,16,1500,1448,1448,0,48,11125.8125,634,1530,True,True,270.857,16,1500,1448,1425,2,82,11702.1875,589,1168,618,1420,6661,6852,6666,6856,9,21,11
Fiber inp,600,300,4,4,1,1,2,4,16,100,90,0.05,5,20,5,True,True,542.004,16,1500,1448,1448,0,48,10550,826,1379,True,True,272.349,14,1500,1448,1424,0,103,11753.866666666667,658,1260,712,1324,6654,6859,6652,6861,11,19,94
Fiber inp,600,300,4,4,1,1,2,4,16,100,90,0.05,5,20,5,True,True,542.262,16,1500,1448,1448,1,48,10709,762,1547,True,True,269.860,13,1500,1448,1424,1,127,11919.357142857143,613,1425,663,1488,6640,6875,6634,6883,10,22,87
Fiber inp,600,300,4,4,1,1,2,4,16,100,90,0.05,5,20,5,True,True,542.362,13,1500,1448,1448,0,42,10732.714285714286,736,1884,True,True,272.346,16,1500,1448,1425,0,79,11615.5,564,1125,609,1648,6663,6869,6657,6874,9,24,90
Fiber inp,600,300,4,4,1,1,2,4,16,100,90,0.05,5,20,5,True,True,543.046,16,1500,1448,1448,0,48,10262,953,1684,True,True,271.419,14,1500,1448,1424,0,58,11333.533333333333,635,1293,689,1596,6640,6875,6637,6881,10,23,6
Fiber inp,600,300,4,4,1,1,2,4,16,100,90,0.05,5,20,5,True,True,542.078,16,1500,1448,1448,0,48,10738.1875,684,1427,True,True,272.725,13,1500,1448,1425,1,85,11211.42857142857,718,1463,711,1445,6650,6861,6649,6848,11,21,25
Fiber inp,600,300,4,4,1,1,2,4,16,100,90,0.05,5,20,5,True,True,542.479,16,1500,1448,1448,0,48,10427.1875,900,1341,True,True,272.320,14,1500,1448,1425,1,70,11798.4,614,1173,683,1307,6646,6871,6641,6871,10,19,65
Fiber inp,600,300,4,4,1,1,2,4,16,100,90,0.05,5,20,5,True,False,542.311,16,1500,1448,1448,1,48,10379.875,831,1369,True,True,271.926,16,1500,1448,1424,0,64,11691.9375,573,1271,666,1349,6645,6840,6635,6844,10,20,54
Fiber inp,600,300,4,4,1,1,2,4,16,100,90,0.05,5,20,5,True,True,542.478,11,1500,1448,1448,0,36,10045,1155,1882,True,True,270.437,16,1500,1448,1424,0,56,11703.75,542,1033,586,1775,6640,6864,6640,6867,9,26,39
Fiber inp,600,300,4,4,1,1,2,4,16,100,90,0.05,5,20,5,True,True,542.479,16,1500,1448,1448,0,48,10420.75,831,1379,True,True,272.201,16,1500,1448,1425,0,68,11531.9375,614,1151,679,1338,6636,6857,6643,6855,10,20,3
Fiber inp,600,300,4,4,1,1,2,4,16,100,90,0.05,5,20,5,True,True,542.327,14,1500,1448,1448,2,45,10644.866666666667,783,1643,True,True,272.556,14,1500,1448,1425,0,114,11419.666666666666,632,1270,690,1539,6659,6842,6645,6847,10,22,97
Fiber inp,600,300,4,4,1,1,2,4,16,100,90,0.05,5,20,5,True,True,542.509,11,1500,1448,1448,0,36,10072.75,1122,1687,True,True,271.124,16,1500,1448,1425,1,128,11716.5,594,1199,647,1637,6667,6887,6643,6880,10,24,33
Fiber inp,600,300,4,4,1,1,2,4,16,100,90,0.05,5,20,5,True,True,542.250,16,1500,1448,1448,0,48,10078.5,967,1645,True,True,272.004,13,1500,1448,1425,0,81,11376.5,698,1275,769,1591,6633,6858,6623,6861,12,23,47
Fiber inp,600,300,4,4,1,1,2,4,16,100,90,0.05,5,20,5,True,True,542.838,16,1500,1448,1448,0,48,10457.8125,908,1439,True,True,272.505,16,1500,1448,1425,0,86,11608.5,627,1163,702,1384,6650,6858,6642,6853,11,20,96
Fiber inp,600,300,4,4,1,1,2,4,16,100,90,0.05,5,20,5,True,True,542.643,16,1500,1448,1448,0,48,10244.1875,1010,1702,True,True,271.862,13,1500,1448,1424,0,73,11545.92857142857,618,1289,696,1616,6653,6886,6655,6893,10,23,72
Fiber inp,600,300,4,4,1,1,2,4,16,100,90,0.05,5,20,5,True,True,542.537,16,1500,1448,1448,0,48,10553.875,817,1357,True,True,272.906,14,1500,1448,1425,0,60,11717.466666666667,612,1180,688,1286,6640,6870,6627,6875,10,19,16
Fiber inp,600,300,4,4,1,1,2,4,16,100,90,0.05,5,20,5,True,True,542.088,12,1500,1448,1448,0,36,10200.166666666666,1114,1715,True,True,271.991,11,1500,1448,1424,1,66,11246.333333333334,756,1293,847,1652,6656,6863,6647,6869,13,24,8
Fiber inp,600,300,4,4,1,1,2,4,16,100,90,0.05,5,20,5,True,True,543.044,14,1500,1448,1448,0,45,10415.533333333333,1057,1602,True,True,271.347,13,1500,1448,1424,0,66,11654.357142857143,671,1270,749,1548,6655,6850,6662,6854,11,23,14
Fiber inp,600,300,4,4,1,1,2,4,16,100,90,0.05,5,20,5,True,True,542.326,16,1500,1448,1448,0,48,10362.1875,826,1479,True,True,271.030,13,1500,1448,1424,1,97,11411.714285714286,597,1183,672,1406,6614,6875,6618,6875,10,20,82
Fiber inp,600,300,4,4,1,1,2,4,16,100,90,0.05,5,20,5,True,True,539.788,11,1500,1448,1448,0,36,10313.166666666666,1072,1812,True,True,272.660,13,1500,1448,1424,1,108,11478.07142857143,672,1506,744,1716,6660,6886,6647,6896,11,25,45
Fiber inp,600,300,4,4,1,1,2,4,16,100,90,0.05,5,20,5,True,True,541.596,14,1500,1448,1448,0,45,10075.533333333333,1134,1720,True,False,269.446,16,1500,1448,1425,1,63,11436.875,698,1184,761,1652,6641,6868,6632,6875,11,24,43
Fiber inp,600,300,4,4,1,1,2,4,16,100,90,0.05,5,20,5,True,True,542.356,15,1500,1448,1448,0,48,10433.3125,916,1528,True,True,270.247,16,1500,1448,1424,0,98,11345.9375,609,1289,672,1457,6658,6863,6663,6868,10,21,83
Fiber inp,600,300,4,4,1,1,2,4,16,100,90,0.05,5,20,5,True,True,542.265,14,1500,1448,1448,1,45,10117.133333333333,1091,1792,True,True,272.474,16,1500,1448,1425,1,75,11263.9375,632,1224,666,1691,6637,6869,6635,6873,10,25,63
Fiber inp,600,300,4,4,1,1,2,4,16,100,90,0.05,5,20,5,True,True,542.549,16,1500,1448,1448,0,48,10558.9375,773,1379,True,True,271.706,11,1500,1448,1425,0,89,11272.5,626,1648,701,1606,6650,6876,6654,6882,11,23,80
Fiber inp,600,300,4,4,1,1,2,4,16,100,90,0.05,5,20,5,True,True,542.570,11,1500,1448,1448,0,36,10253.833333333334,1113,1702,True,True,271.550,16,1500,1448,1424,1,78,11431.6875,644,1192,701,1641,6643,6872,6646,6875,11,24,59
Fiber inp,600,300,4,4,1,1,2,4,16,100,90,0.05,5,20,5,True,True,541.906,16,1500,1448,1448,1,48,10540.3125,784,1392,True,True,272.081,14,1500,1448,1424,0,71,11305.8,610,1597,716,1546,6639,6857,6623,6863,11,23,15
Fiber inp,600,300,4,4,1,1,2,4,16,100,90,0.05,5,20,5,True,True,542.705,16,1500,1448,1448,0,48,10167.3125,1007,1568,True,True,272.460,13,1500,1448,1424,0,50,11440.214285714286,691,1243,775,1488,6646,6855,6644,6856,12,22,71
Fiber inp,600,300,4,4,1,1,2,4,16,100,90,0.05,5,20,5,True,True,542.171,16,1500,1448,1448,0,48,10785.3125,703,1551,True,True,272.530,12,1500,1448,1424,1,78,11264.615384615385,722,1276,714,1410,6624,6867,6631,6868,11,21,42
Fiber inp,600,300,4,4,1,1,2,4,16,100,90,0.05,5,20,5,True,True,542.377,16,1500,1448,1448,0,48,10385.625,918,1471,True,True,270.554,16,1500,1448,1425,0,56,11542.875,562,1194,643,1396,6643,6873,6625,6866,10,20,51
Fiber inp,600,300,4,4,1,1,2,4,16,100,90,0.05,5,20,5,True,True,542.463,14,1500,1448,1448,0,45,10331.8,1029,1629,True,True,273.355,15,1500,1448,1424,1,119,11649.1875,613,1215,678,1577,6649,6857,6656,6863,10,23,57
Fiber inp,600,300,4,4,1,1,2,4,16,100,90,0.05,5,20,5,True,True,541.970,15,1500,1448,1448,0,45,10091.933333333332,997,1851,True,True,272.795,13,1500,1448,1425,0,54,11339.57142857143,667,1296,721,1763,6647,6876,6638,6877,11,26,88
Fiber inp,600,300,4,4,1,1,2,4,16,100,90,0.05,5,20,5,True,True,542.370,15,1500,1448,1448,1,45,10362.133333333333,939,1519,True,True,270.945,13,1500,1448,1425,0,70,11474.07142857143,620,1316,688,1453,6648,6861,6617,6866,10,21,4
Fiber inp,600,300,4,4,1,1,2,4,16,100,90,0.05,5,20,5,True,True,542.644,16,1500,1448,1448,0,48,10437.25,807,1404,True,True,272.380,12,1500,1448,1425,0,56,11444.307692307691,641,1450,714,1437,6663,6873,6664,6879,11,21,12
Fiber inp,600,300,4,4,1,1,4,4,16,100,90,0.05,5,20,5,True,True,542.241,16,1500,1448,1448,0,48,10403.9375,759,1235,True,True,271.746,16,1500,1448,1424,1,96,11349.875,612,1135,673,1210,6646,6862,6647,6866,10,18,79
Fiber inp,600,300,4,4,1,1,4,4,16,100,90,0.05,5,20,5,True,True,541.849,16,1500,1448,1448,0,48,10861.0625,800,1193,True,True,270.865,16,1500,1448,1425,7,146,12139.375,531,1201,617,1202,6636,6860,6630,6863,9,18,50
Fiber inp,600,300,4,4,1,1,4,4,16,100,90,0.05,5,20,5,True,True,542.217,16,1500,1448,1448,1,48,10448.75,812,1294,True,True,271.092,13,1500,1448,1425,0,75,11295.642857142857,743,1310,776,1304,6654,6888,6666,6890,12,19,23
Fiber inp,600,300,4,4,1,1,4,4,16,100,90,0.05,5,20,5,True,True,542.478,16,1500,1448,1448,0,48,10429.8125,802,1245,True,True,271.175,16,1500,1448,1424,0,82,11989.9375,521,1064,578,1218,6642,6851,6637,6855,9,18,68
Fiber inp,600,300,4,4,1,1,4,4,16,100,90,0.05,5,20,5,True,True,542.220,13,1500,1448,1448,0,42,10278.857142857143,1002,1464,True,True,272.303,13,1500,1448,1424,0,46,11524.214285714286,673,1280,758,1433,6639,6863,6641,6868,11,21,92
Fiber inp,600,300,4,4,1,1,4,4,16,100,90,0.05,5,20,5,True,True,542.869,16,1500,1448,1448,0,48,10523.0625,792,1212,True,True,269.146,16,1500,1448,1425,2,117,11874.8125,577,1100,629,1195,6666,6860,6628,6854,9,17,95
Fiber inp,600,300,4,4,1,1,4,4,16,100,90,0.05,5,20,5,True,True,542.318,16,1500,1448,1448,0,48,10821.625,714,1205,True,True,271.988,16,1500,1448,1424,1,104,11735.5625,585,1208,633,1208,6670,6851,6664,6853,10,18,46
Fiber inp,600,300,4,4,1,1,4,4,16,100,90,0.05,5,20,5,True,True,541.872,16,1500,1448,1448,0,48,10534.375,753,1341,True,True,272.560,15,1500,1448,1425,2,112,11720.9375,630,1239,655,1312,6658,6869,6654,6873,10,19,93
Fiber inp,600,300,4,4,1,1,4,4,16,100,90,0.05,5,20,5,True,True,542.270,13,1500,1448,1448,0,42,10309.857142857143,871,1455,True,True,270.282,16,1500,1448,1424,0,118,11787.25,614,1036,661,1399,6631,6869,6636,6873,10,20,17
Fiber inp,600,300,4,4,1,1,4,4,16,100,90,0.05,5,20,5,True,True,541.945,16,1500,1448,1448,0,48,10210.875,759,1565,True,True,271.852,14,1500,1448,1425,3,61,10715.2,986,1653,953,1611,6653,6862,6645,6859,14,23,29
Fiber inp,600,300,4,4,1,1,4,4,16,100,90,0.05,5,20,5,True,True,542.336,13,1500,1448,1448,0,42,10197.57142857143,1096,1583,True,True,272.739,16,1500,1448,1425,3,104,11521,600,1207,652,1530,6645,6850,6663,6836,10,22,20
Fiber inp,600,300,4,4,1,1,4,4,16,100,90,0.05,5,20,5,True,True,542.832,16,1500,1448,1448,0,48,10578.125,792,1214,True,True,271.496,16,1500,1448,1425,2,105,11412.0625,603,1294,671,1254,6670,6875,6663,6881,10,18,31
Fiber inp,600,300,4,4,1,1,4,4,16,100,90,0.05,5,20,5,True,True,542.553,16,1500,1448,1448,0,48,10601.375,752,1272,True,True,269.348,15,1500,1448,1424,0,102,11835.9375,616,1218,659,1259,6646,6839,6657,6842,10,18,84
Fiber inp,600,300,4,4,1,1,4,4,16,100,90,0.05,5,20,5,True,True,542.309,16,1500,1448,1448,1,48,10883.625,715,1142,True,True,271.167,16,1500,1448,1425,5,127,11650.125,625,1140,665,1141,6648,6871,6646,6865,10,17,13
Fiber inp,600,300,4,4,1,1,4,4,16,100,90,0.05,5,20,5,True,True,542.076,15,1500,1448,1448,0,48,10330,948,1501,True,True,270.960,16,1500,1448,1425,0,78,11388,666,1247,695,1465,6623,6872,6612,6879,11,21,62
Fiber inp,600,300,4,4,1,1,4,4,16,100,90,0.05,5,20,5,True,True,541.985,16,1500,1448,1448,0,48,10471.375,823,1328,True,True,270.109,16,1500,1448,1424,0,115,11684.6875,592,1161,620,1298,6656,6839,6651,6833,9,19,75
Fiber inp,600,300,4,4,1,1,4,4,16,100,90,0.05,5,20,5,True,True,542.369,16,1500,1448,1448,0,48,10415.5,896,1382,True,True,273.122,16,1500,1448,1425,0,121,11393.1875,601,1113,652,1336,6651,6868,6638,6874,10,19,9
Fiber inp,600,300,4,4,1,1,4,4,16,100,90,0.05,5,20,5,True,True,541.953,16,1500,1448,1448,0,48,10478.4375,826,1242,True,True,274.618,13,1500,1448,1425,10,133,11560,660,1173,711,1233,6632,6850,6621,6833,11,18,44
Fiber inp,600,300,4,4,1,1,4,4,16,100,90,0.05,5,20,5,True,True,542.340,13,1500,1448,1448,0,42,10366.5,964,1459,True,True,271.414,16,1500,1448,1425,1,89,11814.75,522,1052,594,1423,6631,6835,6624,6838,9,21,48
Fiber inp,600,300,4,4,1,1,4,4,16,100,90,0.05,5,20,5,True,True,542.420,14,1500,1448,1448,0,42,10265.142857142857,912,1561,True,True,271.456,16,1500,1448,1425,0,83,11587.625,601,1168,670,1516,6656,6855,6677,6855,10,22,99
Fiber inp,600,300,4,4,1,1,4,4,16,100,90,0.05,5,20,5,True,True,540.307,14,1500,1448,1448,1,42,10370.142857142857,833,1367,True,True,270.513,16,1500,1448,1424,5,180,11830.75,539,1153,606,1327,6650,6866,6639,6872,9,19,56
Fiber inp,600,300,4,4,1,1,4,4,16,100,90,0.05,5,20,5,True,True,541.994,16,1500,1448,1448,0,48,10632.6875,771,1179,True,True,273.361,14,1500,1448,1425,3,124,11578.42857142857,567,1428,674,1382,6646,6879,6646,6882,10,20,32
Fiber inp,600,300,4,4,1,1,4,4,16,100,90,0.05,5,20,5,True,True,541.979,16,1500,1448,1448,0,48,10599.8125,809,1242,True,True,273.425,13,1500,1448,1425,0,78,11541.5,680,1247,728,1248,6654,6876,6654,6875,11,18,78
Fiber inp,600,300,4,4,1,1,4,4,16,100,90,0.05,5,20,5,True,True,542.480,16,1500,1448,1448,0,48,10276.5,827,1454,True,True,271.830,13,1500,1448,1425,1,147,11801.5,626,1210,678,1385,6669,6871,6660,6876,10,20,38
Fiber inp,600,300,4,4,1,1,4,4,16,100,90,0.05,5,20,5,True,True,542.252,15,1500,1448,1448,0,48,10357.8125,898,1433,True,True,270.344,16,1500,1448,1424,0,147,11583.625,596,1233,621,1397,6653,6856,6648,6859,9,20,26
Fiber inp,600,300,4,4,1,1,4,4,16,100,90,0.05,5,20,5,True,True,542.998,16,1500,1448,1448,0,48,10722.625,796,1190,True,True,275.551,15,1500,1448,1425,1,128,12023.875,615,1210,666,1201,6630,6881,6625,6884,10,17,69
Fiber inp,600,300,4,4,1,1,4,4,16,100,90,0.05,5,20,5,True,True,542.443,13,1500,1448,1448,0,42,10447.5,858,1446,True,True,273.625,15,1500,1448,1425,0,80,11434.5625,636,1210,692,1390,6646,6869,6655,6869,10,20,34
Fiber inp,600,300,4,4,1,1,4,4,16,100,90,0.05,5,20,5,True,True,541.747,16,1500,1448,1448,0,48,10443.0625,859,1331,True,True,273.751,13,1500,1448,1424,8,73,11601.357142857143,653,1157,720,1298,6635,6847,6642,6841,11,19,58
Fiber inp,600,300,4,4,1,1,4,4,16,100,90,0.05,5,20,5,True,True,541.878,16,1500,1448,1448,0,48,10668.3125,670,1173,True,True,270.252,13,1500,1448,1424,4,149,11646,612,1318,631,1285,6645,6866,6635,6869,10,19,30
Fiber inp,600,300,4,4,1,1,4,4,16,100,90,0.05,5,20,5,True,True,542.593,14,1500,1448,1448,0,42,10193.142857142857,914,1483,True,True,271.636,15,1500,1448,1425,0,57,11317.4,742,1264,816,1445,6656,6871,6650,6877,12,21,70
Fiber inp,600,300,4,4,1,1,4,4,16,100,90,0.05,5,20,5,True,True,542.227,16,1500,1448,1448,0,48,10784.125,721,1138,True,True,268.929,16,1500,1448,1424,10,222,11790.625,588,1204,634,1171,6650,6845,6641,6847,10,17,24
Fiber inp,600,300,4,4,1,1,4,4,16,100,90,0.05,5,20,5,True,True,542.150,16,1500,1448,1448,0,48,10477.375,901,1323,True,True,271.435,13,1500,1448,1424,0,138,11701.142857142857,634,1112,710,1294,6644,6885,6660,6891,11,19,52
Fiber inp,600,300,4,4,1,1,4,4,16,100,90,0.05,5,20,5,True,True,542.279,13,1500,1448,1448,0,42,10381.57142857143,837,1376,True,True,273.308,13,1500,1448,1424,1,92,11550.642857142857,651,1188,725,1342,6639,6849,6633,6849,11,20,36
Fiber inp,600,300,4,4,1,1,4,4,16,100,90,0.05,5,20,5,True,True,542.170,16,1500,1448,1448,0,48,10598.3125,794,1301,True,False,271.957,16,1500,1448,1425,4,164,11918.8125,559,1124,598,1235,6633,6879,6630,6884,9,18,2
Fiber inp,600,300,4,4,1,1,4,4,16,100,90,0.05,5,20,5,True,True,542.475,16,1500,1448,1448,0,48,10950.125,688,1207,True,True,270.669,16,1500,1448,1425,0,88,11517.875,629,1065,648,1136,6674,6864,6675,6870,10,17,5
Fiber inp,600,300,4,4,1,1,4,4,16,100,90,0.05,5,20,5,True,True,542.254,16,1500,1448,1448,0,48,10482.5,888,1337,True,True,271.247,13,1500,1448,1424,0,79,11790.285714285714,619,1270,675,1321,6634,6847,6614,6850,10,19,89
Fiber inp,600,300,4,4,1,1,4,4,16,100,90,0.05,5,20,5,True,True,541.743,15,1500,1448,1448,1,48,10296.625,918,1473,True,True,273.241,14,1500,1448,1424,5,90,11534.333333333334,658,1215,722,1421,6655,6868,6650,6870,11,21,74
Fiber inp,600,300,4,4,1,1,4,4,16,100,90,0.05,5,20,5,True,True,542.211,16,1500,1448,1448,1,48,10683.125,741,1150,True,True,270.399,16,1500,1448,1425,0,61,11634.3125,586,1163,649,1162,6649,6858,6647,6863,10,17,91
Fiber inp,600,300,4,4,1,1,4,4,16,100,90,0.05,5,20,5,True,True,542.320,16,1500,1448,1448,0,48,10505.9375,789,1265,True,True,270.921,16,1500,1448,1424,4,110,10895.9375,858,1412,818,1360,6650,6850,6645,6843,12,20,53
Fiber inp,600,300,4,4,1,1,4,4,16,100,90,0.05,5,20,5,True,True,542.401,16,1500,1448,1448,0,48,10780.5,732,1122,True,True,270.842,16,1500,1448,1424,6,115,11942.0625,617,1129,656,1128,6669,6878,6682,6883,10,16,21
Fiber inp,600,300,4,4,1,1,4,4,16,100,90,0.05,5,20,5,True,True,542.266,16,1500,1448,1448,0,48,10312.1875,832,1365,True,True,270.755,16,1500,1448,1424,2,90,11666.8125,586,1207,615,1339,6651,6835,6652,6834,9,20,55
Fiber inp,600,300,4,4,1,1,4,4,16,100,90,0.05,5,20,5,True,True,542.887,16,1500,1448,1448,0,48,10385.875,876,1493,True,True,271.244,14,1500,1448,1425,1,101,11500.285714285714,682,1233,747,1443,6630,6848,6630,6851,11,21,27
Fiber inp,600,300,4,4,1,1,4,4,16,100,90,0.05,5,20,5,True,True,542.837,16,1500,1448,1448,0,48,10826.5,714,1085,True,True,270.563,16,1500,1448,1424,1,99,11819.9375,558,1161,614,1123,6674,6876,6682,6882,9,16,77
Fiber inp,600,300,4,4,1,1,4,4,16,100,90,0.05,5,20,5,True,True,542.094,14,1500,1448,1448,0,42,10495.92857142857,891,1421,True,True,271.349,16,1500,1448,1424,1,75,11938.6875,626,1206,684,1375,6652,6885,6653,6890,10,20,85
Fiber inp,600,300,4,4,1,1,4,4,16,100,90,0.05,5,20,5,True,True,542.030,16,1500,1448,1448,0,48,10078.9375,1028,1695,True,True,272.360,13,1500,1448,1424,1,95,11075.785714285714,767,1358,858,1640,6652,6863,6634,6870,13,24,86
Fiber inp,600,300,4,4,1,1,4,4,16,100,90,0.05,5,20,5,True,True,542.247,14,1500,1448,1448,0,42,10390.857142857143,956,1407,True,True,271.222,13,1500,1448,1424,4,125,11569.57142857143,702,1179,750,1371,6652,6861,6655,6857,11,20,18
Fiber inp,600,300,4,4,1,1,4,4,16,100,90,0.05,5,20,5,True,True,542.515,16,1500,1448,1448,2,48,11060.3125,686,1229,True,True,273.228,13,1500,1448,1424,0,110,11581.785714285714,655,1216,669,1221,6666,6885,6653,6892,10,18,22
Fiber inp,600,300,4,4,1,1,4,4,16,100,90,0.05,5,20,5,True,True,541.985,14,1500,1448,1448,0,45,10408.133333333333,951,1409,True,True,270.183,16,1500,1448,1425,3,79,11113.3125,766,1261,824,1362,6629,6859,6626,6837,12,20,81
Fiber inp,600,300,4,4,1,1,4,4,16,100,90,0.05,5,20,5,True,True,541.933,16,1500,1448,1448,0,48,10311.9375,734,1319,True,True,270.245,16,1500,1448,1424,1,107,11267.0625,665,1155,679,1284,6650,6856,6641,6862,10,19,64
Fiber inp,600,300,4,4,1,1,4,4,16,100,90,0.05,5,20,5,True,True,542.094,16,1500,1448,1448,0,48,10158.9375,1014,1597,True,True,270.806,16,1500,1448,1424,1,185,11735.375,557,1122,628,1546,6633,6850,6617,6851,9,23,7
Fiber inp,600,300,4,4,1,1,4,4,16,100,90,0.05,5,20,5,True,True,541.867,14,1500,1448,1448,1,42,10050.714285714286,1079,1649,True,True,271.805,16,1500,1448,1425,0,82,11511.1875,542,1235,644,1598,6642,6859,6643,6864,10,23,76
Fiber inp,600,300,4,4,1,1,4,4,16,100,90,0.05,5,20,5,True,True,542.369,16,1500,1448,1448,0,48,10616.3125,739,1177,True,True,272.079,16,1500,1448,1424,1,127,11955.8125,546,1158,611,1173,6662,6850,6656,6850,9,17,98
Fiber inp,600,300,4,4,1,1,4,4,16,100,90,0.05,5,20,5,True,True,542.767,16,1500,1448,1448,0,48,11030.5625,710,1205,True,True,272.216,16,1500,1448,1424,0,182,12368.3125,514,1057,580,1155,6642,6850,6657,6829,9,17,19
Fiber inp,600,300,4,4,1,1,4,4,16,100,90,0.05,5,20,5,True,True,542.612,15,1500,1448,1448,1,48,10392,885,1494,True,True,269.496,15,1500,1448,1425,0,71,11459.133333333333,652,1199,712,1442,6638,6879,6614,6881,11,21,28
Fiber inp,600,300,4,4,1,1,4,4,16,100,90,0.05,5,20,5,True,True,542.239,16,1500,1448,1448,0,48,10398.625,756,1235,True,True,272.433,16,1500,1448,1425,1,103,11988.6875,580,1198,623,1222,6644,6873,6645,6878,9,18,67
Fiber inp,600,300,4,4,1,1,4,4,16,100,90,0.05,5,20,5,True,True,542.468,13,1500,1448,1448,0,42,10335.357142857143,925,1488,True,True,271.069,16,1500,1448,1424,0,102,11539.5625,503,1085,606,1436,6643,6876,6648,6881,9,21,61
Fiber inp,600,300,4,4,1,1,4,4,16,100,90,0.05,5,20,5,True,True,542.305,13,1500,1448,1448,0,42,10481.785714285714,877,1366,True,True,271.585,16,1500,1448,1425,0,115,12096.8125,497,1101,576,1322,6680,6886,6675,6875,9,19,1
Fiber inp,600,300,4,4,1,1,4,4,16,100,90,0.05,5,20,5,True,True,542.179,16,1500,1448,1448,0,48,10560.125,835,1304,True,True,271.740,16,1500,1448,1424,3,186,11872.1875,517,1191,612,1286,6636,6854,6646,6861,9,19,66
Fiber inp,600,300,4,4,1,1,4,4,16,100,90,0.05,5,20,5,True,True,542.378,15,1500,1448,1448,0,48,10688.9375,852,1276,True,True,271.677,16,1500,1448,1424,2,91,11238.5,711,1239,766,1263,6653,6872,6652,6876,12,18,40
Fiber inp,600,300,4,4,1,1,4,4,16,100,90,0.05,5,20,5,True,True,542.005,16,1500,1448,1448,0,48,10504.25,885,1420,True,True,272.176,16,1500,1448,1425,1,157,11625.3125,590,1145,638,1361,6660,6883,6651,6867,10,20,73
Fiber inp,600,300,4,4,1,1,4,4,16,100,90,0.05,5,20,5,True,True,541.991,14,1500,1448,1448,0,42,10548.57142857143,988,1530,True,True,273.316,15,1500,1448,1425,0,93,11252.0625,628,1261,737,1483,6663,6852,6657,6855,11,22,49
Fiber inp,600,300,4,4,1,1,4,4,16,100,90,0.05,5,20,5,True,True,541.890,13,1500,1448,1448,0,42,10394.07142857143,922,1496,True,True,271.814,13,1500,1448,1424,1,72,11245.285714285714,708,1276,767,1453,6665,6865,6648,6869,12,21,60
Fiber inp,600,300,4,4,1,1,4,4,16,100,90,0.05,5,20,5,True,True,541.501,13,1500,1448,1448,0,42,10144.07142857143,970,1703,True,True,268.905,15,1500,1448,1424,0,58,11754.4375,653,1172,704,1635,6650,6883,6645,6861,11,24,41
Fiber inp,600,300,4,4,1,1,4,4,16,100,90,0.05,5,20,5,True,True,541.957,16,1500,1448,1448,0,48,10378.0625,850,1331,True,True,271.091,16,1500,1448,1425,0,74,11644.0625,570,1145,629,1289,6668,6894,6647,6867,9,19,10
Fiber inp,600,300,4,4,1,1,4,4,16,100,90,0.05,5,20,5,True,True,543.103,14,1500,1448,1448,0,42,10589.142857142857,905,1322,True,True,274.125,14,1500,1448,1425,0,84,11723.5,653,1239,703,1294,6630,6845,6625,6850,11,19,37
Fiber inp,600,300,4,4,1,1,4,4,16,100,90,0.05,5,20,5,True,True,542.207,15,1500,1448,1448,0,45,10325.733333333334,1022,1500,True,True,270.698,13,1500,1448,1424,0,165,11456.57142857143,656,1192,720,1459,6626,6863,6637,6870,11,21,100
Fiber inp,600,300,4,4,1,1,4,4,16,100,90,0.05,5,20,5,True,True,541.990,15,1500,1448,1448,1,45,10568.6,823,1284,True,True,270.724,16,1500,1448,1424,0,104,11613.75,533,1200,624,1267,6630,6863,6629,6866,9,18,35
Fiber inp,600,300,4,4,1,1,4,4,16,100,90,0.05,5,20,5,True,True,542.657,13,1500,1448,1448,0,42,10390.5,959,1432,True,True,273.242,13,1500,1448,1424,0,95,11578.92857142857,568,1167,642,1398,6649,6846,6654,6850,10,20,11
Fiber inp,600,300,4,4,1,1,4,4,16,100,90,0.05,5,20,5,True,True,541.746,16,1500,1448,1448,0,48,10441.9375,830,1303,True,True,268.495,16,1500,1448,1425,0,122,11821.5,480,1105,569,1268,6662,6859,6661,6862,9,18,94
Fiber inp,600,300,4,4,1,1,4,4,16,100,90,0.05,5,20,5,True,True,542.120,14,1500,1448,1448,0,42,10345.5,952,1452,True,True,273.788,15,1500,1448,1425,0,87,11334.6875,664,1197,722,1411,6669,6850,6657,6853,11,21,87
Fiber inp,600,300,4,4,1,1,4,4,16,100,90,0.05,5,20,5,True,True,542.343,13,1500,1448,1448,0,42,10283.857142857143,997,1501,True,True,275.135,13,1500,1448,1424,1,85,11118.714285714286,696,1503,820,1503,6689,6877,6699,6881,12,22,90
Fiber inp,600,300,4,4,1,1,4,4,16,100,90,0.05,5,20,5,True,True,542.494,16,1500,1448,1448,0,48,10376.125,825,1340,True,True,268.095,16,1500,1448,1424,0,61,11472.8125,611,1192,660,1301,6677,6892,6666,6893,10,19,6
Fiber inp,600,300,4,4,1,1,4,4,16,100,90,0.05,5,20,5,True,True,543.303,16,1500,1448,1448,0,48,10502.3125,753,1246,True,True,270.567,16,1500,1448,1424,0,64,10824.75,864,1393,800,1346,6654,6887,6653,6891,12,20,25
Fiber inp,600,300,4,4,1,1,4,4,16,100,90,0.05,5,20,5,True,True,542.202,16,1500,1448,1448,0,48,10430.25,844,1329,True,True,271.204,16,1500,1448,1424,0,54,11703.375,582,1139,641,1282,6647,6845,6636,6849,10,19,65
Fiber inp,600,300,4,4,1,1,4,4,16,100,90,0.05,5,20,5,True,True,542.120,14,1500,1448,1448,0,42,10365.92857142857,975,1469,True,True,269.832,16,1500,1448,1424,3,97,11396.625,646,1126,700,1420,6664,6877,6659,6861,11,21,54
Fiber inp,600,300,4,4,1,1,4,4,16,100,90,0.05,5,20,5,True,True,542.497,16,1500,1448,1448,0,48,10383,832,1307,True,True,271.608,16,1500,1448,1425,0,92,11642.1875,596,1227,654,1298,6653,6871,6653,6871,10,19,39
Fiber inp,600,300,4,4,1,1,4,4,16,100,90,0.05,5,20,5,True,True,542.129,16,1500,1448,1448,0,48,10671.8125,803,1188,True,True,268.497,16,1500,1448,1424,1,221,11756.25,543,1159,588,1177,6660,6860,6657,6865,9,17,3
Fiber inp,600,300,4,4,1,1,4,4,16,100,90,0.05,5,20,5,True,True,541.981,15,1500,1448,1448,0,45,10422.666666666666,886,1409,True,True,272.266,13,1500,1448,1424,0,100,11375.07142857143,642,1241,716,1361,6658,6883,6669,6888,11,20,97
Fiber inp,600,300,4,4,1,1,4,4,16,100,90,0.05,5,20,5,True,True,541.595,15,1500,1448,1448,0,48,10609.9375,843,1310,True,True,270.989,16,1500,1448,1425,0,151,11874.0625,557,1126,628,1274,6614,6866,6611,6870,9,19,33
Fiber inp,600,300,4,4,1,1,4,4,16,100,90,0.05,5,20,5,True,True,542.192,16,1500,1448,1448,0,48,10427.375,833,1360,True,True,269.690,14,1500,1448,1424,2,119,11517.933333333332,635,1173,694,1321,6649,6854,6649,6859,10,19,47
Fiber inp,600,300,4,4,1,1,4,4,16,100,90,0.05,5,20,5,True,True,542.243,13,1500,1448,1448,0,42,10458.857142857143,872,1455,True,True,270.734,16,1500,1448,1424,0,111,11652,554,1231,646,1393,6647,6869,6613,6873,10,20,96
Fiber inp,600,300,4,4,1,1,4,4,16,100,90,0.05,5,20,5,True,True,541.866,16,1500,1448,1448,0,48,10601.6875,791,1301,True,True,271.844,16,1500,1448,1425,4,127,11584.625,604,1032,654,1219,6657,6897,6659,6899,10,18,72
Fiber inp,600,300,4,4,1,1,4,4,16,100,90,0.05,5,20,5,True,True,541.875,16,1500,1448,1448,0,48,10663.0625,741,1176,True,True,269.614,15,1500,1448,1425,0,73,11792.75,545,1220,648,1200,6665,6877,6656,6836,10,18,16
Fiber inp,600,300,4,4,1,1,4,4,16,100,90,0.05,5,20,5,True,True,541.929,13,1500,1448,1448,0,42,9943.857142857143,1191,1823,True,True,272.240,15,1500,1448,1425,1,114,11700.666666666666,631,1185,707,1739,6635,6841,6649,6839,11,25,8
Fiber inp,600,300,4,4,1,1,4,4,16,100,90,0.05,5,20,5,True,True,541.820,16,1500,1448,1448,1,48,10716.5,768,1222,True,True,271.763,16,1500,1448,1425,0,117,11296.6875,599,1150,676,1194,6648,6847,6638,6852,10,17,14
Fiber inp,600,300,4,4,1,1,4,4,16,100,90,0.05,5,20,5,True,True,542.419,15,1500,1448,1448,0,48,10564.875,852,1375,True,True,271.665,16,1500,1448,1425,0,154,11761.4375,580,1074,611,1304,6674,6879,6666,6883,9,19,82
Fiber inp,600,300,4,4,1,1,4,4,16,100,90,0.05,5,20,5,True,True,541.930,16,1500,1448,1448,0,48,10370.6875,874,1396,True,True,271.528,14,1500,1448,1425,14,133,11715.2,623,1170,670,1360,6643,6869,6621,6875,10,20,45
Fiber inp,600,300,4,4,1,1,4,4,16,100,90,0.05,5,20,5,True,False,542.248,16,1500,1448,1448,1,48,10709.125,741,1113,True,True,271.623,16,1500,1448,1424,8,145,11399.6875,599,1048,644,1091,6632,6873,6644,6881,10,16,43
Fiber inp,600,300,4,4,1,1,4,4,16,100,90,0.05,5,20,5,True,True,542.482,16,1500,1448,1448,0,48,10268.9375,880,1371,True,True,268.168,16,1500,1448,1424,1,85,11487.3125,639,1232,684,1346,6661,6855,6658,6859,10,20,83
Fiber inp,600,300,4,4,1,1,4,4,16,100,90,0.05,5,20,5,True,True,542.242,14,1500,1448,1448,0,45,10449.266666666666,864,1357,True,True,269.405,16,1500,1448,1424,3,142,11900.6875,587,1160,640,1328,6660,6873,6661,6879,10,19,63
Fiber inp,600,300,4,4,1,1,4,4,16,100,90,0.05,5,20,5,True,True,541.993,16,1500,1448,1448,0,48,10347.375,829,1320,True,True,270.015,13,1500,1448,1424,0,102,11718.714285714286,650,1201,711,1300,6648,6867,6644,6865,11,19,80
Fiber inp,600,300,4,4,1,1,4,4,16,100,90,0.05,5,20,5,True,True,541.980,14,1500,1448,1448,0,42,10310.285714285714,958,1468,True,True,268.115,16,1500,1448,1424,1,74,11710.9375,581,1121,632,1425,6647,6859,6636,6864,10,21,59
Fiber inp,600,300,4,4,1,1,4,4,16,100,90,0.05,5,20,5,True,True,541.892,16,1500,1448,1448,0,48,10594.1875,767,1166,True,True,270.873,16,1500,1448,1425,0,120,11726.8125,586,1117,641,1159,6622,6874,6626,6878,10,17,15
Fiber inp,600,300,4,4,1,1,4,4,16,100,90,0.05,5,20,5,True,True,542.164,16,1500,1448,1448,0,48,10442.875,825,1344,True,True,273.238,16,1500,1448,1424,2,135,11718.25,548,1194,644,1319,6633,6862,6623,6864,10,19,71
Fiber inp,600,300,4,4,1,1,4,4,16,100,90,0.05,5,20,5,True,True,542.094,16,1500,1448,1448,0,48,10765.5625,761,1205,True,True,272.486,15,1500,1448,1425,5,183,11932.6875,512,1145,612,1184,6624,6842,6633,6845,9,17,42
Fiber inp,600,300,4,4,1,1,4,4,16,100,90,0.05,5,20,5,True,True,542.012,16,1500,1448,1448,0,48,10407.0625,762,1324,True,True,271.476,14,1500,1448,1425,7,140,11392.866666666667,623,1213,662,1293,6643,6858,6639,6864,10,19,51
Fiber inp,600,300,4,4,1,1,4,4,16,100,90,0.05,5,20,5,True,True,542.352,16,1500,1448,1448,0,48,10911.3125,684,1137,True,True,272.526,16,1500,1448,1424,1,172,11837.625,512,1213,577,1204,6632,6868,6643,6875,9,18,57
Fiber inp,600,300,4,4,1,1,4,4,16,100,90,0.05,5,20,5,True,True,542.854,16,1500,1448,1448,0,48,10959.8125,739,1153,True,True,272.262,16,1500,1448,1424,4,135,11846.1875,561,1189,626,1176,6641,6887,6640,6893,9,17,88
Fiber inp,600,300,4,4,1,1,4,4,16,100,90,0.05,5,20,5,True,False,542.212,16,1500,1448,1448,0,48,10663.0625,755,1132,True,True,273.746,13,1500,1448,1424,22,258,11671.42857142857,538,1384,652,1345,6663,6857,6681,6846,10,20,4
Fiber inp,600,300,4,4,1,1,4,4,16,100,90,0.05,5,20,5,True,True,542.698,16,1500,1448,1448,0,48,10254.0625,879,1486,True,True,273.065,16,1500,1448,1425,0,55,11621.625,576,1052,643,1441,6661,6891,6644,6893,10,21,12
Fiber inp,600,300,4,4,1,1,6,4,16,100,90,0.05,5,20,5,True,True,542.314,15,1500,1448,1448,0,48,10269.375,833,1549,True,True,268.744,16,1500,1448,1425,8,118,11116.0625,758,1307,771,1510,6605,6872,6603,6877,12,22,79
Fiber inp,600,300,4,4,1,1,6,4,16,100,90,0.05,5,20,5,True,True,542.470,15,1500,1448,1448,0,48,10427.8125,838,1362,True,True,271.432,16,1500,1448,1425,0,60,11578.75,569,1039,640,1321,6675,6866,6672,6872,10,19,50
Fiber inp,600,300,4,4,1,1,6,4,16,100,90,0.05,5,20,5,True,True,542.124,16,1500,1448,1448,0,48,10501.5,762,1227,True,True,269.599,16,1500,1448,1424,0,79,11717.75,613,1158,658,1218,6644,6897,6615,6901,10,18,23
Fiber inp,600,300,4,4,1,1,6,4,16,100,90,0.05,5,20,5,True,True,542.344,16,1500,1448,1448,0,48,10273.125,895,1520,True,True,273.390,15,1500,1448,1425,5,90,11432.3125,687,1230,753,1461,6642,6883,6630,6879,11,21,68
Fiber inp,600,300,4,4,1,1,6,4,16,100,90,0.05,5,20,5,True,True,541.985,16,1500,1448,1448,0,48,10705.75,786,1143,True,True,270.113,15,1500,1448,1425,10,156,11640.875,585,1242,668,1192,6645,6860,6658,6864,10,17,92
Fiber inp,600,300,4,4,1,1,6,4,16,100,90,0.05,5,20,5,True,True,541.043,16,1500,1448,1448,0,48,10554.1875,868,1290,True,True,270.824,15,1500,1448,1424,1,58,11811.1875,617,1167,669,1259,6654,6858,6648,6844,10,18,95
Fiber inp,600,300,4,4,1,1,6,4,16,100,90,0.05,5,20,5,True,True,541.872,16,1500,1448,1448,0,48,10515.9375,761,1182,True,True,269.728,16,1500,1448,1423,0,123,11833.875,570,1223,626,1213,6659,6866,6653,6865,9,18,46
Fiber inp,600,300,4,4,1,1,6,4,16,100,90,0.05,5,20,5,True,True,542.225,16,1500,1448,1448,2,48,10671.9375,772,1172,True,True,271.431,16,1500,1448,1425,8,111,11764.875,519,1167,587,1184,6656,6863,6651,6864,9,17,93
Fiber inp,600,300,4,4,1,1,6,4,16,100,90,0.05,5,20,5,True,True,542.106,16,1500,1448,1448,1,48,10366.3125,908,1363,True,True,272.584,16,1500,1448,1425,4,140,11630.0625,518,1201,622,1342,6650,6852,6631,6857,9,20,17
Fiber inp,600,300,4,4,1,1,6,4,16,100,90,0.05,5,20,5,True,True,541.508,16,1500,1448,1448,0,48,10594.9375,803,1229,True,True,269.731,16,1500,1448,1424,2,77,11737.5,673,1166,712,1217,6678,6878,6668,6882,11,18,29
Fiber inp,600,300,4,4,1,1,6,4,16,100,90,0.05,5,20,5,True,True,542.063,16,1500,1448,1448,0,48,10287,821,1399,True,True,271.018,16,1500,1448,1424,1,100,11623.375,614,1141,649,1349,6644,6850,6644,6854,10,20,20
Fiber inp,600,300,4,4,1,1,6,4,16,100,90,0.05,5,20,5,True,True,541.630,15,1500,1448,1448,0,48,10610.0625,847,1367,True,True,270.114,16,1500,1448,1425,0,99,11573.625,479,1066,597,1287,6683,6879,6678,6877,9,19,31
Fiber inp,600,300,4,4,1,1,6,4,16,100,90,0.05,5,20,5,True,True,542.304,15,1500,1448,1448,1,48,10977.125,776,1175,True,True,273.731,16,1500,1448,1425,7,140,11562.5625,626,1218,683,1196,6678,6892,6672,6899,10,17,84
Fiber inp,600,300,4,4,1,1,6,4,16,100,90,0.05,5,20,5,True,True,542.123,15,1500,1448,1448,0,48,10675.625,866,1294,True,True,270.845,15,1500,1448,1425,0,84,11765.6875,656,1243,709,1283,6676,6862,6669,6864,11,19,13
Fiber inp,600,300,4,4,1,1,6,4,16,100,90,0.05,5,20,5,True,True,541.883,16,1500,1448,1448,0,48,10744.5,752,1187,True,True,270.940,16,1500,1448,1425,0,83,11527.875,596,1206,654,1200,6683,6881,6672,6885,10,17,62
Fiber inp,600,300,4,4,1,1,6,4,16,100,90,0.05,5,20,5,True,True,542.119,16,1500,1448,1448,0,48,10427.875,751,1296,True,True,268.478,16,1500,1448,1425,5,158,11743.375,562,1170,617,1273,6638,6842,6619,6845,9,19,75
Fiber inp,600,300,4,4,1,1,6,4,16,100,90,0.05,5,20,5,True,True,542.117,16,1500,1448,1448,0,48,10433.6875,961,1436,True,True,271.236,16,1500,1448,1425,1,140,11661.1875,622,1182,674,1387,6698,6878,6706,6884,10,20,9
Fiber inp,600,300,4,4,1,1,6,4,16,100,90,0.05,5,20,5,True,True,540.579,16,1500,1448,1448,0,48,10947.625,617,1658,True,True,269.465,16,1500,1448,1424,3,120,11760.0625,638,1235,621,1409,6664,6874,6664,6874,9,20,44
Fiber inp,600,300,4,4,1,1,6,4,16,100,90,0.05,5,20,5,True,True,542.240,16,1500,1448,1448,0,48,10556.0625,750,1212,True,True,274.664,16,1500,1448,1424,0,90,11549.75,573,1235,625,1232,6641,6879,6631,6883,9,18,48
Fiber inp,600,300,4,4,1,1,6,4,16,100,90,0.05,5,20,5,True,True,541.871,16,1500,1448,1448,1,48,10531.0625,763,1208,True,True,270.369,16,1500,1448,1424,1,128,11642.4375,582,1020,610,1180,6654,6854,6654,6858,9,17,99
Fiber inp,600,300,4,4,1,1,6,4,16,100,90,0.05,5,20,5,True,True,541.857,16,1500,1448,1448,0,48,10737.8125,732,1158,True,True,270.884,16,1500,1448,1424,5,108,11484.875,575,1239,639,1199,6650,6860,6638,6862,10,17,56
Fiber inp,600,300,4,4,1,1,6,4,16,100,90,0.05,5,20,5,True,True,542.089,16,1500,1448,1448,0,48,10593.9375,768,1240,True,True,269.256,16,1500,1448,1424,1,78,11463.875,648,1204,697,1235,6630,6854,6642,6859,10,18,32
Fiber inp,600,300,4,4,1,1,6,4,16,100,90,0.05,5,20,5,True,True,542.020,16,1500,1448,1448,0,48,10408,770,1249,True,True,271.050,16,1500,1448,1424,0,89,11426.4375,568,1182,615,1241,6648,6870,6637,6877,9,18,78
Fiber inp,600,300,4,4,1,1,6,4,16,100,90,0.05,5,20,5,True,True,542.054,15,1500,1448,1448,0,48,10530.875,805,1317,True,True,273.113,15,1500,1448,1425,2,119,11773.8125,632,1217,713,1297,6626,6850,6628,6853,11,19,38
Fiber inp,600,300,4,4,1,1,6,4,16,100,90,0.05,5,20,5,True,True,542.347,15,1500,1448,1448,0,48,10478.5,857,1324,True,True,272.582,15,1500,1448,1425,1,82,11398.5625,720,1203,762,1295,6653,6907,6637,6902,11,19,26
Fiber inp,600,300,4,4,1,1,6,4,16,100,90,0.05,5,20,5,True,True,542.054,16,1500,1448,1448,0,48,10564.375,835,1270,True,True,273.235,15,1500,1448,1424,12,197,12011.875,593,1219,657,1263,6669,6864,6662,6865,10,18,69
Fiber inp,600,300,4,4,1,1,6,4,16,100,90,0.05,5,20,5,True,True,542.000,15,1500,1448,1448,0,48,10559.875,844,1288,True,True,272.640,16,1500,1448,1424,0,70,11397.125,625,1156,669,1257,6662,6852,6656,6856,10,18,34
Fiber inp,600,300,4,4,1,1,6,4,16,100,90,0.05,5,20,5,True,True,541.406,16,1500,1448,1448,0,48,10769.9375,788,1156,True,True,270.991,15,1500,1448,1424,0,112,11390.1875,648,1258,709,1205,6639,6873,6633,6877,11,18,58
Fiber inp,600,300,4,4,1,1,6,4,16,100,90,0.05,5,20,5,True,True,542.126,15,1500,1448,1448,0,48,10675,857,1334,True,True,271.507,16,1500,1448,1424,1,92,11297.8125,639,1148,715,1302,6650,6871,6654,6864,11,19,30
Fiber inp,600,300,4,4,1,1,6,4,16,100,90,0.05,5,20,5,True,True,541.976,16,1500,1448,1448,0,48,10552.625,899,1383,True,True,269.620,15,1500,1448,1425,1,140,11751.75,547,1189,646,1364,6665,6863,6662,6858,10,20,70
Fiber inp,600,300,4,4,1,1,6,4,16,100,90,0.05,5,20,5,True,True,540.782,16,1500,1448,1448,0,48,10540.125,754,1258,True,True,271.050,16,1500,1448,1425,1,136,11475.6875,589,1067,633,1223,6656,6864,6645,6868,10,18,24
Fiber inp,600,300,4,4,1,1,6,4,16,100,90,0.05,5,20,5,True,True,541.847,16,1500,1448,1448,0,48,10372.5,736,1294,True,True,270.838,16,1500,1448,1425,6,174,11313.875,636,1245,665,1280,6643,6862,6643,6867,10,19,52
Fiber inp,600,300,4,4,1,1,6,4,16,100,90,0.05,5,20,5,True,True,542.025,16,1500,1448,1448,0,48,10567.75,813,1206,True,True,269.795,16,1500,1448,1424,3,178,11731.4375,516,1177,637,1216,6631,6876,6637,6882,10,18,36
Fiber inp,600,300,4,4,1,1,6,4,16,100,90,0.05,5,20,5,True,True,542.384,16,1500,1448,1448,0,48,10340.9375,798,1369,True,True,271.848,16,1500,1448,1424,2,107,11602.0625,587,1126,644,1341,6663,6862,6667,6865,10,20,2
Fiber inp,600,300,4,4,1,1,6,4,16,100,90,0.05,5,20,5,True,True,541.992,16,1500,1448,1448,0,48,10475,746,1205,True,True,268.752,16,1500,1448,1424,5,141,11571.0625,632,1116,663,1188,6637,6885,6650,6890,10,17,5
Fiber inp,600,300,4,4,1,1,6,4,16,100,90,0.05,5,20,5,True,True,542.367,16,1500,1448,1448,0,48,10517.9375,786,1185,True,True,269.614,16,1500,1448,1424,8,157,11650.4375,628,1113,654,1175,6674,6852,6659,6854,10,17,89
Fiber inp,600,300,4,4,1,1,6,4,16,100,90,0.05,5,20,5,True,True,541.916,15,1500,1448,1448,0,48,10599.875,872,1295,True,True,270.610,15,1500,1448,1424,1,84,11555.25,628,1215,668,1278,6644,6872,6623,6877,10,19,74
Fiber inp,600,300,4,4,1,1,6,4,16,100,90,0.05,5,20,5,True,True,541.754,16,1500,1448,1448,0,48,10617.5,790,1193,True,True,272.710,15,1500,1448,1425,1,96,11684.8125,650,1282,706,1238,6640,6874,6638,6878,11,18,91
Fiber inp,600,300,4,4,1,1,6,4,16,100,90,0.05,5,20,5,True,True,542.121,16,1500,1448,1448,0,48,10673.25,758,1103,True,True,272.047,15,1500,1448,1424,1,103,11786,631,1210,676,1155,6641,6851,6637,6855,10,17,53
Fiber inp,600,300,4,4,1,1,6,4,16,100,90,0.05,5,20,5,True,True,541.867,16,1500,1448,1448,0,48,10663.4375,766,1270,True,True,272.133,16,1500,1448,1424,5,155,11655.6875,590,1113,631,1230,6636,6856,6648,6846,9,18,21
Fiber inp,600,300,4,4,1,1,6,4,16,100,90,0.05,5,20,5,True,True,542.304,15,1500,1448,1448,0,48,10490.4375,823,1358,True,True,271.101,16,1500,1448,1425,0,86,12096.8125,586,1127,629,1312,6655,6841,6655,6836,9,19,55
Fiber inp,600,300,4,4,1,1,6,4,16,100,90,0.05,5,20,5,True,True,542.018,16,1500,1448,1448,0,48,10831.25,771,1206,True,True,276.307,15,1500,1448,1424,1,118,11739.5625,585,1186,644,1202,6628,6852,6609,6858,10,18,27
Fiber inp,600,300,4,4,1,1,6,4,16,100,90,0.05,5,20,5,True,True,542.113,15,1500,1448,1448,0,48,10418.1875,818,1432,True,True,267.887,16,1500,1448,1425,3,141,11654.9375,601,1102,645,1376,6661,6869,6664,6873,10,20,77
Fiber inp,600,300,4,4,1,1,6,4,16,100,90,0.05,5,20,5,True,True,542.377,16,1500,1448,1448,0,48,10752,786,1121,True,True,275.998,15,1500,1448,1424,5,159,11717.9375,503,1241,640,1183,6636,6858,6618,6862,10,17,85
Fiber inp,600,300,4,4,1,1,6,4,16,100,90,0.05,5,20,5,True,True,541.850,16,1500,1448,1448,1,48,10534.25,806,1253,True,True,270.330,16,1500,1448,1424,0,142,11607.25,540,1147,616,1242,6664,6864,6657,6863,9,18,86
Fiber inp,600,300,4,4,1,1,6,4,16,100,90,0.05,5,20,5,True,True,542.115,16,1500,1448,1448,0,48,10559.125,699,1152,True,True,273.597,16,1500,1448,1424,1,145,11631.1875,545,1188,599,1174,6653,6858,6644,6861,9,17,18
Fiber inp,600,300,4,4,1,1,6,4,16,100,90,0.05,5,20,5,True,True,542.248,15,1500,1448,1448,1,48,10534.75,802,1304,True,True,270.361,16,1500,1448,1425,2,157,11446.4375,632,1153,678,1275,6656,6865,6650,6868,10,19,22
Fiber inp,600,300,4,4,1,1,6,4,16,100,90,0.05,5,20,5,True,True,542.195,16,1500,1448,1448,0,48,10554.1875,794,1361,True,True,273.332,16,1500,1448,1424,4,105,11451.6875,666,1191,694,1323,6631,6854,6633,6858,10,19,81
Fiber inp,600,300,4,4,1,1,6,4,16,100,90,0.05,5,20,5,True,True,542.232,16,1500,1448,1448,1,48,10282.625,816,1452,True,True,270.125,15,1500,1448,1424,5,86,11644.75,677,1186,707,1405,6678,6864,6678,6869,11,20,64
Fiber inp,600,300,4,4,1,1,6,4,16,100,90,0.05,5,20,5,True,True,542.173,16,1500,1448,1448,0,48,10447.3125,788,1289,True,True,271.851,16,1500,1448,1424,3,100,11757.5625,580,1180,606,1261,6654,6894,6660,6900,9,18,7
Fiber inp,600,300,4,4,1,1,6,4,16,100,90,0.05,5,20,5,True,True,542.238,16,1500,1448,1448,0,48,10415.125,848,1278,True,True,272.675,15,1500,1448,1424,2,75,11636.125,673,1240,712,1273,6648,6857,6646,6861,11,19,76
Fiber inp,600,300,4,4,1,1,6,4,16,100,90,0.05,5,20,5,True,True,541.990,16,1500,1448,1448,0,48,10704.25,762,1206,True,True,272.704,15,1500,1448,1425,2,143,11593.4375,595,1229,661,1219,6657,6867,6646,6871,10,18,98
Fiber inp,600,300,4,4,1,1,6,4,16,100,90,0.05,5,20,5,True,True,542.098,15,1500,1448,1448,0,48,10314.8125,885,1380,True,True,270.670,16,1500,1448,1425,2,118,11739.25,583,1277,663,1366,6683,6870,6677,6869,10,20,19
Fiber inp,600,300,4,4,1,1,6,4,16,100,90,0.05,5,20,5,True,True,542.206,16,1500,1448,1448,0,48,10794.9375,813,1258,True,True,272.741,16,1500,1448,1425,0,105,11662.0625,563,1258,642,1262,6639,6875,6637,6879,10,18,28
Fiber inp,600,300,4,4,1,1,6,4,16,100,90,0.05,5,20,5,True,True,541.916,15,1500,1448,1448,1,48,10743.625,775,1213,True,True,273.481,16,1500,1448,1424,4,137,11796.1875,584,1138,613,1196,6653,6853,6653,6859,9,17,67
Fiber inp,600,300,4,4,1,1,6,4,16,100,90,0.05,5,20,5,True,True,542.027,16,1500,1448,1448,1,48,10216.0625,883,1509,True,True,268.999,16,1500,1448,1424,0,88,11796.5,586,1226,660,1465,6654,6852,6653,6851,10,21,61
Fiber inp,600,300,4,4,1,1,6,4,16,100,90,0.05,5,20,5,True,True,541.833,15,1500,1448,1448,0,48,10372.25,899,1396,True,True,272.340,16,1500,1448,1424,0,78,11793.125,560,1103,651,1364,6663,6863,6663,6868,10,20,1
Fiber inp,600,300,4,4,1,1,6,4,16,100,90,0.05,5,20,5,True,True,542.354,16,1500,1448,1448,0,48,10245.625,829,1400,True,True,272.727,16,1500,1448,1425,2,74,11576.1875,644,1192,683,1354,6652,6843,6652,6846,10,20,66
Fiber inp,600,300,4,4,1,1,6,4,16,100,90,0.05,5,20,5,True,True,542.005,15,1500,1448,1448,0,48,10611.9375,854,1282,True,True,270.081,16,1500,1448,1424,0,81,11693.25,618,1117,662,1237,6642,6869,6649,6876,10,18,40
Fiber inp,600,300,4,4,1,1,6,4,16,100,90,0.05,5,20,5,True,True,541.799,16,1500,1448,1448,0,48,10326.3125,859,1351,True,True,272.441,15,1500,1448,1425,3,95,11417.75,653,1254,735,1336,6654,6862,6650,6868,11,19,73
Fiber inp,600,300,4,4,1,1,6,4,16,100,90,0.05,5,20,5,True,True,542.250,16,1500,1448,1448,1,48,10490.3125,789,1336,True,True,267.858,16,1500,1448,1425,1,96,11540.8125,580,1133,625,1280,6647,6857,6632,6862,9,19,49
Fiber inp,600,300,4,4,1,1,6,4,16,100,90,0.05,5,20,5,True,True,542.261,16,1500,1448,1448,0,48,10519.4375,768,1195,True,True,270.303,15,1500,1448,1425,5,120,11479.5625,663,1175,710,1204,6675,6881,6680,6884,11,17,60
Fiber inp,600,300,4,4,1,1,6,4,16,100,90,0.05,5,20,5,True,True,542.439,15,1500,1448,1448,0,48,10632,788,1362,True,True,271.192,16,1500,1448,1425,0,100,11514.125,585,1153,646,1316,6656,6858,6647,6861,10,19,41
Fiber inp,600,300,4,4,1,1,6,4,16,100,90,0.05,5,20,5,True,True,542.226,16,1500,1448,1448,0,48,10668.0625,811,1213,True,True,271.368,15,1500,1448,1424,1,126,11794.0625,633,1222,683,1224,6636,6872,6630,6878,10,18,10
Fiber inp,600,300,4,4,1,1,6,4,16,100,90,0.05,5,20,5,True,True,541.744,16,1500,1448,1448,0,48,10573.1875,827,1274,True,True,273.199,16,1500,1448,1425,9,181,11850.5625,560,1231,639,1276,6638,6858,6631,6841,10,19,37
Fiber inp,600,300,4,4,1,1,6,4,16,100,90,0.05,5,20,5,True,True,541.828,16,1500,1448,1448,0,48,10622.375,771,1147,True,True,274.087,16,1500,1448,1424,4,90,11662.8125,525,1199,606,1176,6644,6881,6654,6888,9,17,100
Fiber inp,600,300,4,4,1,1,6,4,16,100,90,0.05,5,20,5,True,True,541.966,16,1500,1448,1448,0,48,10369.5625,831,1302,True,True,271.614,16,1500,1448,1424,0,67,11595.375,598,1173,649,1282,6635,6845,6631,6850,10,19,35
Fiber inp,600,300,4,4,1,1,6,4,16,100,90,0.05,5,20,5,True,True,541.997,16,1500,1448,1448,0,48,10556.5625,783,1239,True,True,273.357,16,1500,1448,1425,0,135,11820.5625,544,1161,628,1214,6640,6837,6668,6836,9,18,11
Fiber inp,600,300,4,4,1,1,6,4,16,100,90,0.05,5,20,5,True,True,542.159,15,1500,1448,1448,0,48,10461.25,829,1324,True,True,272.757,16,1500,1448,1424,0,91,11471.5,629,1189,674,1289,6663,6851,6655,6842,10,19,94
Fiber inp,600,300,4,4,1,1,6,4,16,100,90,0.05,5,20,5,True,True,542.712,15,1500,1448,1448,0,48,10864.3125,756,1183,True,True,270.717,16,1500,1448,1424,0,85,11743.6875,576,1188,629,1188,6639,6882,6632,6886,9,17,87
Fiber inp,600,300,4,4,1,1,6,4,16,100,90,0.05,5,20,5,True,True,542.023,15,1500,1448,1448,0,48,10209.25,946,1532,True,True,272.243,16,1500,1448,1424,1,132,11451.75,645,1208,718,1495,6667,6854,6653,6860,11,22,90
Fiber inp,600,300,4,4,1,1,6,4,16,100,90,0.05,5,20,5,True,True,541.489,16,1500,1448,1448,0,48,10575.1875,834,1300,True,True,270.649,16,1500,1448,1424,1,85,11362.875,590,1248,673,1283,6674,6851,6644,6845,10,19,6
Fiber inp,600,300,4,4,1,1,6,4,16,100,90,0.05,5,20,5,True,True,542.153,16,1500,1448,1448,0,48,10507.8125,889,1344,True,True,270.810,16,1500,1448,1424,0,102,11605.125,615,1181,679,1314,6647,6843,6656,6856,10,19,25
Fiber inp,600,300,4,4,1,1,6,4,16,100,90,0.05,5,20,5,True,True,542.498,16,1500,1448,1448,0,48,10460.5,829,1327,True,True,272.363,16,1500,1448,1424,1,148,11689.625,602,1149,639,1302,6637,6863,6629,6869,10,19,65
Fiber inp,600,300,4,4,1,1,6,4,16,100,90,0.05,5,20,5,True,True,542.500,16,1500,1448,1448,0,48,10569.5,868,1332,True,True,270.939,15,1500,1448,1424,0,88,11298.75,543,1161,663,1289,6640,6846,6631,6849,10,19,54
Fiber inp,600,300,4,4,1,1,6,4,16,100,90,0.05,5,20,5,True,True,541.871,15,1500,1448,1448,1,48,10790.5,780,1229,True,True,271.448,16,1500,1448,1425,1,57,11024.125,714,1163,747,1195,6655,6833,6655,6835,11,17,39
Fiber inp,600,300,4,4,1,1,6,4,16,100,90,0.05,5,20,5,True,True,542.233,15,1500,1448,1448,0,48,10052.5,885,1682,True,True,270.615,16,1500,1448,1424,2,136,11180.125,701,1189,756,1633,6656,6870,6658,6875,11,24,3
Fiber inp,600,300,4,4,1,1,6,4,16,100,90,0.05,5,20,5,True,True,543.632,16,1500,1448,1448,0,48,10519.625,773,1173,True,True,269.983,15,1500,1448,1424,5,119,11576.0625,529,1319,639,1246,6654,6854,6657,6857,10,18,97
Fiber inp,600,300,4,4,1,1,6,4,16,100,90,0.05,5,20,5,True,True,541.809,16,1500,1448,1448,0,48,10611.3125,768,1154,True,True,269.651,15,1500,1448,1425,0,62,11689.1875,669,1130,707,1151,6653,6868,6652,6870,11,17,33
Fiber inp,600,300,4,4,1,1,6,4,16,100,90,0.05,5,20,5,True,True,542.224,16,1500,1448,1448,0,48,10617.8125,742,1221,True,True,269.720,16,1500,1448,1425,3,84,11854.0625,585,1095,646,1183,6636,6848,6636,6812,10,17,47
Fiber inp,600,300,4,4,1,1,6,4,16,100,90,0.05,5,20,5,True,True,541.686,16,1500,1448,1448,0,48,10481.125,854,1269,True,True,271.743,16,1500,1448,1425,0,74,11520.6875,599,1080,655,1237,6643,6843,6646,6848,10,18,96
Fiber inp,600,300,4,4,1,1,6,4,16,100,90,0.05,5,20,5,True,True,542.469,15,1500,1448,1448,0,48,10515.8125,806,1331,True,True,272.116,16,1500,1448,1425,1,175,11507.75,501,1232,626,1323,6625,6847,6622,6851,9,19,72
Fiber inp,600,300,4,4,1,1,6,4,16,100,90,0.05,5,20,5,True,True,542.117,16,1500,1448,1448,0,48,10759.875,709,1077,True,True,271.051,16,1500,1448,1425,0,112,11667,598,1226,623,1150,6660,6870,6660,6875,9,17,16
Fiber inp,600,300,4,4,1,1,6,4,16,100,90,0.05,5,20,5,True,True,541.993,16,1500,1448,1448,0,48,10363.4375,762,1361,True,True,272.240,16,1500,1448,1425,5,113,11551.125,602,1117,669,1331,6664,6870,6654,6864,10,19,8
Fiber inp,600,300,4,4,1,1,6,4,16,100,90,0.05,5,20,5,True,True,542.492,16,1500,1448,1448,0,48,10458.6875,868,1312,True,True,271.724,15,1500,1448,1424,6,171,11758.625,609,1233,715,1296,6667,6884,6662,6891,11,19,14
Fiber inp,600,300,4,4,1,1,6,4,16,100,90,0.05,5,20,5,True,True,541.937,15,1500,1448,1448,1,48,10457,937,1492,True,True,269.890,15,1500,1448,1425,3,143,11605.1875,631,1251,695,1433,6631,6855,6648,6852,10,21,82
Fiber inp,600,300,4,4,1,1,6,4,16,100,90,0.05,5,20,5,True,True,542.154,16,1500,1448,1448,1,48,10252.875,886,1371,True,True,270.852,16,1500,1448,1425,1,63,11525.75,658,1214,715,1349,6643,6843,6642,6850,11,20,45
Fiber inp,600,300,4,4,1,1,6,4,16,100,90,0.05,5,20,5,True,True,542.362,15,1500,1448,1448,0,48,10453.25,940,1366,True,True,271.766,15,1500,1448,1424,3,128,11766.9375,512,1162,629,1336,6665,6834,6651,6833,9,20,43
Fiber inp,600,300,4,4,1,1,6,4,16,100,90,0.05,5,20,5,True,True,542.235,16,1500,1448,1448,0,48,10482.375,765,1215,True,True,270.629,16,1500,1448,1425,1,79,11673.625,643,1181,668,1222,6658,6884,6642,6863,10,18,83
Fiber inp,600,300,4,4,1,1,6,4,16,100,90,0.05,5,20,5,True,True,542.293,15,1500,1448,1448,0,48,10537.9375,737,1303,True,True,270.087,16,1500,1448,1425,0,71,11633.5625,646,1110,662,1267,6634,6840,6634,6843,10,19,63
Fiber inp,600,300,4,4,1,1,6,4,16,100,90,0.05,5,20,5,True,True,542.121,16,1500,1448,1448,0,48,10289.5,849,1383,True,True,270.494,16,1500,1448,1425,2,94,11063.4375,691,1199,735,1331,6650,6877,6645,6881,11,19,80
Fiber inp,600,300,4,4,1,1,6,4,16,100,90,0.05,5,20,5,True,True,541.243,16,1500,1448,1448,0,48,10613.9375,833,1280,True,True,270.008,16,1500,1448,1424,0,88,11202.6875,613,1083,672,1236,6622,6875,6638,6880,10,18,59
Fiber inp,600,300,4,4,1,1,6,4,16,100,90,0.05,5,20,5,True,True,542.494,16,1500,1448,1448,1,48,10922.875,700,1070,True,True,274.213,15,1500,1448,1425,3,116,11650.5,597,1233,650,1181,6670,6864,6645,6868,10,17,15
Fiber inp,600,300,4,4,1,1,6,4,16,100,90,0.05,5,20,5,True,True,541.685,16,1500,1448,1448,1,48,10522.5625,832,1191,True,True,274.350,16,1500,1448,1425,0,77,11858.0625,578,1210,638,1211,6636,6848,6642,6841,10,18,71
Fiber inp,600,300,4,4,1,1,6,4,16,100,90,0.05,5,20,5,True,True,542.203,16,1500,1448,1448,0,48,10321.375,890,1303,True,True,271.723,16,1500,1448,1424,0,106,11376.4375,687,1159,731,1283,6639,6837,6639,6840,11,19,42
Fiber inp,600,300,4,4,1,1,6,4,16,100,90,0.05,5,20,5,True,True,541.586,16,1500,1448,1448,1,48,10708.1875,787,1162,True,True,270.105,16,1500,1448,1424,4,164,12260.25,505,1133,595,1154,6660,6895,6639,6888,9,17,51
Fiber inp,600,300,4,4,1,1,6,4,16,100,90,0.05,5,20,5,True,True,542.477,15,1500,1448,1448,0,48,10559.5625,816,1316,True,True,270.411,16,1500,1448,1424,9,152,11593.125,629,1186,675,1282,6645,6869,6658,6873,10,19,57
Fiber inp,600,300,4,4,1,1,6,4,16,100,90,0.05,5,20,5,True,True,542.105,15,1500,1448,1448,3,48,10975.3125,737,1246,True,True,268.405,16,1500,1448,1424,18,174,11702.625,579,1039,629,1189,6661,6869,6660,6875,9,17,88
Fiber inp,600,300,4,4,1,1,6,4,16,100,90,0.05,5,20,5,True,True,542.126,16,1500,1448,1448,0,48,10763.25,795,1213,True,True,270.520,16,1500,1448,1424,1,123,11522.125,522,1194,590,1212,6646,6864,6657,6870,9,18,4
Fiber inp,600,300,4,4,1,1,6,4,16,100,90,0.05,5,20,5,True,True,542.317,15,1500,1448,1448,0,48,10357.5,877,1377,True,True,270.842,16,1500,1448,1425,3,136,11899.625,601,1104,646,1340,6646,6879,6646,6883,10,19,12
Fiber inc,600,300,4,4,1,8,1,4,16,100,90,0.05,5,20,5,True,True,542.606,17,1500,1448,1448,0,51,11030.70588235294,690,1319,True,True,271.483,17,1500,1448,1425,0,75,11719.411764705883,558,1611,635,1511,6649,6853,6623,6857,10,22,79
Fiber inc,600,300,4,4,1,8,1,4,16,100,90,0.05,5,20,5,True,True,541.372,17,1500,1448,1448,0,51,10865.823529411764,698,1632,True,True,271.747,17,1500,1448,1424,0,115,12057.470588235294,584,1676,650,1679,6651,6873,6641,6872,10,24,50
Fiber inc,600,300,4,4,1,8,1,4,16,100,90,0.05,5,20,5,True,True,542.855,17,1500,1448,1448,0,51,11037.058823529413,603,1667,True,True,270.903,17,1500,1448,1425,0,67,11468.941176470587,541,1608,577,1641,6669,6871,6675,6875,9,24,23
Fiber inc,600,300,4,4,1,8,1,4,16,100,90,0.05,5,20,5,True,True,542.394,17,1500,1448,1448,0,51,10509.058823529413,809,1965,True,True,271.214,17,1500,1448,1425,0,62,11684.176470588236,617,1598,675,1791,6646,6855,6646,6861,10,26,68
Fiber inc,600,300,4,4,1,8,1,4,16,100,90,0.05,5,20,5,True,True,542.345,17,1500,1448,1448,0,51,10583.29411764706,739,1798,True,True,270.973,17,1500,1448,1425,1,64,11647.588235294117,568,1614,614,1707,6638,6855,6635,6854,9,25,92
Fiber inc,600,300,4,4,1,8,1,4,16,100,90,0.05,5,20,5,True,True,542.824,17,1500,1448,1448,0,51,10905.29411764706,705,1640,True,True,271.603,17,1500,1448,1424,0,84,11763.117647058823,560,1655,619,1675,6646,6870,6625,6875,9,24,95
Fiber inc,600,300,4,4,1,8,1,4,16,100,90,0.05,5,20,5,True,True,542.632,17,1500,1448,1448,0,51,10852.588235294117,730,1828,True,True,272.070,17,1500,1448,1424,0,112,11237,647,1225,691,1478,6651,6845,6647,6848,10,22,46
Fiber inc,600,300,4,4,1,8,1,4,16,100,90,0.05,5,20,5,True,True,542.584,17,1500,1448,1448,0,51,10486.64705882353,805,1569,True,True,273.124,17,1500,1448,1424,0,63,11702.058823529413,654,1597,707,1603,6655,6886,6643,6893,11,23,93
Fiber inc,600,300,4,4,1,8,1,4,16,100,90,0.05,5,20,5,True,True,542.493,17,1500,1448,1448,0,51,10850.70588235294,705,1692,True,True,271.342,17,1500,1448,1424,0,81,11717.70588235294,611,1607,640,1650,6659,6878,6657,6854,10,24,17
Fiber inc,600,300,4,4,1,8,1,4,16,100,90,0.05,5,20,5,True,True,541.637,17,1500,1448,1448,0,51,10637.588235294117,732,1649,True,True,271.274,17,1500,1448,1425,0,60,11910.117647058823,593,1534,633,1591,6644,6861,6622,6866,10,23,29
Fiber inc,600,300,4,4,1,8,1,4,16,100,90,0.05,5,20,5,True,True,541.995,17,1500,1448,1448,0,51,10586.235294117647,732,1526,True,True,269.488,17,1500,1448,1425,0,94,11475.176470588236,611,1409,648,1471,6628,6885,6633,6892,10,21,20
Fiber inc,600,300,4,4,1,8,1,4,16,100,90,0.05,5,20,5,True,True,542.501,17,1500,1448,1448,0,51,10812.941176470587,721,2006,True,True,271.392,17,1500,1448,1424,0,56,11716.470588235294,574,1541,618,1780,6651,6850,6651,6851,9,26,31
Fiber inc,600,300,4,4,1,8,1,4,16,100,90,0.05,5,20,5,True,True,542.329,17,1500,1448,1448,0,51,11073,705,1718,True,True,271.588,17,1500,1448,1424,0,76,11598.235294117647,625,1538,669,1622,6639,6866,6643,6867,10,24,84
Fiber inc,600,300,4,4,1,8,1,4,16,100,90,0.05,5,20,5,True,True,542.618,17,1500,1448,1448,1,51,11134.176470588236,612,1598,True,True,271.594,17,1500,1448,1425,0,99,12112.941176470587,562,1873,584,1807,6673,6866,6664,6870,9,26,13
Fiber inc,600,300,4,4,1,8,1,4,16,100,90,0.05,5,20,5,True,True,542.363,17,1500,1448,1448,0,51,10888.35294117647,728,1662,True,True,270.859,17,1500,1448,1448,0,65,11586.588235294117,592,1671,664,1709,6650,6861,6654,6867,10,25,62
Fiber inc,600,300,4,4,1,8,1,4,16,100,90,0.05,5,20,5,True,True,542.248,17,1500,1448,1448,1,51,10653.941176470587,669,1588,True,True,271.996,17,1500,1448,1424,0,55,11681.117647058823,585,1712,603,1673,6681,6896,6677,6895,9,24,75
Fiber inc,600,300,4,4,1,8,1,4,16,100,90,0.05,5,20,5,True,True,542.968,17,1500,1448,1448,0,51,10873,669,1875,True,True,269.742,17,1500,1448,1424,1,197,11893.70588235294,543,1536,602,1688,6650,6848,6658,6824,9,25,9
Fiber inc,600,300,4,4,1,8,1,4,16,100,90,0.05,5,20,5,True,True,542.216,17,1500,1448,1448,1,51,10577.588235294117,776,1812,True,True,270.984,17,1500,1448,1424,0,53,11431.117647058823,629,1438,700,1654,6662,6858,6665,6861,11,24,44
Fiber inc,600,300,4,4,1,8,1,4,16,100,90,0.05,5,20,5,True,True,542.373,17,1500,1448,1448,0,51,10518,730,1699,True,True,270.261,17,1500,1448,1425,0,61,11893.058823529413,567,1569,623,1640,6676,6874,6682,6878,9,24,48
Fiber inc,600,300,4,4,1,8,1,4,16,100,90,0.05,5,20,5,True,True,542.876,17,1500,1448,1448,0,51,10641.941176470587,770,1600,True,True,270.471,17,1500,1448,1425,0,77,11821.70588235294,615,1570,670,1628,6641,6848,6633,6852,10,24,99
Fiber inc,600,300,4,4,1,8,1,4,16,100,90,0.05,5,20,5,True,True,542.441,17,1500,1448,1448,0,51,10889.70588235294,716,1593,True,True,271.214,17,1500,1448,1424,0,80,11787.70588235294,587,1521,662,1563,6673,6888,6671,6894,10,23,56
Fiber inc,600,300,4,4,1,8,1,4,16,100,90,0.05,5,20,5,True,True,542.871,17,1500,1448,1448,0,51,10989.058823529413,640,1750,True,True,272.450,17,1500,1448,1424,0,52,11686.882352941177,588,1412,621,1558,6669,6887,6670,6890,9,23,32
Fiber inc,600,300,4,4,1,8,1,4,16,100,90,0.05,5,20,5,True,True,541.880,17,1500,1448,1448,0,51,11195.117647058823,682,1380,True,True,271.238,17,1500,1448,1425,0,96,11543,604,1569,628,1497,6671,6871,6659,6877,9,22,78
Fiber inc,600,300,4,4,1,8,1,4,16,100,90,0.05,5,20,5,True,True,542.621,17,1500,1448,1448,0,51,10857.235294117647,716,1724,True,True,270.975,17,1500,1448,1424,0,72,11625.29411764706,587,1599,634,1658,6647,6870,6636,6876,10,24,38
Fiber inc,600,300,4,4,1,8,1,4,16,100,90,0.05,5,20,5,True,True,542.109,17,1500,1448,1448,0,51,10636.823529411764,791,1729,True,True,270.238,17,1500,1448,1425,2,78,11812.64705882353,629,1392,694,1555,6681,6876,6669,6879,10,23,26
Fiber inc,600,300,4,4,1,8,1,4,16,100,90,0.05,5,20,5,True,True,542.471,17,1500,1448,1448,1,51,10946.70588235294,702,1908,True,True,271.411,17,1500,1448,1424,0,101,11858.35294117647,566,1560,614,1731,6635,6883,6636,6859,9,25,69
Fiber inc,600,300,4,4,1,8,1,4,16,100,90,0.05,5,20,5,True,True,543.085,17,1500,1448,1448,0,51,10723.411764705883,746,1531,True,True,271.001,17,1500,1448,1425,0,56,11321.176470588236,718,1206,732,1343,6647,6874,6646,6878,11,20,34
Fiber inc,600,300,4,4,1,8,1,4,16,100,90,0.05,5,20,5,True,True,542.229,17,1500,1448,1448,0,51,10900.176470588236,730,1420,True,True,269.522,17,1500,1448,1424,1,102,11145.117647058823,676,1293,715,1352,6660,6874,6654,6879,11,20,58
Fiber inc,600,300,4,4,1,8,1,4,16,100,90,0.05,5,20,5,True,True,542.557,17,1500,1448,1448,0,51,10659.117647058823,715,1585,True,True,271.387,17,1500,1448,1424,0,75,11900.470588235294,582,1654,617,1673,6639,6871,6636,6875,9,24,30
Fiber inc,600,300,4,4,1,8,1,4,16,100,90,0.05,5,20,5,True,True,542.602,17,1500,1448,1448,0,51,10990.764705882353,718,1918,True,True,270.990,17,1500,1448,1424,1,102,11722.411764705883,566,1541,626,1720,6649,6858,6643,6859,9,25,70
Fiber inc,600,300,4,4,1,8,1,4,16,100,90,0.05,5,20,5,True,True,542.424,17,1500,1448,1448,0,51,10953.235294117647,674,1809,True,True,270.181,17,1500,1448,1448,0,84,11701,585,1644,636,1723,6650,6864,6646,6867,10,25,24
Fiber inc,600,300,4,4,1,8,1,4,16,100,90,0.05,5,20,5,True,True,542.124,17,1500,1448,1448,0,51,10915,707,1641,True,True,269.917,17,1500,1448,1424,0,70,11780.941176470587,606,1478,638,1571,6648,6840,6605,6840,10,23,52
Fiber inc,600,300,4,4,1,8,1,4,16,100,90,0.05,5,20,5,True,True,542.101,17,1500,1448,1448,0,51,10730.941176470587,708,1443,True,True,271.234,17,1500,1448,1448,0,70,11414.823529411764,591,1276,628,1354,6611,6865,6589,6870,10,20,36
Fiber inc,600,300,4,4,1,8,1,4,16,100,90,0.05,5,20,5,True,True,542.614,17,1500,1448,1448,0,51,10976.29411764706,606,1722,True,True,269.849,17,1500,1448,1424,0,55,11061.823529411764,739,1304,665,1488,6651,6883,6639,6848,10,22,2
Fiber inc,600,300,4,4,1,8,1,4,16,100,90,0.05,5,20,5,True,True,542.074,17,1500,1448,1448,1,51,10885.529411764706,724,1801,True,True,271.676,17,1500,1448,1424,0,73,11489.588235294117,551,1492,616,1648,6653,6872,6639,6876,9,24,5
Fiber inc,600,300,4,4,1,8,1,4,16,100,90,0.05,5,20,5,True,True,542.611,17,1500,1448,1448,0,51,10783.235294117647,707,1694,True,True,271.930,17,1500,1448,1425,1,67,11291.70588235294,690,1344,697,1539,6673,6896,6664,6901,10,22,89
Fiber inc,600,300,4,4,1,8,1,4,16,100,90,0.05,5,20,5,True,True,542.380,17,1500,1448,1448,0,51,10914.470588235294,712,1485,True,True,272.562,17,1500,1448,1425,0,72,11703.235294117647,557,1579,626,1556,6664,6873,6660,6862,9,23,74
Fiber inc,600,300,4,4,1,8,1,4,16,100,90,0.05,5,20,5,True,True,542.075,17,1500,1448,1448,0,51,10801,686,1816,True,True,271.379,17,1500,1448,1424,0,68,11773.058823529413,588,1491,627,1643,6636,6872,6634,6878,9,24,91
Fiber inc,600,300,4,4,1,8,1,4,16,100,90,0.05,5,20,5,True,True,542.488,17,1500,1448,1448,0,51,10972.35294117647,693,1609,True,True,270.975,17,1500,1448,1424,0,66,11014.058823529413,720,1215,700,1426,6661,6875,6650,6868,11,21,53
Fiber inc,600,300,4,4,1,8,1,4,16,100,90,0.05,5,20,5,True,True,542.460,17,1500,1448,1448,0,51,10969.29411764706,674,1810,True,True,272.660,17,1500,1448,1424,0,66,11511.588235294117,592,1472,626,1630,6631,6850,6631,6854,9,24,21
Fiber inc,600,300,4,4,1,8,1,4,16,100,90,0.05,5,20,5,True,True,542.655,17,1500,1448,1448,0,51,10718.941176470587,791,1528,True,True,272.692,17,1500,1448,1424,1,84,11807.176470588236,558,1700,605,1687,6656,6869,6644,6855,9,25,55
Fiber inc,600,300,4,4,1,8,1,4,16,100,90,0.05,5,20,5,True,True,542.530,17,1500,1448,1448,1,51,11125.764705882353,612,1645,True,True,270.045,17,1500,1448,1445,1,75,11199.529411764706,729,1233,645,1408,6641,6856,6645,6860,10,21,27
Fiber inc,600,300,4,4,1,8,1,4,16,100,90,0.05,5,20,5,True,True,542.507,17,1500,1448,1448,0,51,10931.70588235294,708,1421,True,True,271.240,17,1500,1448,1424,0,82,11156.823529411764,659,1216,682,1315,6640,6872,6632,6868,10,19,77
Fiber inc,600,300,4,4,1,8,1,4,16,100,90,0.05,5,20,5,True,True,542.694,17,1500,1448,1448,0,51,10823.470588235294,700,1799,True,True,269.930,17,1500,1448,1424,0,60,11031.882352941177,733,1324,720,1537,6658,6882,6648,6889,11,22,85
Fiber inc,600,300,4,4,1,8,1,4,16,100,90,0.05,5,20,5,True,True,543.630,17,1500,1448,1448,0,51,10779.823529411764,689,1778,True,True,271.552,17,1500,1448,1424,0,61,11956.764705882353,603,1612,626,1692,6640,6872,6658,6879,9,25,86
Fiber inc,600,300,4,4,1,8,1,4,16,100,90,0.05,5,20,5,True,True,542.378,17,1500,1448,1448,2,51,11025.411764705883,632,1780,True,True,271.643,17,1500,1448,1424,1,61,11636.529411764706,638,1404,635,1597,6618,6852,6638,6857,10,23,18
Fiber inc,600,300,4,4,1,8,1,4,16,100,90,0.05,5,20,5,True,True,542.379,17,1500,1448,1448,1,51,10653.823529411764,678,1396,True,True,271.738,17,1500,1448,1425,1,90,11048.588235294117,749,1300,704,1349,6667,6867,6672,6864,11,20,22
Fiber inc,600,300,4,4,1,8,1,4,16,100,90,0.05,5,20,5,True,True,542.486,17,1500,1448,1448,0,51,10809.64705882353,769,1602,True,True,271.683,17,1500,1448,1424,0,62,11856.823529411764,608,1602,669,1616,6637,6866,6659,6866,10,24,81
Fiber inc,600,300,4,4,1,8,1,4,16,100,90,0.05,5,20,5,True,True,542.493,17,1500,1448,1448,0,51,10443.35294117647,820,1741,True,True,270.405,17,1500,1448,1424,0,58,11799.823529411764,537,1566,599,1665,6644,6849,6631,6845,9,24,64
Fiber inc,600,300,4,4,1,8,1,4,16,100,90,0.05,5,20,5,True,True,542.428,17,1500,1448,1448,0,51,10936.470588235294,727,1786,True,True,271.904,17,1500,1448,1425,0,61,11669.70588235294,630,1310,671,1514,6633,6841,6618,6838,10,22,7
Fiber inc,600,300,4,4,1,8,1,4,16,100,90,0.05,5,20,5,True,True,542.365,17,1500,1448,1448,1,51,10951.35294117647,634,1945,True,True,272.115,17,1500,1448,1424,0,113,11451.29411764706,611,1435,626,1685,6639,6858,6641,6864,9,25,76
Fiber inc,600,300,4,4,1,8,1,4,16,100,90,0.05,5,20,5,True,True,542.739,17,1500,1448,1448,0,51,11126.470588235294,576,2124,True,True,271.099,17,1500,1448,1425,0,100,11597.058823529413,549,1404,564,1858,6644,6843,6643,6848,8,27,98
Fiber inc,600,300,4,4,1,8,1,4,16,100,90,0.05,5,20,5,True,True,542.738,17,1500,1448,1448,0,51,10946.70588235294,676,1780,True,True,270.909,17,1500,1448,1424,0,84,11407.058823529413,613,1319,639,1523,6624,6837,6580,6839,10,22,19
Fiber inc,600,300,4,4,1,8,1,4,16,100,90,0.05,5,20,5,True,True,542.735,17,1500,1448,1448,0,51,10889.941176470587,684,1910,True,True,270.748,17,1500,1448,1424,0,70,11672.529411764706,560,1540,629,1735,6632,6875,6631,6883,9,25,28
Fiber inc,600,300,4,4,1,8,1,4,16,100,90,0.05,5,20,5,True,True,542.682,17,1500,1448,1448,0,51,10418.117647058823,830,2165,True,True,271.085,17,1500,1448,1425,0,62,11464.058823529413,619,1394,678,1790,6658,6851,6651,6855,10,26,67
Fiber inc,600,300,4,4,1,8,1,4,16,100,90,0.05,5,20,5,True,True,542.475,17,1500,1448,1448,0,51,10977.70588235294,640,1766,True,True,270.968,17,1500,1448,1425,0,103,11766.29411764706,571,1567,593,1660,6659,6843,6655,6845,9,24,61
Fiber inc,600,300,4,4,1,8,1,4,16,100,90,0.05,5,20,5,True,True,542.738,17,1500,1448,1448,0,51,10551.35294117647,789,1756,True,True,271.817,17,1500,1448,1425,0,57,11649.64705882353,617,1481,684,1613,6660,6862,6660,6866,10,23,1
Fiber inc,600,300,4,4,1,8,1,4,16,100,90,0.05,5,20,5,True,True,543.241,17,1500,1448,1448,0,51,10950.588235294117,589,1842,True,True,271.573,17,1500,1448,1448,0,80,11695,619,1448,599,1670,6626,6848,6618,6847,9,24,66
Fiber inc,600,300,4,4,1,8,1,4,16,100,90,0.05,5,20,5,True,True,542.205,17,1500,1448,1448,0,51,10945.70588235294,674,1833,True,True,270.577,17,1500,1448,1424,0,58,11747.64705882353,571,1674,620,1751,6634,6859,6606,6864,9,26,40
Fiber inc,600,300,4,4,1,8,1,4,16,100,90,0.05,5,20,5,True,True,542.489,17,1500,1448,1448,1,51,10600.235294117647,807,1810,True,True,271.066,17,1500,1448,1425,0,72,11767.176470588236,619,1358,677,1606,6678,6866,6671,6870,10,23,73
Fiber inc,600,300,4,4,1,8,1,4,16,100,90,0.05,5,20,5,True,True,542.482,17,1500,1448,1448,0,51,10898.235294117647,738,1665,True,True,272.108,17,1500,1448,1424,0,78,11355.176470588236,600,1249,648,1477,6650,6860,6656,6862,10,22,49
Fiber inc,600,300,4,4,1,8,1,4,16,100,90,0.05,5,20,5,True,True,542.483,17,1500,1448,1448,0,51,10938.35294117647,682,1813,True,True,270.582,17,1500,1448,1424,1,67,11214.529411764706,712,1224,690,1514,6645,6879,6635,6864,10,22,60
Fiber inc,600,300,4,4,1,8,1,4,16,100,90,0.05,5,20,5,True,True,542.626,17,1500,1448,1448,0,51,11020.941176470587,703,1696,True,True,272.470,17,1500,1448,1425,1,89,11503.29411764706,561,1702,598,1702,6674,6850,6667,6853,9,25,41
Fiber inc,600,300,4,4,1,8,1,4,16,100,90,0.05,5,20,5,True,False,542.969,17,1500,1448,1448,0,51,10989.470588235294,648,1926,True,True,270.475,17,1500,1448,1424,0,116,11171.882352941177,691,1222,673,1566,6631,6858,6636,6857,10,23,10
Fiber inc,600,300,4,4,1,8,1,4,16,100,90,0.05,5,20,5,True,True,541.294,17,1500,1448,1448,0,51,10746.941176470587,766,1729,True,True,272.004,17,1500,1448,1425,0,86,11713.70588235294,583,1616,632,1678,6647,6841,6633,6844,10,25,37
Fiber inc,600,300,4,4,1,8,1,4,16,100,90,0.05,5,20,5,True,True,542.298,17,1500,1448,1448,1,51,10795,705,1640,True,True,270.880,17,1500,1448,1425,0,80,11172.117647058823,679,1252,694,1420,6660,6897,6656,6896,10,21,100
Fiber inc,600,300,4,4,1,8,1,4,16,100,90,0.05,5,20,5,True,True,542.396,17,1500,1448,1448,0,51,10862.823529411764,685,1325,True,True,270.719,17,1500,1448,1425,0,92,11892,560,1560,606,1518,6636,6862,6630,6864,9,22,35
Fiber inc,600,300,4,4,1,8,1,4,16,100,90,0.05,5,20,5,True,True,542.843,17,1500,1448,1448,0,51,11061.29411764706,626,1805,True,True,270.383,17,1500,1448,1425,1,58,10997.411764705883,702,1244,658,1535,6658,6861,6646,6867,10,22,11
Fiber inc,600,300,4,4,1,8,1,4,16,100,90,0.05,5,20,5,True,True,542.706,17,1500,1448,1448,0,51,11033.235294117647,670,1929,True,True,270.419,17,1500,1448,1425,0,64,11659.411764705883,588,1713,633,1815,6638,6885,6629,6890,10,26,94
Fiber inc,600,300,4,4,1,8,1,4,16,100,90,0.05,5,20,5,True,True,542.243,17,1500,1448,1448,0,51,10741.35294117647,731,1378,True,True,270.838,17,1500,1448,1425,0,106,11745.117647058823,547,1650,578,1597,6680,6876,6665,6880,9,23,87
Fiber inc,600,300,4,4,1,8,1,4,16,100,90,0.05,5,20,5,True,True,542.147,17,1500,1448,1448,0,51,10930.176470588236,665,1883,True,True,270.840,17,1500,1448,1425,3,103,11782.941176470587,545,1560,598,1724,6667,6862,6667,6867,9,25,90
Fiber inc,600,300,4,4,1,8,1,4,16,100,90,0.05,5,20,5,True,True,542.523,17,1500,1448,1448,1,51,11070.941176470587,652,1967,True,True,271.362,17,1500,1448,1424,0,80,11637.882352941177,567,1545,614,1761,6646,6834,6614,6837,9,26,6
Fiber inc,600,300,4,4,1,8,1,4,16,100,90,0.05,5,20,5,True,True,542.489,17,1500,1448,1448,0,51,10911.470588235294,690,1539,True,True,269.980,17,1500,1448,1424,0,99,12077.235294117647,608,1611,653,1597,6631,6855,6644,6859,10,23,25
Fiber inc,600,300,4,4,1,8,1,4,16,100,90,0.05,5,20,5,True,True,542.921,17,1500,1448,1448,0,51,10894.117647058823,719,1721,True,True,271.574,17,1500,1448,1425,1,68,11318.29411764706,605,1292,649,1471,6668,6848,6669,6851,10,21,65
Fiber inc,600,300,4,4,1,8,1,4,16,100,90,0.05,5,20,5,True,True,542.116,17,1500,1448,1448,0,51,10951.35294117647,697,1893,True,True,272.070,17,1500,1448,1425,0,65,11612.058823529413,577,1487,619,1695,6624,6865,6613,6808,9,25,54
Fiber inc,600,300,4,4,1,8,1,4,16,100,90,0.05,5,20,5,True,True,542.152,17,1500,1448,1448,1,51,10928.470588235294,696,1805,True,True,269.921,17,1500,1448,1425,0,77,11729.235294117647,543,1622,599,1712,6648,6869,6647,6869,9,25,39
Fiber inc,600,300,4,4,1,8,1,4,16,100,90,0.05,5,20,5,True,True,542.221,17,1500,1448,1448,0,51,10552,869,1353,True,True,271.122,17,1500,1448,1424,1,98,11745.058823529413,604,1468,662,1468,6627,6849,6632,6851,10,21,3
Fiber inc,600,300,4,4,1,8,1,4,16,100,90,0.05,5,20,5,True,True,542.442,17,1500,1448,1448,0,51,10709.764705882353,725,1695,True,True,270.824,17,1500,1448,1425,0,61,11460.64705882353,636,1360,670,1529,6640,6830,6636,6826,10,22,97
Fiber inc,600,300,4,4,1,8,1,4,16,100,90,0.05,5,20,5,True,True,542.735,17,1500,1448,1448,0,51,10907.35294117647,695,1811,True,True,269.983,17,1500,1448,1424,0,72,11177.64705882353,692,1246,691,1543,6648,6869,6645,6874,10,22,33
Fiber inc,600,300,4,4,1,8,1,4,16,100,90,0.05,5,20,5,True,True,542.430,17,1500,1448,1448,0,51,10843,701,1949,True,True,271.725,17,1500,1448,1425,1,59,11445.117647058823,595,1363,628,1690,6646,6861,6644,6865,9,25,47
Fiber inc,600,300,4,4,1,8,1,4,16,100,90,0.05,5,20,5,True,True,542.740,17,1500,1448,1448,0,51,10753.588235294117,745,1835,True,True,272.479,17,1500,1448,1425,0,62,11547.058823529413,570,1572,613,1701,6665,6875,6666,6879,9,25,96
Fiber inc,600,300,4,4,1,8,1,4,16,100,90,0.05,5,20,5,True,True,542.353,17,1500,1448,1448,0,51,10830.529411764706,739,1631,True,True,271.560,17,1500,1448,1424,0,66,11329.70588235294,735,1250,738,1434,6658,6854,6665,6857,11,21,72
Fiber inc,600,300,4,4,1,8,1,4,16,100,90,0.05,5,20,5,True,True,542.581,17,1500,1448,1448,0,51,10508.411764705883,818,1735,True,True,271.398,17,1500,1448,1425,0,63,11624.882352941177,595,1467,647,1601,6625,6854,6620,6858,10,23,16
Fiber inc,600,300,4,4,1,8,1,4,16,100,90,0.05,5,20,5,True,True,542.334,17,1500,1448,1448,0,51,10780.588235294117,753,1484,True,True,272.086,17,1500,1448,1424,0,100,11747.470588235294,558,1606,623,1566,6639,6846,6638,6851,9,23,8
Fiber inc,600,300,4,4,1,8,1,4,16,100,90,0.05,5,20,5,True,True,542.610,17,1500,1448,1448,0,51,10917.35294117647,709,1362,True,True,271.824,17,1500,1448,1424,0,115,11574,571,1863,617,1698,6653,6859,6650,6862,9,25,14
Fiber inc,600,300,4,4,1,8,1,4,16,100,90,0.05,5,20,5,True,True,542.241,17,1500,1448,1448,0,51,11031,719,1426,True,True,270.095,17,1500,1448,1425,2,98,11449.64705882353,679,1467,705,1460,6659,6845,6662,6848,11,21,82
Fiber inc,600,300,4,4,1,8,1,4,16,100,90,0.05,5,20,5,True,True,542.788,17,1500,1448,1448,0,51,10772.823529411764,724,1744,True,True,270.507,17,1500,1448,1424,0,66,11295.764705882353,625,1197,670,1477,6660,6845,6647,6836,10,22,45
Fiber inc,600,300,4,4,1,8,1,4,16,100,90,0.05,5,20,5,True,True,542.236,17,1500,1448,1448,0,51,11205.29411764706,667,2041,True,True,270.511,17,1500,1448,1424,0,57,11781.941176470587,613,1479,642,1759,6658,6863,6648,6861,10,26,43
Fiber inc,600,300,4,4,1,8,1,4,16,100,90,0.05,5,20,5,True,True,542.278,17,1500,1448,1448,1,51,10798.235294117647,705,1428,True,True,272.485,17,1500,1448,1424,0,96,11283.64705882353,637,1144,664,1266,6670,6853,6674,6864,10,18,83
Fiber inc,600,300,4,4,1,8,1,4,16,100,90,0.05,5,20,5,True,True,542.357,17,1500,1448,1448,0,51,11226.529411764706,672,1807,True,True,270.747,17,1500,1448,1425,0,80,11806.35294117647,578,1515,591,1664,6656,6841,6637,6837,9,24,63
Fiber inc,600,300,4,4,1,8,1,4,16,100,90,0.05,5,20,5,True,True,542.140,17,1500,1448,1448,0,51,10760.764705882353,729,1522,True,True,270.984,17,1500,1448,1425,0,100,11662.882352941177,588,1550,655,1532,6665,6898,6659,6904,10,22,80
Fiber inc,600,300,4,4,1,8,1,4,16,100,90,0.05,5,20,5,True,True,542.566,17,1500,1448,1448,0,51,10370.764705882353,823,1884,True,True,270.790,17,1500,1448,1425,0,65,11704.470588235294,622,1390,681,1605,6656,6872,6656,6875,10,23,59
Fiber inc,600,300,4,4,1,8,1,4,16,100,90,0.05,5,20,5,True,True,542.395,17,1500,1448,1448,0,51,10949.882352941177,703,1712,True,True,271.103,17,1500,1448,1424,1,76,11145.058823529413,658,1198,681,1472,6645,6878,6633,6873,10,21,15
Fiber inc,600,300,4,4,1,8,1,4,16,100,90,0.05,5,20,5,True,True,541.665,17,1500,1448,1448,0,51,10966.470588235294,612,1466,True,True,271.466,17,1500,1448,1425,1,93,11280.117647058823,677,1176,640,1320,6679,6864,6671,6866,10,19,71
Fiber inc,600,300,4,4,1,8,1,4,16,100,90,0.05,5,20,5,True,True,542.478,17,1500,1448,1448,0,51,10779.588235294117,713,1790,True,True,270.964,17,1500,1448,1424,0,74,11747.470588235294,636,1477,673,1639,6655,6877,6655,6883,10,24,42
Fiber inc,600,300,4,4,1,8,1,4,16,100,90,0.05,5,20,5,True,True,542.413,17,1500,1448,1448,1,51,10927.058823529413,700,1912,True,True,272.185,17,1500,1448,1425,1,68,11849.764705882353,629,1578,666,1732,6648,6869,6633,6868,10,25,51
Fiber inc,600,300,4,4,1,8,1,4,16,100,90,0.05,5,20,5,True,True,542.569,17,1500,1448,1448,0,51,10924.176470588236,720,1227,True,True,271.620,17,1500,1448,1425,0,61,11866.470588235294,591,1665,639,1619,6634,6872,6633,6877,10,24,57
Fiber inc,600,300,4,4,1,8,1,4,16,100,90,0.05,5,20,5,True,True,542.490,17,1500,1448,1448,0,51,10758.235294117647,695,1497,True,True,270.060,17,1500,1448,1425,1,100,11784.882352941177,545,1835,588,1690,6658,6871,6657,6877,9,25,88
Fiber inc,600,300,4,4,1,8,1,4,16,100,90,0.05,5,20,5,True,True,543.617,17,1500,1448,1448,0,51,10380.058823529413,838,1761,True,True,270.735,17,1500,1448,1448,0,55,11134.588235294117,670,1197,719,1467,6651,6841,6651,6820,11,22,4
Fiber inc,600,300,4,4,1,8,1,4,16,100,90,0.05,5,20,5,True,True,541.062,17,1500,1448,1448,0,51,10780.70588235294,780,1565,True,True,271.819,17,1500,1448,1424,0,94,11742.058823529413,623,1609,669,1597,6643,6852,6645,6855,10,23,12
Fiber inc,600,300,4,4,1,2,1,4,16,100,90,0.05,5,20,5,True,True,542.164,17,1500,1448,1448,0,51,10551,756,1775,True,True,270.680,17,1500,1448,1424,0,74,11989.70588235294,613,1610,681,1692,6645,6853,6637,6859,10,25,79
Fiber inc,600,300,4,4,1,2,1,4,16,100,90,0.05,5,20,5,True,True,543.263,17,1500,1448,1448,0,51,11029.882352941177,665,1459,True,True,270.922,17,1500,1448,1425,0,55,11828,536,1571,588,1536,6642,6863,6633,6870,9,22,50
Fiber inc,600,300,4,4,1,2,1,4,16,100,90,0.05,5,20,5,True,True,542.665,17,1500,1448,1448,0,51,11144.823529411764,615,1742,True,True,270.508,17,1500,1448,1425,0,103,12076.411764705883,549,1765,589,1754,6644,6856,6621,6839,9,26,23
Fiber inc,600,300,4,4,1,2,1,4,16,100,90,0.05,5,20,5,True,True,541.977,17,1500,1448,1448,0,51,10966.411764705883,642,1761,True,True,272.072,17,1500,1448,1436,0,75,11697.823529411764,533,1610,574,1683,6632,6870,6626,6868,9,24,68
Fiber inc,600,300,4,4,1,2,1,4,16,100,90,0.05,5,20,5,True,True,542.287,17,1500,1448,1448,0,51,10630.64705882353,780,1954,True,True,271.603,17,1500,1448,1425,1,85,11811.176470588236,609,1570,664,1773,6664,6887,6662,6892,10,26,92
Fiber inc,600,300,4,4,1,2,1,4,16,100,90,0.05,5,20,5,True,True,542.747,17,1500,1448,1448,0,51,11072.70588235294,630,1613,True,True,271.497,17,1500,1448,1425,0,82,12194.529411764706,520,1716,561,1684,6635,6869,6632,6868,8,25,95
Fiber inc,600,300,4,4,1,2,1,4,16,100,90,0.05,5,20,5,True,True,542.665,17,1500,1448,1448,0,51,11060.35294117647,635,1654,True,True,271.089,17,1500,1448,1424,0,111,11578.411764705883,587,1474,615,1556,6666,6875,6659,6877,9,23,46
Fiber inc,600,300,4,4,1,2,1,4,16,100,90,0.05,5,20,5,True,True,542.106,17,1500,1448,1448,0,51,11056.941176470587,616,1749,True,True,270.744,17,1500,1448,1424,1,60,11137.117647058823,743,1225,637,1494,6652,6850,6624,6843,10,22,93
Fiber inc,600,300,4,4,1,2,1,4,16,100,90,0.05,5,20,5,True,True,542.498,17,1500,1448,1448,0,51,10966.64705882353,672,1525,True,True,270.974,17,1500,1448,1425,0,82,12006.35294117647,530,1689,594,1611,6653,6851,6646,6849,9,24,17
Fiber inc,600,300,4,4,1,2,1,4,16,100,90,0.05,5,20,5,True,True,542.491,17,1500,1448,1448,0,51,10573.470588235294,801,1824,True,True,271.222,17,1500,1448,1424,0,51,11489.823529411764,606,1380,665,1628,6635,6857,6643,6863,10,24,29
Fiber inc,600,300,4,4,1,2,1,4,16,100,90,0.05,5,20,5,True,True,542.771,17,1500,1448,1448,0,51,10733.176470588236,707,1623,True,True,271.321,17,1500,1448,1424,0,140,11269.64705882353,673,1257,695,1477,6631,6860,6625,6866,10,22,20
Fiber inc,600,300,4,4,1,2,1,4,16,100,90,0.05,5,20,5,True,True,542.857,17,1500,1448,1448,1,51,10893.470588235294,685,1580,True,True,271.789,17,1500,1448,1425,0,103,11768.235294117647,544,1601,609,1588,6667,6856,6654,6862,9,23,31
Fiber inc,600,300,4,4,1,2,1,4,16,100,90,0.05,5,20,5,True,True,543.459,17,1500,1448,1448,0,51,10861.058823529413,720,1624,True,True,269.207,17,1500,1448,1425,0,77,11558.411764705883,594,1561,636,1594,6673,6869,6666,6874,10,23,84
Fiber inc,600,300,4,4,1,2,1,4,16,100,90,0.05,5,20,5,True,True,542.541,17,1500,1448,1448,0,51,11037.470588235294,680,1459,True,True,272.746,17,1500,1448,1425,0,107,11946.764705882353,556,1505,604,1494,6639,6845,6635,6841,9,22,13
Fiber inc,600,300,4,4,1,2,1,4,16,100,90,0.05,5,20,5,True,True,542.592,17,1500,1448,1448,0,51,11209.117647058823,617,1772,True,True,272.109,17,1500,1448,1424,0,57,11544.470588235294,551,1489,580,1610,6657,6865,6664,6827,9,24,62
Fiber inc,600,300,4,4,1,2,1,4,16,100,90,0.05,5,20,5,True,True,543.031,17,1500,1448,1448,0,51,10951.70588235294,671,1575,True,True,270.255,17,1500,1448,1424,0,72,11236.588235294117,688,1199,676,1457,6650,6861,6621,6866,10,21,75
Fiber inc,600,300,4,4,1,2,1,4,16,100,90,0.05,5,20,5,True,True,542.786,17,1500,1448,1448,0,51,10983.29411764706,666,1595,True,True,271.237,17,1500,1448,1425,0,152,11846.29411764706,579,1552,619,1584,6626,6855,6635,6861,9,23,9
Fiber inc,600,300,4,4,1,2,1,4,16,100,90,0.05,5,20,5,True,True,542.564,17,1500,1448,1448,0,51,10652.176470588236,761,1553,True,True,272.619,17,1500,1448,1425,0,64,11735.470588235294,483,1555,571,1560,6655,6869,6658,6873,9,23,44
Fiber inc,600,300,4,4,1,2,1,4,16,100,90,0.05,5,20,5,True,True,542.667,17,1500,1448,1448,0,51,10592.941176470587,671,1708,True,True,269.757,17,1500,1448,1424,0,79,11607.882352941177,639,1452,655,1586,6649,6866,6645,6873,10,23,48
Fiber inc,600,300,4,4,1,2,1,4,16,100,90,0.05,5,20,5,True,True,542.080,17,1500,1448,1448,0,51,11050,660,1599,True,True,270.603,17,1500,1448,1424,1,80,11258.470588235294,683,1318,668,1458,6653,6861,6661,6867,10,21,99
Fiber inc,600,300,4,4,1,2,1,4,16,100,90,0.05,5,20,5,True,True,542.572,17,1500,1448,1448,0,51,10879.941176470587,642,1944,True,True,270.598,17,1500,1448,1424,0,57,11747.35294117647,580,1607,611,1778,6657,6878,6664,6882,9,26,56
Fiber inc,600,300,4,4,1,2,1,4,16,100,90,0.05,5,20,5,True,True,542.985,17,1500,1448,1448,0,51,11143.411764705883,658,1719,True,True,270.491,17,1500,1448,1425,0,76,11886.470588235294,550,1638,589,1676,6643,6845,6636,6848,9,24,32
Fiber inc,600,300,4,4,1,2,1,4,16,100,90,0.05,5,20,5,True,True,542.491,17,1500,1448,1448,0,51,10408.470588235294,838,1513,True,True,271.193,17,1500,1448,1425,0,56,11823.588235294117,575,1500,628,1539,6659,6869,6653,6875,9,22,78
Fiber inc,600,300,4,4,1,2,1,4,16,100,90,0.05,5,20,5,True,True,542.125,17,1500,1448,1448,0,51,11019.29411764706,658,1500,True,True,271.850,17,1500,1448,1425,0,115,12022.823529411764,591,1870,626,1661,6668,6853,6661,6851,9,24,38
Fiber inc,600,300,4,4,1,2,1,4,16,100,90,0.05,5,20,5,True,True,542.616,17,1500,1448,1448,0,51,11181.882352941177,609,1592,True,True,272.642,17,1500,1448,1424,0,67,11582.588235294117,623,1627,617,1630,6636,6871,6632,6875,9,24,26
Fiber inc,600,300,4,4,1,2,1,4,16,100,90,0.05,5,20,5,True,True,543.120,17,1500,1448,1448,0,51,11018.588235294117,685,1814,True,True,271.119,17,1500,1448,1425,0,55,11876.764705882353,578,1569,634,1680,6640,6878,6628,6882,10,24,69
Fiber inc,600,300,4,4,1,2,1,4,16,100,90,0.05,5,20,5,True,True,541.772,17,1500,1448,1448,0,51,10697.058823529413,696,1787,True,True,271.119,17,1500,1448,1424,0,94,11613.882352941177,572,1563,624,1672,6670,6866,6665,6870,9,24,34
Fiber inc,600,300,4,4,1,2,1,4,16,100,90,0.05,5,20,5,True,True,542.733,17,1500,1448,1448,0,51,11035.64705882353,650,1570,True,True,269.712,17,1500,1448,1424,0,57,11658.588235294117,564,1645,611,1629,6656,6856,6653,6861,9,24,58
Fiber inc,600,300,4,4,1,2,1,4,16,100,90,0.05,5,20,5,True,True,540.755,17,1500,1448,1448,0,51,10851.411764705883,699,1550,True,True,272.232,17,1500,1448,1425,0,68,11657.823529411764,580,1472,625,1510,6635,6893,6626,6886,9,22,30
Fiber inc,600,300,4,4,1,2,1,4,16,100,90,0.05,5,20,5,True,True,542.380,17,1500,1448,1448,0,51,11031.588235294117,641,1745,True,True,271.024,17,1500,1448,1424,0,59,11567.29411764706,553,1557,599,1643,6652,6870,6630,6861,9,24,70
Fiber inc,600,300,4,4,1,2,1,4,16,100,90,0.05,5,20,5,True,True,542.543,17,1500,1448,1448,0,51,10947.35294117647,703,1557,True,True,271.025,17,1500,1448,1424,1,60,11570.941176470587,542,1584,583,1616,6653,6853,6654,6856,9,24,24
Fiber inc,600,300,4,4,1,2,1,4,16,100,90,0.05,5,20,5,True,True,542.342,17,1500,1448,1448,0,51,11004.941176470587,681,1361,True,True,272.076,17,1500,1448,1424,0,60,11704.29411764706,522,1620,585,1528,6641,6863,6643,6870,9,22,52
Fiber inc,600,300,4,4,1,2,1,4,16,100,90,0.05,5,20,5,True,True,542.490,17,1500,1448,1448,0,51,11085.529411764706,666,1618,True,True,270.962,17,1500,1448,1425,0,148,11814.235294117647,581,1543,618,1580,6635,6865,6636,6872,9,23,36
Fiber inc,600,300,4,4,1,2,1,4,16,100,90,0.05,5,20,5,True,True,541.901,17,1500,1448,1448,0,51,10719.941176470587,735,1711,True,True,269.557,17,1500,1448,1425,0,62,11432.941176470587,606,1490,657,1600,6622,6848,6629,6821,10,23,2
Fiber inc,600,300,4,4,1,2,1,4,16,100,90,0.05,5,20,5,True,False,542.154,17,1500,1448,1448,0,51,11152.882352941177,612,1635,True,True,272.357,17,1500,1448,1424,0,65,11248.117647058823,693,1269,636,1436,6642,6846,6636,6848,10,21,5
Fiber inc,600,300,4,4,1,2,1,4,16,100,90,0.05,5,20,5,True,True,542.362,17,1500,1448,1448,0,51,10867,740,1541,True,True,271.654,17,1500,1448,1424,0,55,11968.882352941177,591,1643,657,1612,6640,6851,6655,6855,10,24,89
Fiber inc,600,300,4,4,1,2,1,4,16,100,90,0.05,5,20,5,True,True,542.569,17,1500,1448,1448,0,51,11080.588235294117,644,1561,True,True,271.370,17,1500,1448,1424,0,90,12069.35294117647,489,1591,556,1573,6658,6878,6658,6886,8,23,74
Fiber inc,600,300,4,4,1,2,1,4,16,100,90,0.05,5,20,5,True,True,542.158,17,1500,1448,1448,2,51,10953.70588235294,637,1674,True,True,272.561,17,1500,1448,1424,0,60,11819.764705882353,544,1645,590,1683,6661,6851,6688,6825,9,25,91
Fiber inc,600,300,4,4,1,2,1,4,16,100,90,0.05,5,20,5,True,True,542.669,17,1500,1448,1448,0,51,11141.470588235294,601,1672,True,True,270.450,17,1500,1448,1423,0,82,11678.35294117647,564,1652,579,1662,6642,6841,6640,6844,9,24,53
Fiber inc,600,300,4,4,1,2,1,4,16,100,90,0.05,5,20,5,True,True,542.958,17,1500,1448,1448,0,51,11044.117647058823,671,1531,True,True,271.533,17,1500,1448,1424,0,90,11476.882352941177,620,1391,647,1456,6628,6858,6630,6863,10,21,21
Fiber inc,600,300,4,4,1,2,1,4,16,100,90,0.05,5,20,5,True,True,542.223,17,1500,1448,1448,0,51,10734.29411764706,753,1776,True,True,270.979,17,1500,1448,1424,0,58,11762.470588235294,564,1546,618,1661,6666,6859,6667,6854,9,24,55
Fiber inc,600,300,4,4,1,2,1,4,16,100,90,0.05,5,20,5,True,True,542.623,17,1500,1448,1448,0,51,11070.117647058823,725,1650,True,True,271.236,17,1500,1448,1448,1,57,11629.588235294117,585,1478,629,1560,6630,6850,6628,6855,9,23,27
Fiber inc,600,300,4,4,1,2,1,4,16,100,90,0.05,5,20,5,True,False,542.760,17,1500,1448,1448,0,51,11081.529411764706,613,1778,True,True,270.443,17,1500,1448,1425,1,120,11523.70588235294,570,1654,588,1711,6601,6867,6596,6867,9,25,77
Fiber inc,600,300,4,4,1,2,1,4,16,100,90,0.05,5,20,5,True,True,542.242,17,1500,1448,1448,0,51,10964.823529411764,709,1491,True,True,270.448,17,1500,1448,1425,2,81,11621.470588235294,561,1512,620,1509,6657,6852,6648,6851,9,22,85
Fiber inc,600,300,4,4,1,2,1,4,16,100,90,0.05,5,20,5,True,True,542.200,17,1500,1448,1448,0,51,11131.411764705883,621,1795,True,True,270.330,17,1500,1448,1425,0,122,11725.882352941177,551,1593,585,1685,6661,6871,6660,6875,9,25,86
Fiber inc,600,300,4,4,1,2,1,4,16,100,90,0.05,5,20,5,True,True,542.492,17,1500,1448,1448,0,51,11036.29411764706,632,1850,True,True,271.352,17,1500,1448,1425,0,156,11727.882352941177,534,1585,583,1708,6632,6846,6629,6844,9,25,18
Fiber inc,600,300,4,4,1,2,1,4,16,100,90,0.05,5,20,5,True,True,542.324,17,1500,1448,1448,0,51,10862.70588235294,645,1594,True,True,271.116,17,1500,1448,1425,0,60,11818.470588235294,566,1515,598,1554,6672,6869,6672,6865,9,23,22
Fiber inc,600,300,4,4,1,2,1,4,16,100,90,0.05,5,20,5,True,True,542.765,17,1500,1448,1448,0,51,11011.64705882353,686,1426,True,True,270.030,17,1500,1448,1425,0,80,11358.29411764706,670,1172,677,1303,6652,6871,6649,6873,10,19,81
Fiber inc,600,300,4,4,1,2,1,4,16,100,90,0.05,5,20,5,True,True,542.496,17,1500,1448,1448,0,51,10944.764705882353,656,1659,True,True,268.461,17,1500,1448,1424,0,82,11434,618,1341,636,1488,6662,6864,6664,6848,10,22,64
Fiber inc,600,300,4,4,1,2,1,4,16,100,90,0.05,5,20,5,True,True,542.587,17,1500,1448,1448,1,51,10961.529411764706,669,1709,True,True,270.876,17,1500,1448,1425,0,76,11823.64705882353,562,1618,595,1666,6645,6866,6647,6872,9,24,7
Fiber inc,600,300,4,4,1,2,1,4,16,100,90,0.05,5,20,5,True,True,542.731,17,1500,1448,1448,0,51,11064.35294117647,670,1907,True,True,271.192,17,1500,1448,1425,1,80,11371.411764705883,722,1191,692,1531,6651,6865,6647,6861,10,22,76
Fiber inc,600,300,4,4,1,2,1,4,16,100,90,0.05,5,20,5,True,True,542.649,17,1500,1448,1448,0,51,10921.882352941177,655,1535,True,True,270.514,17,1500,1448,1424,4,82,12014.70588235294,493,1625,563,1626,6661,6883,6680,6886,8,24,98
Fiber inc,600,300,4,4,1,2,1,4,16,100,90,0.05,5,20,5,True,True,542.556,17,1500,1448,1448,0,51,11103.117647058823,637,1507,True,True,271.787,17,1500,1448,1425,0,89,11835.058823529413,554,1494,593,1496,6637,6855,6632,6850,9,22,19
Fiber inc,600,300,4,4,1,2,1,4,16,100,90,0.05,5,20,5,True,True,542.648,17,1500,1448,1448,1,51,10921.176470588236,690,1297,True,True,270.292,17,1500,1448,1425,0,68,11993.470588235294,582,1769,636,1718,6654,6867,6654,6851,10,25,28
Fiber inc,600,300,4,4,1,2,1,4,16,100,90,0.05,5,20,5,True,True,542.617,17,1500,1448,1448,0,51,10911.823529411764,676,1485,True,True,270.365,17,1500,1448,1424,0,61,11918.058823529413,551,1664,613,1613,6666,6856,6662,6860,9,24,67
Fiber inc,600,300,4,4,1,2,1,4,16,100,90,0.05,5,20,5,True,True,542.495,17,1500,1448,1448,0,51,11208.823529411764,597,1982,True,True,271.091,17,1500,1448,1424,0,55,11687.29411764706,578,1590,593,1795,6640,6893,6635,6898,9,26,61
Fiber inc,600,300,4,4,1,2,1,4,16,100,90,0.05,5,20,5,True,True,542.620,17,1500,1448,1448,0,51,11003.941176470587,630,1713,True,True,271.177,17,1500,1448,1425,0,63,11338.235294117647,674,1285,649,1531,6633,6861,6620,6867,10,22,1
Fiber inc,600,300,4,4,1,2,1,4,16,100,90,0.05,5,20,5,True,True,542.742,17,1500,1448,1448,0,51,10982.117647058823,661,1541,True,True,270.170,17,1500,1448,1425,0,83,11885.176470588236,561,1639,607,1618,6656,6875,6679,6876,9,24,66
Fiber inc,600,300,4,4,1,2,1,4,16,100,90,0.05,5,20,5,True,True,542.459,17,1500,1448,1448,0,51,10963.764705882353,675,1627,True,True,271.036,17,1500,1448,1424,0,79,12094.117647058823,537,1746,613,1719,6613,6829,6626,6810,9,25,40
Fiber inc,600,300,4,4,1,2,1,4,16,100,90,0.05,5,20,5,True,True,542.724,17,1500,1448,1448,0,51,10860.176470588236,683,1501,True,True,271.181,17,1500,1448,1425,1,88,11333.176470588236,653,1204,666,1366,6652,6865,6659,6869,10,20,73
Fiber inc,600,300,4,4,1,2,1,4,16,100,90,0.05,5,20,5,True,True,542.666,17,1500,1448,1448,0,51,10815.29411764706,718,1642,True,True,271.306,17,1500,1448,1425,0,70,11222.35294117647,646,1181,688,1460,6643,6882,6630,6886,10,21,49
Fiber inc,600,300,4,4,1,2,1,4,16,100,90,0.05,5,20,5,True,True,542.552,17,1500,1448,1448,0,51,10957.64705882353,685,1346,True,True,271.243,17,1500,1448,1424,0,72,11945.29411764706,553,1688,600,1575,6629,6862,6630,6858,9,23,60
Fiber inc,600,300,4,4,1,2,1,4,16,100,90,0.05,5,20,5,True,True,542.167,17,1500,1448,1448,0,51,10748.529411764706,694,1548,True,True,270.327,17,1500,1448,1424,0,80,11689.882352941177,584,1533,620,1541,6634,6852,6634,6854,9,22,41
Fiber inc,600,300,4,4,1,2,1,4,16,100,90,0.05,5,20,5,True,True,542.457,17,1500,1448,1448,0,51,10965.882352941177,652,1395,True,True,271.233,17,1500,1448,1424,0,80,11664.235294117647,566,1260,613,1323,6641,6870,6647,6848,9,19,10
Fiber inc,600,300,4,4,1,2,1,4,16,100,90,0.05,5,20,5,True,True,542.623,17,1500,1448,1448,0,51,10798.588235294117,713,1571,True,True,270.590,17,1500,1448,1424,0,58,11352.64705882353,551,1643,605,1628,6637,6875,6647,6881,9,24,37
Fiber inc,600,300,4,4,1,2,1,4,16,100,90,0.05,5,20,5,True,True,542.692,17,1500,1448,1448,0,51,11135.882352941177,632,1555,True,True,270.467,17,1500,1448,1424,0,82,11606.117647058823,537,1544,594,1560,6648,6890,6649,6894,9,23,100
Fiber inc,600,300,4,4,1,2,1,4,16,100,90,0.05,5,20,5,True,True,542.920,17,1500,1448,1448,0,51,10827.70588235294,656,1728,True,True,269.855,17,1500,1448,1424,0,79,12026,571,1450,606,1577,6643,6845,6649,6828,9,23,35
Fiber inc,600,300,4,4,1,2,1,4,16,100,90,0.05,5,20,5,True,True,542.713,17,1500,1448,1448,0,51,10918.70588235294,682,1545,True,True,268.629,17,1500,1448,1425,0,61,11290.588235294117,704,1375,693,1472,6662,6860,6654,6862,10,21,11
Fiber inc,600,300,4,4,1,2,1,4,16,100,90,0.05,5,20,5,True,True,542.507,17,1500,1448,1448,1,51,10792.176470588236,691,1554,True,True,271.970,17,1500,1448,1424,0,74,11705.411764705883,574,1612,626,1612,6668,6857,6669,6860,9,23,94
Fiber inc,600,300,4,4,1,2,1,4,16,100,90,0.05,5,20,5,True,True,542.297,17,1500,1448,1448,0,51,11191.411764705883,612,1573,True,True,272.164,17,1500,1448,1425,0,66,11291.823529411764,674,1267,637,1440,6638,6859,6628,6863,10,21,87
Fiber inc,600,300,4,4,1,2,1,4,16,100,90,0.05,5,20,5,True,True,543.865,17,1500,1448,1448,0,51,10872.588235294117,645,1553,True,True,270.617,17,1500,1448,1448,0,90,11362.882352941177,690,1250,661,1420,6635,6862,6634,6859,10,21,90
Fiber inc,600,300,4,4,1,2,1,4,16,100,90,0.05,5,20,5,True,True,542.391,17,1500,1448,1448,0,51,11009.35294117647,724,1496,True,True,270.856,17,1500,1448,1425,0,54,11234.117647058823,707,1307,719,1404,6663,6850,6658,6853,11,20,6
Fiber inc,600,300,4,4,1,2,1,4,16,100,90,0.05,5,20,5,True,True,542.369,17,1500,1448,1448,0,51,10933.588235294117,669,1448,True,True,270.667,17,1500,1448,1424,0,64,11657.411764705883,552,1593,581,1542,6606,6848,6604,6843,9,23,25
Fiber inc,600,300,4,4,1,2,1,4,16,100,90,0.05,5,20,5,True,True,542.166,17,1500,1448,1448,0,51,11066.70588235294,627,1663,True,True,270.363,17,1500,1448,1424,0,93,11363.235294117647,645,1207,635,1475,6670,6898,6674,6900,10,21,65
Fiber inc,600,300,4,4,1,2,1,4,16,100,90,0.05,5,20,5,True,True,542.343,17,1500,1448,1448,0,51,10915.117647058823,710,1705,True,True,271.057,17,1500,1448,1425,0,105,11616.823529411764,569,1589,625,1647,6632,6853,6618,6859,9,24,54
Fiber inc,600,300,4,4,1,2,1,4,16,100,90,0.05,5,20,5,True,True,542.715,17,1500,1448,1448,0,51,10913.941176470587,674,1808,True,True,271.630,17,1500,1448,1448,1,57,11897,550,1671,613,1733,6658,6876,6658,6882,9,25,39
Fiber inc,600,300,4,4,1,2,1,4,16,100,90,0.05,5,20,5,True,True,542.241,17,1500,1448,1448,0,51,10999.470588235294,710,1441,True,True,270.215,17,1500,1448,1425,1,122,11652.64705882353,587,1404,637,1435,6642,6832,6635,6833,10,21,3
Fiber inc,600,300,4,4,1,2,1,4,16,100,90,0.05,5,20,5,False,True,542.243,17,1500,1448,1448,0,51,10800.823529411764,718,1578,True,True,271.305,17,1500,1448,1425,0,63,11829.882352941177,580,1609,643,1594,6634,6835,6622,6828,10,23,97
Fiber inc,600,300,4,4,1,2,1,4,16,100,90,0.05,5,20,5,True,True,542.112,17,1500,1448,1448,0,51,11091.941176470587,661,1413,True,True,269.432,17,1500,1448,1424,0,87,11587.588235294117,587,1543,631,1520,6635,6879,6628,6869,10,22,33
Fiber inc,600,300,4,4,1,2,1,4,16,100,90,0.05,5,20,5,True,True,542.218,17,1500,1448,1448,0,51,10611.764705882353,710,1530,True,True,272.031,17,1500,1448,1424,0,61,11701.64705882353,602,1528,648,1543,6674,6851,6670,6853,10,23,47
Fiber inc,600,300,4,4,1,2,1,4,16,100,90,0.05,5,20,5,True,True,542.758,17,1500,1448,1448,0,51,11035.29411764706,649,1801,True,True,270.930,17,1500,1448,1425,0,68,11717.764705882353,580,1508,611,1642,6647,6849,6636,6846,9,24,96
Fiber inc,600,300,4,4,1,2,1,4,16,100,90,0.05,5,20,5,True,True,541.422,17,1500,1448,1448,0,51,10896.64705882353,688,1569,True,True,271.403,17,1500,1448,1424,0,59,11660.70588235294,547,1616,610,1608,6648,6879,6644,6881,9,23,72
Fiber inc,600,300,4,4,1,2,1,4,16,100,90,0.05,5,20,5,True,True,542.361,17,1500,1448,1448,1,51,11103.35294117647,657,1549,True,True,271.401,17,1500,1448,1424,0,102,11940.470588235294,536,1814,594,1668,6659,6869,6658,6872,9,24,16
Fiber inc,600,300,4,4,1,2,1,4,16,100,90,0.05,5,20,5,True,True,542.618,17,1500,1448,1448,1,51,11058,622,1736,True,True,269.992,17,1500,1448,1425,0,103,11544.529411764706,572,1365,598,1553,6625,6857,6620,6860,9,23,8
Fiber inc,600,300,4,4,1,2,1,4,16,100,90,0.05,5,20,5,True,True,542.647,17,1500,1448,1448,0,51,10984.235294117647,626,1745,True,True,272.628,17,1500,1448,1424,0,76,11844.117647058823,576,1562,598,1649,6639,6875,6634,6874,9,24,14
Fiber inc,600,300,4,4,1,2,1,4,16,100,90,0.05,5,20,5,True,True,542.197,17,1500,1448,1448,0,51,10715.117647058823,734,1729,True,True,270.576,17,1500,1448,1424,0,72,11808.470588235294,581,1576,630,1655,6674,6845,6663,6848,9,24,82
Fiber inc,600,300,4,4,1,2,1,4,16,100,90,0.05,5,20,5,True,True,541.651,17,1500,1448,1448,0,51,11028.882352941177,669,1471,True,True,270.770,17,1500,1448,1425,0,88,11801.470588235294,600,1536,628,1513,6649,6851,6636,6855,9,22,45
Fiber inc,600,300,4,4,1,2,1,4,16,100,90,0.05,5,20,5,True,True,542.767,17,1500,1448,1448,1,51,10566.176470588236,734,1648,True,True,271.468,17,1500,1448,1424,0,88,11841.764705882353,561,1544,614,1601,6649,6845,6650,6850,9,23,43
Fiber inc,600,300,4,4,1,2,1,4,16,100,90,0.05,5,20,5,True,True,542.831,17,1500,1448,1448,0,51,10984.882352941177,649,1904,True,True,269.489,17,1500,1448,1425,0,64,11423.588235294117,593,1496,627,1739,6658,6861,6662,6864,9,25,83
Fiber inc,600,300,4,4,1,2,1,4,16,100,90,0.05,5,20,5,True,True,543.010,17,1500,1448,1448,0,51,11028.764705882353,638,1649,True,True,270.097,17,1500,1448,1424,0,92,11641.64705882353,593,1623,626,1638,6639,6864,6642,6868,9,24,63
Fiber inc,600,300,4,4,1,2,1,4,16,100,90,0.05,5,20,5,True,True,540.971,17,1500,1448,1448,0,51,11026.411764705883,657,1737,True,True,270.220,17,1500,1448,1425,1,122,11737.470588235294,611,1293,629,1515,6642,6868,6642,6834,9,22,80
Fiber inc,600,300,4,4,1,2,1,4,16,100,90,0.05,5,20,5,True,True,542.488,17,1500,1448,1448,0,51,10826.823529411764,689,1431,True,True,269.941,17,1500,1448,1424,0,76,11796.529411764706,553,1658,602,1542,6636,6840,6636,6844,9,23,59
Fiber inc,600,300,4,4,1,2,1,4,16,100,90,0.05,5,20,5,True,True,542.614,17,1500,1448,1448,0,51,11059.058823529413,667,1623,True,True,271.932,17,1500,1448,1424,0,143,11554.117647058823,566,1583,605,1608,6658,6855,6663,6856,9,23,15
Fiber inc,600,300,4,4,1,2,1,4,16,100,90,0.05,5,20,5,True,True,542.857,17,1500,1448,1448,0,51,10678.64705882353,729,1690,True,True,272.758,17,1500,1448,1425,0,60,11774.470588235294,549,1582,578,1641,6645,6853,6640,6858,9,24,71
Fiber inc,600,300,4,4,1,2,1,4,16,100,90,0.05,5,20,5,True,True,542.112,17,1500,1448,1448,0,51,10977.058823529413,697,1442,True,True,270.214,17,1500,1448,1424,0,62,11573.117647058823,531,1457,581,1448,6648,6859,6635,6864,9,21,42
Fiber inc,600,300,4,4,1,2,1,4,16,100,90,0.05,5,20,5,True,True,542.579,17,1500,1448,1448,0,51,10858.588235294117,725,1826,True,True,271.126,17,1500,1448,1424,0,61,11459.941176470587,671,1247,702,1549,6668,6862,6658,6858,11,23,51
Fiber inc,600,300,4,4,1,2,1,4,16,100,90,0.05,5,20,5,True,True,542.423,17,1500,1448,1448,0,51,10950.823529411764,655,1575,True,True,271.923,17,1500,1448,1425,0,70,11793.058823529413,570,1659,606,1633,6645,6859,6639,6866,9,24,57
Fiber inc,600,300,4,4,1,2,1,4,16,100,90,0.05,5,20,5,True,True,542.999,17,1500,1448,1448,1,51,10705.058823529413,785,1816,True,True,271.983,17,1500,1448,1424,1,72,11820.941176470587,618,1645,683,1727,6656,6856,6648,6859,10,25,88
Fiber inc,600,300,4,4,1,2,1,4,16,100,90,0.05,5,20,5,True,True,542.276,17,1500,1448,1448,0,51,11112.117647058823,634,1676,True,True,270.248,17,1500,1448,1424,0,68,11286.823529411764,677,1305,646,1489,6632,6866,6632,6872,10,22,4
Fiber inc,600,300,4,4,1,2,1,4,16,100,90,0.05,5,20,5,True,True,542.117,17,1500,1448,1448,0,51,10687.058823529413,720,1835,True,True,270.852,17,1500,1448,1424,0,70,11873.823529411764,565,1555,611,1708,6660,6839,6669,6842,9,25,12
Fiber inc,600,300,4,4,1,4,1,4,16,100,90,0.05,5,20,5,True,True,542.689,17,1500,1448,1448,0,51,10992.411764705883,655,1832,True,True,271.536,17,1500,1448,1425,0,79,11586.764705882353,565,1584,606,1705,6659,6880,6654,6887,9,25,79
Fiber inc,600,300,4,4,1,4,1,4,16,100,90,0.05,5,20,5,True,True,542.246,17,1500,1448,1448,0,51,10803.529411764706,759,1536,True,True,271.071,17,1500,1448,1424,0,66,11649.058823529413,561,1604,609,1604,6660,6871,6645,6852,9,23,50
Fiber inc,600,300,4,4,1,4,1,4,16,100,90,0.05,5,20,5,True,True,542.369,17,1500,1448,1448,0,51,10903,708,1753,True,True,271.729,17,1500,1448,1425,1,70,11709.176470588236,569,1562,619,1651,6662,6854,6656,6857,9,24,23
Fiber inc,600,300,4,4,1,4,1,4,16,100,90,0.05,5,20,5,True,True,542.720,17,1500,1448,1448,0,51,10959.470588235294,721,1469,True,True,271.914,17,1500,1448,1424,0,83,11607.64705882353,566,1612,620,1604,6652,6864,6636,6862,9,23,68
Fiber inc,600,300,4,4,1,4,1,4,16,100,90,0.05,5,20,5,True,True,542.523,17,1500,1448,1448,0,51,10911.117647058823,684,1956,True,True,270.995,17,1500,1448,1425,0,63,11510.117647058823,619,1381,653,1692,6654,6868,6643,6871,10,25,92
Fiber inc,600,300,4,4,1,4,1,4,16,100,90,0.05,5,20,5,True,True,542.572,17,1500,1448,1448,0,51,11049.29411764706,673,1664,True,True,270.434,17,1500,1448,1424,0,76,11527.882352941177,584,1630,618,1657,6648,6864,6667,6870,9,24,95
Fiber inc,600,300,4,4,1,4,1,4,16,100,90,0.05,5,20,5,True,True,542.112,17,1500,1448,1448,0,51,10974.764705882353,649,1452,True,True,271.170,17,1500,1448,1425,0,90,11539.176470588236,590,1584,617,1519,6659,6914,6661,6922,9,22,46
Fiber inc,600,300,4,4,1,4,1,4,16,100,90,0.05,5,20,5,True,True,542.273,17,1500,1448,1448,0,51,10822.588235294117,736,1471,True,True,271.218,17,1500,1448,1424,1,77,11428.29411764706,605,1297,658,1377,6650,6849,6650,6847,10,20,93
Fiber inc,600,300,4,4,1,4,1,4,16,100,90,0.05,5,20,5,True,True,544.722,17,1500,1448,1448,0,51,11126.235294117647,612,1715,True,True,269.477,17,1500,1448,1424,0,61,11427.764705882353,638,1198,623,1477,6656,6862,6643,6853,9,22,17
Fiber inc,600,300,4,4,1,4,1,4,16,100,90,0.05,5,20,5,True,True,542.794,17,1500,1448,1448,0,51,10947.529411764706,642,1703,True,True,270.487,17,1500,1448,1424,1,87,11285.941176470587,722,1184,667,1466,6656,6847,6643,6844,10,21,29
Fiber inc,600,300,4,4,1,4,1,4,16,100,90,0.05,5,20,5,True,True,543.379,17,1500,1448,1448,0,51,11129.764705882353,672,1713,True,True,271.007,17,1500,1448,1424,1,72,11675.470588235294,586,1438,638,1574,6651,6866,6651,6870,10,23,20
Fiber inc,600,300,4,4,1,4,1,4,16,100,90,0.05,5,20,5,True,True,542.361,17,1500,1448,1448,0,51,10526.588235294117,750,1698,True,True,272.110,17,1500,1448,1424,0,64,11745.058823529413,525,1673,613,1700,6642,6864,6641,6867,9,25,31
Fiber inc,600,300,4,4,1,4,1,4,16,100,90,0.05,5,20,5,True,True,542.133,17,1500,1448,1448,0,51,10971.29411764706,708,1473,True,True,271.408,17,1500,1448,1424,0,66,11595.823529411764,537,1587,606,1584,6656,6886,6673,6884,9,23,84
Fiber inc,600,300,4,4,1,4,1,4,16,100,90,0.05,5,20,5,True,True,542.639,17,1500,1448,1448,0,51,10421.117647058823,837,1884,True,True,270.327,17,1500,1448,1424,0,85,11558.058823529413,557,1512,612,1712,6649,6863,6640,6868,9,25,13
Fiber inc,600,300,4,4,1,4,1,4,16,100,90,0.05,5,20,5,True,True,542.360,17,1500,1448,1448,0,51,10822.117647058823,726,1631,True,True,270.218,17,1500,1448,1425,0,63,11440.176470588236,644,1221,675,1426,6643,6888,6639,6879,10,21,62
Fiber inc,600,300,4,4,1,4,1,4,16,100,90,0.05,5,20,5,True,True,542.077,17,1500,1448,1448,0,51,10517.470588235294,801,1567,True,True,269.985,17,1500,1448,1448,0,62,11621.529411764706,564,1511,618,1545,6631,6882,6645,6887,9,22,75
Fiber inc,600,300,4,4,1,4,1,4,16,100,90,0.05,5,20,5,True,True,542.680,17,1500,1448,1448,0,51,10834.29411764706,669,1587,True,True,270.118,17,1500,1448,1425,0,71,11384.470588235294,665,1176,665,1364,6675,6864,6678,6842,10,20,9
Fiber inc,600,300,4,4,1,4,1,4,16,100,90,0.05,5,20,5,True,False,542.174,17,1500,1448,1448,0,51,10802.235294117647,678,1680,True,True,270.732,17,1500,1448,1425,0,56,11890.411764705883,545,1596,602,1670,6684,6873,6672,6878,9,24,44
Fiber inc,600,300,4,4,1,4,1,4,16,100,90,0.05,5,20,5,True,True,542.721,17,1500,1448,1448,0,51,11016.235294117647,644,1481,True,True,271.113,17,1500,1448,1425,1,59,11597.35294117647,613,1309,628,1432,6635,6876,6624,6875,9,21,48
Fiber inc,600,300,4,4,1,4,1,4,16,100,90,0.05,5,20,5,True,True,543.102,17,1500,1448,1448,0,51,10937.411764705883,675,1787,True,True,271.560,17,1500,1448,1424,1,142,11448.117647058823,563,1580,606,1679,6671,6856,6673,6859,9,24,99
Fiber inc,600,300,4,4,1,4,1,4,16,100,90,0.05,5,20,5,True,True,542.713,17,1500,1448,1448,0,51,11020.941176470587,640,1859,True,True,271.515,17,1500,1448,1424,0,87,11978.235294117647,539,1690,588,1772,6624,6842,6621,6843,9,26,56
Fiber inc,600,300,4,4,1,4,1,4,16,100,90,0.05,5,20,5,True,True,542.701,17,1500,1448,1448,0,51,10732.411764705883,770,1650,True,True,271.498,17,1500,1448,1425,0,65,11725.235294117647,554,1506,624,1586,6655,6875,6655,6880,9,23,32
Fiber inc,600,300,4,4,1,4,1,4,16,100,90,0.05,5,20,5,True,True,542.704,17,1500,1448,1448,0,51,10894.941176470587,659,1678,True,True,269.577,17,1500,1448,1424,0,73,11239.235294117647,695,1228,669,1447,6663,6869,6661,6874,10,21,78
Fiber inc,600,300,4,4,1,4,1,4,16,100,90,0.05,5,20,5,True,True,542.531,17,1500,1448,1448,0,51,10966.941176470587,714,1563,True,True,271.628,17,1500,1448,1425,0,96,11995.117647058823,557,1656,617,1658,6634,6847,6618,6847,9,24,38
Fiber inc,600,300,4,4,1,4,1,4,16,100,90,0.05,5,20,5,True,True,543.650,17,1500,1448,1448,0,51,10692.764705882353,765,1477,True,True,270.961,17,1500,1448,1425,0,67,11403.29411764706,660,1197,706,1342,6660,6875,6662,6877,11,20,26
Fiber inc,600,300,4,4,1,4,1,4,16,100,90,0.05,5,20,5,True,True,542.768,17,1500,1448,1448,0,51,10935.058823529413,723,1478,True,True,270.623,17,1500,1448,1424,0,76,11585.70588235294,561,1611,603,1552,6630,6890,6636,6894,9,23,69
Fiber inc,600,300,4,4,1,4,1,4,16,100,90,0.05,5,20,5,True,True,542.116,17,1500,1448,1448,0,51,11001.117647058823,678,1726,True,True,270.859,17,1500,1448,1424,3,78,11382.411764705883,623,1342,645,1547,6636,6846,6617,6850,10,23,34
Fiber inc,600,300,4,4,1,4,1,4,16,100,90,0.05,5,20,5,True,True,542.880,17,1500,1448,1448,0,51,11214.235294117647,644,1778,True,True,271.968,17,1500,1448,1425,0,81,11841.470588235294,566,1647,604,1709,6614,6844,6596,6848,9,25,58
Fiber inc,600,300,4,4,1,4,1,4,16,100,90,0.05,5,20,5,True,True,542.617,17,1500,1448,1448,0,51,10822.411764705883,707,1453,True,True,272.185,17,1500,1448,1424,0,56,11569.764705882353,608,1423,647,1453,6635,6873,6633,6882,10,21,30
Fiber inc,600,300,4,4,1,4,1,4,16,100,90,0.05,5,20,5,True,True,542.051,17,1500,1448,1448,1,51,11011.058823529413,664,1772,True,True,270.478,17,1500,1448,1425,0,64,11242.588235294117,706,1237,679,1550,6659,6853,6658,6856,10,23,70
Fiber inc,600,300,4,4,1,4,1,4,16,100,90,0.05,5,20,5,True,True,542.527,17,1500,1448,1448,0,51,10979,688,1575,True,True,271.353,17,1500,1448,1425,1,58,11704.823529411764,566,1530,614,1572,6655,6868,6651,6875,9,23,24
Fiber inc,600,300,4,4,1,4,1,4,16,100,90,0.05,5,20,5,True,True,542.432,17,1500,1448,1448,0,51,10952.70588235294,672,1371,True,True,269.518,17,1500,1448,1424,1,62,11197.117647058823,705,1266,680,1316,6668,6885,6678,6890,10,19,52
Fiber inc,600,300,4,4,1,4,1,4,16,100,90,0.05,5,20,5,True,True,542.229,17,1500,1448,1448,0,51,10951.764705882353,668,1702,True,True,271.093,17,1500,1448,1425,0,120,11462.882352941177,542,1508,593,1635,6641,6826,6645,6827,9,24,36
Fiber inc,600,300,4,4,1,4,1,4,16,100,90,0.05,5,20,5,True,True,542.917,17,1500,1448,1448,0,51,11060.058823529413,682,1744,True,True,271.379,17,1500,1448,1424,0,80,11543.470588235294,546,1641,588,1700,6653,6886,6641,6885,9,25,2
Fiber inc,600,300,4,4,1,4,1,4,16,100,90,0.05,5,20,5,True,True,542.295,17,1500,1448,1448,0,51,10701,728,1777,True,True,271.711,17,1500,1448,1425,1,55,11331.529411764706,588,1446,640,1595,6651,6856,6647,6860,10,23,5
Fiber inc,600,300,4,4,1,4,1,4,16,100,90,0.05,5,20,5,True,True,542.369,17,1500,1448,1448,0,51,10947.176470588236,689,1601,True,True,271.048,17,1500,1448,1424,0,112,11513.764705882353,553,1611,590,1630,6651,6862,6643,6854,9,24,89
Fiber inc,600,300,4,4,1,4,1,4,16,100,90,0.05,5,20,5,True,True,542.733,17,1500,1448,1448,0,51,10663.588235294117,739,1573,True,True,270.347,17,1500,1448,1425,0,58,11222.941176470587,728,1218,734,1397,6671,6863,6668,6868,11,20,74
Fiber inc,600,300,4,4,1,4,1,4,16,100,90,0.05,5,20,5,True,True,542.262,17,1500,1448,1448,0,51,11030.35294117647,643,1743,True,True,271.431,17,1500,1448,1424,0,107,11705.470588235294,579,1475,618,1588,6631,6848,6631,6851,9,23,91
Fiber inc,600,300,4,4,1,4,1,4,16,100,90,0.05,5,20,5,True,True,542.097,17,1500,1448,1448,0,51,10604.588235294117,765,1692,True,True,272.711,17,1500,1448,1425,0,76,11438.411764705883,594,1434,645,1570,6646,6866,6637,6867,10,23,53
Fiber inc,600,300,4,4,1,4,1,4,16,100,90,0.05,5,20,5,True,True,542.210,17,1500,1448,1448,0,51,10909.411764705883,710,1614,True,True,270.746,17,1500,1448,1424,0,59,11767.35294117647,554,1596,611,1613,6637,6870,6644,6875,9,23,21
Fiber inc,600,300,4,4,1,4,1,4,16,100,90,0.05,5,20,5,True,True,542.238,17,1500,1448,1448,0,51,10921.176470588236,689,1522,True,True,271.720,17,1500,1448,1425,1,72,11828.823529411764,574,1563,599,1574,6641,6852,6641,6857,9,23,55
Fiber inc,600,300,4,4,1,4,1,4,16,100,90,0.05,5,20,5,True,True,543.713,17,1500,1448,1448,0,51,10949.470588235294,695,1384,True,True,270.709,17,1500,1448,1424,2,104,11375.235294117647,640,1234,680,1301,6647,6887,6622,6892,10,19,27
Fiber inc,600,300,4,4,1,4,1,4,16,100,90,0.05,5,20,5,True,True,542.991,17,1500,1448,1448,0,51,11002.176470588236,678,1631,True,True,270.751,17,1500,1448,1424,0,70,11589,546,1612,607,1632,6705,6864,6680,6867,9,24,77
Fiber inc,600,300,4,4,1,4,1,4,16,100,90,0.05,5,20,5,True,True,542.626,17,1500,1448,1448,0,51,10857.64705882353,720,1819,True,True,269.851,17,1500,1448,1425,0,84,11094.588235294117,694,1156,707,1484,6646,6862,6647,6866,11,22,85
Fiber inc,600,300,4,4,1,4,1,4,16,100,90,0.05,5,20,5,True,True,542.126,17,1500,1448,1448,0,51,10924.470588235294,673,1662,True,True,272.411,17,1500,1448,1424,0,72,11526.588235294117,588,1392,615,1521,6659,6876,6669,6870,9,22,86
Fiber inc,600,300,4,4,1,4,1,4,16,100,90,0.05,5,20,5,True,True,542.217,17,1500,1448,1448,0,51,10983.823529411764,681,1844,True,True,270.327,17,1500,1448,1424,0,76,11730,570,1340,620,1609,6645,6881,6654,6888,9,23,18
Fiber inc,600,300,4,4,1,4,1,4,16,100,90,0.05,5,20,5,True,True,542.918,17,1500,1448,1448,0,51,10994.058823529413,674,1946,True,True,270.858,17,1500,1448,1425,0,60,11445.823529411764,542,1531,595,1766,6652,6848,6645,6852,9,26,22
Fiber inc,600,300,4,4,1,4,1,4,16,100,90,0.05,5,20,5,True,True,542.246,17,1500,1448,1448,0,51,11080.470588235294,638,1813,True,True,272.735,17,1500,1448,1448,1,65,11505.823529411764,596,1373,618,1570,6657,6882,6638,6854,9,23,81
Fiber inc,600,300,4,4,1,4,1,4,16,100,90,0.05,5,20,5,True,True,542.231,17,1500,1448,1448,0,51,10946.35294117647,690,1618,True,True,270.610,17,1500,1448,1424,0,120,11830.941176470587,554,1604,616,1615,6644,6844,6637,6848,9,24,64
Fiber inc,600,300,4,4,1,4,1,4,16,100,90,0.05,5,20,5,True,True,542.741,17,1500,1448,1448,0,51,10970.882352941177,713,1394,True,True,269.612,17,1500,1448,1425,0,61,11878.058823529413,560,1489,603,1464,6653,6879,6643,6883,9,21,7
Fiber inc,600,300,4,4,1,4,1,4,16,100,90,0.05,5,20,5,True,True,543.018,17,1500,1448,1448,0,51,10915.117647058823,730,1450,True,True,270.862,17,1500,1448,1424,0,61,11784.470588235294,576,1539,632,1504,6648,6872,6643,6878,10,22,76
Fiber inc,600,300,4,4,1,4,1,4,16,100,90,0.05,5,20,5,True,True,542.157,17,1500,1448,1448,0,51,10972.176470588236,643,1793,True,True,271.237,17,1500,1448,1425,0,61,11623.588235294117,577,1541,606,1657,6656,6865,6638,6864,9,24,98
Fiber inc,600,300,4,4,1,4,1,4,16,100,90,0.05,5,20,5,True,True,542.642,17,1500,1448,1448,0,51,11040.64705882353,678,1714,True,True,272.564,17,1500,1448,1424,0,93,11765.29411764706,514,1540,571,1622,6652,6871,6653,6872,9,24,19
Fiber inc,600,300,4,4,1,4,1,4,16,100,90,0.05,5,20,5,True,True,542.105,17,1500,1448,1448,0,51,10840.411764705883,690,1466,True,True,271.544,17,1500,1448,1424,0,68,11611.470588235294,555,1534,604,1546,6631,6825,6633,6828,9,23,28
Fiber inc,600,300,4,4,1,4,1,4,16,100,90,0.05,5,20,5,True,True,542.355,17,1500,1448,1448,0,51,10964.058823529413,631,1484,True,True,269.834,17,1500,1448,1424,0,79,11735.117647058823,546,1479,585,1497,6640,6870,6612,6873,9,22,67
Fiber inc,600,300,4,4,1,4,1,4,16,100,90,0.05,5,20,5,True,True,542.103,17,1500,1448,1448,0,51,10974.64705882353,629,1646,True,True,271.419,17,1500,1448,1424,2,83,11308.64705882353,713,1249,653,1428,6651,6878,6639,6883,10,21,61
Fiber inc,600,300,4,4,1,4,1,4,16,100,90,0.05,5,20,5,True,True,542.610,17,1500,1448,1448,0,51,10781.470588235294,738,1704,True,True,270.638,17,1500,1448,1425,0,78,11764.588235294117,555,1583,595,1650,6656,6880,6661,6887,9,24,1
Fiber inc,600,300,4,4,1,4,1,4,16,100,90,0.05,5,20,5,True,True,540.662,17,1500,1448,1448,0,51,10540.70588235294,784,1631,True,True,271.114,17,1500,1448,1424,1,104,11964.470588235294,521,1766,582,1735,6639,6861,6633,6862,9,25,66
Fiber inc,600,300,4,4,1,4,1,4,16,100,90,0.05,5,20,5,True,True,542.737,17,1500,1448,1448,1,51,10772.529411764706,739,1701,True,True,272.265,17,1500,1448,1424,0,64,11333.823529411764,709,1216,716,1461,6663,6867,6661,6872,11,21,40
Fiber inc,600,300,4,4,1,4,1,4,16,100,90,0.05,5,20,5,True,True,542.506,17,1500,1448,1448,0,51,11222.764705882353,605,1629,True,True,271.105,17,1500,1448,1425,0,117,11839.764705882353,569,1664,585,1676,6662,6864,6638,6869,9,24,73
Fiber inc,600,300,4,4,1,4,1,4,16,100,90,0.05,5,20,5,True,True,542.303,17,1500,1448,1448,0,51,10852.117647058823,714,1769,True,True,270.217,17,1500,1448,1448,0,57,11917.176470588236,566,1546,628,1651,6627,6854,6621,6857,9,24,49
Fiber inc,600,300,4,4,1,4,1,4,16,100,90,0.05,5,20,5,True,True,542.187,17,1500,1448,1448,0,51,10695.29411764706,729,1526,True,True,271.435,17,1500,1448,1448,0,63,12033.588235294117,550,1762,597,1661,6642,6861,6641,6865,9,24,60
Fiber inc,600,300,4,4,1,4,1,4,16,100,90,0.05,5,20,5,True,True,542.324,17,1500,1448,1448,0,51,10667.35294117647,776,1617,True,True,271.039,17,1500,1448,1425,0,63,11633.117647058823,558,1491,608,1566,6654,6859,6645,6865,9,23,41
Fiber inc,600,300,4,4,1,4,1,4,16,100,90,0.05,5,20,5,True,True,542.331,17,1500,1448,1448,0,51,10614,736,1479,True,True,270.593,17,1500,1448,1424,0,62,11508.64705882353,552,1629,617,1543,6676,6868,6675,6873,9,22,10
Fiber inc,600,300,4,4,1,4,1,4,16,100,90,0.05,5,20,5,True,True,542.166,17,1500,1448,1448,0,51,10613.882352941177,744,1614,True,True,270.329,17,1500,1448,1424,0,66,11693.470588235294,562,1398,620,1500,6648,6865,6645,6870,9,22,37
Fiber inc,600,300,4,4,1,4,1,4,16,100,90,0.05,5,20,5,True,True,542.473,17,1500,1448,1448,0,51,11042.29411764706,672,1698,True,True,272.079,17,1500,1448,1425,0,93,11670.411764705883,537,1737,590,1745,6659,6857,6641,6848,9,25,100
Fiber inc,600,300,4,4,1,4,1,4,16,100,90,0.05,5,20,5,True,True,542.358,17,1500,1448,1448,0,51,10904.117647058823,676,1557,True,True,270.113,17,1500,1448,1424,1,89,11732.411764705883,570,1456,618,1517,6649,6875,6628,6880,9,22,35
Fiber inc,600,300,4,4,1,4,1,4,16,100,90,0.05,5,20,5,True,True,543.182,17,1500,1448,1448,0,51,10890.470588235294,698,1555,True,True,271.052,17,1500,1448,1425,1,76,11297.35294117647,670,1175,688,1350,6644,6883,6630,6892,10,20,11
Fiber inc,600,300,4,4,1,4,1,4,16,100,90,0.05,5,20,5,True,True,542.440,17,1500,1448,1448,0,51,10589.29411764706,740,1741,True,True,271.251,17,1500,1448,1425,1,58,11475.588235294117,586,1539,642,1640,6649,6855,6656,6858,10,24,94
Fiber inc,600,300,4,4,1,4,1,4,16,100,90,0.05,5,20,5,True,True,542.857,17,1500,1448,1448,0,51,11109.941176470587,635,1755,True,True,271.212,17,1500,1448,1424,1,65,11549,544,1609,588,1679,6642,6853,6627,6850,9,25,87
Fiber inc,600,300,4,4,1,4,1,4,16,100,90,0.05,5,20,5,True,True,542.080,17,1500,1448,1448,0,51,10974.117647058823,708,1909,True,True,270.220,17,1500,1448,1425,0,63,11189.529411764706,748,1258,718,1615,6671,6879,6663,6884,11,23,90
Fiber inc,600,300,4,4,1,4,1,4,16,100,90,0.05,5,20,5,True,True,542.368,17,1500,1448,1448,0,51,10859.470588235294,733,1618,True,True,271.729,17,1500,1448,1425,0,60,11778.35294117647,572,1609,617,1632,6630,6851,6612,6854,9,24,6
Fiber inc,600,300,4,4,1,4,1,4,16,100,90,0.05,5,20,5,True,True,542.695,17,1500,1448,1448,0,51,10783.70588235294,720,1851,True,True,271.815,17,1500,1448,1424,0,71,11631.29411764706,577,1470,632,1669,6650,6865,6647,6852,10,24,25
Fiber inc,600,300,4,4,1,4,1,4,16,100,90,0.05,5,20,5,True,True,542.217,17,1500,1448,1448,0,51,10616.470588235294,725,1737,True,True,270.297,17,1500,1448,1425,0,58,12081.411764705883,555,1633,633,1690,6637,6868,6648,6867,10,25,65
Fiber inc,600,300,4,4,1,4,1,4,16,100,90,0.05,5,20,5,True,True,542.369,17,1500,1448,1448,0,51,10940.058823529413,680,1430,True,True,270.113,17,1500,1448,1425,1,147,12205.35294117647,543,1741,604,1675,6657,6860,6660,6863,9,24,54
Fiber inc,600,300,4,4,1,4,1,4,16,100,90,0.05,5,20,5,True,True,541.626,17,1500,1448,1448,0,51,10648.058823529413,800,1635,True,True,270.999,17,1500,1448,1425,0,94,11746.117647058823,554,1568,625,1616,6676,6873,6666,6879,9,23,39
Fiber inc,600,300,4,4,1,4,1,4,16,100,90,0.05,5,20,5,True,True,542.744,17,1500,1448,1448,0,51,10616.058823529413,769,1726,True,True,272.577,17,1500,1448,1425,0,64,11463.117647058823,583,1623,649,1679,6667,6867,6659,6863,10,24,3
Fiber inc,600,300,4,4,1,4,1,4,16,100,90,0.05,5,20,5,True,True,542.608,17,1500,1448,1448,0,51,11040.411764705883,626,1512,True,True,271.157,17,1500,1448,1424,0,78,11900.470588235294,528,1696,579,1601,6670,6872,6663,6875,9,23,97
Fiber inc,600,300,4,4,1,4,1,4,16,100,90,0.05,5,20,5,True,True,542.769,17,1500,1448,1448,0,51,10624.29411764706,743,1886,True,True,270.846,17,1500,1448,1424,1,102,11617.588235294117,615,1529,659,1680,6654,6885,6653,6888,10,24,33
Fiber inc,600,300,4,4,1,4,1,4,16,100,90,0.05,5,20,5,True,True,542.341,17,1500,1448,1448,0,51,10952,662,1624,True,True,270.789,17,1500,1448,1424,1,97,11652.470588235294,586,1625,629,1648,6666,6875,6650,6881,9,24,47
Fiber inc,600,300,4,4,1,4,1,4,16,100,90,0.05,5,20,5,True,True,542.676,17,1500,1448,1448,0,51,11047.411764705883,661,1652,True,True,272.817,17,1500,1448,1425,0,102,11764.058823529413,532,1596,579,1629,6618,6879,6611,6883,9,24,96
Fiber inc,600,300,4,4,1,4,1,4,16,100,90,0.05,5,20,5,True,True,542.353,17,1500,1448,1448,0,51,11050.941176470587,670,1805,True,True,271.488,17,1500,1448,1425,0,71,11924.588235294117,568,1596,617,1696,6659,6875,6656,6880,9,25,72
Fiber inc,600,300,4,4,1,4,1,4,16,100,90,0.05,5,20,5,True,True,542.113,17,1500,1448,1448,0,51,10757.411764705883,727,1746,True,True,269.976,17,1500,1448,1425,0,56,11305.058823529413,693,1235,715,1603,6659,6860,6659,6865,11,23,16
Fiber inc,600,300,4,4,1,4,1,4,16,100,90,0.05,5,20,5,True,True,542.258,17,1500,1448,1448,0,51,11088.823529411764,637,1571,True,True,271.976,17,1500,1448,1424,0,76,11236.70588235294,681,1158,660,1326,6621,6868,6614,6872,10,19,8
Fiber inc,600,300,4,4,1,4,1,4,16,100,90,0.05,5,20,5,True,True,542.997,17,1500,1448,1448,0,51,10907.764705882353,681,1380,True,True,269.616,17,1500,1448,1424,0,81,11683.117647058823,570,1536,619,1497,6633,6845,6633,6847,9,22,14
Fiber inc,600,300,4,4,1,4,1,4,16,100,90,0.05,5,20,5,True,True,541.956,17,1500,1448,1448,0,51,11001.29411764706,720,1720,True,True,271.231,17,1500,1448,1424,0,53,12055.529411764706,557,1635,621,1690,6645,6865,6645,6852,9,25,82
Fiber inc,600,300,4,4,1,4,1,4,16,100,90,0.05,5,20,5,True,True,541.608,17,1500,1448,1448,0,51,10972.764705882353,673,1605,True,True,271.498,17,1500,1448,1424,0,65,11794.764705882353,598,1579,650,1609,6652,6858,6624,6861,10,23,45
Fiber inc,600,300,4,4,1,4,1,4,16,100,90,0.05,5,20,5,True,True,542.942,17,1500,1448,1448,0,51,10564.411764705883,809,1769,True,True,271.185,17,1500,1448,1424,0,57,11486.588235294117,556,1482,608,1622,6665,6863,6668,6868,9,24,43
Fiber inc,600,300,4,4,1,4,1,4,16,100,90,0.05,5,20,5,True,True,542.625,17,1500,1448,1448,0,51,10970.529411764706,736,1661,True,True,270.244,17,1500,1448,1424,1,82,12039.529411764706,554,1957,624,1860,6623,6862,6614,6861,9,27,83
Fiber inc,600,300,4,4,1,4,1,4,16,100,90,0.05,5,20,5,True,True,542.562,17,1500,1448,1448,0,51,10603.29411764706,792,1677,True,True,270.350,17,1500,1448,1425,0,65,11492,570,1460,621,1564,6657,6853,6665,6847,9,23,63
Fiber inc,600,300,4,4,1,4,1,4,16,100,90,0.05,5,20,5,True,True,542.118,17,1500,1448,1448,0,51,11158.470588235294,683,1548,True,True,272.466,17,1500,1448,1424,0,65,11458.29411764706,558,1414,618,1501,6668,6861,6666,6865,9,22,80
Fiber inc,600,300,4,4,1,4,1,4,16,100,90,0.05,5,20,5,True,True,542.478,17,1500,1448,1448,0,51,10681.764705882353,730,1734,True,True,271.407,17,1500,1448,1424,0,79,11316.35294117647,578,1476,650,1596,6663,6865,6663,6869,10,23,59
Fiber inc,600,300,4,4,1,4,1,4,16,100,90,0.05,5,20,5,True,True,542.994,17,1500,1448,1448,0,51,11021.941176470587,677,1814,True,True,271.875,17,1500,1448,1424,0,104,11369.764705882353,644,1161,665,1508,6661,6869,6658,6875,10,22,15
Fiber inc,600,300,4,4,1,4,1,4,16,100,90,0.05,5,20,5,True,True,541.985,17,1500,1448,1448,0,51,10848.35294117647,733,1612,True,True,271.075,17,1500,1448,1425,0,119,11588.29411764706,623,1436,664,1518,6657,6869,6655,6877,10,22,71
Fiber inc,600,300,4,4,1,4,1,4,16,100,90,0.05,5,20,5,True,True,542.574,17,1500,1448,1448,0,51,10947.823529411764,670,1755,True,True,271.087,17,1500,1448,1424,0,97,11615.470588235294,596,1409,633,1573,6671,6872,6665,6876,10,23,42
Fiber inc,600,300,4,4,1,4,1,4,16,100,90,0.05,5,20,5,True,False,539.929,17,1500,1448,1448,1,51,10723.823529411764,745,1571,True,True,270.809,17,1500,1448,1424,0,74,11727.70588235294,556,1619,587,1646,6639,6872,6639,6876,9,24,51
Fiber inc,600,300,4,4,1,4,1,4,16,100,90,0.05,5,20,5,True,True,542.313,17,1500,1448,1448,0,51,10973.70588235294,704,1883,True,True,271.321,17,1500,1448,1424,0,89,11705.058823529413,597,1665,647,1771,6661,6875,6656,6881,10,26,57
Fiber inc,600,300,4,4,1,4,1,4,16,100,90,0.05,5,20,5,True,True,542.175,17,1500,1448,1448,1,51,10977.64705882353,697,1876,True,True,270.733,17,1500,1448,1424,0,62,11461,595,1611,643,1741,6635,6883,6635,6892,10,25,88
Fiber inc,600,300,4,4,1,4,1,4,16,100,90,0.05,5,20,5,True,True,542.707,17,1500,1448,1448,0,51,10905.764705882353,679,1756,True,True,271.485,17,1500,1448,1424,2,83,11371.588235294117,578,1432,618,1584,6663,6879,6675,6880,9,23,4
Fiber inc,600,300,4,4,1,4,1,4,16,100,90,0.05,5,20,5,True,True,542.662,17,1500,1448,1448,0,51,10988.35294117647,665,1721,True,True,270.611,17,1500,1448,1425,0,122,11530.058823529413,573,1631,616,1680,6655,6874,6644,6878,9,24,12
Fiber inc,600,300,4,4,1,6,1,4,16,100,90,0.05,5,20,5,True,True,542.616,19,1500,1448,1448,0,57,11132.052631578947,600,1382,True,True,271.419,19,1500,1448,1425,0,93,11945.473684210527,551,1557,590,1592,6630,6876,6637,6872,9,23,79
Fiber inc,600,300,4,4,1,6,1,4,16,100,90,0.05,5,20,5,True,True,542.437,19,1500,1448,1448,0,57,11009.736842105263,669,1457,True,True,269.628,19,1500,1448,1425,0,62,11567.21052631579,674,1172,671,1306,6658,6869,6654,6866,10,19,50
Fiber inc,600,300,4,4,1,6,1,4,16,100,90,0.05,5,20,5,True,True,542.994,19,1500,1448,1448,1,57,11295.578947368422,573,1982,True,True,272.600,19,1500,1448,1425,0,84,11877.21052631579,571,1394,573,1625,6639,6828,6637,6831,9,24,23
Fiber inc,600,300,4,4,1,6,1,4,16,100,90,0.05,5,20,5,True,True,542.231,19,1500,1448,1448,0,57,10953.473684210527,669,1420,True,True,272.994,19,1500,1448,1425,0,159,11884.842105263158,573,1571,619,1537,6652,6843,6643,6837,9,22,68
Fiber inc,600,300,4,4,1,6,1,4,16,100,90,0.05,5,20,5,True,True,541.615,19,1500,1448,1448,0,57,10905.842105263158,651,1437,True,True,272.158,19,1500,1448,1425,0,110,11727.052631578947,573,1459,613,1449,6663,6866,6652,6865,9,21,92
Fiber inc,600,300,4,4,1,6,1,4,16,100,90,0.05,5,20,5,True,True,543.441,19,1500,1448,1448,0,57,10887.052631578947,725,1376,True,True,270.604,19,1500,1448,1425,0,84,11564.263157894737,655,1201,702,1279,6650,6879,6655,6883,11,19,95
Fiber inc,600,300,4,4,1,6,1,4,16,100,90,0.05,5,20,5,True,True,542.495,19,1500,1448,1448,0,57,10897.473684210527,685,1456,True,True,270.848,19,1500,1448,1425,0,77,11508.631578947368,640,1095,653,1264,6632,6845,6624,6851,10,18,46
Fiber inc,600,300,4,4,1,6,1,4,16,100,90,0.05,5,20,5,True,True,542.656,19,1500,1448,1448,0,57,10893.842105263158,659,1739,True,True,270.824,19,1500,1448,1424,1,83,11478,633,1078,650,1346,6633,6850,6632,6856,10,20,93
Fiber inc,600,300,4,4,1,6,1,4,16,100,90,0.05,5,20,5,True,True,541.932,19,1500,1448,1448,0,57,11009.894736842105,620,1681,True,True,270.949,19,1500,1448,1425,0,74,11477.78947368421,629,1258,622,1459,6647,6898,6646,6903,9,21,17
Fiber inc,600,300,4,4,1,6,1,4,16,100,90,0.05,5,20,5,True,True,542.627,19,1500,1448,1448,0,57,11002.578947368422,638,1511,True,True,271.242,19,1500,1448,1424,0,68,11747.578947368422,583,1567,615,1564,6685,6853,6683,6855,9,23,29
Fiber inc,600,300,4,4,1,6,1,4,16,100,90,0.05,5,20,5,True,True,542.253,19,1500,1448,1448,0,57,11084.421052631578,613,1505,True,True,272.326,19,1500,1448,1425,0,72,11332,590,1396,601,1496,6672,6864,6671,6868,9,22,20
Fiber inc,600,300,4,4,1,6,1,4,16,100,90,0.05,5,20,5,True,True,543.121,19,1500,1448,1448,0,57,11098.736842105263,575,1930,True,True,271.695,19,1500,1448,1424,0,80,11724.947368421053,564,1497,567,1697,6631,6860,6633,6852,9,25,31
Fiber inc,600,300,4,4,1,6,1,4,16,100,90,0.05,5,20,5,True,True,542.376,19,1500,1448,1448,1,57,11219.105263157895,588,1539,True,True,270.537,19,1500,1448,1425,0,102,11924,572,1453,582,1520,6684,6874,6663,6874,9,22,84
Fiber inc,600,300,4,4,1,6,1,4,16,100,90,0.05,5,20,5,True,True,542.519,19,1500,1448,1448,1,57,10975.684210526315,707,1378,True,True,270.981,19,1500,1448,1425,0,109,11569.052631578947,616,1148,663,1249,6647,6859,6635,6863,10,18,13
Fiber inc,600,300,4,4,1,6,1,4,16,100,90,0.05,5,20,5,True,True,542.733,19,1500,1448,1448,0,57,11092.736842105263,614,1765,True,True,271.598,19,1500,1448,1424,0,87,11576.052631578947,561,1428,596,1598,6653,6872,6651,6876,9,23,62
Fiber inc,600,300,4,4,1,6,1,4,16,100,90,0.05,5,20,5,True,True,542.362,19,1500,1448,1448,0,57,11043.526315789473,624,1642,True,True,270.654,19,1500,1448,1425,0,116,11985.842105263158,537,1790,576,1756,6625,6844,6613,6846,9,26,75
Fiber inc,600,300,4,4,1,6,1,4,16,100,90,0.05,5,20,5,True,True,541.693,19,1500,1448,1448,0,57,11155.947368421053,614,1604,True,True,271.327,19,1500,1448,1424,2,78,11590.631578947368,630,1135,617,1402,6637,6850,6606,6852,9,20,9
Fiber inc,600,300,4,4,1,6,1,4,16,100,90,0.05,5,20,5,True,True,542.384,19,1500,1448,1448,0,57,11075.263157894737,699,1396,True,True,271.497,19,1500,1448,1425,0,147,11598.105263157895,570,1426,586,1444,6644,6840,6662,6832,9,21,44
Fiber inc,600,300,4,4,1,6,1,4,16,100,90,0.05,5,20,5,True,True,542.752,19,1500,1448,1448,0,57,11112.684210526315,644,1743,True,True,271.697,19,1500,1448,1425,0,65,11405.894736842105,661,1313,650,1551,6654,6858,6652,6865,10,23,48
Fiber inc,600,300,4,4,1,6,1,4,16,100,90,0.05,5,20,5,True,True,542.718,19,1500,1448,1448,0,57,11203.736842105263,633,1511,True,True,271.040,19,1500,1448,1424,0,63,11456.263157894737,668,1150,646,1314,6657,6855,6673,6858,10,19,99
Fiber inc,600,300,4,4,1,6,1,4,16,100,90,0.05,5,20,5,True,True,542.233,19,1500,1448,1448,0,57,10750.052631578947,750,1454,True,True,271.889,19,1500,1448,1425,1,79,11654.78947368421,590,1460,658,1456,6678,6890,6668,6895,10,21,56
Fiber inc,600,300,4,4,1,6,1,4,16,100,90,0.05,5,20,5,True,True,542.357,19,1500,1448,1448,0,57,10978.78947368421,644,1672,True,True,270.279,19,1500,1448,1424,1,165,11573,535,1497,579,1576,6638,6847,6638,6845,9,23,32
Fiber inc,600,300,4,4,1,6,1,4,16,100,90,0.05,5,20,5,True,True,542.335,19,1500,1448,1448,0,57,11061.421052631578,650,1625,True,True,270.714,19,1500,1448,1425,0,88,11747.421052631578,576,1438,616,1545,6652,6866,6649,6868,9,22,78
Fiber inc,600,300,4,4,1,6,1,4,16,100,90,0.05,5,20,5,True,True,542.642,19,1500,1448,1448,0,57,11027.263157894737,654,1372,True,True,270.018,19,1500,1448,1424,0,85,11782.578947368422,578,1648,618,1538,6637,6832,6635,6837,9,22,38
Fiber inc,600,300,4,4,1,6,1,4,16,100,90,0.05,5,20,5,True,True,542.098,19,1500,1448,1448,0,57,10944.263157894737,644,1639,True,True,270.738,19,1500,1448,1425,0,101,11783.105263157895,640,1400,644,1533,6654,6888,6657,6893,10,22,26
Fiber inc,600,300,4,4,1,6,1,4,16,100,90,0.05,5,20,5,True,True,542.551,19,1500,1448,1448,0,57,10902.105263157895,683,1518,True,True,270.541,19,1500,1448,1425,0,61,11394.894736842105,664,1183,678,1333,6649,6860,6645,6864,10,19,69
Fiber inc,600,300,4,4,1,6,1,4,16,100,90,0.05,5,20,5,True,True,542.488,19,1500,1448,1448,0,57,10475.052631578947,749,1724,True,True,270.497,19,1500,1448,1424,0,67,11488.157894736842,670,1221,696,1463,6629,6864,6613,6864,11,21,34
Fiber inc,600,300,4,4,1,6,1,4,16,100,90,0.05,5,20,5,True,True,542.722,19,1500,1448,1448,0,57,10931.157894736842,674,1430,True,True,270.323,19,1500,1448,1424,0,104,11939.947368421053,596,1463,628,1467,6625,6862,6621,6859,9,21,58
Fiber inc,600,300,4,4,1,6,1,4,16,100,90,0.05,5,20,5,True,True,542.492,19,1500,1448,1448,0,57,10895.684210526315,669,1752,True,True,270.574,19,1500,1448,1424,0,88,12173.947368421053,571,1560,613,1655,6676,6902,6690,6907,9,24,30
Fiber inc,600,300,4,4,1,6,1,4,16,100,90,0.05,5,20,5,True,True,542.742,19,1500,1448,1448,0,57,10935.052631578947,670,1772,True,True,270.820,19,1500,1448,1448,0,79,12350.473684210527,563,1558,624,1661,6661,6872,6675,6878,9,24,70
Fiber inc,600,300,4,4,1,6,1,4,16,100,90,0.05,5,20,5,True,True,542.504,19,1500,1448,1448,0,57,11102.631578947368,640,1775,True,True,270.920,19,1500,1448,1448,0,75,11639.684210526315,559,1295,610,1543,6664,6879,6665,6883,9,22,24
Fiber inc,600,300,4,4,1,6,1,4,16,100,90,0.05,5,20,5,True,True,542.775,19,1500,1448,1448,0,57,10940.78947368421,675,1675,True,True,269.879,19,1500,1448,1424,0,77,11312.421052631578,641,1211,653,1405,6636,6841,6635,6844,10,21,52
Fiber inc,600,300,4,4,1,6,1,4,16,100,90,0.05,5,20,5,True,True,542.361,19,1500,1448,1448,0,57,10848,734,1404,True,True,270.861,19,1500,1448,1424,0,73,11765.263157894737,597,1512,664,1476,6670,6863,6680,6866,10,22,36
Fiber inc,600,300,4,4,1,6,1,4,16,100,90,0.05,5,20,5,True,True,542.498,19,1500,1448,1448,1,57,10938.368421052632,652,1427,True,True,271.362,19,1500,1448,1425,0,96,11794.78947368421,610,1212,625,1309,6642,6864,6635,6862,9,19,2
Fiber inc,600,300,4,4,1,6,1,4,16,100,90,0.05,5,20,5,True,True,542.762,19,1500,1448,1448,0,57,10649.842105263158,706,1703,True,True,271.972,19,1500,1448,1425,0,131,11912.631578947368,549,1501,598,1606,6655,6846,6650,6842,9,23,5
Fiber inc,600,300,4,4,1,6,1,4,16,100,90,0.05,5,20,5,True,True,542.082,19,1500,1448,1448,0,57,10709.052631578947,740,1606,True,True,269.866,19,1500,1448,1424,0,99,11756.315789473685,586,1507,640,1567,6637,6858,6646,6863,10,23,89
Fiber inc,600,300,4,4,1,6,1,4,16,100,90,0.05,5,20,5,True,False,541.393,19,1500,1448,1448,0,57,10524.842105263158,807,1696,True,True,270.840,19,1500,1448,1424,0,63,11842.105263157895,577,1419,638,1552,6657,6842,6657,6835,10,23,74
Fiber inc,600,300,4,4,1,6,1,4,16,100,90,0.05,5,20,5,True,True,542.699,19,1500,1448,1448,0,57,10982.157894736842,648,1484,True,True,272.950,19,1500,1448,1425,0,72,11487.631578947368,628,1219,639,1331,6665,6851,6651,6853,10,19,91
Fiber inc,600,300,4,4,1,6,1,4,16,100,90,0.05,5,20,5,True,True,542.467,19,1500,1448,1448,0,57,10989.526315789473,715,1759,True,True,271.127,19,1500,1448,1424,0,66,11652.526315789473,554,1485,600,1612,6651,6866,6663,6871,9,23,53
Fiber inc,600,300,4,4,1,6,1,4,16,100,90,0.05,5,20,5,True,True,540.436,19,1500,1448,1448,0,57,11108.578947368422,646,1396,True,True,270.064,19,1500,1448,1425,0,156,11696.78947368421,570,1438,590,1434,6659,6848,6658,6852,9,21,21
Fiber inc,600,300,4,4,1,6,1,4,16,100,90,0.05,5,20,5,True,True,542.859,19,1500,1448,1448,0,57,10992,625,1652,True,True,272.169,19,1500,1448,1425,0,66,11715.78947368421,552,1556,592,1652,6669,6850,6654,6853,9,24,55
Fiber inc,600,300,4,4,1,6,1,4,16,100,90,0.05,5,20,5,True,True,542.111,19,1500,1448,1448,0,57,10686.684210526315,755,1208,True,True,271.901,19,1500,1448,1425,1,150,12062.842105263158,551,1706,608,1456,6649,6865,6634,6868,9,21,27
Fiber inc,600,300,4,4,1,6,1,4,16,100,90,0.05,5,20,5,True,True,542.503,19,1500,1448,1448,0,57,10823.736842105263,707,1503,True,True,270.238,19,1500,1448,1424,0,92,11627.684210526315,557,1522,603,1516,6663,6862,6675,6868,9,22,77
Fiber inc,600,300,4,4,1,6,1,4,16,100,90,0.05,5,20,5,True,True,541.704,19,1500,1448,1448,1,57,10740.157894736842,732,1515,True,True,270.743,19,1500,1448,1424,0,71,11569.684210526315,544,1434,586,1476,6618,6866,6627,6868,9,21,85
Fiber inc,600,300,4,4,1,6,1,4,16,100,90,0.05,5,20,5,True,True,542.699,19,1500,1448,1448,0,57,11076.631578947368,613,1624,True,True,271.720,19,1500,1448,1425,0,94,11774.842105263158,534,1643,567,1662,6650,6866,6653,6871,9,24,86
Fiber inc,600,300,4,4,1,6,1,4,16,100,90,0.05,5,20,5,True,True,542.355,19,1500,1448,1448,0,57,10925.157894736842,744,1457,True,True,268.594,19,1500,1448,1425,1,79,11927.894736842105,567,1549,625,1568,6663,6874,6653,6873,9,23,18
Fiber inc,600,300,4,4,1,6,1,4,16,100,90,0.05,5,20,5,True,True,542.547,19,1500,1448,1448,0,57,11047.473684210527,625,1646,True,True,269.858,19,1500,1448,1424,0,86,11826.842105263158,556,1494,588,1568,6647,6844,6647,6849,9,23,22
Fiber inc,600,300,4,4,1,6,1,4,16,100,90,0.05,5,20,5,True,True,541.748,19,1500,1448,1448,0,57,10997.578947368422,661,1757,True,True,272.116,19,1500,1448,1425,0,115,11831.157894736842,568,1530,615,1648,6644,6856,6638,6855,9,24,81
Fiber inc,600,300,4,4,1,6,1,4,16,100,90,0.05,5,20,5,True,True,542.497,19,1500,1448,1448,0,57,10615,755,1563,True,True,269.484,19,1500,1448,1424,0,64,11754.578947368422,570,1338,608,1443,6672,6886,6666,6890,9,21,64
Fiber inc,600,300,4,4,1,6,1,4,16,100,90,0.05,5,20,5,True,True,542.522,19,1500,1448,1448,0,57,10915.842105263158,647,1552,True,True,271.891,19,1500,1448,1448,0,83,11497.21052631579,616,1104,632,1284,6640,6859,6658,6833,9,19,7
Fiber inc,600,300,4,4,1,6,1,4,16,100,90,0.05,5,20,5,True,True,542.664,19,1500,1448,1448,0,57,11003,678,1574,True,True,272.317,19,1500,1448,1425,0,138,11528.578947368422,625,1248,653,1387,6616,6854,6633,6858,10,20,76
Fiber inc,600,300,4,4,1,6,1,4,16,100,90,0.05,5,20,5,True,True,542.227,19,1500,1448,1448,0,57,11077.21052631579,644,1607,True,True,271.815,19,1500,1448,1448,0,120,11522.315789473685,573,1309,613,1444,6647,6870,6647,6873,9,21,98
Fiber inc,600,300,4,4,1,6,1,4,16,100,90,0.05,5,20,5,True,True,542.848,19,1500,1448,1448,0,57,10961.526315789473,626,1404,True,True,269.991,19,1500,1448,1425,0,71,11831.157894736842,535,1459,569,1482,6644,6905,6648,6911,9,21,19
Fiber inc,600,300,4,4,1,6,1,4,16,100,90,0.05,5,20,5,True,True,542.612,19,1500,1448,1448,0,57,10996.526315789473,659,1715,True,True,270.479,19,1500,1448,1425,0,74,12167,615,1652,641,1692,6687,6877,6687,6873,10,25,28
Fiber inc,600,300,4,4,1,6,1,4,16,100,90,0.05,5,20,5,True,True,542.488,19,1500,1448,1448,0,57,11049.842105263158,646,1543,True,True,271.327,19,1500,1448,1424,0,87,11954.684210526315,557,1630,599,1644,6661,6869,6664,6873,9,24,67
Fiber inc,600,300,4,4,1,6,1,4,16,100,90,0.05,5,20,5,True,True,542.689,19,1500,1448,1448,0,57,11031.105263157895,702,1952,True,True,272.953,19,1500,1448,1424,0,67,11994.105263157895,604,1428,658,1731,6658,6873,6674,6876,10,25,61
Fiber inc,600,300,4,4,1,6,1,4,16,100,90,0.05,5,20,5,True,True,542.646,19,1500,1448,1448,0,57,10721.105263157895,727,1418,True,True,271.090,19,1500,1448,1424,0,99,11815.052631578947,549,1599,598,1586,6660,6876,6650,6878,9,23,1
Fiber inc,600,300,4,4,1,6,1,4,16,100,90,0.05,5,20,5,True,True,542.564,19,1500,1448,1448,0,57,10453.578947368422,811,1714,True,True,271.622,19,1500,1448,1424,0,57,11667.78947368421,545,1437,609,1575,6640,6874,6621,6877,9,23,66
Fiber inc,600,300,4,4,1,6,1,4,16,100,90,0.05,5,20,5,True,True,541.996,19,1500,1448,1448,0,57,10887.157894736842,706,1685,True,True,272.722,19,1500,1448,1425,0,96,11983.21052631579,591,1463,639,1570,6660,6848,6660,6848,10,23,40
Fiber inc,600,300,4,4,1,6,1,4,16,100,90,0.05,5,20,5,True,True,542.276,19,1500,1448,1448,0,57,10715.894736842105,745,1512,True,True,270.373,19,1500,1448,1425,1,73,11514.21052631579,544,1442,597,1480,6623,6858,6613,6865,9,22,73
Fiber inc,600,300,4,4,1,6,1,4,16,100,90,0.05,5,20,5,True,True,541.921,19,1500,1448,1448,0,57,11024.368421052632,642,1583,True,False,270.480,19,1500,1448,1424,0,110,11389.736842105263,626,1064,635,1266,6629,6852,6626,6857,10,18,49
Fiber inc,600,300,4,4,1,6,1,4,16,100,90,0.05,5,20,5,True,True,542.498,19,1500,1448,1448,0,57,11073.315789473685,623,1325,True,True,271.856,19,1500,1448,1424,0,107,11908.21052631579,545,1547,591,1476,6637,6856,6634,6858,9,22,60
Fiber inc,600,300,4,4,1,6,1,4,16,100,90,0.05,5,20,5,True,True,542.481,19,1500,1448,1448,0,57,10826.052631578947,714,1389,True,True,271.331,19,1500,1448,1425,0,72,11513.947368421053,666,1183,690,1274,6659,6884,6672,6889,10,18,41
Fiber inc,600,300,4,4,1,6,1,4,16,100,90,0.05,5,20,5,True,True,542.290,19,1500,1448,1448,1,57,11096,660,1625,True,True,269.479,19,1500,1448,1424,1,89,11779.105263157895,574,1496,616,1582,6668,6855,6662,6858,9,23,10
Fiber inc,600,300,4,4,1,6,1,4,16,100,90,0.05,5,20,5,True,True,542.639,19,1500,1448,1448,0,57,11250.157894736842,599,1705,True,True,270.623,19,1500,1448,1424,0,83,11452.368421052632,630,1227,613,1452,6652,6882,6646,6873,9,21,37
Fiber inc,600,300,4,4,1,6,1,4,16,100,90,0.05,5,20,5,True,True,542.417,19,1500,1448,1448,0,57,10991.421052631578,664,1363,True,True,270.525,19,1500,1448,1425,0,102,11518.21052631579,600,1332,636,1402,6668,6844,6681,6852,10,20,100
Fiber inc,600,300,4,4,1,6,1,4,16,100,90,0.05,5,20,5,True,True,542.330,19,1500,1448,1448,0,57,11140.894736842105,584,1638,True,True,273.024,19,1500,1448,1424,0,97,11905.78947368421,571,1500,577,1563,6633,6856,6628,6861,9,23,35
Fiber inc,600,300,4,4,1,6,1,4,16,100,90,0.05,5,20,5,True,True,542.728,19,1500,1448,1448,0,57,10924,688,1501,True,True,270.610,19,1500,1448,1424,0,122,11917.894736842105,568,1429,610,1463,6644,6837,6633,6841,9,21,11
Fiber inc,600,300,4,4,1,6,1,4,16,100,90,0.05,5,20,5,True,True,542.603,19,1500,1448,1448,1,57,11036.105263157895,692,1451,True,True,270.428,19,1500,1448,1425,0,73,11777.368421052632,582,1454,621,1453,6631,6843,6637,6848,9,21,94
Fiber inc,600,300,4,4,1,6,1,4,16,100,90,0.05,5,20,5,True,True,542.612,19,1500,1448,1448,0,57,10901.842105263158,705,1498,True,True,269.973,19,1500,1448,1425,1,89,11558.052631578947,598,1210,643,1335,6639,6871,6648,6876,10,19,87
Fiber inc,600,300,4,4,1,6,1,4,16,100,90,0.05,5,20,5,True,True,542.046,19,1500,1448,1448,0,57,11105.105263157895,608,1612,True,True,270.283,19,1500,1448,1448,0,86,11523.736842105263,583,1336,594,1470,6630,6901,6621,6886,9,21,90
Fiber inc,600,300,4,4,1,6,1,4,16,100,90,0.05,5,20,5,True,True,542.365,19,1500,1448,1448,0,57,11044.947368421053,643,1686,True,True,271.631,19,1500,1448,1424,0,85,11935.894736842105,589,1404,613,1543,6660,6857,6655,6859,9,22,6
Fiber inc,600,300,4,4,1,6,1,4,16,100,90,0.05,5,20,5,True,True,542.239,19,1500,1448,1448,0,57,10955.315789473685,645,1346,True,True,270.745,19,1500,1448,1424,0,83,11495.473684210527,561,1397,602,1431,6648,6877,6642,6874,9,21,25
Fiber inc,600,300,4,4,1,6,1,4,16,100,90,0.05,5,20,5,True,True,542.456,19,1500,1448,1448,0,57,10873.631578947368,641,1392,True,True,271.192,19,1500,1448,1424,0,128,11837.736842105263,577,1486,591,1476,6660,6865,6662,6870,9,21,65
Fiber inc,600,300,4,4,1,6,1,4,16,100,90,0.05,5,20,5,True,True,541.989,19,1500,1448,1448,0,57,11035.105263157895,670,1488,True,True,272.415,19,1500,1448,1424,0,71,11947.736842105263,557,1628,611,1595,6637,6847,6650,6852,9,23,54
Fiber inc,600,300,4,4,1,6,1,4,16,100,90,0.05,5,20,5,True,True,542.492,19,1500,1448,1448,0,57,10997.947368421053,700,1529,True,True,269.857,19,1500,1448,1436,0,79,11524.263157894737,564,1431,625,1487,6652,6875,6646,6880,9,22,39
Fiber inc,600,300,4,4,1,6,1,4,16,100,90,0.05,5,20,5,True,True,542.197,19,1500,1448,1448,0,57,10985.736842105263,636,1559,True,True,271.352,19,1500,1448,1425,0,77,11707.105263157895,585,1490,613,1530,6648,6860,6654,6863,9,22,3
Fiber inc,600,300,4,4,1,6,1,4,16,100,90,0.05,5,20,5,True,True,542.489,19,1500,1448,1448,0,57,10939.894736842105,718,1655,True,True,272.291,19,1500,1448,1424,0,66,11709.263157894737,560,1484,610,1557,6633,6867,6650,6848,9,23,97
Fiber inc,600,300,4,4,1,6,1,4,16,100,90,0.05,5,20,5,True,True,542.690,19,1500,1448,1448,0,57,10926.947368421053,711,1316,True,True,269.849,19,1500,1448,1424,0,81,11662.736842105263,533,1673,590,1572,6640,6870,6641,6877,9,23,33
Fiber inc,600,300,4,4,1,6,1,4,16,100,90,0.05,5,20,5,True,True,542.539,19,1500,1448,1448,0,57,10998.736842105263,694,1501,True,True,271.109,19,1500,1448,1424,0,60,11402.421052631578,641,1290,669,1396,6681,6864,6681,6867,10,20,47
Fiber inc,600,300,4,4,1,6,1,4,16,100,90,0.05,5,20,5,True,True,541.986,19,1500,1448,1448,0,57,10655.894736842105,725,1699,True,True,271.389,19,1500,1448,1424,0,79,11557.526315789473,637,1102,680,1483,6627,6854,6625,6858,10,22,96
Fiber inc,600,300,4,4,1,6,1,4,16,100,90,0.05,5,20,5,True,True,543.423,19,1500,1448,1448,0,57,10882.421052631578,696,1508,True,True,270.951,19,1500,1448,1424,0,106,11813.105263157895,580,1463,606,1490,6662,6864,6662,6866,9,22,72
Fiber inc,600,300,4,4,1,6,1,4,16,100,90,0.05,5,20,5,True,True,541.628,19,1500,1448,1448,0,57,10936.052631578947,625,1499,True,True,271.025,19,1500,1448,1425,0,92,11950.631578947368,581,1553,597,1552,6673,6863,6660,6866,9,23,16
Fiber inc,600,300,4,4,1,6,1,4,16,100,90,0.05,5,20,5,True,True,541.856,19,1500,1448,1448,0,57,10864.736842105263,735,1722,True,True,271.364,19,1500,1448,1425,0,76,11766.315789473685,557,1537,623,1627,6646,6882,6654,6884,9,24,8
Fiber inc,600,300,4,4,1,6,1,4,16,100,90,0.05,5,20,5,True,True,542.455,19,1500,1448,1448,1,57,10967.578947368422,675,1775,True,True,270.468,19,1500,1448,1424,0,66,11484.21052631579,640,1222,654,1448,6639,6845,6641,6820,10,21,14
Fiber inc,600,300,4,4,1,6,1,4,16,100,90,0.05,5,20,5,True,True,542.210,19,1500,1448,1448,0,57,11111.052631578947,639,1685,True,True,271.371,19,1500,1448,1425,0,107,11670.263157894737,517,1376,574,1517,6654,6852,6654,6855,9,22,82
Fiber inc,600,300,4,4,1,6,1,4,16,100,90,0.05,5,20,5,True,True,542.602,19,1500,1448,1448,0,57,11330.263157894737,595,1798,True,True,270.243,19,1500,1448,1425,3,70,11778.578947368422,561,1339,579,1547,6639,6846,6636,6851,9,23,45
Fiber inc,600,300,4,4,1,6,1,4,16,100,90,0.05,5,20,5,True,True,543.663,19,1500,1448,1448,0,57,11155.421052631578,638,1671,True,True,270.469,19,1500,1448,1424,1,108,11936.631578947368,556,1552,598,1611,6665,6879,6671,6877,9,23,43
Fiber inc,600,300,4,4,1,6,1,4,16,100,90,0.05,5,20,5,True,True,541.822,19,1500,1448,1448,0,57,11030.78947368421,655,1433,True,True,270.712,19,1500,1448,1425,0,86,11778.105263157895,552,1549,591,1509,6668,6866,6655,6866,9,22,83
Fiber inc,600,300,4,4,1,6,1,4,16,100,90,0.05,5,20,5,True,True,542.271,19,1500,1448,1448,0,57,10933.052631578947,680,1562,True,True,270.848,19,1500,1448,1425,0,77,11756.631578947368,523,1651,569,1630,6654,6867,6653,6872,9,24,63
Fiber inc,600,300,4,4,1,6,1,4,16,100,90,0.05,5,20,5,True,True,542.176,19,1500,1448,1448,0,57,10972.947368421053,643,1444,True,True,271.342,19,1500,1448,1425,0,65,11968.947368421053,538,1502,573,1508,6642,6860,6628,6865,9,22,80
Fiber inc,600,300,4,4,1,6,1,4,16,100,90,0.05,5,20,5,True,True,542.670,19,1500,1448,1448,0,57,10983.157894736842,636,1744,True,True,270.556,19,1500,1448,1424,0,99,11716.052631578947,635,1480,635,1606,6653,6867,6635,6872,10,23,59
Fiber inc,600,300,4,4,1,6,1,4,16,100,90,0.05,5,20,5,True,True,542.534,19,1500,1448,1448,0,57,11060.78947368421,637,1517,True,True,271.242,19,1500,1448,1425,0,95,11781.947368421053,552,1577,594,1572,6636,6850,6617,6852,9,23,15
Fiber inc,600,300,4,4,1,6,1,4,16,100,90,0.05,5,20,5,True,True,542.569,19,1500,1448,1448,2,57,10787.105263157895,728,1544,True,True,272.041,19,1500,1448,1424,0,78,11610.578947368422,547,1501,601,1535,6643,6857,6633,6860,9,22,71
Fiber inc,600,300,4,4,1,6,1,4,16,100,90,0.05,5,20,5,True,True,541.720,19,1500,1448,1448,0,57,10789.315789473685,735,1580,True,True,271.112,19,1500,1448,1425,0,83,11681.684210526315,555,1435,622,1507,6646,6855,6648,6861,9,22,42
Fiber inc,600,300,4,4,1,6,1,4,16,100,90,0.05,5,20,5,True,True,543.050,19,1500,1448,1448,1,57,10962.421052631578,685,1515,True,True,272.902,19,1500,1448,1424,0,98,11815.894736842105,585,1430,650,1468,6672,6860,6659,6864,10,21,51
Fiber inc,600,300,4,4,1,6,1,4,16,100,90,0.05,5,20,5,True,True,542.395,19,1500,1448,1448,0,57,10961.894736842105,691,1413,True,True,270.072,19,1500,1448,1424,0,70,11693.052631578947,601,1411,634,1467,6663,6873,6659,6877,10,21,57
Fiber inc,600,300,4,4,1,6,1,4,16,100,90,0.05,5,20,5,True,True,542.339,19,1500,1448,1448,0,57,11049.947368421053,626,1677,True,True,271.050,19,1500,1448,1424,0,85,11622.105263157895,652,1172,640,1433,6629,6858,6632,6862,10,21,88
Fiber inc,600,300,4,4,1,6,1,4,16,100,90,0.05,5,20,5,True,True,542.617,19,1500,1448,1448,0,57,10877.947368421053,684,1226,True,True,271.113,19,1500,1448,1424,2,91,11632.736842105263,548,1407,584,1380,6641,6882,6640,6889,9,20,4
Fiber inc,600,300,4,4,1,6,1,4,16,100,90,0.05,5,20,5,True,True,542.099,19,1500,1448,1448,0,57,11026.526315789473,638,1521,True,True,271.870,19,1500,1448,1424,0,79,11817.421052631578,587,1474,610,1526,6647,6865,6654,6869,9,22,12
Cable inp,250,50,10,10,1,1,8,4,16,100,90,0.05,5,20,5,True,True,225.005,16,1500,1448,1448,0,48,22681.6875,426,694,True,False,45.593,16,1500,1448,1425,0,48,31104.8125,124,406,118,626,2831,2881,2826,2881,4,22,79
Cable inp,250,50,10,10,1,1,8,4,16,100,90,0.05,5,20,5,True,True,224.619,16,1500,1448,1448,0,48,22811.0625,410,674,True,False,44.222,16,1500,1448,1425,0,48,31369.6875,84,418,120,624,2850,2881,2849,2881,4,22,50
Cable inp,250,50,10,10,1,1,8,4,16,100,90,0.05,5,20,5,True,True,225.052,16,1500,1448,1448,0,48,22692.4375,402,787,True,False,43.728,16,1500,1448,1425,0,48,31221.0625,87,413,100,689,2848,2881,2848,2881,4,24,23
Cable inp,250,50,10,10,1,1,8,4,16,100,90,0.05,5,20,5,True,True,224.984,16,1500,1448,1448,0,48,22864.0625,398,727,True,False,44.734,16,1500,1448,1425,0,48,31186.625,103,459,107,629,2833,2881,2828,2881,4,22,68
Cable inp,250,50,10,10,1,1,8,4,16,100,90,0.05,5,20,5,True,True,224.870,16,1500,1448,1448,0,48,22826,393,723,True,False,43.990,16,1500,1448,1424,0,48,31033,95,429,121,640,2842,2880,2829,2881,4,22,92
Cable inp,250,50,10,10,1,1,8,4,16,100,90,0.05,5,20,5,True,True,224.806,16,1500,1448,1448,0,48,22687.875,388,693,True,False,43.982,16,1500,1448,1424,0,48,31255.9375,95,390,109,618,2842,2881,2836,2882,4,21,95
Cable inp,250,50,10,10,1,1,8,4,16,100,90,0.05,5,20,5,True,True,224.867,16,1500,1448,1448,0,48,22664.5,402,695,True,False,44.856,16,1500,1448,1424,0,48,31474.75,97,424,121,593,2840,2878,2828,2879,4,21,46
Cable inp,250,50,10,10,1,1,8,4,16,100,90,0.05,5,20,5,True,True,224.745,16,1500,1448,1448,0,48,22891.1875,397,666,True,False,44.106,16,1500,1448,1424,0,48,30832.3125,97,423,120,614,2844,2878,2844,2878,4,21,93
Cable inp,250,50,10,10,1,1,8,4,16,100,90,0.05,5,20,5,True,True,224.973,16,1500,1448,1448,0,48,22661.4375,402,701,True,False,44.239,16,1500,1448,1424,0,48,31179.375,91,412,96,604,2854,2882,2851,2881,3,21,17
Cable inp,250,50,10,10,1,1,8,4,16,100,90,0.05,5,20,5,True,True,224.870,16,1500,1448,1448,0,48,22668.1875,407,739,True,False,43.342,16,1500,1448,1424,0,48,30981.625,111,442,131,680,2838,2880,2835,2880,5,24,29
Cable inp,250,50,10,10,1,1,8,4,16,100,90,0.05,5,20,5,True,True,224.859,16,1500,1448,1448,0,48,22671.9375,413,689,True,False,43.869,16,1500,1448,1424,0,48,30825,78,372,94,623,2842,2882,2839,2882,3,22,20
Cable inp,250,50,10,10,1,1,8,4,16,100,90,0.05,5,20,5,True,True,224.876,16,1500,1448,1448,0,48,22675.8125,376,697,True,False,43.975,16,1500,1448,1424,0,48,30792.9375,83,425,101,611,2843,2881,2834,2880,4,21,31
Cable inp,250,50,10,10,1,1,8,4,16,100,90,0.05,5,20,5,True,True,224.732,16,1500,1448,1448,0,48,22756.375,396,730,True,False,43.980,16,1500,1448,1424,0,48,31078.5625,111,419,100,625,2836,2878,2828,2879,4,22,84
Cable inp,250,50,10,10,1,1,8,4,16,100,90,0.05,5,20,5,True,True,224.496,16,1500,1448,1448,0,48,22682.0625,403,690,True,False,44.861,16,1500,1448,1425,0,48,31141.4375,52,451,90,602,2836,2885,2838,2886,3,21,13
Cable inp,250,50,10,10,1,1,8,4,16,100,90,0.05,5,20,5,True,True,226.119,16,1500,1448,1448,0,48,22502.75,427,737,True,False,44.350,16,1500,1448,1425,0,48,31293.5625,104,416,126,662,2839,2879,2836,2880,4,23,62
Cable inp,250,50,10,10,1,1,8,4,16,100,90,0.05,5,20,5,True,True,224.747,16,1500,1448,1448,0,48,22498.875,422,688,True,False,45.244,16,1500,1448,1425,0,48,31179.125,97,406,93,612,2850,2883,2849,2883,3,21,75
Cable inp,250,50,10,10,1,1,8,4,16,100,90,0.05,5,20,5,True,True,224.938,16,1500,1448,1448,0,48,22712.8125,392,732,True,False,43.985,16,1500,1448,1425,0,48,30846.0625,79,451,104,667,2851,2880,2850,2880,4,23,9
Cable inp,250,50,10,10,1,1,8,4,16,100,90,0.05,5,20,5,True,True,225.372,16,1500,1448,1448,0,48,22665.9375,416,729,True,False,43.339,16,1500,1448,1424,0,48,30876.8125,112,440,148,675,2848,2880,2847,2880,5,23,44
Cable inp,250,50,10,10,1,1,8,4,16,100,90,0.05,5,20,5,True,True,224.488,16,1500,1448,1448,0,48,22564.625,417,692,True,False,44.615,16,1500,1448,1424,0,48,30993.375,100,413,103,610,2846,2881,2845,2881,4,21,48
Cable inp,250,50,10,10,1,1,8,4,16,100,90,0.05,5,20,5,True,True,224.737,16,1500,1448,1448,0,48,22631.0625,409,727,True,False,44.221,16,1500,1448,1425,0,48,30888.9375,119,409,153,682,2838,2879,2840,2880,5,24,99
Cable inp,250,50,10,10,1,1,8,4,16,100,90,0.05,5,20,5,True,True,224.491,16,1500,1448,1448,0,48,22581.125,407,691,True,False,44.480,16,1500,1448,1425,0,48,30329.3125,102,395,119,605,2844,2879,2843,2880,4,21,56
Cable inp,250,50,10,10,1,1,8,4,16,100,90,0.05,5,20,5,True,True,224.992,16,1500,1448,1448,0,48,22610.25,412,693,True,False,43.863,16,1500,1448,1424,0,48,31155.5625,100,442,114,624,2842,2884,2832,2884,4,22,32
Cable inp,250,50,10,10,1,1,8,4,16,100,90,0.05,5,20,5,True,True,224.800,16,1500,1448,1448,0,48,22617.875,414,723,True,False,44.115,16,1500,1448,1425,0,48,31075.875,107,410,124,643,2843,2882,2843,2882,4,22,78
Cable inp,250,50,10,10,1,1,8,4,16,100,90,0.05,5,20,5,True,True,224.745,16,1500,1448,1448,0,48,22877.25,410,715,True,False,44.364,16,1500,1448,1424,0,48,31117.9375,85,431,111,629,2848,2878,2846,2879,4,22,38
Cable inp,250,50,10,10,1,1,8,4,16,100,90,0.05,5,20,5,True,True,224.490,16,1500,1448,1448,0,48,22698,393,715,True,False,44.743,16,1500,1448,1424,0,48,30853.375,75,383,104,604,2847,2880,2847,2880,4,21,26
Cable inp,250,50,10,10,1,1,8,4,16,100,90,0.05,5,20,5,True,True,224.857,16,1500,1448,1448,0,48,22653.375,385,698,True,False,44.731,16,1500,1448,1425,0,48,30785.3125,96,418,124,602,2849,2882,2852,2882,4,21,69
Cable inp,250,50,10,10,1,1,8,4,16,100,90,0.05,5,20,5,True,True,224.744,16,1500,1448,1448,0,48,22693.0625,408,706,True,False,43.986,16,1500,1448,1425,0,48,30893.25,80,414,88,618,2846,2880,2845,2880,3,21,34
Cable inp,250,50,10,10,1,1,8,4,16,100,90,0.05,5,20,5,True,True,225.117,16,1500,1448,1448,0,48,22640.375,403,704,True,False,45.238,16,1500,1448,1425,0,48,30671.25,123,431,102,637,2837,2885,2827,2887,4,22,58
Cable inp,250,50,10,10,1,1,8,4,16,100,90,0.05,5,20,5,True,True,224.945,16,1500,1448,1448,0,48,22678.625,396,706,True,False,44.623,16,1500,1448,1425,0,48,30878,95,418,116,619,2846,2879,2841,2879,4,21,30
Cable inp,250,50,10,10,1,1,8,4,16,100,90,0.05,5,20,5,True,True,224.497,16,1500,1448,1448,0,48,22661.375,395,712,True,False,45.121,16,1500,1448,1424,0,48,31161.125,111,396,113,615,2840,2883,2840,2884,4,21,70
Cable inp,250,50,10,10,1,1,8,4,16,100,90,0.05,5,20,5,True,True,224.494,16,1500,1448,1448,0,48,22690.9375,397,700,True,False,44.336,16,1500,1448,1425,0,48,31083,57,417,73,616,2840,2884,2826,2883,3,21,24
Cable inp,250,50,10,10,1,1,8,4,16,100,90,0.05,5,20,5,True,True,224.729,16,1500,1448,1448,0,48,22479.375,433,690,True,False,44.485,16,1500,1448,1425,0,48,31017.8125,61,388,80,626,2840,2878,2840,2879,3,22,52
Cable inp,250,50,10,10,1,1,8,4,16,100,90,0.05,5,20,5,True,True,225.091,16,1500,1448,1448,0,48,22624.125,398,703,True,False,44.747,16,1500,1448,1425,0,48,30535.4375,83,389,102,616,2846,2879,2847,2880,4,21,36
Cable inp,250,50,10,10,1,1,8,4,16,100,90,0.05,5,20,5,True,True,224.225,16,1500,1448,1448,0,48,22554.375,404,685,True,False,44.617,16,1500,1448,1424,0,48,30581.1875,81,410,102,616,2852,2883,2852,2883,4,21,2
Cable inp,250,50,10,10,1,1,8,4,16,100,90,0.05,5,20,5,True,True,224.996,16,1500,1448,1448,0,48,22549.8125,435,698,True,False,43.599,16,1500,1448,1424,0,48,31423.8125,56,403,72,630,2833,2882,2833,2883,3,22,5
Cable inp,250,50,10,10,1,1,8,4,16,100,90,0.05,5,20,5,True,True,225.115,16,1500,1448,1448,0,48,22709.875,414,699,True,False,45.474,16,1500,1448,1425,0,48,30764.9375,71,403,82,628,2845,2886,2845,2887,3,22,89
Cable inp,250,50,10,10,1,1,8,4,16,100,90,0.05,5,20,5,True,True,224.996,16,1500,1448,1448,0,48,22703.625,394,666,True,False,44.990,16,1500,1448,1424,0,48,30599.875,103,427,96,563,2845,2879,2844,2879,3,20,74
Cable inp,250,50,10,10,1,1,8,4,16,100,90,0.05,5,20,5,True,True,224.869,16,1500,1448,1448,0,48,22619.75,415,701,True,False,45.101,16,1500,1448,1424,0,48,30996.8125,87,407,105,618,2846,2879,2841,2880,4,21,91
Cable inp,250,50,10,10,1,1,8,4,16,100,90,0.05,5,20,5,True,True,225.118,16,1500,1448,1448,0,48,22672.4375,388,669,True,False,43.348,16,1500,1448,1424,0,48,30899.875,100,371,102,571,2839,2878,2833,2878,4,20,53
Cable inp,250,50,10,10,1,1,8,4,16,100,90,0.05,5,20,5,True,True,224.747,16,1500,1448,1448,0,48,22550.625,418,709,True,False,45.373,16,1500,1448,1425,0,49,31150.5,59,402,74,622,2853,2887,2850,2888,3,22,21
Cable inp,250,50,10,10,1,1,8,4,16,100,90,0.05,5,20,5,True,True,225.125,16,1500,1448,1448,0,48,22610.875,406,657,True,False,44.746,16,1500,1448,1425,0,48,30877.6875,101,419,115,593,2842,2879,2835,2879,4,21,55
Cable inp,250,50,10,10,1,1,8,4,16,100,90,0.05,5,20,5,True,True,225.490,16,1500,1448,1448,0,48,22619.3125,425,725,True,False,44.740,16,1500,1448,1424,0,48,31116.9375,93,419,102,631,2838,2881,2829,2882,4,22,27
Cable inp,250,50,10,10,1,1,8,4,16,100,90,0.05,5,20,5,True,True,224.996,16,1500,1448,1448,0,48,22649.0625,392,690,True,False,43.851,16,1500,1448,1424,0,48,31429.625,96,420,121,624,2840,2881,2834,2880,4,22,77
Cable inp,250,50,10,10,1,1,8,4,16,100,90,0.05,5,20,5,True,True,224.617,16,1500,1448,1448,0,48,22527.25,402,685,True,False,44.471,16,1500,1448,1425,0,48,30418.8125,69,385,75,615,2838,2881,2842,2882,3,21,85
Cable inp,250,50,10,10,1,1,8,4,16,100,90,0.05,5,20,5,True,True,224.739,16,1500,1448,1448,0,48,22672.0625,419,720,True,False,42.844,16,1500,1448,1425,0,48,31340.625,107,384,180,693,2845,2878,2846,2878,6,24,86
Cable inp,250,50,10,10,1,1,8,4,16,100,90,0.05,5,20,5,True,True,225.000,16,1500,1448,1448,0,48,22660.375,396,698,True,False,44.860,16,1500,1448,1425,0,48,30586.375,70,430,80,621,2846,2883,2831,2884,3,22,18
Cable inp,250,50,10,10,1,1,8,4,16,100,90,0.05,5,20,5,True,True,225.125,16,1500,1448,1448,0,48,22661,408,683,True,False,44.356,16,1500,1448,1424,0,48,30413.625,72,427,80,607,2850,2881,2850,2882,3,21,22
Cable inp,250,50,10,10,1,1,8,4,16,100,90,0.05,5,20,5,True,True,224.872,16,1500,1448,1448,0,48,22709.0625,392,691,True,False,43.831,16,1500,1448,1425,0,48,31556.9375,71,411,106,610,2839,2877,2843,2878,4,21,81
Cable inp,250,50,10,10,1,1,8,4,16,100,90,0.05,5,20,5,True,True,224.619,16,1500,1448,1448,0,48,22692.625,413,751,True,False,43.211,16,1500,1448,1424,0,48,31283.5625,114,425,123,653,2842,2878,2837,2878,4,23,64
Cable inp,250,50,10,10,1,1,8,4,16,100,90,0.05,5,20,5,True,True,225.120,16,1500,1448,1448,0,48,22678.8125,410,689,True,False,44.971,16,1500,1448,1424,0,48,30875.125,75,406,100,631,2849,2881,2847,2882,3,22,7
Cable inp,250,50,10,10,1,1,8,4,16,100,90,0.05,5,20,5,True,True,224.738,16,1500,1448,1448,0,48,22714.625,406,752,True,False,45.123,16,1500,1448,1424,0,48,31133.875,103,417,133,698,2851,2880,2850,2880,5,24,76
Cable inp,250,50,10,10,1,1,8,4,16,100,90,0.05,5,20,5,True,True,224.984,16,1500,1448,1448,0,48,22677.8125,413,680,True,False,44.733,16,1500,1448,1424,0,48,31079.1875,125,413,131,615,2833,2880,2833,2880,5,21,98
Cable inp,250,50,10,10,1,1,8,4,16,100,90,0.05,5,20,5,True,True,224.613,16,1500,1448,1448,0,48,22531.375,421,691,True,False,44.346,16,1500,1448,1425,0,48,31377.875,68,419,85,627,2846,2886,2836,2883,3,22,19
Cable inp,250,50,10,10,1,1,8,4,16,100,90,0.05,5,20,5,True,True,225.243,16,1500,1448,1448,0,48,22810.9375,394,699,False,False,44.601,16,1500,1448,1425,0,48,30826.875,88,429,109,607,2830,2880,2826,2880,4,21,28
Cable inp,250,50,10,10,1,1,8,4,16,100,90,0.05,5,20,5,True,True,224.476,16,1500,1448,1448,0,48,22511.875,425,724,True,False,43.980,16,1500,1448,1424,0,48,31949,94,421,105,644,2843,2879,2843,2880,4,22,67
Cable inp,250,50,10,10,1,1,8,4,16,100,90,0.05,5,20,5,True,True,224.497,16,1500,1448,1448,0,48,22738.9375,408,716,True,False,43.997,16,1500,1448,1425,0,48,30890.5,96,411,103,640,2840,2877,2842,2878,4,22,61
Cable inp,250,50,10,10,1,1,8,4,16,100,90,0.05,5,20,5,True,True,224.625,16,1500,1448,1448,0,48,22666.0625,404,657,True,False,44.733,16,1500,1448,1424,0,48,30910.5,62,439,79,597,2851,2882,2850,2882,3,21,1
Cable inp,250,50,10,10,1,1,8,4,16,100,90,0.05,5,20,5,True,True,224.749,16,1500,1448,1448,0,48,22618.375,411,732,True,False,43.472,16,1500,1448,1424,0,48,31044.25,76,440,87,629,2846,2879,2842,2880,3,22,66
Cable inp,250,50,10,10,1,1,8,4,16,100,90,0.05,5,20,5,True,True,224.361,16,1500,1448,1448,0,48,22611.75,398,670,True,False,44.729,16,1500,1448,1424,0,48,31758.1875,107,425,110,579,2837,2878,2828,2876,4,20,40
Cable inp,250,50,10,10,1,1,8,4,16,100,90,0.05,5,20,5,True,True,225.112,16,1500,1448,1448,0,48,22636.625,418,675,True,False,43.477,16,1500,1448,1424,0,48,30925.0625,113,442,122,614,2846,2881,2843,2880,4,21,73
Cable inp,250,50,10,10,1,1,8,4,16,100,90,0.05,5,20,5,True,True,225.128,16,1500,1448,1448,0,48,22728.25,420,693,True,False,43.109,16,1500,1448,1424,0,48,31423.4375,121,438,129,620,2833,2882,2827,2883,5,22,49
Cable inp,250,50,10,10,1,1,8,4,16,100,90,0.05,5,20,5,True,True,225.111,16,1500,1448,1448,0,48,22681.125,405,688,True,False,44.214,16,1500,1448,1425,0,48,30784.75,77,413,114,616,2843,2886,2836,2887,4,21,60
Cable inp,250,50,10,10,1,1,8,4,16,100,90,0.05,5,20,5,True,True,224.932,16,1500,1448,1448,0,48,22699.625,396,713,True,False,44.833,16,1500,1448,1424,0,48,31491.3125,77,377,89,630,2848,2881,2848,2881,3,22,41
Cable inp,250,50,10,10,1,1,8,4,16,100,90,0.05,5,20,5,True,True,224.867,16,1500,1448,1448,0,48,22710.0625,386,708,True,False,44.735,16,1500,1448,1424,0,48,31727.125,73,406,89,629,2830,2881,2823,2880,3,22,10
Cable inp,250,50,10,10,1,1,8,4,16,100,90,0.05,5,20,5,True,True,225.113,16,1500,1448,1448,0,48,22720.25,395,716,True,False,43.728,16,1500,1448,1424,0,48,30762,90,425,117,631,2852,2887,2848,2888,4,22,37
Cable inp,250,50,10,10,1,1,8,4,16,100,90,0.05,5,20,5,True,True,224.491,16,1500,1448,1448,0,48,22599.4375,425,738,True,False,45.717,16,1500,1448,1425,0,48,31136.5625,95,414,115,638,2844,2882,2827,2882,4,22,100
Cable inp,250,50,10,10,1,1,8,4,16,100,90,0.05,5,20,5,True,True,224.867,16,1500,1448,1448,0,48,22691.125,415,685,True,False,44.355,16,1500,1448,1425,0,48,30829,87,395,117,617,2846,2881,2843,2879,4,21,35
Cable inp,250,50,10,10,1,1,8,4,16,100,90,0.05,5,20,5,True,True,224.870,16,1500,1448,1448,0,48,22715.125,399,713,True,False,44.722,16,1500,1448,1425,0,48,30832.25,77,424,90,614,2845,2883,2827,2882,3,21,11
Cable inp,250,50,10,10,1,1,8,4,16,100,90,0.05,5,20,5,True,True,224.617,16,1500,1448,1448,0,48,22705.1875,402,712,True,False,45.991,16,1500,1448,1424,0,48,31621.875,117,422,123,624,2836,2880,2831,2878,4,22,94
Cable inp,250,50,10,10,1,1,8,4,16,100,90,0.05,5,20,5,True,True,224.864,16,1500,1448,1448,0,48,22660,407,709,True,False,44.615,16,1500,1448,1424,0,48,31391.375,118,389,132,637,2839,2880,2839,2881,5,22,87
Cable inp,250,50,10,10,1,1,8,4,16,100,90,0.05,5,20,5,True,True,224.747,16,1500,1448,1448,0,48,22704.5,398,686,True,False,43.973,16,1500,1448,1424,0,48,31280.25,66,464,95,600,2841,2881,2829,2881,3,21,90
Cable inp,250,50,10,10,1,1,8,4,16,100,90,0.05,5,20,5,True,True,224.741,16,1500,1448,1448,0,48,22702.5,420,701,True,False,43.593,16,1500,1448,1424,0,48,31156.8125,62,413,81,630,2846,2882,2845,2883,3,22,6
Cable inp,250,50,10,10,1,1,8,4,16,100,90,0.05,5,20,5,True,True,224.987,16,1500,1448,1448,0,48,22679.875,417,697,True,False,44.734,16,1500,1448,1425,0,48,30972.625,75,410,89,617,2847,2880,2846,2881,3,21,25
Cable inp,250,50,10,10,1,1,8,4,16,100,90,0.05,5,20,5,True,True,225.239,16,1500,1448,1448,0,48,22772.3125,384,713,True,False,44.374,16,1500,1448,1424,0,48,31297.375,70,439,84,624,2839,2880,2837,2881,3,22,65
Cable inp,250,50,10,10,1,1,8,4,16,100,90,0.05,5,20,5,True,True,224.997,16,1500,1448,1448,0,48,22635.875,389,715,True,False,44.993,16,1500,1448,1424,0,48,31035.625,77,436,93,601,2845,2881,2842,2881,3,21,54
Cable inp,250,50,10,10,1,1,8,4,16,100,90,0.05,5,20,5,True,True,224.596,16,1500,1448,1448,0,48,22890.9375,397,708,True,False,44.870,16,1500,1448,1425,0,48,31044.5,97,388,133,655,2843,2880,2843,2880,5,23,39
Cable inp,250,50,10,10,1,1,8,4,16,100,90,0.05,5,20,5,True,True,224.987,16,1500,1448,1448,0,48,22534.625,416,719,True,False,43.716,16,1500,1448,1425,0,48,30960.6875,76,416,97,643,2836,2881,2835,2882,3,22,3
Cable inp,250,50,10,10,1,1,8,4,16,100,90,0.05,5,20,5,True,True,224.494,16,1500,1448,1448,0,48,22635.6875,399,694,True,False,43.238,16,1500,1448,1424,0,48,31181.625,97,391,113,618,2845,2882,2841,2883,4,21,97
Cable inp,250,50,10,10,1,1,8,4,16,100,90,0.05,5,20,5,True,True,224.615,16,1500,1448,1448,0,48,22493.75,420,747,True,False,44.596,16,1500,1448,1424,0,48,31882.625,113,439,138,695,2848,2881,2850,2882,5,24,33
Cable inp,250,50,10,10,1,1,8,4,16,100,90,0.05,5,20,5,True,True,225.120,16,1500,1448,1448,0,48,22528.75,416,665,True,False,44.875,16,1500,1448,1425,0,48,30765.5625,79,395,81,586,2848,2878,2846,2879,3,20,47
Cable inp,250,50,10,10,1,1,8,4,16,100,90,0.05,5,20,5,True,True,224.618,16,1500,1448,1448,0,48,22658.8125,421,715,True,False,46.116,16,1500,1448,1425,0,48,31032.375,114,406,145,652,2844,2881,2842,2881,5,23,96
Cable inp,250,50,10,10,1,1,8,4,16,100,90,0.05,5,20,5,True,True,224.871,16,1500,1448,1448,0,48,22821.9375,383,671,True,False,43.483,16,1500,1448,1425,0,48,31258.3125,68,422,91,607,2842,2879,2831,2878,3,21,72
Cable inp,250,50,10,10,1,1,8,4,16,100,90,0.05,5,20,5,True,True,224.620,16,1500,1448,1448,0,48,22669.75,394,677,True,False,44.340,16,1500,1448,1424,0,48,31176.4375,81,427,101,608,2847,2884,2841,2884,4,21,16
Cable inp,250,50,10,10,1,1,8,4,16,100,90,0.05,5,20,5,True,True,224.746,16,1500,1448,1448,0,48,22818,387,706,True,False,44.481,16,1500,1448,1424,0,48,31517.0625,83,396,89,604,2843,2878,2836,2879,3,21,8
Cable inp,250,50,10,10,1,1,8,4,16,100,90,0.05,5,20,5,True,True,225.372,16,1500,1448,1448,0,48,22639.3125,411,723,True,False,44.970,16,1500,1448,1424,0,48,31318.4375,80,414,102,632,2826,2883,2823,2883,4,22,14
Cable inp,250,50,10,10,1,1,8,4,16,100,90,0.05,5,20,5,True,True,224.989,16,1500,1448,1448,0,48,22755.375,415,714,True,False,45.361,16,1500,1448,1424,0,48,31141.3125,70,424,88,621,2835,2878,2837,2879,3,22,82
Cable inp,250,50,10,10,1,1,8,4,16,100,90,0.05,5,20,5,True,True,225.119,16,1500,1448,1448,0,48,22746.1875,424,701,True,False,43.854,16,1500,1448,1425,0,48,31280.9375,96,421,115,630,2844,2875,2842,2873,4,22,45
Cable inp,250,50,10,10,1,1,8,4,16,100,90,0.05,5,20,5,True,True,224.991,16,1500,1448,1448,0,48,22778.6875,397,712,True,False,45.371,16,1500,1448,1424,0,50,31133.375,+Inf,NaN,371,706,2843,2881,2843,2882,13,24,43
Cable inp,250,50,10,10,1,1,8,4,16,100,90,0.05,5,20,5,True,True,225.123,16,1500,1448,1448,0,48,22680.0625,409,697,True,False,43.476,16,1500,1448,1424,0,48,30743.125,85,408,108,614,2838,2881,2839,2882,4,21,83
Cable inp,250,50,10,10,1,1,8,4,16,100,90,0.05,5,20,5,True,True,224.734,16,1500,1448,1448,0,48,22535.375,392,629,True,False,44.967,16,1500,1448,1425,0,48,31110,97,426,103,565,2849,2883,2844,2884,4,20,63
Cable inp,250,50,10,10,1,1,8,4,16,100,90,0.05,5,20,5,True,True,224.597,16,1500,1448,1448,0,48,22687,421,724,True,False,44.477,16,1500,1448,1424,0,48,30841.6875,71,404,96,646,2845,2882,2840,2883,3,22,80
Cable inp,250,50,10,10,1,1,8,4,16,100,90,0.05,5,20,5,True,True,225.237,16,1500,1448,1448,2,48,22710.8125,409,687,True,False,43.971,16,1500,1448,1425,0,48,31037.5625,88,463,133,635,2839,2879,2836,2880,5,22,59
Cable inp,250,50,10,10,1,1,8,4,16,100,90,0.05,5,20,5,True,True,224.869,16,1500,1448,1448,0,48,22691.3125,403,717,True,False,42.980,16,1500,1448,1425,0,48,31253.4375,81,396,99,647,2845,2883,2845,2884,3,22,15
Cable inp,250,50,10,10,1,1,8,4,16,100,90,0.05,5,20,5,True,True,224.863,16,1500,1448,1448,0,48,22639.75,400,727,True,False,45.100,16,1500,1448,1425,0,48,30925,90,428,119,634,2848,2879,2849,2880,4,22,71
Cable inp,250,50,10,10,1,1,8,4,16,100,90,0.05,5,20,5,True,True,225.098,16,1500,1448,1448,0,48,22642.375,429,707,True,False,45.364,16,1500,1448,1424,0,48,31850.875,81,452,97,644,2828,2878,2818,2877,3,22,42
Cable inp,250,50,10,10,1,1,8,4,16,100,90,0.05,5,20,5,True,True,224.739,16,1500,1448,1448,0,48,22711.5,401,720,True,False,44.359,16,1500,1448,1424,0,48,31084.875,89,379,112,644,2844,2878,2844,2879,4,22,51
Cable inp,250,50,10,10,1,1,8,4,16,100,90,0.05,5,20,5,True,True,224.985,16,1500,1448,1448,0,48,22386.25,442,684,True,False,43.590,16,1500,1448,1425,0,48,30999.3125,103,410,116,643,2829,2880,2832,2881,4,22,57
Cable inp,250,50,10,10,1,1,8,4,16,100,90,0.05,5,20,5,True,True,225.109,16,1500,1448,1448,0,48,22728.875,408,697,True,False,44.625,16,1500,1448,1425,0,48,31164.75,102,431,108,615,2847,2878,2845,2878,4,21,88
Cable inp,250,50,10,10,1,1,8,4,16,100,90,0.05,5,20,5,True,True,224.977,16,1500,1448,1448,0,48,22688.4375,419,708,True,False,44.585,16,1500,1448,1424,0,48,31543.5,80,388,99,649,2849,2881,2843,2881,3,23,4
Cable inp,250,50,10,10,1,1,8,4,16,100,90,0.05,5,20,5,True,True,225.124,16,1500,1448,1448,0,48,22660.625,431,702,True,False,44.113,16,1500,1448,1425,0,48,31446.875,89,433,123,648,2852,2882,2851,2880,4,23,12
Cable inp,250,50,10,10,1,1,2,4,16,100,90,0.05,5,20,5,True,True,225.115,14,1500,1448,1448,0,45,22878.066666666666,398,716,True,False,44.978,16,1500,1448,1424,0,48,31501.875,74,429,92,650,2845,2880,2842,2881,3,23,79
Cable inp,250,50,10,10,1,1,2,4,16,100,90,0.05,5,20,5,True,True,224.747,15,1500,1448,1448,0,48,23011.875,390,679,True,False,45.235,16,1500,1448,1424,0,48,31484.1875,63,438,79,613,2846,2881,2838,2881,3,21,50
Cable inp,250,50,10,10,1,1,2,4,16,100,90,0.05,5,20,5,True,True,225.123,16,1500,1448,1448,0,48,22847.0625,370,695,True,False,44.725,16,1500,1448,1425,0,48,31147,93,416,128,652,2849,2883,2846,2884,4,23,23
Cable inp,250,50,10,10,1,1,2,4,16,100,90,0.05,5,20,5,True,True,224.996,13,1500,1448,1448,0,42,22818,410,709,True,False,41.473,16,1500,1448,1425,0,48,31258.9375,101,417,116,649,2846,2883,2844,2884,4,23,68
Cable inp,250,50,10,10,1,1,2,4,16,100,90,0.05,5,20,5,True,True,225.371,16,1500,1448,1448,0,48,23155.875,366,651,True,False,43.500,16,1500,1448,1424,0,48,31348.625,97,420,125,626,2843,2883,2838,2884,4,22,92
Cable inp,250,50,10,10,1,1,2,4,16,100,90,0.05,5,20,5,True,True,224.742,16,1500,1448,1448,0,48,22838.9375,388,656,True,False,44.967,16,1500,1448,1425,0,48,31360.75,60,407,61,612,2851,2883,2851,2884,2,21,95
Cable inp,250,50,10,10,1,1,2,4,16,100,90,0.05,5,20,5,True,True,225.115,16,1500,1448,1448,0,48,22739.3125,389,709,True,False,45.077,16,1500,1448,1425,0,48,30909.6875,+Inf,NaN,367,703,2848,2884,2845,2883,13,24,46
Cable inp,250,50,10,10,1,1,2,4,16,100,90,0.05,5,20,5,True,True,224.997,16,1500,1448,1448,0,48,23112.5625,365,720,True,False,45.358,16,1500,1448,1425,0,48,31728.25,69,379,74,655,2845,2879,2841,2878,3,23,93
Cable inp,250,50,10,10,1,1,2,4,16,100,90,0.05,5,20,5,True,True,224.995,16,1500,1448,1448,0,48,23124.8125,369,680,True,False,44.340,16,1500,1448,1424,0,48,31715.4375,55,412,70,619,2844,2886,2843,2887,2,21,17
Cable inp,250,50,10,10,1,1,2,4,16,100,90,0.05,5,20,5,True,True,225.240,16,1500,1448,1448,0,48,22925.8125,373,672,True,False,44.999,16,1500,1448,1424,0,48,31386.5625,66,437,72,611,2842,2882,2833,2882,3,21,29
Cable inp,250,50,10,10,1,1,2,4,16,100,90,0.05,5,20,5,True,True,225.171,16,1500,1448,1448,0,48,23217.375,355,681,True,False,43.237,16,1500,1448,1425,0,48,31609.4375,69,430,56,628,2841,2880,2841,2877,2,22,20
Cable inp,250,50,10,10,1,1,2,4,16,100,90,0.05,5,20,5,True,True,224.995,16,1500,1448,1448,0,48,23179.625,346,646,True,False,44.110,16,1500,1448,1424,0,48,32194.75,92,441,113,625,2840,2882,2823,2883,4,22,31
Cable inp,250,50,10,10,1,1,2,4,16,100,90,0.05,5,20,5,True,True,224.871,16,1500,1448,1448,0,48,22881.1875,400,718,True,False,42.866,16,1500,1448,1424,0,48,31945,118,440,164,699,2841,2881,2839,2882,6,24,84
Cable inp,250,50,10,10,1,1,2,4,16,100,90,0.05,5,20,5,True,True,224.737,13,1500,1448,1448,0,39,22589.76923076923,454,706,True,False,43.237,16,1500,1448,1425,0,48,32200.375,80,426,74,642,2843,2880,2843,2881,3,22,13
Cable inp,250,50,10,10,1,1,2,4,16,100,90,0.05,5,20,5,True,True,224.622,14,1500,1448,1448,0,45,22958.666666666668,404,730,True,False,43.622,16,1500,1448,1424,0,48,31483.0625,89,404,109,674,2846,2878,2846,2879,4,23,62
Cable inp,250,50,10,10,1,1,2,4,16,100,90,0.05,5,20,5,True,True,225.242,16,1500,1448,1448,0,48,23084.9375,367,676,True,False,45.997,16,1500,1448,1424,0,48,31874.4375,74,400,91,638,2840,2883,2833,2884,3,22,75
Cable inp,250,50,10,10,1,1,2,4,16,100,90,0.05,5,20,5,True,True,224.743,16,1500,1448,1448,0,48,22917.0625,378,657,True,False,44.713,16,1500,1448,1424,0,48,31766.1875,69,423,64,605,2847,2877,2846,2878,2,21,9
Cable inp,250,50,10,10,1,1,2,4,16,100,90,0.05,5,20,5,True,True,224.993,16,1500,1448,1448,0,48,22906,377,639,True,False,45.493,16,1500,1448,1425,0,48,31040.625,107,434,104,599,2846,2882,2840,2882,4,21,44
Cable inp,250,50,10,10,1,1,2,4,16,100,90,0.05,5,20,5,True,True,224.990,12,1500,1448,1448,0,39,22746.30769230769,416,680,True,False,43.242,16,1500,1448,1425,0,48,31275.4375,70,398,99,642,2850,2883,2848,2884,3,22,48
Cable inp,250,50,10,10,1,1,2,4,16,100,90,0.05,5,20,5,True,True,224.992,16,1500,1448,1448,0,48,22986.6875,369,670,True,False,45.458,16,1500,1448,1424,0,48,31758.8125,72,438,63,616,2846,2878,2836,2879,2,21,99
Cable inp,250,50,10,10,1,1,2,4,16,100,90,0.05,5,20,5,True,True,225.248,15,1500,1448,1448,0,48,23083.125,388,725,True,False,45.334,16,1500,1448,1425,0,48,31414.875,67,417,102,667,2837,2885,2835,2886,4,23,56
Cable inp,250,50,10,10,1,1,2,4,16,100,90,0.05,5,20,5,True,True,224.997,16,1500,1448,1448,0,48,22984.625,388,663,True,False,45.589,16,1500,1448,1425,0,48,31457.875,65,448,70,612,2847,2883,2843,2883,2,21,32
Cable inp,250,50,10,10,1,1,2,4,16,100,90,0.05,5,20,5,True,True,225.296,16,1500,1448,1448,0,48,23111.0625,365,667,True,False,44.841,16,1500,1448,1424,0,48,31653.625,67,404,79,610,2849,2882,2852,2883,3,21,78
Cable inp,250,50,10,10,1,1,2,4,16,100,90,0.05,5,20,5,True,True,224.748,16,1500,1448,1448,0,48,23112.375,354,738,True,False,44.496,16,1500,1448,1425,0,48,31632.5,69,403,69,671,2843,2881,2839,2881,2,23,38
Cable inp,250,50,10,10,1,1,2,4,16,100,90,0.05,5,20,5,True,True,224.870,16,1500,1448,1448,0,48,22842.5625,375,657,True,False,45.741,16,1500,1448,1425,0,48,31382.25,77,402,81,596,2845,2880,2843,2881,3,21,26
Cable inp,250,50,10,10,1,1,2,4,16,100,90,0.05,5,20,5,True,True,224.862,16,1500,1448,1448,0,48,23118.1875,360,653,True,False,45.120,16,1500,1448,1424,0,48,31127.875,83,440,78,621,2838,2880,2826,2880,3,22,69
Cable inp,250,50,10,10,1,1,2,4,16,100,90,0.05,5,20,5,True,True,224.611,13,1500,1448,1448,0,42,22766.285714285714,415,717,True,False,45.979,16,1500,1448,1424,0,48,31626.75,+Inf,NaN,400,710,2845,2881,2847,2882,14,25,34
Cable inp,250,50,10,10,1,1,2,4,16,100,90,0.05,5,20,5,True,True,224.866,16,1500,1448,1448,0,48,22818.375,416,739,True,False,43.118,16,1500,1448,1424,0,48,31478.0625,62,391,90,668,2850,2880,2846,2881,3,23,58
Cable inp,250,50,10,10,1,1,2,4,16,100,90,0.05,5,20,5,True,True,224.991,16,1500,1448,1448,0,48,22996.875,360,658,True,False,45.468,16,1500,1448,1425,0,48,31202.1875,111,437,78,612,2845,2881,2842,2882,3,21,30
Cable inp,250,50,10,10,1,1,2,4,16,100,90,0.05,5,20,5,True,True,224.871,16,1500,1448,1448,0,48,23273.9375,364,672,True,False,44.986,16,1500,1448,1425,0,48,31410,101,406,118,639,2848,2883,2846,2881,4,22,70
Cable inp,250,50,10,10,1,1,2,4,16,100,90,0.05,5,20,5,True,True,224.862,13,1500,1448,1448,0,42,22740.071428571428,437,742,True,False,45.371,16,1500,1448,1425,0,48,31544.75,129,406,177,704,2851,2884,2850,2885,6,24,24
Cable inp,250,50,10,10,1,1,2,4,16,100,90,0.05,5,20,5,True,True,224.921,16,1500,1448,1448,0,48,23076.6875,347,686,True,False,44.492,16,1500,1448,1425,0,48,31123.9375,57,389,76,616,2851,2884,2849,2883,3,21,52
Cable inp,250,50,10,10,1,1,2,4,16,100,90,0.05,5,20,5,True,True,224.744,16,1500,1448,1448,0,48,22679.25,367,695,True,False,45.482,16,1500,1448,1424,0,48,31142,71,363,75,598,2826,2882,2834,2883,3,21,36
Cable inp,250,50,10,10,1,1,2,4,16,100,90,0.05,5,20,5,True,True,224.867,16,1500,1448,1448,0,48,22754.75,367,745,True,False,44.863,16,1500,1448,1425,0,48,31486.8125,57,430,62,679,2845,2885,2842,2886,2,24,2
Cable inp,250,50,10,10,1,1,2,4,16,100,90,0.05,5,20,5,True,True,225.123,16,1500,1448,1448,0,48,23036.6875,364,667,True,False,45.093,16,1500,1448,1425,0,48,31294.9375,57,417,77,629,2844,2878,2843,2879,3,22,5
Cable inp,250,50,10,10,1,1,2,4,16,100,90,0.05,5,20,5,True,True,224.984,16,1500,1448,1448,0,48,23094.125,374,685,True,False,44.722,16,1500,1448,1424,0,48,31380.4375,97,415,96,620,2829,2880,2824,2881,3,22,89
Cable inp,250,50,10,10,1,1,2,4,16,100,90,0.05,5,20,5,True,True,225.124,16,1500,1448,1448,0,48,23207.0625,356,679,True,False,45.235,16,1500,1448,1424,0,48,31013.5,69,434,82,634,2848,2881,2838,2882,3,22,74
Cable inp,250,50,10,10,1,1,2,4,16,100,90,0.05,5,20,5,True,True,224.743,16,1500,1448,1448,0,48,23107.25,368,686,True,False,45.345,16,1500,1448,1425,0,48,30742.75,88,427,67,629,2847,2882,2845,2880,2,22,91
Cable inp,250,50,10,10,1,1,2,4,16,100,90,0.05,5,20,5,True,True,224.864,16,1500,1448,1448,0,48,23063.6875,357,638,True,False,43.486,16,1500,1448,1424,0,48,31293.75,+Inf,NaN,350,636,2843,2882,2840,2883,12,22,53
Cable inp,250,50,10,10,1,1,2,4,16,100,90,0.05,5,20,5,True,True,224.616,16,1500,1448,1448,0,48,22973.875,376,688,True,False,45.089,16,1500,1448,1424,0,48,31187.25,49,420,66,645,2847,2878,2843,2878,2,22,21
Cable inp,250,50,10,10,1,1,2,4,16,100,90,0.05,5,20,5,True,True,225.368,16,1500,1448,1448,0,48,23115,362,687,True,False,44.246,16,1500,1448,1425,0,48,31679.25,83,420,104,645,2835,2882,2833,2882,4,22,55
Cable inp,250,50,10,10,1,1,2,4,16,100,90,0.05,5,20,5,True,True,224.622,14,1500,1448,1448,0,45,22655.8,405,675,False,False,43.095,16,1500,1448,1424,0,48,31124.875,58,428,66,584,2847,2883,2847,2883,2,20,27
Cable inp,250,50,10,10,1,1,2,4,16,100,90,0.05,5,20,5,True,True,224.743,16,1500,1448,1448,0,48,23074.25,393,704,True,False,44.237,16,1500,1448,1425,0,48,30927.3125,64,412,72,635,2844,2882,2832,2882,3,22,77
Cable inp,250,50,10,10,1,1,2,4,16,100,90,0.05,5,20,5,True,True,224.996,16,1500,1448,1448,0,48,23147.9375,358,651,True,False,43.104,16,1500,1448,1425,0,48,31440.5,74,385,84,616,2850,2881,2850,2881,3,21,85
Cable inp,250,50,10,10,1,1,2,4,16,100,90,0.05,5,20,5,True,True,224.697,16,1500,1448,1448,0,48,23185.0625,360,687,True,False,43.960,16,1500,1448,1425,0,48,31347.9375,95,404,88,634,2841,2881,2837,2882,3,22,86
Cable inp,250,50,10,10,1,1,2,4,16,100,90,0.05,5,20,5,True,True,224.986,16,1500,1448,1448,0,48,23133.6875,362,662,True,False,45.605,16,1500,1448,1424,0,48,31274.5625,65,399,84,613,2848,2884,2850,2884,3,21,18
Cable inp,250,50,10,10,1,1,2,4,16,100,90,0.05,5,20,5,True,True,224.986,16,1500,1448,1448,0,48,23160.6875,364,642,True,False,45.601,16,1500,1448,1424,0,48,31362,62,432,73,601,2834,2884,2825,2885,3,21,22
Cable inp,250,50,10,10,1,1,2,4,16,100,90,0.05,5,20,5,True,True,224.747,16,1500,1448,1448,0,48,23068.875,353,653,True,False,45.101,16,1500,1448,1424,0,48,30898.75,46,416,65,603,2828,2879,2828,2879,2,21,81
Cable inp,250,50,10,10,1,1,2,4,16,100,90,0.05,5,20,5,True,True,225.496,16,1500,1448,1448,0,48,23120.3125,363,654,True,False,44.739,16,1500,1448,1425,0,48,30953.125,73,391,69,613,2843,2881,2837,2881,2,21,64
Cable inp,250,50,10,10,1,1,2,4,16,100,90,0.05,5,20,5,True,True,224.608,16,1500,1448,1448,0,48,23123.25,369,661,True,False,44.990,16,1500,1448,1424,0,48,32078.5,82,401,102,623,2837,2883,2835,2883,4,22,7
Cable inp,250,50,10,10,1,1,2,4,16,100,90,0.05,5,20,5,True,True,225.009,16,1500,1448,1448,0,48,23007.5,394,719,True,False,45.740,16,1500,1448,1424,0,48,31094.5625,57,383,62,623,2850,2882,2847,2882,2,22,76
Cable inp,250,50,10,10,1,1,2,4,16,100,90,0.05,5,20,5,True,True,225.038,16,1500,1448,1448,0,48,23160.25,348,679,True,False,44.465,16,1500,1448,1425,0,48,31349.8125,53,360,50,610,2835,2882,2830,2881,2,21,98
Cable inp,250,50,10,10,1,1,2,4,16,100,90,0.05,5,20,5,True,True,225.116,16,1500,1448,1448,0,48,23089.9375,348,653,True,False,44.714,16,1500,1448,1424,0,48,30874.125,69,352,50,611,2847,2880,2835,2880,2,21,19
Cable inp,250,50,10,10,1,1,2,4,16,100,90,0.05,5,20,5,True,True,224.866,16,1500,1448,1448,0,48,23113,373,670,True,False,43.620,16,1500,1448,1424,0,48,31783.6875,49,425,67,639,2831,2884,2829,2883,2,22,28
Cable inp,250,50,10,10,1,1,2,4,16,100,90,0.05,5,20,5,True,True,225.241,16,1500,1448,1448,0,48,23042.125,378,646,True,False,45.967,16,1500,1448,1424,0,48,31258.875,133,430,204,637,2844,2878,2843,2878,7,22,67
Cable inp,250,50,10,10,1,1,2,4,16,100,90,0.05,5,20,5,True,True,224.874,16,1500,1448,1448,0,48,22838.625,374,704,True,False,45.495,16,1500,1448,1425,0,48,31484.875,81,447,95,645,2848,2882,2840,2883,3,22,61
Cable inp,250,50,10,10,1,1,2,4,16,100,90,0.05,5,20,5,True,True,224.744,16,1500,1448,1448,0,48,23235.875,377,683,False,False,43.579,16,1500,1448,1425,0,48,31281.5625,55,385,67,624,2848,2882,2841,2882,2,22,1
Cable inp,250,50,10,10,1,1,2,4,16,100,90,0.05,5,20,5,True,True,224.787,12,1500,1448,1448,0,39,22647.76923076923,441,727,True,False,43.124,16,1500,1448,1425,0,48,31451.5,75,414,68,651,2844,2881,2846,2882,2,23,66
Cable inp,250,50,10,10,1,1,2,4,16,100,90,0.05,5,20,5,True,True,225.124,16,1500,1448,1448,0,48,23117.5625,353,677,True,False,45.492,16,1500,1448,1424,0,48,31768.0625,62,445,59,612,2826,2880,2827,2881,2,21,40
Cable inp,250,50,10,10,1,1,2,4,16,100,90,0.05,5,20,5,True,True,225.116,16,1500,1448,1448,0,48,23095.0625,370,685,True,False,45.247,16,1500,1448,1424,0,48,31215.0625,117,442,186,653,2850,2883,2848,2883,7,23,73
Cable inp,250,50,10,10,1,1,2,4,16,100,90,0.05,5,20,5,True,True,224.998,16,1500,1448,1448,0,48,23218.9375,361,674,True,False,45.581,16,1500,1448,1425,0,48,30991.875,79,404,88,604,2851,2882,2851,2883,3,21,49
Cable inp,250,50,10,10,1,1,2,4,16,100,90,0.05,5,20,5,True,True,224.997,16,1500,1448,1448,0,48,22863.5,374,649,True,False,44.473,16,1500,1448,1425,0,48,31284.25,87,375,88,594,2849,2881,2837,2882,3,21,60
Cable inp,250,50,10,10,1,1,2,4,16,100,90,0.05,5,20,5,True,True,225.436,16,1500,1448,1448,0,48,23088.6875,360,643,True,False,44.453,16,1500,1448,1425,0,48,31069.0625,75,398,72,594,2846,2880,2846,2879,3,21,41
Cable inp,250,50,10,10,1,1,2,4,16,100,90,0.05,5,20,5,True,True,224.987,16,1500,1448,1448,0,48,23048.75,370,687,True,False,43.961,16,1500,1448,1425,0,48,31576.25,+Inf,NaN,359,682,2846,2878,2846,2878,13,24,10
Cable inp,250,50,10,10,1,1,2,4,16,100,90,0.05,5,20,5,True,True,224.994,16,1500,1448,1448,0,48,23034.4375,378,634,True,False,43.366,16,1500,1448,1425,0,48,31064.625,59,365,59,592,2841,2882,2840,2882,2,21,37
Cable inp,250,50,10,10,1,1,2,4,16,100,90,0.05,5,20,5,True,True,224.849,16,1500,1448,1448,0,48,22751.3125,363,714,True,False,43.975,16,1500,1448,1425,0,48,31146.75,100,386,128,671,2846,2880,2842,2881,5,23,100
Cable inp,250,50,10,10,1,1,2,4,16,100,90,0.05,5,20,5,True,True,224.992,16,1500,1448,1448,0,48,23145.9375,349,735,True,False,43.997,16,1500,1448,1425,0,48,31720.125,50,426,59,668,2853,2883,2852,2884,2,23,35
Cable inp,250,50,10,10,1,1,2,4,16,100,90,0.05,5,20,5,True,True,224.858,16,1500,1448,1448,0,48,23068.75,346,622,True,False,43.854,16,1500,1448,1425,0,48,31688.625,65,420,78,561,2848,2881,2847,2881,3,19,11
Cable inp,250,50,10,10,1,1,2,4,16,100,90,0.05,5,20,5,True,True,225.115,16,1500,1448,1448,0,48,23259.875,350,715,True,False,43.776,16,1500,1448,1425,0,48,31322.3125,77,416,97,676,2853,2882,2851,2882,3,23,94
Cable inp,250,50,10,10,1,1,2,4,16,100,90,0.05,5,20,5,True,True,225.001,16,1500,1448,1448,0,48,23186.5625,353,699,True,False,44.120,16,1500,1448,1424,0,48,31329,72,381,99,647,2842,2882,2852,2883,3,22,87
Cable inp,250,50,10,10,1,1,2,4,16,100,90,0.05,5,20,5,True,True,224.873,16,1500,1448,1448,0,48,23111.625,375,694,True,False,43.710,16,1500,1448,1424,0,48,31425.4375,81,384,91,655,2846,2882,2842,2882,3,23,90
Cable inp,250,50,10,10,1,1,2,4,16,100,90,0.05,5,20,5,True,True,224.736,15,1500,1448,1448,0,48,23128.125,391,683,True,False,45.223,16,1500,1448,1424,0,48,31154.5625,+Inf,NaN,380,679,2848,2884,2849,2885,13,24,6
Cable inp,250,50,10,10,1,1,2,4,16,100,90,0.05,5,20,5,True,True,224.869,16,1500,1448,1448,0,48,22908.6875,377,695,True,False,44.749,16,1500,1448,1424,0,48,31369.9375,70,409,49,629,2848,2883,2847,2883,2,22,25
Cable inp,250,50,10,10,1,1,2,4,16,100,90,0.05,5,20,5,True,True,224.743,12,1500,1448,1448,0,39,22823.23076923077,424,722,True,False,43.245,16,1500,1448,1424,0,48,31972.5625,70,455,86,654,2833,2882,2826,2883,3,23,65
Cable inp,250,50,10,10,1,1,2,4,16,100,90,0.05,5,20,5,True,True,225.107,16,1500,1448,1448,0,48,22835.875,375,702,True,False,43.595,16,1500,1448,1424,0,48,31802.625,70,419,84,611,2850,2883,2848,2883,3,21,54
Cable inp,250,50,10,10,1,1,2,4,16,100,90,0.05,5,20,5,True,True,224.740,16,1500,1448,1448,0,48,23098,374,653,True,False,44.999,16,1500,1448,1424,0,48,31408.625,72,423,87,611,2843,2882,2843,2883,3,21,39
Cable inp,250,50,10,10,1,1,2,4,16,100,90,0.05,5,20,5,True,True,225.123,16,1500,1448,1448,0,48,23094.4375,356,661,True,False,45.494,16,1500,1448,1425,0,48,30975.5625,86,408,88,611,2845,2885,2837,2886,3,21,3
Cable inp,250,50,10,10,1,1,2,4,16,100,90,0.05,5,20,5,True,True,224.750,15,1500,1448,1448,0,45,22786.866666666665,398,731,True,False,45.247,16,1500,1448,1424,0,48,31059.6875,84,420,76,667,2837,2882,2830,2880,3,23,97
Cable inp,250,50,10,10,1,1,2,4,16,100,90,0.05,5,20,5,True,True,224.994,12,1500,1448,1448,0,39,22617.076923076922,451,806,True,False,44.996,16,1500,1448,1424,0,48,31412.625,90,391,103,707,2841,2879,2834,2880,4,25,33
Cable inp,250,50,10,10,1,1,2,4,16,100,90,0.05,5,20,5,True,True,225.487,16,1500,1448,1448,0,48,23285.5625,352,688,True,False,43.350,16,1500,1448,1425,0,48,31449.3125,58,385,62,625,2840,2880,2833,2881,2,22,47
Cable inp,250,50,10,10,1,1,2,4,16,100,90,0.05,5,20,5,True,True,225.231,13,1500,1448,1448,0,42,22760.785714285714,431,694,True,False,43.250,16,1500,1448,1425,0,48,31632.25,107,430,148,664,2844,2882,2848,2883,5,23,96
Cable inp,250,50,10,10,1,1,2,4,16,100,90,0.05,5,20,5,True,True,225.247,16,1500,1448,1448,0,48,23168.4375,375,661,True,False,44.974,16,1500,1448,1424,0,48,31641.75,79,407,70,604,2848,2880,2846,2881,2,21,72
Cable inp,250,50,10,10,1,1,2,4,16,100,90,0.05,5,20,5,True,True,224.995,16,1500,1448,1448,0,48,22805.5,381,716,True,False,45.499,16,1500,1448,1424,0,48,31562.8125,77,400,99,663,2845,2879,2846,2880,3,23,16
Cable inp,250,50,10,10,1,1,2,4,16,100,90,0.05,5,20,5,True,True,224.801,15,1500,1448,1448,0,48,23107.9375,371,708,True,False,44.962,16,1500,1448,1424,0,48,31662.1875,62,421,72,636,2850,2885,2846,2883,3,22,8
Cable inp,250,50,10,10,1,1,2,4,16,100,90,0.05,5,20,5,True,True,224.874,16,1500,1448,1448,0,48,23086.75,353,655,True,False,44.334,16,1500,1448,1425,0,48,31364.5,72,420,68,606,2843,2879,2837,2880,2,21,14
Cable inp,250,50,10,10,1,1,2,4,16,100,90,0.05,5,20,5,True,True,224.744,13,1500,1448,1448,0,39,22705.69230769231,418,719,False,False,44.716,16,1500,1448,1425,0,48,31260.5,61,406,59,626,2848,2886,2850,2886,2,22,82
Cable inp,250,50,10,10,1,1,2,4,16,100,90,0.05,5,20,5,True,True,224.985,16,1500,1448,1448,0,48,23344.125,359,702,True,False,45.103,16,1500,1448,1424,0,49,31064.3125,52,441,63,648,2843,2885,2837,2886,2,22,45
Cable inp,250,50,10,10,1,1,2,4,16,100,90,0.05,5,20,5,True,True,224.844,16,1500,1448,1448,0,48,23097.8125,374,674,True,False,45.103,16,1500,1448,1425,0,48,31444.125,61,404,89,628,2834,2881,2831,2882,3,22,43
Cable inp,250,50,10,10,1,1,2,4,16,100,90,0.05,5,20,5,True,True,225.485,16,1500,1448,1448,0,48,23133.5,361,640,True,False,44.994,16,1500,1448,1425,0,48,31538,60,387,64,602,2850,2882,2845,2882,2,21,83
Cable inp,250,50,10,10,1,1,2,4,16,100,90,0.05,5,20,5,True,True,225.117,16,1500,1448,1448,0,48,22943.5,363,668,True,False,44.336,16,1500,1448,1424,0,48,31377.875,95,415,95,610,2846,2880,2843,2880,3,21,63
Cable inp,250,50,10,10,1,1,2,4,16,100,90,0.05,5,20,5,True,True,225.236,11,1500,1448,1448,0,36,22664.833333333332,440,715,True,False,43.618,16,1500,1448,1425,0,48,31480.125,66,439,74,665,2846,2881,2850,2881,3,23,80
Cable inp,250,50,10,10,1,1,2,4,16,100,90,0.05,5,20,5,True,True,225.062,16,1500,1448,1448,0,48,22920.5,359,716,True,False,44.227,16,1500,1448,1425,0,48,31529.4375,64,387,73,644,2850,2883,2844,2883,3,22,59
Cable inp,250,50,10,10,1,1,2,4,16,100,90,0.05,5,20,5,True,True,224.864,16,1500,1448,1448,0,48,22810.8125,379,700,True,False,43.998,16,1500,1448,1425,0,48,31723.5,65,415,67,630,2843,2884,2839,2884,2,22,15
Cable inp,250,50,10,10,1,1,2,4,16,100,90,0.05,5,20,5,True,True,224.870,16,1500,1448,1448,0,48,23090.25,386,703,True,False,44.870,16,1500,1448,1424,0,48,31647.375,65,429,100,658,2852,2881,2852,2881,4,23,71
Cable inp,250,50,10,10,1,1,2,4,16,100,90,0.05,5,20,5,True,True,224.862,12,1500,1448,1448,0,39,22675.76923076923,448,755,True,False,44.989,16,1500,1448,1425,0,48,30995.0625,64,439,67,680,2826,2881,2814,2881,2,24,42
Cable inp,250,50,10,10,1,1,2,4,16,100,90,0.05,5,20,5,True,True,225.118,16,1500,1448,1448,0,48,23034.5,369,680,True,False,44.734,16,1500,1448,1424,0,48,31386.5625,69,418,82,629,2847,2879,2844,2880,3,22,51
Cable inp,250,50,10,10,1,1,2,4,16,100,90,0.05,5,20,5,True,True,225.494,16,1500,1448,1448,0,48,23062.1875,363,638,True,False,44.588,16,1500,1448,1425,0,48,31423.8125,74,427,81,600,2843,2880,2844,2880,3,21,57
Cable inp,250,50,10,10,1,1,2,4,16,100,90,0.05,5,20,5,True,True,224.869,16,1500,1448,1448,0,48,23105.625,361,691,False,False,45.578,16,1500,1448,1425,0,48,31786.25,86,426,79,615,2844,2881,2842,2881,3,21,88
Cable inp,250,50,10,10,1,1,2,4,16,100,90,0.05,5,20,5,True,True,224.620,16,1500,1448,1448,0,48,22815.25,389,735,True,False,45.740,16,1500,1448,1424,0,48,31594.5,98,466,89,662,2840,2883,2844,2884,3,23,4
Cable inp,250,50,10,10,1,1,2,4,16,100,90,0.05,5,20,5,True,True,224.697,16,1500,1448,1448,0,48,23047.1875,368,686,True,False,43.606,16,1500,1448,1425,0,48,31593.875,82,414,103,638,2828,2882,2838,2883,4,22,12
Cable inp,250,50,10,10,1,1,4,4,16,100,90,0.05,5,20,5,True,True,224.738,16,1500,1448,1448,0,48,23049.125,356,665,True,False,44.239,16,1500,1448,1425,0,48,31290.875,93,398,74,611,2841,2881,2832,2881,3,21,79
Cable inp,250,50,10,10,1,1,4,4,16,100,90,0.05,5,20,5,True,True,224.867,16,1500,1448,1448,0,48,23001.5625,383,701,True,False,44.231,16,1500,1448,1424,0,48,31611.9375,61,388,75,639,2828,2886,2823,2887,3,22,50
Cable inp,250,50,10,10,1,1,4,4,16,100,90,0.05,5,20,5,True,True,224.869,16,1500,1448,1448,0,48,23081,362,669,True,False,44.474,16,1500,1448,1424,0,48,31883.8125,84,391,99,621,2851,2883,2851,2882,3,22,23
Cable inp,250,50,10,10,1,1,4,4,16,100,90,0.05,5,20,5,True,True,224.615,16,1500,1448,1448,1,48,22957.4375,369,670,True,False,44.351,16,1500,1448,1425,0,48,31681.625,88,419,108,628,2841,2880,2833,2880,4,22,68
Cable inp,250,50,10,10,1,1,4,4,16,100,90,0.05,5,20,5,True,True,224.987,15,1500,1448,1448,0,48,22848.1875,404,733,True,False,44.490,16,1500,1448,1425,0,49,31364.5,66,431,77,677,2848,2882,2847,2882,3,23,92
Cable inp,250,50,10,10,1,1,4,4,16,100,90,0.05,5,20,5,True,True,225.121,16,1500,1448,1448,0,48,22682.375,375,691,True,False,43.848,16,1500,1448,1424,0,48,30657.4375,134,377,205,675,2845,2880,2841,2881,7,23,95
Cable inp,250,50,10,10,1,1,4,4,16,100,90,0.05,5,20,5,True,True,225.223,16,1500,1448,1448,0,48,22858.75,390,704,True,False,43.110,16,1500,1448,1425,0,48,31878.0625,69,404,92,624,2845,2884,2841,2885,3,22,46
Cable inp,250,50,10,10,1,1,4,4,16,100,90,0.05,5,20,5,True,True,225.127,16,1500,1448,1448,0,48,22642.625,386,689,True,False,43.367,16,1500,1448,1425,0,48,31844.75,56,399,68,591,2850,2883,2850,2883,2,21,93
Cable inp,250,50,10,10,1,1,4,4,16,100,90,0.05,5,20,5,True,True,224.876,16,1500,1448,1448,0,48,23042.125,367,677,False,False,43.615,16,1500,1448,1424,0,48,31601.25,65,413,72,583,2849,2880,2846,2878,3,20,17
Cable inp,250,50,10,10,1,1,4,4,16,100,90,0.05,5,20,5,True,True,224.745,16,1500,1448,1448,0,48,22929.75,393,708,True,False,45.103,16,1500,1448,1425,0,48,31220.4375,63,403,88,656,2848,2883,2844,2883,3,23,29
Cable inp,250,50,10,10,1,1,4,4,16,100,90,0.05,5,20,5,True,True,224.869,16,1500,1448,1448,0,48,22912.0625,363,679,True,False,43.999,16,1500,1448,1425,0,48,31523.875,68,448,90,607,2852,2882,2848,2881,3,21,20
Cable inp,250,50,10,10,1,1,4,4,16,100,90,0.05,5,20,5,True,True,224.866,16,1500,1448,1448,0,48,22669.8125,391,683,True,False,43.352,16,1500,1448,1425,0,48,30780.8125,60,396,70,599,2846,2879,2848,2879,2,21,31
Cable inp,250,50,10,10,1,1,4,4,16,100,90,0.05,5,20,5,True,True,224.616,15,1500,1448,1448,0,45,22686.4,416,733,True,False,43.485,16,1500,1448,1424,0,48,31195.625,93,476,99,628,2850,2882,2849,2883,3,22,84
Cable inp,250,50,10,10,1,1,4,4,16,100,90,0.05,5,20,5,True,True,224.871,14,1500,1448,1448,0,45,22960.4,413,698,True,False,44.726,16,1500,1448,1425,0,48,31055.6875,96,431,139,660,2841,2881,2833,2882,5,23,13
Cable inp,250,50,10,10,1,1,4,4,16,100,90,0.05,5,20,5,True,True,225.061,15,1500,1448,1448,0,45,22794.8,413,704,True,False,44.118,16,1500,1448,1425,0,48,31134.75,60,390,77,638,2837,2880,2833,2879,3,22,62
Cable inp,250,50,10,10,1,1,4,4,16,100,90,0.05,5,20,5,True,True,224.605,16,1500,1448,1448,0,48,23096.25,369,684,True,False,43.975,16,1500,1448,1425,0,48,30830.5,82,450,93,632,2837,2883,2833,2882,3,22,75
Cable inp,250,50,10,10,1,1,4,4,16,100,90,0.05,5,20,5,True,True,224.618,16,1500,1448,1448,0,48,22745.3125,406,712,True,False,44.108,16,1500,1448,1424,0,48,31447.25,72,436,102,651,2841,2878,2837,2878,4,23,9
Cable inp,250,50,10,10,1,1,4,4,16,100,90,0.05,5,20,5,True,True,224.585,16,1500,1448,1448,0,48,22810.125,381,685,True,False,43.366,16,1500,1448,1425,0,48,31477.875,65,420,74,627,2844,2881,2834,2881,3,22,44
Cable inp,250,50,10,10,1,1,4,4,16,100,90,0.05,5,20,5,True,True,224.993,16,1500,1448,1448,0,48,23037.5,356,682,True,False,44.985,16,1500,1448,1425,0,48,30766.3125,78,441,84,618,2840,2882,2840,2883,3,21,48
Cable inp,250,50,10,10,1,1,4,4,16,100,90,0.05,5,20,5,True,False,226.732,16,1500,1448,1448,0,48,22907.1875,+Inf,NaN,True,False,44.249,16,1500,1448,1424,0,48,31580.875,69,387,68,511,2846,2880,2832,2881,2,18,99
Cable inp,250,50,10,10,1,1,4,4,16,100,90,0.05,5,20,5,True,True,224.868,16,1500,1448,1448,0,48,23070.75,362,675,True,False,44.979,16,1500,1448,1425,0,48,30777.8125,75,458,77,604,2829,2880,2828,2881,3,21,56
Cable inp,250,50,10,10,1,1,4,4,16,100,90,0.05,5,20,5,True,True,224.496,14,1500,1448,1448,0,45,22980.133333333335,398,743,True,False,44.494,16,1500,1448,1424,0,48,31024.5,84,434,100,665,2851,2885,2846,2884,3,23,32
Cable inp,250,50,10,10,1,1,4,4,16,100,90,0.05,5,20,5,True,True,225.055,16,1500,1448,1448,0,48,23034.8125,374,679,True,False,44.970,16,1500,1448,1425,0,48,31169,93,426,113,648,2846,2883,2840,2883,4,22,78
Cable inp,250,50,10,10,1,1,4,4,16,100,90,0.05,5,20,5,True,True,224.877,16,1500,1448,1448,0,48,23104.6875,355,650,True,False,44.725,16,1500,1448,1425,0,48,31625.1875,89,435,102,600,2849,2880,2847,2880,4,21,38
Cable inp,250,50,10,10,1,1,4,4,16,100,90,0.05,5,20,5,True,True,224.621,13,1500,1448,1448,0,42,22744,416,745,True,False,45.354,16,1500,1448,1424,0,48,31121,75,450,83,635,2832,2880,2825,2880,3,22,26
Cable inp,250,50,10,10,1,1,4,4,16,100,90,0.05,5,20,5,True,True,225.172,16,1500,1448,1448,0,48,23001,370,671,True,False,45.980,16,1500,1448,1424,0,48,30892.9375,80,388,93,592,2848,2884,2846,2884,3,21,69
Cable inp,250,50,10,10,1,1,4,4,16,100,90,0.05,5,20,5,True,True,224.997,16,1500,1448,1448,0,48,22723.625,382,705,True,False,43.997,16,1500,1448,1424,0,48,31201.5625,56,439,69,611,2839,2883,2834,2885,2,21,34
Cable inp,250,50,10,10,1,1,4,4,16,100,90,0.05,5,20,5,True,True,224.875,16,1500,1448,1448,0,48,23235.4375,368,697,True,False,43.210,16,1500,1448,1424,0,48,31070.625,114,443,163,670,2852,2880,2851,2879,6,23,58
Cable inp,250,50,10,10,1,1,4,4,16,100,90,0.05,5,20,5,True,True,225.243,16,1500,1448,1448,0,48,22839.4375,373,687,True,False,43.864,16,1500,1448,1425,0,48,31474.1875,68,412,88,602,2850,2878,2847,2879,3,21,30
Cable inp,250,50,10,10,1,1,4,4,16,100,90,0.05,5,20,5,True,True,225.105,15,1500,1448,1448,0,48,23027.9375,379,760,True,False,44.746,16,1500,1448,1425,0,48,30314,95,430,107,695,2847,2882,2839,2882,4,24,70
Cable inp,250,50,10,10,1,1,4,4,16,100,90,0.05,5,20,5,True,True,225.122,16,1500,1448,1448,0,48,23113,352,655,True,False,45.094,16,1500,1448,1424,0,48,31665.3125,+Inf,NaN,347,653,2841,2882,2839,2883,12,23,24
Cable inp,250,50,10,10,1,1,4,4,16,100,90,0.05,5,20,5,True,True,224.719,14,1500,1448,1448,0,45,22830.6,413,738,True,False,43.101,16,1500,1448,1425,0,48,31750.125,64,384,69,614,2831,2883,2844,2884,2,21,52
Cable inp,250,50,10,10,1,1,4,4,16,100,90,0.05,5,20,5,True,True,224.614,16,1500,1448,1448,0,48,23024.3125,363,727,True,False,45.121,16,1500,1448,1425,0,48,31202.875,86,409,101,695,2834,2882,2833,2882,4,24,36
Cable inp,250,50,10,10,1,1,4,4,16,100,90,0.05,5,20,5,True,True,224.998,16,1500,1448,1448,0,48,22850.625,380,710,True,False,44.357,16,1500,1448,1424,0,48,31451.5,69,430,91,637,2842,2883,2835,2883,3,22,2
Cable inp,250,50,10,10,1,1,4,4,16,100,90,0.05,5,20,5,True,False,225.236,16,1500,1448,1448,0,48,22817.4375,372,623,True,False,44.498,16,1500,1448,1424,0,48,31150.625,83,399,89,552,2834,2886,2833,2886,3,19,5
Cable inp,250,50,10,10,1,1,4,4,16,100,90,0.05,5,20,5,True,True,225.125,16,1500,1448,1448,0,48,22863.5,365,709,True,False,44.102,16,1500,1448,1425,0,48,31459.75,125,478,267,698,2853,2884,2851,2883,9,24,89
Cable inp,250,50,10,10,1,1,4,4,16,100,90,0.05,5,20,5,True,True,225.367,16,1500,1448,1448,0,48,23066.875,373,678,True,False,43.487,16,1500,1448,1425,0,48,30809.4375,71,439,88,627,2845,2880,2844,2881,3,22,74
Cable inp,250,50,10,10,1,1,4,4,16,100,90,0.05,5,20,5,True,True,225.119,16,1500,1448,1448,0,48,22767,386,729,True,False,44.716,16,1500,1448,1424,0,48,31116.875,62,418,79,663,2844,2886,2847,2886,3,23,91
Cable inp,250,50,10,10,1,1,4,4,16,100,90,0.05,5,20,5,True,True,224.856,15,1500,1448,1448,0,48,22906.375,401,718,True,False,44.368,16,1500,1448,1425,0,48,31151.75,73,438,92,624,2844,2884,2841,2885,3,22,53
Cable inp,250,50,10,10,1,1,4,4,16,100,90,0.05,5,20,5,True,True,224.609,16,1500,1448,1448,0,48,22960.8125,383,713,True,False,44.230,16,1500,1448,1424,0,48,31380.125,64,429,98,658,2839,2882,2830,2883,3,23,21
Cable inp,250,50,10,10,1,1,4,4,16,100,90,0.05,5,20,5,True,True,224.619,16,1500,1448,1448,0,48,22864.25,375,682,True,False,45.365,16,1500,1448,1425,0,48,31112.9375,77,424,85,618,2844,2882,2842,2882,3,21,55
Cable inp,250,50,10,10,1,1,4,4,16,100,90,0.05,5,20,5,True,True,224.744,16,1500,1448,1448,0,48,22896.25,363,685,True,False,45.749,16,1500,1448,1424,0,48,31187,121,435,174,666,2846,2878,2845,2879,6,23,27
Cable inp,250,50,10,10,1,1,4,4,16,100,90,0.05,5,20,5,True,True,224.865,16,1500,1448,1448,0,48,22825.25,392,713,True,False,44.995,16,1500,1448,1424,0,48,31373.0625,77,441,88,639,2845,2885,2837,2886,3,22,77
Cable inp,250,50,10,10,1,1,4,4,16,100,90,0.05,5,20,5,True,True,224.982,16,1500,1448,1448,0,48,22707.5625,376,711,True,False,44.117,16,1500,1448,1424,0,48,31004.625,80,451,111,667,2832,2880,2830,2880,4,23,85
Cable inp,250,50,10,10,1,1,4,4,16,100,90,0.05,5,20,5,True,True,224.868,16,1500,1448,1448,0,48,22944.0625,377,687,True,False,45.238,16,1500,1448,1424,0,48,31163.875,91,425,100,632,2843,2878,2840,2879,4,22,86
Cable inp,250,50,10,10,1,1,4,4,16,100,90,0.05,5,20,5,True,True,224.750,16,1500,1448,1448,0,48,22830.9375,376,675,True,False,43.350,16,1500,1448,1425,0,48,31663.6875,68,399,76,607,2850,2883,2847,2883,3,21,18
Cable inp,250,50,10,10,1,1,4,4,16,100,90,0.05,5,20,5,True,True,224.738,16,1500,1448,1448,0,48,22897.0625,381,690,True,False,44.340,16,1500,1448,1425,0,48,31128.625,94,443,127,659,2843,2881,2840,2882,4,23,22
Cable inp,250,50,10,10,1,1,4,4,16,100,90,0.05,5,20,5,True,True,225.100,16,1500,1448,1448,0,48,23141.75,371,691,True,False,45.500,16,1500,1448,1424,0,48,31183.8125,+Inf,NaN,357,687,2838,2882,2827,2883,13,24,81
Cable inp,250,50,10,10,1,1,4,4,16,100,90,0.05,5,20,5,True,True,225.119,16,1500,1448,1448,0,48,22798.6875,380,703,True,False,44.980,16,1500,1448,1424,0,48,31415.75,85,360,99,627,2845,2882,2844,2882,3,22,64
Cable inp,250,50,10,10,1,1,4,4,16,100,90,0.05,5,20,5,True,True,225.109,16,1500,1448,1448,0,48,23069.5625,356,693,True,False,44.209,16,1500,1448,1424,0,48,31176.5625,59,430,82,609,2841,2886,2832,2887,3,21,7
Cable inp,250,50,10,10,1,1,4,4,16,100,90,0.05,5,20,5,True,True,224.866,16,1500,1448,1448,0,48,22895.0625,376,681,True,False,43.860,16,1500,1448,1424,0,48,31139.5625,89,439,97,608,2849,2883,2849,2884,3,21,76
Cable inp,250,50,10,10,1,1,4,4,16,100,90,0.05,5,20,5,True,False,224.619,16,1500,1448,1448,0,48,22930.5625,380,690,True,False,44.849,16,1500,1448,1425,0,48,31372.875,68,384,89,643,2845,2884,2845,2885,3,22,98
Cable inp,250,50,10,10,1,1,4,4,16,100,90,0.05,5,20,5,True,True,225.109,16,1500,1448,1448,0,48,22788.3125,374,707,False,False,45.093,16,1500,1448,1425,0,48,31235.4375,102,411,102,597,2824,2881,2824,2881,4,21,19
Cable inp,250,50,10,10,1,1,4,4,16,100,90,0.05,5,20,5,True,True,225.231,16,1500,1448,1448,0,48,22919.5625,375,689,True,False,43.862,16,1500,1448,1424,0,48,31030.875,78,410,95,629,2844,2881,2848,2882,3,22,28
Cable inp,250,50,10,10,1,1,4,4,16,100,90,0.05,5,20,5,True,True,224.991,16,1500,1448,1448,0,48,22842.1875,376,678,True,False,44.247,16,1500,1448,1424,0,48,31313.1875,86,424,73,625,2842,2883,2844,2883,3,22,67
Cable inp,250,50,10,10,1,1,4,4,16,100,90,0.05,5,20,5,True,True,224.612,16,1500,1448,1448,0,48,22761.625,393,704,True,False,43.105,16,1500,1448,1425,0,48,31311.0625,55,426,70,651,2843,2879,2840,2880,2,23,61
Cable inp,250,50,10,10,1,1,4,4,16,100,90,0.05,5,20,5,True,True,224.747,16,1500,1448,1448,0,48,23039.4375,374,692,True,False,45.616,16,1500,1448,1425,0,48,31257.3125,70,402,88,611,2849,2881,2847,2881,3,21,1
Cable inp,250,50,10,10,1,1,4,4,16,100,90,0.05,5,20,5,True,True,225.243,16,1500,1448,1448,0,48,23086.25,357,669,True,False,45.865,16,1500,1448,1425,0,48,31153.6875,76,405,87,616,2845,2883,2842,2883,3,21,66
Cable inp,250,50,10,10,1,1,4,4,16,100,90,0.05,5,20,5,True,True,224.614,16,1500,1448,1448,0,48,22870.625,389,694,True,False,44.336,16,1500,1448,1425,0,48,31173.4375,60,410,54,618,2842,2882,2838,2882,2,21,40
Cable inp,250,50,10,10,1,1,4,4,16,100,90,0.05,5,20,5,True,True,224.747,16,1500,1448,1448,0,48,23185.3125,364,651,True,False,44.462,16,1500,1448,1424,0,48,31386.875,95,416,91,600,2838,2879,2836,2879,3,21,73
Cable inp,250,50,10,10,1,1,4,4,16,100,90,0.05,5,20,5,True,True,225.127,16,1500,1448,1448,0,48,22974.5625,381,693,True,False,44.745,16,1500,1448,1424,0,48,31512.75,73,425,99,643,2847,2883,2850,2883,3,22,49
Cable inp,250,50,10,10,1,1,4,4,16,100,90,0.05,5,20,5,True,True,225.248,16,1500,1448,1448,0,48,23059.3125,364,680,True,False,44.235,16,1500,1448,1425,0,48,31687.5,75,395,83,630,2847,2879,2843,2879,3,22,60
Cable inp,250,50,10,10,1,1,4,4,16,100,90,0.05,5,20,5,True,True,224.878,14,1500,1448,1448,0,45,22768.133333333335,428,708,True,False,44.368,16,1500,1448,1425,0,48,31551,85,435,106,655,2843,2882,2843,2882,4,23,41
Cable inp,250,50,10,10,1,1,4,4,16,100,90,0.05,5,20,5,True,True,224.869,16,1500,1448,1448,0,48,22872.0625,377,689,True,False,45.093,16,1500,1448,1424,0,48,31261.25,79,440,91,613,2843,2879,2842,2880,3,21,10
Cable inp,250,50,10,10,1,1,4,4,16,100,90,0.05,5,20,5,True,True,224.485,16,1500,1448,1448,0,48,22886.375,375,709,True,False,43.602,16,1500,1448,1424,0,48,30660.6875,66,430,81,637,2850,2882,2846,2883,3,22,37
Cable inp,250,50,10,10,1,1,4,4,16,100,90,0.05,5,20,5,True,True,225.115,16,1500,1448,1448,0,48,22801.875,380,661,True,False,43.725,16,1500,1448,1425,0,48,31585.8125,82,427,93,584,2846,2882,2846,2883,3,20,100
Cable inp,250,50,10,10,1,1,4,4,16,100,90,0.05,5,20,5,True,True,224.742,16,1500,1448,1448,0,48,22861,381,664,True,False,44.863,16,1500,1448,1425,0,48,31235.4375,98,394,118,625,2849,2882,2844,2882,4,22,35
Cable inp,250,50,10,10,1,1,4,4,16,100,90,0.05,5,20,5,True,True,224.870,16,1500,1448,1448,0,48,22949.375,382,678,True,False,44.715,16,1500,1448,1424,0,48,31131.8125,64,377,83,621,2846,2884,2843,2883,3,22,11
Cable inp,250,50,10,10,1,1,4,4,16,100,90,0.05,5,20,5,True,True,225.053,16,1500,1448,1448,0,48,22799.875,385,690,True,False,43.834,16,1500,1448,1424,0,48,30919.625,66,427,74,624,2843,2881,2834,2881,3,22,94
Cable inp,250,50,10,10,1,1,4,4,16,100,90,0.05,5,20,5,True,True,225.230,16,1500,1448,1448,0,48,23015.3125,364,702,True,False,44.473,16,1500,1448,1424,0,48,31301.875,108,439,143,676,2850,2880,2848,2881,5,23,87
Cable inp,250,50,10,10,1,1,4,4,16,100,90,0.05,5,20,5,True,True,224.700,16,1500,1448,1448,0,48,22713.8125,410,713,True,False,44.955,16,1500,1448,1425,0,48,30660.8125,125,440,145,643,2850,2880,2848,2880,5,22,90
Cable inp,250,50,10,10,1,1,4,4,16,100,90,0.05,5,20,5,True,True,224.990,16,1500,1448,1448,0,48,22790.375,372,619,True,False,44.984,16,1500,1448,1424,0,48,30998,73,389,75,565,2832,2882,2827,2882,3,20,6
Cable inp,250,50,10,10,1,1,4,4,16,100,90,0.05,5,20,5,True,True,224.733,16,1500,1448,1448,0,48,22983.875,385,739,False,False,44.352,16,1500,1448,1425,0,48,31150.5,59,413,70,609,2848,2881,2846,2882,2,21,25
Cable inp,250,50,10,10,1,1,4,4,16,100,90,0.05,5,20,5,True,True,224.865,16,1500,1448,1448,0,48,22971.375,366,684,True,False,43.476,16,1500,1448,1424,0,48,31061.6875,65,453,82,627,2849,2882,2850,2881,3,22,65
Cable inp,250,50,10,10,1,1,4,4,16,100,90,0.05,5,20,5,True,True,224.996,16,1500,1448,1448,0,48,23129.25,372,692,True,False,43.962,16,1500,1448,1425,0,48,31067.9375,111,407,150,667,2844,2884,2839,2884,5,23,54
Cable inp,250,50,10,10,1,1,4,4,16,100,90,0.05,5,20,5,True,True,224.741,16,1500,1448,1448,0,48,22996,381,706,True,False,44.860,16,1500,1448,1425,0,48,31312.875,58,420,86,631,2848,2885,2842,2883,3,22,39
Cable inp,250,50,10,10,1,1,4,4,16,100,90,0.05,5,20,5,True,True,224.743,16,1500,1448,1448,0,48,22942.4375,394,741,True,False,43.582,16,1500,1448,1425,0,48,31082.125,79,403,98,668,2846,2883,2834,2881,3,23,3
Cable inp,250,50,10,10,1,1,4,4,16,100,90,0.05,5,20,5,True,True,224.606,14,1500,1448,1448,0,45,22870.133333333335,406,710,True,False,44.205,16,1500,1448,1424,0,48,31337.25,91,412,100,641,2846,2881,2843,2881,4,22,97
Cable inp,250,50,10,10,1,1,4,4,16,100,90,0.05,5,20,5,True,True,224.995,13,1500,1448,1448,0,42,22658.071428571428,433,689,True,False,43.962,16,1500,1448,1425,0,48,31357.1875,135,390,227,674,2841,2881,2834,2882,8,23,33
Cable inp,250,50,10,10,1,1,4,4,16,100,90,0.05,5,20,5,True,True,224.494,16,1500,1448,1448,0,48,23134.6875,370,727,True,False,43.224,16,1500,1448,1424,0,48,31361.625,84,406,110,681,2835,2883,2825,2884,4,24,47
Cable inp,250,50,10,10,1,1,4,4,16,100,90,0.05,5,20,5,True,True,225.243,16,1500,1448,1448,0,48,22920.875,392,681,True,False,44.124,16,1500,1448,1424,0,48,31452.375,82,407,98,623,2825,2880,2820,2880,3,22,96
Cable inp,250,50,10,10,1,1,4,4,16,100,90,0.05,5,20,5,True,True,224.999,16,1500,1448,1448,0,48,22905.75,374,661,True,False,44.491,16,1500,1448,1425,0,48,31076.0625,103,411,122,616,2852,2881,2854,2882,4,21,72
Cable inp,250,50,10,10,1,1,4,4,16,100,90,0.05,5,20,5,True,True,224.714,16,1500,1448,1448,0,48,22713,392,762,True,False,44.366,16,1500,1448,1424,0,48,31417.0625,76,404,100,697,2851,2884,2850,2884,4,24,16
Cable inp,250,50,10,10,1,1,4,4,16,100,90,0.05,5,20,5,True,True,224.357,14,1500,1448,1448,0,45,22882.666666666668,404,695,True,False,44.842,16,1500,1448,1425,0,48,30932.625,62,420,87,619,2846,2880,2846,2881,3,21,8
Cable inp,250,50,10,10,1,1,4,4,16,100,90,0.05,5,20,5,True,True,224.612,16,1500,1448,1448,0,48,22842.75,393,728,True,False,44.736,16,1500,1448,1425,0,48,31735.4375,69,435,62,632,2832,2882,2830,2882,2,22,14
Cable inp,250,50,10,10,1,1,4,4,16,100,90,0.05,5,20,5,True,True,225.371,16,1500,1448,1448,0,48,22886.0625,371,712,True,False,44.334,16,1500,1448,1424,0,48,31588.25,74,387,79,613,2852,2884,2850,2882,3,21,82
Cable inp,250,50,10,10,1,1,4,4,16,100,90,0.05,5,20,5,True,True,224.988,16,1500,1448,1448,0,48,22910.75,366,665,True,False,44.838,16,1500,1448,1425,0,48,31318.6875,78,451,88,608,2847,2880,2847,2881,3,21,45
Cable inp,250,50,10,10,1,1,4,4,16,100,90,0.05,5,20,5,True,True,224.996,16,1500,1448,1448,0,48,22993.6875,371,724,True,False,44.610,16,1500,1448,1425,0,48,31087.125,60,421,76,645,2835,2882,2830,2883,3,22,43
Cable inp,250,50,10,10,1,1,4,4,16,100,90,0.05,5,20,5,True,True,224.614,16,1500,1448,1448,0,48,22856.75,381,693,True,False,42.963,16,1500,1448,1424,0,48,31553.1875,84,444,99,649,2846,2880,2843,2881,3,23,83
Cable inp,250,50,10,10,1,1,4,4,16,100,90,0.05,5,20,5,True,True,224.739,16,1500,1448,1448,0,48,23168.9375,340,637,True,False,45.110,16,1500,1448,1424,0,48,30978.0625,102,422,142,605,2838,2881,2832,2882,5,21,63
Cable inp,250,50,10,10,1,1,4,4,16,100,90,0.05,5,20,5,True,True,224.867,16,1500,1448,1448,0,48,23001.0625,370,675,True,False,44.219,16,1500,1448,1425,0,48,30898.125,83,440,93,629,2848,2882,2847,2883,3,22,80
Cable inp,250,50,10,10,1,1,4,4,16,100,90,0.05,5,20,5,True,True,224.810,16,1500,1448,1448,0,48,22821.1875,379,651,True,False,44.241,16,1500,1448,1424,0,48,31995.375,57,399,66,588,2834,2881,2832,2881,2,20,59
Cable inp,250,50,10,10,1,1,4,4,16,100,90,0.05,5,20,5,True,True,224.855,16,1500,1448,1448,0,48,22943.25,374,682,True,False,43.357,16,1500,1448,1424,0,48,31070.875,76,412,85,616,2847,2882,2846,2883,3,21,15
Cable inp,250,50,10,10,1,1,4,4,16,100,90,0.05,5,20,5,True,True,224.990,16,1500,1448,1448,0,48,23012.1875,370,650,True,False,43.486,16,1500,1448,1424,0,48,31451.0625,56,434,70,593,2833,2879,2828,2878,2,21,71
Cable inp,250,50,10,10,1,1,4,4,16,100,90,0.05,5,20,5,True,True,224.868,16,1500,1448,1448,0,48,22975.5,372,723,True,False,43.866,16,1500,1448,1424,0,48,30573.4375,95,428,118,668,2829,2882,2829,2882,4,23,42
Cable inp,250,50,10,10,1,1,4,4,16,100,90,0.05,5,20,5,True,True,224.998,16,1500,1448,1448,0,48,22935.0625,384,661,False,False,44.496,16,1500,1448,1425,0,48,31573.0625,63,408,72,579,2839,2878,2847,2878,3,20,51
Cable inp,250,50,10,10,1,1,4,4,16,100,90,0.05,5,20,5,True,True,224.984,16,1500,1448,1448,0,48,22878.6875,376,680,True,False,44.087,16,1500,1448,1425,0,48,31098,71,424,98,616,2849,2881,2848,2882,3,21,57
Cable inp,250,50,10,10,1,1,4,4,16,100,90,0.05,5,20,5,True,True,224.738,14,1500,1448,1448,0,45,22857.6,396,728,True,False,44.363,16,1500,1448,1425,0,48,31613.4375,70,420,88,640,2852,2882,2848,2882,3,22,88
Cable inp,250,50,10,10,1,1,4,4,16,100,90,0.05,5,20,5,True,True,225.217,16,1500,1448,1448,0,48,22765.625,375,687,True,False,44.708,16,1500,1448,1424,0,48,31936.8125,86,404,101,622,2845,2879,2839,2880,4,22,4
Cable inp,250,50,10,10,1,1,4,4,16,100,90,0.05,5,20,5,True,True,225.174,13,1500,1448,1448,0,42,22721.714285714286,428,712,True,False,45.477,16,1500,1448,1425,0,48,30916.1875,96,413,103,642,2848,2880,2849,2881,4,22,12
Cable inp,250,50,10,10,1,1,6,4,16,100,90,0.05,5,20,5,True,True,224.743,16,1500,1448,1448,0,48,22792.625,406,714,True,False,43.975,16,1500,1448,1425,0,48,31212.5,68,429,76,636,2839,2884,2831,2884,3,22,79
Cable inp,250,50,10,10,1,1,6,4,16,100,90,0.05,5,20,5,True,True,225.253,16,1500,1448,1448,0,48,22681.5625,393,713,True,False,44.722,16,1500,1448,1425,0,48,31226.0625,86,391,89,625,2844,2880,2837,2880,3,22,50
Cable inp,250,50,10,10,1,1,6,4,16,100,90,0.05,5,20,5,True,True,225.121,16,1500,1448,1448,0,48,22789.5,387,681,True,False,42.995,16,1500,1448,1424,0,48,30969.1875,61,412,78,577,2846,2882,2843,2882,3,20,23
Cable inp,250,50,10,10,1,1,6,4,16,100,90,0.05,5,20,5,True,True,225.245,16,1500,1448,1448,0,48,22699.9375,392,696,True,False,44.215,16,1500,1448,1424,0,48,31219.5,74,427,94,610,2844,2884,2840,2885,3,21,68
Cable inp,250,50,10,10,1,1,6,4,16,100,90,0.05,5,20,5,True,True,225.108,16,1500,1448,1448,0,48,22682.375,374,743,True,False,45.482,16,1500,1448,1424,0,48,31563.4375,83,433,101,610,2851,2886,2849,2887,4,21,92
Cable inp,250,50,10,10,1,1,6,4,16,100,90,0.05,5,20,5,True,True,224.865,16,1500,1448,1448,0,48,22900.6875,398,682,True,False,45.499,16,1500,1448,1424,0,48,31480,88,406,115,627,2840,2881,2833,2882,4,22,95
Cable inp,250,50,10,10,1,1,6,4,16,100,90,0.05,5,20,5,True,True,225.299,16,1500,1448,1448,0,48,22662.9375,407,728,True,False,44.831,16,1500,1448,1425,0,48,30871.4375,156,396,206,714,2840,2879,2840,2880,7,25,46
Cable inp,250,50,10,10,1,1,6,4,16,100,90,0.05,5,20,5,True,True,224.996,16,1500,1448,1448,0,48,22830.5,371,669,True,False,44.350,16,1500,1448,1425,0,48,31520.8125,74,387,91,591,2846,2880,2836,2881,3,20,93
Cable inp,250,50,10,10,1,1,6,4,16,100,90,0.05,5,20,5,True,True,224.994,16,1500,1448,1448,0,48,22748.3125,385,688,True,False,43.849,16,1500,1448,1424,0,48,31347.9375,71,396,112,645,2851,2884,2853,2885,4,22,17
Cable inp,250,50,10,10,1,1,6,4,16,100,90,0.05,5,20,5,True,True,224.485,15,1500,1448,1448,0,48,22725.4375,430,758,True,False,45.246,16,1500,1448,1424,0,48,31011.4375,127,430,185,717,2832,2878,2826,2879,7,25,29
Cable inp,250,50,10,10,1,1,6,4,16,100,90,0.05,5,20,5,True,True,225.117,16,1500,1448,1448,0,48,22694.6875,401,697,True,False,42.592,16,1500,1448,1424,0,48,31390.0625,89,411,128,658,2827,2883,2825,2882,5,23,20
Cable inp,250,50,10,10,1,1,6,4,16,100,90,0.05,5,20,5,True,True,224.487,16,1500,1448,1448,0,48,22680.8125,392,713,False,False,44.594,16,1500,1448,1425,0,48,31268.875,91,440,87,601,2846,2884,2838,2885,3,21,31
Cable inp,250,50,10,10,1,1,6,4,16,100,90,0.05,5,20,5,True,True,224.743,16,1500,1448,1448,0,48,22728.9375,405,684,True,False,43.977,16,1500,1448,1425,0,48,31230.5,80,381,89,598,2846,2882,2841,2883,3,21,84
Cable inp,250,50,10,10,1,1,6,4,16,100,90,0.05,5,20,5,True,True,224.725,16,1500,1448,1448,0,48,22676.5625,399,659,True,False,44.123,16,1500,1448,1424,0,48,31260.1875,69,434,82,596,2841,2881,2828,2882,3,21,13
Cable inp,250,50,10,10,1,1,6,4,16,100,90,0.05,5,20,5,True,True,224.864,16,1500,1448,1448,0,48,22647,411,658,True,False,43.470,16,1500,1448,1425,0,48,31142.875,68,408,91,597,2841,2881,2831,2880,3,21,62
Cable inp,250,50,10,10,1,1,6,4,16,100,90,0.05,5,20,5,True,True,225.115,16,1500,1448,1448,0,48,22691.625,402,730,True,False,44.110,16,1500,1448,1424,0,48,31042.5625,68,367,82,659,2833,2881,2835,2882,3,23,75
Cable inp,250,50,10,10,1,1,6,4,16,100,90,0.05,5,20,5,True,True,224.739,16,1500,1448,1448,0,48,22705.75,412,676,True,False,45.989,16,1500,1448,1425,0,48,31097.8125,+Inf,NaN,397,669,2832,2885,2831,2886,14,23,9
Cable inp,250,50,10,10,1,1,6,4,16,100,90,0.05,5,20,5,True,True,224.734,15,1500,1448,1448,0,48,22703.4375,399,731,True,False,44.591,16,1500,1448,1425,0,48,31435.5,94,470,105,636,2847,2881,2835,2881,4,22,44
Cable inp,250,50,10,10,1,1,6,4,16,100,90,0.05,5,20,5,True,True,224.856,16,1500,1448,1448,0,48,22738.625,390,715,True,False,44.624,16,1500,1448,1424,0,48,31652.375,49,404,66,604,2845,2881,2837,2881,2,21,48
Cable inp,250,50,10,10,1,1,6,4,16,100,90,0.05,5,20,5,True,True,224.746,16,1500,1448,1448,0,48,22947.625,372,673,True,False,43.616,16,1500,1448,1424,0,48,31096.9375,63,427,81,601,2842,2886,2852,2886,3,21,99
Cable inp,250,50,10,10,1,1,6,4,16,100,90,0.05,5,20,5,True,True,225.121,16,1500,1448,1448,0,48,22549.75,425,697,True,False,43.490,16,1500,1448,1424,0,48,31188.875,112,421,114,619,2851,2885,2847,2885,4,21,56
Cable inp,250,50,10,10,1,1,6,4,16,100,90,0.05,5,20,5,True,True,224.867,16,1500,1448,1448,0,48,22661.25,417,665,True,False,43.960,16,1500,1448,1425,0,48,30840.5,72,382,87,610,2844,2881,2842,2881,3,21,32
Cable inp,250,50,10,10,1,1,6,4,16,100,90,0.05,5,20,5,True,True,224.620,16,1500,1448,1448,0,48,22853.5,378,717,True,False,43.856,16,1500,1448,1425,0,48,30544.9375,95,416,127,678,2840,2883,2833,2884,4,23,78
Cable inp,250,50,10,10,1,1,6,4,16,100,90,0.05,5,20,5,True,True,224.998,16,1500,1448,1448,0,48,22834.5625,360,730,True,False,43.971,16,1500,1448,1425,0,48,31280.5,76,402,89,636,2834,2880,2830,2880,3,22,38
Cable inp,250,50,10,10,1,1,6,4,16,100,90,0.05,5,20,5,True,True,224.616,16,1500,1448,1448,0,48,22826.3125,391,654,True,False,44.359,16,1500,1448,1425,0,48,31193.0625,85,406,89,572,2850,2881,2847,2881,3,20,26
Cable inp,250,50,10,10,1,1,6,4,16,100,90,0.05,5,20,5,True,True,225.060,16,1500,1448,1448,0,48,22448.8125,431,632,True,False,43.226,16,1500,1448,1425,0,48,30867.6875,88,422,120,591,2842,2881,2844,2882,4,21,69
Cable inp,250,50,10,10,1,1,6,4,16,100,90,0.05,5,20,5,True,True,224.869,16,1500,1448,1448,0,48,22704.875,404,701,True,False,43.484,16,1500,1448,1425,0,48,31086.0625,68,345,88,607,2846,2884,2847,2884,3,21,34
Cable inp,250,50,10,10,1,1,6,4,16,100,90,0.05,5,20,5,True,True,224.869,16,1500,1448,1448,0,48,22645.0625,395,747,True,False,43.499,16,1500,1448,1424,0,48,31084.0625,66,426,87,649,2822,2885,2820,2885,3,22,58
Cable inp,250,50,10,10,1,1,6,4,16,100,90,0.05,5,20,5,True,True,224.493,16,1500,1448,1448,0,48,22634.875,392,680,True,False,44.498,16,1500,1448,1425,0,48,30953.75,59,410,93,600,2825,2883,2823,2884,3,21,30
Cable inp,250,50,10,10,1,1,6,4,16,100,90,0.05,5,20,5,True,True,224.618,16,1500,1448,1448,0,48,22612.25,422,688,True,False,44.231,16,1500,1448,1425,0,48,31101.875,88,413,85,608,2843,2878,2841,2879,3,21,70
Cable inp,250,50,10,10,1,1,6,4,16,100,90,0.05,5,20,5,True,True,224.613,16,1500,1448,1448,0,48,22717.8125,400,716,True,False,44.348,16,1500,1448,1425,0,49,30930.625,94,429,154,664,2849,2883,2845,2883,5,23,24
Cable inp,250,50,10,10,1,1,6,4,16,100,90,0.05,5,20,5,True,True,224.874,16,1500,1448,1448,0,48,22335.125,422,698,True,False,44.743,16,1500,1448,1425,0,48,31193.5625,84,422,98,632,2844,2879,2845,2879,3,22,52
Cable inp,250,50,10,10,1,1,6,4,16,100,90,0.05,5,20,5,True,True,225.369,16,1500,1448,1448,0,48,22677.0625,406,678,True,False,44.969,16,1500,1448,1424,0,48,31475.5625,88,420,103,630,2845,2881,2837,2880,4,22,36
Cable inp,250,50,10,10,1,1,6,4,16,100,90,0.05,5,20,5,True,True,225.002,16,1500,1448,1448,0,48,22750.75,389,706,True,False,43.456,16,1500,1448,1425,0,48,31010.5625,126,437,164,672,2834,2882,2828,2882,6,23,2
Cable inp,250,50,10,10,1,1,6,4,16,100,90,0.05,5,20,5,True,True,224.868,16,1500,1448,1448,0,48,22682.625,398,643,True,False,44.457,16,1500,1448,1425,0,48,31362.8125,67,407,83,581,2842,2881,2833,2881,3,20,5
Cable inp,250,50,10,10,1,1,6,4,16,100,90,0.05,5,20,5,True,True,224.743,16,1500,1448,1448,0,48,22755.3125,376,696,True,False,43.723,16,1500,1448,1425,0,48,31130.5625,79,401,87,597,2830,2882,2824,2882,3,21,89
Cable inp,250,50,10,10,1,1,6,4,16,100,90,0.05,5,20,5,True,True,224.620,16,1500,1448,1448,0,48,22857.0625,390,702,True,False,43.980,16,1500,1448,1424,0,48,30724.875,74,413,78,619,2846,2880,2847,2881,3,21,74
Cable inp,250,50,10,10,1,1,6,4,16,100,90,0.05,5,20,5,True,True,224.990,15,1500,1448,1448,0,48,22670.3125,432,761,True,False,43.117,16,1500,1448,1425,0,48,30962.25,64,442,65,649,2847,2880,2839,2880,2,23,91
Cable inp,250,50,10,10,1,1,6,4,16,100,90,0.05,5,20,5,True,True,224.877,15,1500,1448,1448,0,48,22692.5,425,711,True,False,43.712,16,1500,1448,1424,0,48,30947.375,73,419,93,615,2840,2881,2835,2879,3,21,53
Cable inp,250,50,10,10,1,1,6,4,16,100,90,0.05,5,20,5,True,True,224.739,15,1500,1448,1448,0,48,22676.75,453,691,True,False,42.983,16,1500,1448,1424,0,48,31054.6875,93,417,124,666,2845,2882,2846,2883,4,23,21
Cable inp,250,50,10,10,1,1,6,4,16,100,90,0.05,5,20,5,True,True,224.996,16,1500,1448,1448,0,48,22460.125,429,712,True,False,42.739,16,1500,1448,1424,0,48,30989.25,104,441,99,611,2850,2880,2846,2880,3,21,55
Cable inp,250,50,10,10,1,1,6,4,16,100,90,0.05,5,20,5,True,True,224.991,16,1500,1448,1448,0,48,22734.0625,427,748,True,False,45.225,16,1500,1448,1425,0,48,30675.125,64,425,74,634,2848,2885,2847,2885,3,22,27
Cable inp,250,50,10,10,1,1,6,4,16,100,90,0.05,5,20,5,True,True,224.743,16,1500,1448,1448,0,48,22691.25,417,742,True,False,46.487,16,1500,1448,1425,0,48,30501.0625,+Inf,NaN,396,735,2836,2881,2833,2882,14,25,77
Cable inp,250,50,10,10,1,1,6,4,16,100,90,0.05,5,20,5,True,True,224.362,16,1500,1448,1448,0,48,22837.5625,376,711,True,False,44.733,16,1500,1448,1425,0,48,31268.3125,78,392,80,616,2840,2883,2827,2884,3,21,85
Cable inp,250,50,10,10,1,1,6,4,16,100,90,0.05,5,20,5,True,True,224.490,16,1500,1448,1448,0,48,22569.4375,415,667,True,False,44.978,16,1500,1448,1424,0,48,31030.4375,81,411,92,593,2848,2889,2847,2890,3,21,86
Cable inp,250,50,10,10,1,1,6,4,16,100,90,0.05,5,20,5,True,True,224.862,15,1500,1448,1448,0,48,22663.8125,436,706,True,False,45.098,16,1500,1448,1424,0,48,31069.625,82,356,93,627,2828,2880,2822,2880,3,22,18
Cable inp,250,50,10,10,1,1,6,4,16,100,90,0.05,5,20,5,True,True,224.619,16,1500,1448,1448,0,48,22593.875,410,673,True,False,45.588,16,1500,1448,1425,0,48,31253.3125,87,415,101,631,2848,2883,2851,2884,4,22,22
Cable inp,250,50,10,10,1,1,6,4,16,100,90,0.05,5,20,5,True,True,225.125,16,1500,1448,1448,0,48,22593.625,427,695,True,False,43.614,16,1500,1448,1425,0,48,31143.4375,107,417,131,646,2843,2880,2845,2881,5,22,81
Cable inp,250,50,10,10,1,1,6,4,16,100,90,0.05,5,20,5,True,True,224.992,16,1500,1448,1448,0,48,22728,381,706,True,False,44.096,16,1500,1448,1424,0,48,31283.5,76,434,90,602,2840,2879,2841,2879,3,21,64
Cable inp,250,50,10,10,1,1,6,4,16,100,90,0.05,5,20,5,True,True,224.734,16,1500,1448,1448,0,48,22896.75,396,689,True,False,45.109,16,1500,1448,1424,0,48,30614.8125,74,358,73,616,2842,2878,2844,2879,3,21,7
Cable inp,250,50,10,10,1,1,6,4,16,100,90,0.05,5,20,5,True,True,224.989,16,1500,1448,1448,0,48,22559.1875,408,671,True,False,44.486,16,1500,1448,1425,0,48,31266.6875,168,419,222,651,2828,2882,2819,2882,8,23,76
Cable inp,250,50,10,10,1,1,6,4,16,100,90,0.05,5,20,5,True,True,224.497,16,1500,1448,1448,0,48,22940.625,384,722,True,False,44.229,16,1500,1448,1425,0,48,31094.6875,55,414,67,628,2839,2881,2830,2882,2,22,98
Cable inp,250,50,10,10,1,1,6,4,16,100,90,0.05,5,20,5,True,True,224.807,16,1500,1448,1448,0,48,22659.8125,395,694,True,False,44.726,16,1500,1448,1425,0,48,31062.25,75,441,87,626,2844,2885,2833,2885,3,22,19
Cable inp,250,50,10,10,1,1,6,4,16,100,90,0.05,5,20,5,True,True,224.727,16,1500,1448,1448,0,48,22821.9375,367,682,True,False,43.588,16,1500,1448,1424,0,48,30796.5,69,434,84,617,2851,2883,2849,2884,3,21,28
Cable inp,250,50,10,10,1,1,6,4,16,100,90,0.05,5,20,5,True,True,224.743,16,1500,1448,1448,0,48,22544.5,448,690,True,False,44.620,16,1500,1448,1424,0,48,31340.3125,91,434,89,636,2849,2881,2847,2881,3,22,67
Cable inp,250,50,10,10,1,1,6,4,16,100,90,0.05,5,20,5,True,True,224.985,16,1500,1448,1448,0,48,22621.4375,416,699,True,False,44.726,16,1500,1448,1425,0,48,30832.5625,70,439,90,616,2831,2880,2826,2880,3,21,61
Cable inp,250,50,10,10,1,1,6,4,16,100,90,0.05,5,20,5,True,True,224.623,16,1500,1448,1448,0,48,22792.6875,375,711,True,False,43.625,16,1500,1448,1425,0,48,30968.4375,76,395,79,641,2850,2882,2851,2882,3,22,1
Cable inp,250,50,10,10,1,1,6,4,16,100,90,0.05,5,20,5,True,True,224.616,16,1500,1448,1448,0,48,22821.875,423,816,True,False,44.485,16,1500,1448,1424,0,48,31838.9375,54,416,88,677,2848,2887,2849,2888,3,23,66
Cable inp,250,50,10,10,1,1,6,4,16,100,90,0.05,5,20,5,True,True,224.998,16,1500,1448,1448,0,48,22636.625,403,647,False,False,44.209,16,1500,1448,1425,0,48,31237.4375,91,423,95,585,2830,2885,2827,2886,3,20,40
Cable inp,250,50,10,10,1,1,6,4,16,100,90,0.05,5,20,5,True,True,224.741,16,1500,1448,1448,0,48,22728.3125,397,677,True,False,45.859,16,1500,1448,1424,0,48,30987,74,420,98,619,2848,2882,2847,2882,3,21,73
Cable inp,250,50,10,10,1,1,6,4,16,100,90,0.05,5,20,5,True,True,224.998,16,1500,1448,1448,0,48,22732.3125,421,693,True,False,42.596,16,1500,1448,1425,0,48,31008.6875,69,432,72,611,2839,2884,2838,2885,3,21,49
Cable inp,250,50,10,10,1,1,6,4,16,100,90,0.05,5,20,5,True,True,224.867,16,1500,1448,1448,0,48,22677.6875,391,718,True,False,44.372,16,1500,1448,1425,0,48,30073.3125,73,381,91,636,2851,2883,2849,2884,3,22,60
Cable inp,250,50,10,10,1,1,6,4,16,100,90,0.05,5,20,5,True,True,224.940,16,1500,1448,1448,0,48,22659.0625,393,703,True,False,43.496,16,1500,1448,1425,0,48,30780.5,57,431,94,640,2845,2882,2841,2883,3,22,41
Cable inp,250,50,10,10,1,1,6,4,16,100,90,0.05,5,20,5,True,True,225.001,16,1500,1448,1448,0,48,22739.9375,430,700,True,False,44.466,16,1500,1448,1424,0,48,30870.1875,106,398,104,626,2852,2886,2851,2888,4,22,10
Cable inp,250,50,10,10,1,1,6,4,16,100,90,0.05,5,20,5,True,True,224.745,16,1500,1448,1448,0,48,22761,405,737,True,False,44.492,16,1500,1448,1425,0,48,30795.0625,69,383,87,615,2844,2880,2843,2881,3,21,37
Cable inp,250,50,10,10,1,1,6,4,16,100,90,0.05,5,20,5,True,True,224.986,16,1500,1448,1448,0,48,22698.75,394,629,True,False,44.111,16,1500,1448,1425,0,48,31591.25,71,432,91,574,2844,2883,2845,2882,3,20,100
Cable inp,250,50,10,10,1,1,6,4,16,100,90,0.05,5,20,5,True,True,224.859,16,1500,1448,1448,0,48,22671.625,423,683,True,False,44.474,16,1500,1448,1425,0,48,31865.8125,121,425,189,662,2845,2881,2847,2881,7,23,35
Cable inp,250,50,10,10,1,1,6,4,16,100,90,0.05,5,20,5,True,True,224.995,16,1500,1448,1448,0,48,22612.9375,420,702,True,False,45.984,16,1500,1448,1424,0,48,31161.4375,111,419,144,675,2835,2883,2834,2884,5,23,11
Cable inp,250,50,10,10,1,1,6,4,16,100,90,0.05,5,20,5,True,True,224.998,16,1500,1448,1448,0,48,22737,394,671,True,False,43.121,16,1500,1448,1424,0,48,31085.625,93,434,93,601,2848,2884,2848,2883,3,21,94
Cable inp,250,50,10,10,1,1,6,4,16,100,90,0.05,5,20,5,True,True,224.865,16,1500,1448,1448,0,48,22581.4375,417,721,True,False,43.835,16,1500,1448,1424,0,48,30819.1875,83,384,87,632,2841,2881,2825,2881,3,22,87
Cable inp,250,50,10,10,1,1,6,4,16,100,90,0.05,5,20,5,True,True,224.621,16,1500,1448,1448,0,48,22677.75,397,686,True,False,44.352,16,1500,1448,1425,0,48,30741.25,89,412,116,651,2840,2886,2840,2887,4,23,90
Cable inp,250,50,10,10,1,1,6,4,16,100,90,0.05,5,20,5,True,True,224.496,16,1500,1448,1448,0,48,22740.5625,393,724,True,False,44.860,16,1500,1448,1424,0,48,31259.3125,68,429,90,622,2847,2881,2843,2881,3,22,6
Cable inp,250,50,10,10,1,1,6,4,16,100,90,0.05,5,20,5,True,True,224.740,16,1500,1448,1448,0,48,22827.4375,393,708,True,False,45.499,16,1500,1448,1424,0,48,31176.125,73,433,91,638,2829,2881,2825,2882,3,22,25
Cable inp,250,50,10,10,1,1,6,4,16,100,90,0.05,5,20,5,True,True,224.743,15,1500,1448,1448,0,48,22916.0625,405,688,True,False,44.471,16,1500,1448,1425,0,48,30810.9375,65,375,90,605,2838,2884,2829,2884,3,21,65
Cable inp,250,50,10,10,1,1,6,4,16,100,90,0.05,5,20,5,True,True,224.991,16,1500,1448,1448,0,48,22713.5625,389,690,True,False,44.495,16,1500,1448,1425,0,48,31274.25,80,393,88,603,2830,2883,2836,2884,3,21,54
Cable inp,250,50,10,10,1,1,6,4,16,100,90,0.05,5,20,5,True,True,225.244,16,1500,1448,1448,0,48,22716.5625,396,659,True,False,44.738,16,1500,1448,1424,0,48,31078.3125,110,425,138,612,2846,2884,2843,2885,5,21,39
Cable inp,250,50,10,10,1,1,6,4,16,100,90,0.05,5,20,5,True,True,224.613,15,1500,1448,1448,0,48,22702.625,443,760,True,False,43.956,16,1500,1448,1424,0,48,31577.0625,73,406,124,705,2847,2879,2845,2879,4,25,3
Cable inp,250,50,10,10,1,1,6,4,16,100,90,0.05,5,20,5,True,True,225.350,16,1500,1448,1448,0,48,22760.5,389,673,True,False,44.479,16,1500,1448,1425,0,48,31657.375,76,405,112,624,2835,2877,2824,2877,4,22,97
Cable inp,250,50,10,10,1,1,6,4,16,100,90,0.05,5,20,5,True,True,224.984,15,1500,1448,1448,0,48,22677.5,446,709,True,False,43.867,16,1500,1448,1425,0,48,31347.4375,69,401,93,629,2834,2882,2832,2882,3,22,33
Cable inp,250,50,10,10,1,1,6,4,16,100,90,0.05,5,20,5,True,True,224.996,16,1500,1448,1448,0,48,22749.875,400,710,True,False,44.748,16,1500,1448,1424,0,48,31233.3125,132,392,179,689,2845,2884,2839,2885,6,24,47
Cable inp,250,50,10,10,1,1,6,4,16,100,90,0.05,5,20,5,True,True,225.119,16,1500,1448,1448,0,48,22700.625,398,716,True,False,44.958,16,1500,1448,1424,0,48,31215,59,390,80,610,2833,2884,2830,2885,3,21,96
Cable inp,250,50,10,10,1,1,6,4,16,100,90,0.05,5,20,5,True,True,225.119,16,1500,1448,1448,0,48,22694.5625,410,758,True,False,43.840,16,1500,1448,1424,0,48,31532.6875,72,427,91,644,2847,2880,2846,2880,3,22,72
Cable inp,250,50,10,10,1,1,6,4,16,100,90,0.05,5,20,5,True,True,224.844,16,1500,1448,1448,0,48,22636.625,400,685,True,False,44.215,16,1500,1448,1425,0,48,31209.5625,62,401,78,602,2844,2880,2840,2879,3,21,16
Cable inp,250,50,10,10,1,1,6,4,16,100,90,0.05,5,20,5,True,True,224.605,15,1500,1448,1448,0,48,22676.5625,426,689,True,False,43.975,16,1500,1448,1424,0,48,31158.5625,80,414,103,618,2842,2883,2833,2882,4,21,8
Cable inp,250,50,10,10,1,1,6,4,16,100,90,0.05,5,20,5,True,True,224.617,16,1500,1448,1448,0,48,22745.1875,405,656,True,False,44.364,16,1500,1448,1425,0,48,31508.1875,84,400,99,593,2847,2883,2844,2884,3,21,14
Cable inp,250,50,10,10,1,1,6,4,16,100,90,0.05,5,20,5,True,True,224.873,16,1500,1448,1448,0,48,22675.125,393,696,True,False,44.490,16,1500,1448,1424,0,48,31239.5,69,419,72,605,2843,2885,2840,2886,3,21,82
Cable inp,250,50,10,10,1,1,6,4,16,100,90,0.05,5,20,5,True,True,224.883,16,1500,1448,1448,0,48,22781.25,390,703,True,False,44.723,16,1500,1448,1425,0,48,30957.625,87,391,115,637,2849,2884,2843,2885,4,22,45
Cable inp,250,50,10,10,1,1,6,4,16,100,90,0.05,5,20,5,True,True,225.368,16,1500,1448,1448,0,48,22553.8125,396,695,True,False,43.359,16,1500,1448,1425,0,48,31112.9375,64,417,83,612,2844,2882,2846,2882,3,21,43
Cable inp,250,50,10,10,1,1,6,4,16,100,90,0.05,5,20,5,True,True,224.486,16,1500,1448,1448,0,48,22648.6875,395,699,True,False,43.105,16,1500,1448,1425,0,48,30855.125,78,436,92,612,2834,2883,2830,2884,3,21,83
Cable inp,250,50,10,10,1,1,6,4,16,100,90,0.05,5,20,5,True,True,225.112,16,1500,1448,1448,0,48,22702.625,390,683,True,False,44.330,16,1500,1448,1424,0,48,31328.4375,65,423,81,604,2846,2884,2844,2884,3,21,63
Cable inp,250,50,10,10,1,1,6,4,16,100,90,0.05,5,20,5,True,True,224.850,16,1500,1448,1448,0,48,22844.6875,374,672,True,False,44.228,16,1500,1448,1424,0,48,31005.75,85,434,92,607,2852,2884,2851,2886,3,21,80
Cable inp,250,50,10,10,1,1,6,4,16,100,90,0.05,5,20,5,True,True,224.743,16,1500,1448,1448,0,48,22789.6875,381,674,True,False,43.203,16,1500,1448,1425,0,48,31312.9375,104,435,143,639,2849,2882,2848,2881,5,22,59
Cable inp,250,50,10,10,1,1,6,4,16,100,90,0.05,5,20,5,True,True,224.619,16,1500,1448,1448,0,48,22843.125,396,694,True,False,44.234,16,1500,1448,1425,0,48,31383.25,90,397,99,614,2833,2883,2822,2883,3,21,15
Cable inp,250,50,10,10,1,1,6,4,16,100,90,0.05,5,20,5,True,True,225.125,16,1500,1448,1448,0,48,22681.5625,400,691,True,False,43.352,16,1500,1448,1425,0,48,31352.5,86,398,107,606,2841,2877,2834,2877,4,21,71
Cable inp,250,50,10,10,1,1,6,4,16,100,90,0.05,5,20,5,True,True,224.872,16,1500,1448,1448,0,48,22700.8125,415,680,False,False,43.742,16,1500,1448,1425,0,48,30517.875,77,399,95,595,2846,2882,2841,2882,3,21,42
Cable inp,250,50,10,10,1,1,6,4,16,100,90,0.05,5,20,5,True,True,224.733,16,1500,1448,1448,0,48,22705.8125,408,652,True,False,44.972,16,1500,1448,1424,0,48,31085.125,89,468,104,596,2842,2880,2838,2881,4,21,51
Cable inp,250,50,10,10,1,1,6,4,16,100,90,0.05,5,20,5,True,True,224.746,16,1500,1448,1448,0,48,22554.375,420,663,True,False,44.463,16,1500,1448,1424,0,48,31060.5,71,396,67,595,2841,2880,2833,2881,2,21,57
Cable inp,250,50,10,10,1,1,6,4,16,100,90,0.05,5,20,5,True,True,224.868,16,1500,1448,1448,0,48,22617.0625,424,690,True,False,43.987,16,1500,1448,1424,0,48,31259.9375,104,392,120,624,2852,2879,2849,2878,4,22,88
Cable inp,250,50,10,10,1,1,6,4,16,100,90,0.05,5,20,5,True,True,224.367,16,1500,1448,1448,0,48,22689.125,392,721,True,False,44.991,16,1500,1448,1424,0,48,30772,67,422,78,620,2844,2880,2838,2879,3,22,4
Cable inp,250,50,10,10,1,1,6,4,16,100,90,0.05,5,20,5,True,True,224.428,16,1500,1448,1448,0,48,22901.9375,408,726,True,False,45.091,16,1500,1448,1424,0,48,30952.4375,101,390,121,657,2847,2882,2841,2883,4,23,12
Cable inc,250,50,10,10,1,8,1,4,16,100,90,0.05,5,20,5,True,True,224.859,17,1500,1448,1448,0,51,22843.58823529412,389,740,True,False,44.589,17,1500,1448,1425,0,51,32194.58823529412,69,425,83,666,2843,2882,2831,2882,3,23,79
Cable inc,250,50,10,10,1,8,1,4,16,100,90,0.05,5,20,5,True,True,224.991,17,1500,1448,1448,0,51,22699.70588235294,402,736,True,False,44.244,17,1500,1448,1425,0,51,31809.941176470587,84,404,90,684,2846,2881,2844,2882,3,24,50
Cable inc,250,50,10,10,1,8,1,4,16,100,90,0.05,5,20,5,True,True,224.988,17,1500,1448,1448,0,51,22400.823529411766,438,750,True,False,43.722,17,1500,1448,1424,0,51,32315.529411764706,69,407,82,644,2846,2882,2850,2882,3,22,23
Cable inc,250,50,10,10,1,8,1,4,16,100,90,0.05,5,20,5,True,True,224.744,17,1500,1448,1448,0,51,22718.41176470588,402,763,True,False,43.337,17,1500,1448,1425,0,51,31975.41176470588,59,367,70,698,2848,2885,2848,2885,2,24,68
Cable inc,250,50,10,10,1,8,1,4,16,100,90,0.05,5,20,5,True,True,224.856,17,1500,1448,1448,0,51,23111.823529411766,369,721,True,False,43.589,17,1500,1448,1425,0,51,32322.764705882353,57,440,80,655,2849,2886,2849,2887,3,23,92
Cable inc,250,50,10,10,1,8,1,4,16,100,90,0.05,5,20,5,True,True,224.724,17,1500,1448,1448,0,51,23081.352941176472,406,735,True,False,44.375,17,1500,1448,1424,0,51,31796.117647058825,73,395,96,703,2849,2879,2847,2879,3,24,95
Cable inc,250,50,10,10,1,8,1,4,16,100,90,0.05,5,20,5,True,True,225.496,17,1500,1448,1448,0,51,22738,394,712,True,False,43.996,17,1500,1448,1425,0,51,31993.941176470587,64,386,79,661,2833,2881,2828,2882,3,23,46
Cable inc,250,50,10,10,1,8,1,4,16,100,90,0.05,5,20,5,True,False,224.481,17,1500,1448,1448,0,51,22726.117647058825,395,717,True,False,43.373,17,1500,1448,1424,0,51,32649.58823529412,50,376,83,669,2845,2883,2838,2883,3,23,93
Cable inc,250,50,10,10,1,8,1,4,16,100,90,0.05,5,20,5,True,True,224.747,17,1500,1448,1448,0,51,23224.058823529413,363,731,True,False,43.582,17,1500,1448,1425,0,51,32360,59,416,68,657,2844,2883,2837,2884,2,23,17
Cable inc,250,50,10,10,1,8,1,4,16,100,90,0.05,5,20,5,True,True,224.936,17,1500,1448,1448,0,51,22948,402,711,True,False,43.980,17,1500,1448,1424,0,51,31698.882352941175,94,417,101,666,2848,2884,2848,2882,4,23,29
Cable inc,250,50,10,10,1,8,1,4,16,100,90,0.05,5,20,5,True,True,225.119,17,1500,1448,1448,0,51,22745.823529411766,400,733,True,False,45.721,17,1500,1448,1425,0,51,31959.41176470588,67,360,91,684,2845,2880,2838,2880,3,24,20
Cable inc,250,50,10,10,1,8,1,4,16,100,90,0.05,5,20,5,True,True,224.748,17,1500,1448,1448,0,51,22916.941176470587,399,722,True,False,44.124,17,1500,1448,1424,0,51,32180,106,426,123,688,2850,2886,2847,2886,4,24,31
Cable inc,250,50,10,10,1,8,1,4,16,100,90,0.05,5,20,5,True,True,225.250,17,1500,1448,1448,0,51,22412.647058823528,417,635,True,False,44.121,17,1500,1448,1424,0,51,31493.470588235294,95,386,119,603,2841,2880,2834,2880,4,21,84
Cable inc,250,50,10,10,1,8,1,4,16,100,90,0.05,5,20,5,True,True,225.122,17,1500,1448,1448,0,51,22937.529411764706,386,749,True,False,44.249,17,1500,1448,1425,0,51,32827.82352941176,66,386,75,692,2824,2882,2824,2883,3,24,13
Cable inc,250,50,10,10,1,8,1,4,16,100,90,0.05,5,20,5,True,True,225.112,17,1500,1448,1448,0,51,23277.470588235294,410,719,True,False,45.344,17,1500,1448,1425,0,51,32394.41176470588,64,392,68,654,2850,2881,2845,2881,2,23,62
Cable inc,250,50,10,10,1,8,1,4,16,100,90,0.05,5,20,5,True,True,224.868,17,1500,1448,1448,0,51,22700.470588235294,394,765,True,False,43.587,17,1500,1448,1425,0,51,32130.823529411766,77,412,82,701,2838,2884,2838,2885,3,24,75
Cable inc,250,50,10,10,1,8,1,4,16,100,90,0.05,5,20,5,True,True,224.864,17,1500,1448,1448,0,51,22978.529411764706,414,749,True,False,44.124,17,1500,1448,1424,0,51,32170.176470588234,87,430,85,691,2828,2880,2824,2881,3,24,9
Cable inc,250,50,10,10,1,8,1,4,16,100,90,0.05,5,20,5,True,True,224.870,17,1500,1448,1448,0,51,22826.29411764706,394,690,True,False,43.471,17,1500,1448,1425,0,51,32080,90,406,116,657,2830,2880,2830,2880,4,23,44
Cable inc,250,50,10,10,1,8,1,4,16,100,90,0.05,5,20,5,True,True,225.116,17,1500,1448,1448,0,51,22720,385,738,True,False,43.489,17,1500,1448,1424,0,51,32392.823529411766,78,425,85,680,2844,2883,2841,2883,3,24,48
Cable inc,250,50,10,10,1,8,1,4,16,100,90,0.05,5,20,5,True,True,225.478,17,1500,1448,1448,0,51,23719.882352941175,451,686,True,False,43.473,17,1500,1448,1425,0,51,32047.941176470587,51,388,76,629,2839,2879,2822,2879,3,22,99
Cable inc,250,50,10,10,1,8,1,4,16,100,90,0.05,5,20,5,True,True,225.351,17,1500,1448,1448,0,51,23185.882352941175,358,735,True,False,46.243,17,1500,1448,1424,0,51,32393.41176470588,188,388,273,716,2835,2882,2824,2882,10,25,56
Cable inc,250,50,10,10,1,8,1,4,16,100,90,0.05,5,20,5,True,True,225.117,17,1500,1448,1448,0,51,23001.58823529412,381,708,True,False,45.104,17,1500,1448,1424,0,51,32871.117647058825,83,379,83,655,2831,2881,2825,2881,3,23,32
Cable inc,250,50,10,10,1,8,1,4,16,100,90,0.05,5,20,5,True,True,224.372,17,1500,1448,1448,0,51,22701.058823529413,393,754,True,False,43.991,17,1500,1448,1424,0,53,31831.058823529413,59,383,77,693,2831,2882,2825,2882,3,24,78
Cable inc,250,50,10,10,1,8,1,4,16,100,90,0.05,5,20,5,True,True,225.372,17,1500,1448,1448,0,51,23140.823529411766,367,735,True,False,43.332,17,1500,1448,1425,0,51,32098.529411764706,80,390,94,656,2847,2881,2844,2882,3,23,38
Cable inc,250,50,10,10,1,8,1,4,16,100,90,0.05,5,20,5,True,True,224.865,17,1500,1448,1448,0,51,22672.764705882353,403,747,False,False,44.107,17,1500,1448,1425,0,51,31873.470588235294,87,385,97,681,2843,2881,2834,2881,3,24,26
Cable inc,250,50,10,10,1,8,1,4,16,100,90,0.05,5,20,5,True,True,225.249,17,1500,1448,1448,0,51,22386.470588235294,430,622,True,False,44.345,17,1500,1448,1425,0,51,32525.41176470588,61,423,84,581,2844,2883,2832,2883,3,20,69
Cable inc,250,50,10,10,1,8,1,4,16,100,90,0.05,5,20,5,True,True,224.994,17,1500,1448,1448,0,51,22663.176470588234,415,721,True,False,43.351,17,1500,1448,1424,0,51,32150.529411764706,92,416,88,670,2849,2883,2847,2884,3,23,34
Cable inc,250,50,10,10,1,8,1,4,16,100,90,0.05,5,20,5,True,True,224.867,17,1500,1448,1448,0,51,22773.647058823528,411,688,True,False,43.358,17,1500,1448,1425,0,51,31779.352941176472,74,436,82,653,2846,2883,2846,2884,3,23,58
Cable inc,250,50,10,10,1,8,1,4,16,100,90,0.05,5,20,5,True,True,224.309,17,1500,1448,1448,0,51,22871.70588235294,402,727,True,False,43.850,17,1500,1448,1425,0,51,32113.58823529412,57,398,71,656,2842,2881,2839,2880,3,23,30
Cable inc,250,50,10,10,1,8,1,4,16,100,90,0.05,5,20,5,True,True,224.619,17,1500,1448,1448,0,51,22900,404,723,True,False,44.721,17,1500,1448,1424,0,51,32134.352941176472,71,383,85,658,2824,2880,2820,2880,3,23,70
Cable inc,250,50,10,10,1,8,1,4,16,100,90,0.05,5,20,5,True,True,224.727,17,1500,1448,1448,0,51,23181,375,728,True,False,45.580,17,1500,1448,1425,0,51,32680.058823529413,67,409,75,658,2846,2879,2844,2880,3,23,24
Cable inc,250,50,10,10,1,8,1,4,16,100,90,0.05,5,20,5,True,True,224.872,17,1500,1448,1448,0,51,22771.764705882353,404,732,True,False,44.246,17,1500,1448,1424,0,51,31595.235294117647,65,358,63,671,2834,2881,2830,2881,2,23,52
Cable inc,250,50,10,10,1,8,1,4,16,100,90,0.05,5,20,5,True,True,225.236,17,1500,1448,1448,0,51,22723.235294117647,388,721,False,False,43.723,17,1500,1448,1425,0,51,31470.823529411766,88,383,84,643,2846,2880,2838,2881,3,22,36
Cable inc,250,50,10,10,1,8,1,4,16,100,90,0.05,5,20,5,True,True,224.999,17,1500,1448,1448,0,51,23128.882352941175,362,749,True,False,43.965,17,1500,1448,1424,0,51,32008.41176470588,60,435,79,672,2833,2883,2827,2883,3,23,2
Cable inc,250,50,10,10,1,8,1,4,16,100,90,0.05,5,20,5,True,True,224.604,17,1500,1448,1448,0,51,22732.58823529412,405,758,True,False,45.364,17,1500,1448,1424,0,51,31757.58823529412,78,414,94,698,2847,2882,2846,2881,3,24,5
Cable inc,250,50,10,10,1,8,1,4,16,100,90,0.05,5,20,5,True,True,224.870,17,1500,1448,1448,0,51,22808,389,723,True,False,43.211,17,1500,1448,1424,0,51,32319.647058823528,105,383,150,696,2844,2881,2832,2881,5,24,89
Cable inc,250,50,10,10,1,8,1,4,16,100,90,0.05,5,20,5,True,True,224.992,17,1500,1448,1448,0,51,22847.117647058825,394,712,True,False,45.457,17,1500,1448,1425,0,51,32193,73,387,81,652,2839,2878,2832,2878,3,23,74
Cable inc,250,50,10,10,1,8,1,4,16,100,90,0.05,5,20,5,True,True,225.000,17,1500,1448,1448,0,51,22731.882352941175,427,757,True,False,44.110,17,1500,1448,1425,0,51,32052.470588235294,57,412,80,709,2849,2883,2848,2884,3,25,91
Cable inc,250,50,10,10,1,8,1,4,16,100,90,0.05,5,20,5,True,True,224.979,17,1500,1448,1448,0,51,22911.29411764706,383,754,True,False,46.123,17,1500,1448,1425,0,51,32395.41176470588,63,397,70,686,2825,2883,2817,2883,2,24,53
Cable inc,250,50,10,10,1,8,1,4,16,100,90,0.05,5,20,5,True,True,224.747,17,1500,1448,1448,0,51,22867.823529411766,403,689,True,False,43.739,17,1500,1448,1425,0,51,32209.29411764706,119,437,134,656,2853,2884,2849,2885,5,23,21
Cable inc,250,50,10,10,1,8,1,4,16,100,90,0.05,5,20,5,True,True,224.859,17,1500,1448,1448,0,51,23447.176470588234,464,695,True,False,43.499,17,1500,1448,1425,0,51,32352,91,435,100,639,2832,2881,2835,2881,4,22,55
Cable inc,250,50,10,10,1,8,1,4,16,100,90,0.05,5,20,5,True,True,224.929,17,1500,1448,1448,0,51,23168.764705882353,377,705,True,False,44.362,17,1500,1448,1425,0,51,31814.352941176472,84,429,86,638,2846,2882,2839,2882,3,22,27
Cable inc,250,50,10,10,1,8,1,4,16,100,90,0.05,5,20,5,True,True,224.874,17,1500,1448,1448,0,51,22735.941176470587,405,726,True,False,44.715,17,1500,1448,1424,0,51,31860.41176470588,88,418,108,658,2837,2882,2829,2881,4,23,77
Cable inc,250,50,10,10,1,8,1,4,16,100,90,0.05,5,20,5,True,True,224.870,17,1500,1448,1448,0,51,23159.176470588234,368,713,True,False,43.123,17,1500,1448,1425,0,51,31814.764705882353,74,422,84,648,2853,2885,2850,2885,3,22,85
Cable inc,250,50,10,10,1,8,1,4,16,100,90,0.05,5,20,5,True,True,224.621,17,1500,1448,1448,0,51,22910.352941176472,407,739,True,False,43.483,17,1500,1448,1425,0,51,31815,61,407,69,680,2846,2880,2846,2880,2,24,86
Cable inc,250,50,10,10,1,8,1,4,16,100,90,0.05,5,20,5,True,True,224.728,17,1500,1448,1448,0,51,22831.823529411766,392,728,True,False,45.101,17,1500,1448,1424,0,51,31971.882352941175,65,390,84,668,2849,2882,2848,2883,3,23,18
Cable inc,250,50,10,10,1,8,1,4,16,100,90,0.05,5,20,5,True,True,224.995,17,1500,1448,1448,0,51,23172.882352941175,374,737,True,False,44.870,17,1500,1448,1425,0,51,32281.176470588234,73,367,90,656,2841,2881,2839,2881,3,23,22
Cable inc,250,50,10,10,1,8,1,4,16,100,90,0.05,5,20,5,True,True,224.962,17,1500,1448,1448,0,51,22679.176470588234,415,710,True,False,43.966,17,1500,1448,1425,0,51,32215.117647058825,71,385,87,665,2843,2878,2838,2879,3,23,81
Cable inc,250,50,10,10,1,8,1,4,16,100,90,0.05,5,20,5,True,True,224.788,17,1500,1448,1448,0,51,22728.352941176472,400,730,True,False,44.246,17,1500,1448,1424,0,51,31942.529411764706,86,432,108,687,2851,2888,2849,2889,4,24,64
Cable inc,250,50,10,10,1,8,1,4,16,100,90,0.05,5,20,5,True,True,224.486,17,1500,1448,1448,0,51,23448.764705882353,458,685,True,False,43.984,17,1500,1448,1425,0,51,31935.352941176472,83,379,97,633,2845,2882,2841,2882,3,22,7
Cable inc,250,50,10,10,1,8,1,4,16,100,90,0.05,5,20,5,True,True,224.744,17,1500,1448,1448,0,51,23311.882352941175,425,727,True,False,44.485,17,1500,1448,1424,0,51,32195.176470588234,95,404,92,647,2826,2880,2824,2880,3,22,76
Cable inc,250,50,10,10,1,8,1,4,16,100,90,0.05,5,20,5,True,True,225.116,17,1500,1448,1448,0,51,22709.352941176472,403,716,True,False,44.874,17,1500,1448,1425,0,51,32013.470588235294,65,394,72,662,2845,2885,2841,2885,3,23,98
Cable inc,250,50,10,10,1,8,1,4,16,100,90,0.05,5,20,5,True,True,225.235,17,1500,1448,1448,0,51,22738.70588235294,379,736,True,False,43.619,17,1500,1448,1424,0,51,31680.058823529413,100,392,130,713,2829,2887,2823,2888,5,25,19
Cable inc,250,50,10,10,1,8,1,4,16,100,90,0.05,5,20,5,True,True,224.868,17,1500,1448,1448,0,51,22897.529411764706,390,748,True,False,44.245,17,1500,1448,1424,0,51,32139.352941176472,76,403,79,685,2847,2881,2842,2881,3,24,28
Cable inc,250,50,10,10,1,8,1,4,16,100,90,0.05,5,20,5,True,True,225.121,17,1500,1448,1448,0,51,22833.58823529412,401,708,True,False,43.478,17,1500,1448,1424,0,51,31776.352941176472,84,404,107,676,2845,2882,2833,2882,4,23,67
Cable inc,250,50,10,10,1,8,1,4,16,100,90,0.05,5,20,5,True,True,224.988,17,1500,1448,1448,0,51,22702.70588235294,402,747,True,False,43.626,17,1500,1448,1425,0,51,32279.882352941175,66,411,81,695,2851,2883,2844,2883,3,24,61
Cable inc,250,50,10,10,1,8,1,4,16,100,90,0.05,5,20,5,True,True,224.999,17,1500,1448,1448,0,51,23018.058823529413,408,741,True,False,45.085,17,1500,1448,1425,0,51,31888.470588235294,91,396,117,707,2832,2881,2828,2882,4,25,1
Cable inc,250,50,10,10,1,8,1,4,16,100,90,0.05,5,20,5,True,True,224.996,17,1500,1448,1448,0,51,22804.235294117647,400,729,True,False,43.843,17,1500,1448,1425,0,51,32637.823529411766,67,429,77,679,2847,2884,2848,2885,3,24,66
Cable inc,250,50,10,10,1,8,1,4,16,100,90,0.05,5,20,5,True,True,224.990,17,1500,1448,1448,0,51,22674.70588235294,410,741,True,False,46.099,17,1500,1448,1425,0,51,32060.41176470588,79,404,115,696,2847,2883,2841,2884,4,24,40
Cable inc,250,50,10,10,1,8,1,4,16,100,90,0.05,5,20,5,True,False,224.676,17,1500,1448,1448,0,51,22729.235294117647,399,715,True,False,44.467,17,1500,1448,1424,0,51,32744.764705882353,101,422,120,676,2852,2887,2851,2883,4,23,73
Cable inc,250,50,10,10,1,8,1,4,16,100,90,0.05,5,20,5,True,True,224.863,17,1500,1448,1448,0,51,22687.764705882353,399,769,True,False,43.968,17,1500,1448,1424,0,51,32415.647058823528,59,434,63,698,2849,2886,2847,2887,2,24,49
Cable inc,250,50,10,10,1,8,1,4,16,100,90,0.05,5,20,5,True,True,224.623,17,1500,1448,1448,0,51,22883.352941176472,382,718,True,False,45.480,17,1500,1448,1425,0,51,32201,85,417,81,658,2827,2881,2827,2882,3,23,60
Cable inc,250,50,10,10,1,8,1,4,16,100,90,0.05,5,20,5,True,True,224.740,17,1500,1448,1448,0,51,23523.823529411766,460,702,True,False,44.875,17,1500,1448,1424,0,57,32710.529411764706,157,399,256,689,2831,2887,2828,2888,9,24,41
Cable inc,250,50,10,10,1,8,1,4,16,100,90,0.05,5,20,5,True,True,225.216,17,1500,1448,1448,0,51,22742.176470588234,397,749,True,False,44.120,17,1500,1448,1424,0,51,32424.058823529413,68,378,82,678,2835,2882,2828,2883,3,24,10
Cable inc,250,50,10,10,1,8,1,4,16,100,90,0.05,5,20,5,True,True,224.978,17,1500,1448,1448,0,51,22905.529411764706,398,746,True,False,44.498,17,1500,1448,1424,0,51,32410.529411764706,88,371,104,693,2850,2883,2847,2883,4,24,37
Cable inc,250,50,10,10,1,8,1,4,16,100,90,0.05,5,20,5,True,True,225.117,17,1500,1448,1448,0,51,23086.529411764706,357,712,True,False,44.233,17,1500,1448,1425,0,51,32183.235294117647,74,422,85,651,2847,2880,2844,2881,3,23,100
Cable inc,250,50,10,10,1,8,1,4,16,100,90,0.05,5,20,5,True,True,224.856,17,1500,1448,1448,0,51,22812,395,725,True,False,45.817,17,1500,1448,1424,0,51,32458.647058823528,107,412,122,675,2846,2881,2843,2881,4,23,35
Cable inc,250,50,10,10,1,8,1,4,16,100,90,0.05,5,20,5,True,True,224.740,17,1500,1448,1448,1,51,23468.058823529413,456,680,True,False,43.238,17,1500,1448,1424,0,51,32188.764705882353,65,435,69,618,2846,2880,2845,2881,2,21,11
Cable inc,250,50,10,10,1,8,1,4,16,100,90,0.05,5,20,5,True,True,225.119,17,1500,1448,1448,0,51,22866.117647058825,389,741,True,False,43.718,17,1500,1448,1425,0,51,32408.70588235294,155,385,256,729,2837,2884,2832,2884,9,25,94
Cable inc,250,50,10,10,1,8,1,4,16,100,90,0.05,5,20,5,True,True,225.111,17,1500,1448,1448,0,51,22863.058823529413,393,733,True,False,45.980,17,1500,1448,1424,0,51,32461.41176470588,57,409,89,693,2832,2883,2824,2884,3,24,87
Cable inc,250,50,10,10,1,8,1,4,16,100,90,0.05,5,20,5,True,True,225.112,17,1500,1448,1448,0,51,22656.41176470588,401,742,True,False,45.121,17,1500,1448,1424,0,51,32451.470588235294,85,421,82,675,2849,2882,2847,2881,3,23,90
Cable inc,250,50,10,10,1,8,1,4,16,100,90,0.05,5,20,5,True,True,224.872,17,1500,1448,1448,0,51,22827.647058823528,406,734,True,False,45.107,17,1500,1448,1425,0,51,31921.647058823528,66,390,90,692,2851,2883,2849,2883,3,24,6
Cable inc,250,50,10,10,1,8,1,4,16,100,90,0.05,5,20,5,True,True,225.103,17,1500,1448,1448,0,51,22693.235294117647,401,756,True,False,43.846,17,1500,1448,1424,0,51,31787.470588235294,79,423,106,719,2851,2884,2849,2884,4,25,25
Cable inc,250,50,10,10,1,8,1,4,16,100,90,0.05,5,20,5,True,True,224.989,17,1500,1448,1448,0,51,23120.176470588234,365,719,True,False,43.744,17,1500,1448,1424,0,53,32297.235294117647,65,406,81,661,2843,2879,2826,2880,3,23,65
Cable inc,250,50,10,10,1,8,1,4,16,100,90,0.05,5,20,5,True,True,224.745,17,1500,1448,1448,0,51,23092.352941176472,375,706,True,False,43.324,17,1500,1448,1424,0,51,31702.352941176472,65,387,75,659,2843,2881,2839,2880,3,23,54
Cable inc,250,50,10,10,1,8,1,4,16,100,90,0.05,5,20,5,True,True,224.864,17,1500,1448,1448,0,51,22792.176470588234,404,695,True,False,44.214,17,1500,1448,1425,0,51,32344.117647058825,60,344,86,663,2835,2883,2842,2882,3,23,39
Cable inc,250,50,10,10,1,8,1,4,16,100,90,0.05,5,20,5,True,True,224.865,17,1500,1448,1448,0,51,22725.941176470587,406,702,True,False,46.476,17,1500,1448,1424,0,51,32319.647058823528,73,399,98,664,2849,2880,2848,2880,3,23,3
Cable inc,250,50,10,10,1,8,1,4,16,100,90,0.05,5,20,5,True,True,225.238,17,1500,1448,1448,0,51,23287.529411764706,390,702,True,False,43.959,17,1500,1448,1424,0,51,32312.882352941175,83,404,85,639,2851,2880,2849,2879,3,22,97
Cable inc,250,50,10,10,1,8,1,4,16,100,90,0.05,5,20,5,True,True,224.868,17,1500,1448,1448,0,51,23208.176470588234,368,712,True,False,45.350,17,1500,1448,1424,0,51,32337.58823529412,75,411,81,646,2829,2879,2826,2879,3,22,33
Cable inc,250,50,10,10,1,8,1,4,16,100,90,0.05,5,20,5,True,True,224.496,17,1500,1448,1448,0,51,23166.882352941175,349,726,True,False,43.742,17,1500,1448,1424,0,51,31874.470588235294,81,380,94,656,2851,2884,2851,2886,3,23,47
Cable inc,250,50,10,10,1,8,1,4,16,100,90,0.05,5,20,5,True,True,224.743,17,1500,1448,1448,0,51,23026.70588235294,400,730,False,False,44.970,17,1500,1448,1425,0,51,31658.352941176472,75,428,77,660,2853,2884,2851,2883,3,23,96
Cable inc,250,50,10,10,1,8,1,4,16,100,90,0.05,5,20,5,True,True,224.747,17,1500,1448,1448,0,51,22835.58823529412,386,722,True,False,43.335,17,1500,1448,1425,0,51,31488.235294117647,85,401,87,668,2850,2884,2850,2885,3,23,72
Cable inc,250,50,10,10,1,8,1,4,16,100,90,0.05,5,20,5,True,True,224.997,17,1500,1448,1448,0,51,22724.176470588234,398,727,True,False,43.729,17,1500,1448,1424,0,51,32086.41176470588,80,414,103,672,2836,2879,2850,2879,4,23,16
Cable inc,250,50,10,10,1,8,1,4,16,100,90,0.05,5,20,5,True,True,224.866,17,1500,1448,1448,0,51,22835.882352941175,397,710,True,False,43.598,17,1500,1448,1424,0,51,31921.058823529413,64,408,79,655,2843,2886,2846,2886,3,23,8
Cable inc,250,50,10,10,1,8,1,4,16,100,90,0.05,5,20,5,True,True,225.117,17,1500,1448,1448,0,51,22862.235294117647,397,725,True,False,45.336,17,1500,1448,1424,0,51,31267.235294117647,69,382,92,663,2848,2883,2848,2884,3,23,14
Cable inc,250,50,10,10,1,8,1,4,16,100,90,0.05,5,20,5,True,True,225.121,17,1500,1448,1448,1,51,22685.823529411766,387,741,True,False,43.458,17,1500,1448,1425,0,51,32054.70588235294,85,443,111,706,2852,2884,2850,2882,4,25,82
Cable inc,250,50,10,10,1,8,1,4,16,100,90,0.05,5,20,5,True,True,225.113,17,1500,1448,1448,0,51,22855.470588235294,409,738,True,False,43.482,17,1500,1448,1425,0,51,31933.823529411766,87,443,107,678,2852,2881,2851,2881,4,24,45
Cable inc,250,50,10,10,1,8,1,4,16,100,90,0.05,5,20,5,True,True,225.240,17,1500,1448,1448,0,51,23028.058823529413,400,702,True,False,43.714,17,1500,1448,1424,0,51,32242.41176470588,59,408,75,664,2850,2883,2851,2882,3,23,43
Cable inc,250,50,10,10,1,8,1,4,16,100,90,0.05,5,20,5,True,True,225.117,17,1500,1448,1448,0,51,22777.352941176472,398,717,True,False,45.364,17,1500,1448,1425,0,52,32087.529411764706,64,408,91,664,2839,2882,2832,2882,3,23,83
Cable inc,250,50,10,10,1,8,1,4,16,100,90,0.05,5,20,5,True,True,224.855,17,1500,1448,1448,0,51,22880.470588235294,412,727,True,False,43.993,17,1500,1448,1425,0,51,31641.823529411766,76,360,88,677,2824,2884,2817,2884,3,23,63
Cable inc,250,50,10,10,1,8,1,4,16,100,90,0.05,5,20,5,True,True,225.056,17,1500,1448,1448,0,51,22934.058823529413,390,734,True,False,43.861,17,1500,1448,1424,0,51,32200.882352941175,80,414,87,680,2840,2881,2832,2881,3,24,80
Cable inc,250,50,10,10,1,8,1,4,16,100,90,0.05,5,20,5,True,True,224.863,17,1500,1448,1448,0,51,22762.70588235294,397,721,True,False,43.487,17,1500,1448,1424,0,51,31974,67,423,85,673,2840,2879,2827,2880,3,23,59
Cable inc,250,50,10,10,1,8,1,4,16,100,90,0.05,5,20,5,True,True,224.614,17,1500,1448,1448,0,51,22983.882352941175,381,720,True,False,44.251,17,1500,1448,1425,0,51,32113.470588235294,79,421,86,669,2846,2887,2843,2888,3,23,15
Cable inc,250,50,10,10,1,8,1,4,16,100,90,0.05,5,20,5,True,True,224.748,17,1500,1448,1448,0,51,22892.29411764706,397,742,True,False,43.465,17,1500,1448,1425,0,51,32628.470588235294,77,420,96,695,2851,2886,2851,2887,3,24,71
Cable inc,250,50,10,10,1,8,1,4,16,100,90,0.05,5,20,5,True,True,225.117,17,1500,1448,1448,0,51,23067.529411764706,387,728,True,False,43.492,17,1500,1448,1425,0,51,32077.41176470588,56,377,59,662,2837,2884,2830,2885,2,23,42
Cable inc,250,50,10,10,1,8,1,4,16,100,90,0.05,5,20,5,True,True,224.502,17,1500,1448,1448,0,51,22772.70588235294,388,714,True,False,43.847,17,1500,1448,1424,0,51,31084,68,419,95,678,2836,2880,2826,2880,3,24,51
Cable inc,250,50,10,10,1,8,1,4,16,100,90,0.05,5,20,5,True,True,224.003,17,1500,1448,1448,0,51,22810.58823529412,397,754,True,False,45.363,17,1500,1448,1424,0,51,31357.470588235294,69,421,81,690,2850,2885,2852,2886,3,24,57
Cable inc,250,50,10,10,1,8,1,4,16,100,90,0.05,5,20,5,True,True,224.999,17,1500,1448,1448,0,51,23228.117647058825,364,693,True,False,43.618,17,1500,1448,1424,0,51,32142.352941176472,78,407,99,634,2841,2879,2837,2880,4,22,88
Cable inc,250,50,10,10,1,8,1,4,16,100,90,0.05,5,20,5,True,True,224.999,17,1500,1448,1448,0,51,22712.882352941175,384,721,True,False,43.858,17,1500,1448,1425,0,51,31922.823529411766,69,387,68,669,2846,2885,2843,2885,2,23,4
Cable inc,250,50,10,10,1,8,1,4,16,100,90,0.05,5,20,5,True,True,225.497,17,1500,1448,1448,0,51,23105.882352941175,377,680,True,False,43.490,17,1500,1448,1424,0,51,31816.764705882353,84,417,95,629,2845,2883,2848,2883,3,22,12
Cable inc,250,50,10,10,1,2,1,4,16,100,90,0.05,5,20,5,True,True,225.243,17,1500,1448,1448,0,51,22713.117647058825,384,694,True,False,44.338,17,1500,1448,1424,0,51,32109.41176470588,83,406,115,665,2849,2880,2848,2881,4,23,79
Cable inc,250,50,10,10,1,2,1,4,16,100,90,0.05,5,20,5,True,True,225.360,17,1500,1448,1448,0,51,22729.764705882353,396,709,False,False,43.120,17,1500,1448,1424,0,51,32493.176470588234,62,400,65,634,2831,2881,2826,2881,2,22,50
Cable inc,250,50,10,10,1,2,1,4,16,100,90,0.05,5,20,5,True,True,224.738,17,1500,1448,1448,0,51,23086.529411764706,354,723,True,False,44.103,17,1500,1448,1425,0,51,31755.823529411766,82,390,82,644,2834,2884,2835,2883,3,22,23
Cable inc,250,50,10,10,1,2,1,4,16,100,90,0.05,5,20,5,True,True,224.743,17,1500,1448,1448,0,51,22988.41176470588,384,723,True,False,43.355,17,1500,1448,1425,0,51,32092.941176470587,61,440,74,634,2852,2886,2851,2883,3,22,68
Cable inc,250,50,10,10,1,2,1,4,16,100,90,0.05,5,20,5,True,True,224.489,17,1500,1448,1448,0,51,23053.058823529413,368,758,False,False,44.208,17,1500,1448,1424,0,51,31748.235294117647,93,409,50,654,2842,2885,2842,2886,2,23,92
Cable inc,250,50,10,10,1,2,1,4,16,100,90,0.05,5,20,5,True,True,224.867,17,1500,1448,1448,0,51,23191.235294117647,359,742,True,False,44.732,17,1500,1448,1425,0,51,32086.176470588234,64,377,75,638,2832,2878,2832,2878,3,22,95
Cable inc,250,50,10,10,1,2,1,4,16,100,90,0.05,5,20,5,True,True,225.117,17,1500,1448,1448,0,51,22735.29411764706,389,702,True,False,42.473,17,1500,1448,1425,0,51,31834.764705882353,59,414,74,654,2850,2882,2849,2882,3,23,46
Cable inc,250,50,10,10,1,2,1,4,16,100,90,0.05,5,20,5,True,True,224.990,17,1500,1448,1448,0,51,22934.176470588234,378,689,True,False,45.723,17,1500,1448,1425,0,51,31491.29411764706,64,411,78,642,2840,2882,2830,2882,3,22,93
Cable inc,250,50,10,10,1,2,1,4,16,100,90,0.05,5,20,5,True,True,225.040,17,1500,1448,1448,0,51,22856.117647058825,373,713,True,False,45.735,17,1500,1448,1425,0,51,32352.29411764706,59,424,81,667,2847,2879,2849,2880,3,23,17
Cable inc,250,50,10,10,1,2,1,4,16,100,90,0.05,5,20,5,True,True,224.746,17,1500,1448,1448,0,51,22822.529411764706,378,744,True,False,45.487,17,1500,1448,1424,0,51,32815.117647058825,87,419,75,654,2848,2880,2845,2879,3,23,29
Cable inc,250,50,10,10,1,2,1,4,16,100,90,0.05,5,20,5,True,True,224.871,17,1500,1448,1448,0,51,22678.352941176472,380,730,True,False,43.218,17,1500,1448,1425,0,51,32024.058823529413,66,427,89,689,2851,2881,2849,2881,3,24,20
Cable inc,250,50,10,10,1,2,1,4,16,100,90,0.05,5,20,5,True,True,224.998,17,1500,1448,1448,0,51,22796.235294117647,380,683,True,False,44.494,17,1500,1448,1424,0,51,32163.29411764706,108,402,195,668,2835,2882,2826,2882,7,23,31
Cable inc,250,50,10,10,1,2,1,4,16,100,90,0.05,5,20,5,True,True,224.977,17,1500,1448,1448,0,51,22807.352941176472,387,651,True,False,42.370,17,1500,1448,1425,0,51,32576.470588235294,56,405,60,580,2847,2882,2846,2882,2,20,84
Cable inc,250,50,10,10,1,2,1,4,16,100,90,0.05,5,20,5,True,True,225.375,17,1500,1448,1448,0,51,23274.235294117647,360,806,True,False,44.968,17,1500,1448,1425,0,54,32263.70588235294,62,410,69,686,2844,2885,2836,2885,2,24,13
Cable inc,250,50,10,10,1,2,1,4,16,100,90,0.05,5,20,5,True,True,225.109,17,1500,1448,1448,0,51,22733.058823529413,386,746,True,False,46.362,17,1500,1448,1424,0,51,31724.235294117647,77,362,91,700,2826,2882,2823,2883,3,24,62
Cable inc,250,50,10,10,1,2,1,4,16,100,90,0.05,5,20,5,True,True,224.677,17,1500,1448,1448,0,51,23185.882352941175,355,736,False,False,45.864,17,1500,1448,1425,0,51,32054.823529411766,57,365,59,639,2850,2883,2847,2882,2,22,75
Cable inc,250,50,10,10,1,2,1,4,16,100,90,0.05,5,20,5,True,True,224.493,17,1500,1448,1448,0,51,23089.176470588234,360,691,True,False,43.247,17,1500,1448,1425,0,51,32016.941176470587,62,401,83,643,2849,2883,2851,2884,3,22,9
Cable inc,250,50,10,10,1,2,1,4,16,100,90,0.05,5,20,5,True,True,224.621,17,1500,1448,1448,0,51,22784.29411764706,377,684,True,False,44.219,17,1500,1448,1425,0,51,31812.470588235294,70,417,83,629,2847,2880,2844,2881,3,22,44
Cable inc,250,50,10,10,1,2,1,4,16,100,90,0.05,5,20,5,True,True,224.992,17,1500,1448,1448,0,51,22690.058823529413,388,729,True,False,43.727,17,1500,1448,1424,0,51,32040.764705882353,65,397,83,658,2853,2880,2849,2880,3,23,48
Cable inc,250,50,10,10,1,2,1,4,16,100,90,0.05,5,20,5,True,True,224.625,17,1500,1448,1448,0,51,22899.29411764706,387,727,True,False,42.976,17,1500,1448,1424,0,51,31869.882352941175,58,384,69,630,2852,2884,2852,2884,2,22,99
Cable inc,250,50,10,10,1,2,1,4,16,100,90,0.05,5,20,5,True,True,224.741,17,1500,1448,1448,0,51,22663.882352941175,384,704,False,False,43.351,17,1500,1448,1425,0,51,31943.235294117647,73,404,62,615,2828,2885,2823,2886,2,21,56
Cable inc,250,50,10,10,1,2,1,4,16,100,90,0.05,5,20,5,True,True,225.195,17,1500,1448,1448,0,51,22724.058823529413,388,711,True,False,44.961,17,1500,1448,1424,0,51,32078.529411764706,71,409,97,660,2844,2885,2831,2885,3,23,32
Cable inc,250,50,10,10,1,2,1,4,16,100,90,0.05,5,20,5,True,True,224.680,17,1500,1448,1448,0,51,22833.470588235294,368,699,True,False,46.990,17,1500,1448,1425,0,51,31630.882352941175,+Inf,NaN,354,697,2847,2884,2847,2884,12,24,78
Cable inc,250,50,10,10,1,2,1,4,16,100,90,0.05,5,20,5,True,True,225.119,17,1500,1448,1448,0,51,23355.764705882353,352,766,True,False,44.106,17,1500,1448,1425,0,51,33119.35294117647,+Inf,NaN,337,760,2835,2883,2832,2884,12,26,38
Cable inc,250,50,10,10,1,2,1,4,16,100,90,0.05,5,20,5,True,True,225.037,17,1500,1448,1448,0,51,22665.058823529413,395,699,True,False,43.975,17,1500,1448,1424,0,51,32150.70588235294,50,420,68,623,2844,2883,2841,2883,2,22,26
Cable inc,250,50,10,10,1,2,1,4,16,100,90,0.05,5,20,5,True,True,224.868,17,1500,1448,1448,0,51,22702.29411764706,393,720,True,False,43.746,17,1500,1448,1424,0,51,32312.529411764706,86,385,100,662,2843,2887,2835,2886,4,23,69
Cable inc,250,50,10,10,1,2,1,4,16,100,90,0.05,5,20,5,True,True,224.999,17,1500,1448,1448,0,51,22738.58823529412,382,696,True,False,44.582,17,1500,1448,1424,0,51,32273,62,403,58,636,2848,2883,2844,2883,2,22,34
Cable inc,250,50,10,10,1,2,1,4,16,100,90,0.05,5,20,5,True,True,225.114,17,1500,1448,1448,0,51,22890.41176470588,389,694,True,False,43.729,17,1500,1448,1424,0,51,31976,59,423,69,638,2842,2880,2833,2880,2,22,58
Cable inc,250,50,10,10,1,2,1,4,16,100,90,0.05,5,20,5,True,True,225.239,17,1500,1448,1448,0,51,22796.058823529413,380,688,True,False,43.847,17,1500,1448,1425,0,51,32232.235294117647,57,375,57,617,2840,2882,2830,2883,2,21,30
Cable inc,250,50,10,10,1,2,1,4,16,100,90,0.05,5,20,5,True,True,224.495,17,1500,1448,1448,0,51,22763.41176470588,381,689,True,False,45.232,17,1500,1448,1424,0,51,31502.29411764706,71,368,83,647,2840,2883,2836,2882,3,22,70
Cable inc,250,50,10,10,1,2,1,4,16,100,90,0.05,5,20,5,True,True,225.118,17,1500,1448,1448,0,51,22702.117647058825,379,677,True,False,45.593,17,1500,1448,1425,0,51,31859.29411764706,73,416,72,629,2839,2881,2829,2881,3,22,24
Cable inc,250,50,10,10,1,2,1,4,16,100,90,0.05,5,20,5,True,True,224.740,17,1500,1448,1448,0,51,22930.70588235294,382,696,True,False,44.350,17,1500,1448,1425,0,51,32047.882352941175,65,352,68,638,2849,2882,2848,2883,2,22,52
Cable inc,250,50,10,10,1,2,1,4,16,100,90,0.05,5,20,5,True,True,224.737,17,1500,1448,1448,0,51,22785.647058823528,391,718,True,False,43.368,17,1500,1448,1425,0,51,32317.058823529413,61,396,72,646,2836,2880,2831,2880,3,22,36
Cable inc,250,50,10,10,1,2,1,4,16,100,90,0.05,5,20,5,True,True,224.741,17,1500,1448,1448,0,51,22749.70588235294,392,734,True,False,44.840,17,1500,1448,1425,0,52,32619.470588235294,76,373,73,643,2845,2883,2842,2883,3,22,2
Cable inc,250,50,10,10,1,2,1,4,16,100,90,0.05,5,20,5,True,True,224.370,17,1500,1448,1448,0,51,22709.58823529412,379,663,True,False,43.369,17,1500,1448,1424,0,51,32046,74,367,95,628,2835,2880,2838,2882,3,22,5
Cable inc,250,50,10,10,1,2,1,4,16,100,90,0.05,5,20,5,True,True,224.869,17,1500,1448,1448,0,51,23158.70588235294,354,771,True,False,43.238,17,1500,1448,1425,0,51,32060.176470588234,84,371,105,712,2852,2886,2851,2887,4,25,89
Cable inc,250,50,10,10,1,2,1,4,16,100,90,0.05,5,20,5,True,True,225.117,17,1500,1448,1448,0,51,23146.470588235294,382,697,False,False,43.498,17,1500,1448,1424,0,51,32696.70588235294,63,372,70,625,2834,2884,2841,2885,2,22,74
Cable inc,250,50,10,10,1,2,1,4,16,100,90,0.05,5,20,5,True,True,224.866,17,1500,1448,1448,0,51,22988.117647058825,376,727,True,False,45.625,17,1500,1448,1424,0,51,31864.823529411766,58,429,58,637,2829,2879,2824,2880,2,22,91
Cable inc,250,50,10,10,1,2,1,4,16,100,90,0.05,5,20,5,True,True,224.864,17,1500,1448,1448,0,51,22459.70588235294,417,687,True,False,43.611,17,1500,1448,1424,0,51,32635,95,406,133,657,2842,2881,2842,2881,5,23,53
Cable inc,250,50,10,10,1,2,1,4,16,100,90,0.05,5,20,5,True,True,224.995,17,1500,1448,1448,0,51,23236.41176470588,353,743,True,False,44.713,17,1500,1448,1424,0,51,32421.70588235294,65,397,79,662,2825,2882,2825,2882,3,23,21
Cable inc,250,50,10,10,1,2,1,4,16,100,90,0.05,5,20,5,True,True,224.487,17,1500,1448,1448,0,51,22813.176470588234,373,681,True,False,44.475,17,1500,1448,1425,0,51,32058.235294117647,87,384,79,624,2830,2883,2821,2883,3,22,55
Cable inc,250,50,10,10,1,2,1,4,16,100,90,0.05,5,20,5,True,True,224.870,17,1500,1448,1448,0,51,22693.58823529412,383,710,True,False,42.971,17,1500,1448,1425,0,51,32235.941176470587,61,412,70,623,2849,2887,2845,2885,2,22,27
Cable inc,250,50,10,10,1,2,1,4,16,100,90,0.05,5,20,5,True,True,224.859,17,1500,1448,1448,0,51,22827.882352941175,383,698,True,False,43.246,17,1500,1448,1424,0,51,32054.058823529413,57,421,55,627,2848,2884,2846,2884,2,22,77
Cable inc,250,50,10,10,1,2,1,4,16,100,90,0.05,5,20,5,True,True,224.969,17,1500,1448,1448,0,51,23124.823529411766,362,690,True,False,45.344,17,1500,1448,1425,0,51,32064.882352941175,61,380,80,639,2850,2879,2847,2879,3,22,85
Cable inc,250,50,10,10,1,2,1,4,16,100,90,0.05,5,20,5,True,True,224.866,17,1500,1448,1448,0,51,23096.529411764706,372,682,False,False,44.454,17,1500,1448,1425,0,51,31685.29411764706,78,405,43,627,2832,2878,2830,2879,2,22,86
Cable inc,250,50,10,10,1,2,1,4,16,100,90,0.05,5,20,5,True,True,224.995,17,1500,1448,1448,0,51,22695.29411764706,388,687,True,False,43.603,17,1500,1448,1424,0,51,32239.58823529412,93,402,116,654,2850,2882,2849,2882,4,23,18
Cable inc,250,50,10,10,1,2,1,4,16,100,90,0.05,5,20,5,True,True,224.990,17,1500,1448,1448,0,51,22635.823529411766,389,711,True,False,42.739,17,1500,1448,1424,0,51,31915.529411764706,80,406,67,603,2833,2882,2833,2882,2,21,22
Cable inc,250,50,10,10,1,2,1,4,16,100,90,0.05,5,20,5,True,True,224.867,17,1500,1448,1448,1,51,23184.529411764706,355,765,True,False,43.985,17,1500,1448,1425,0,51,32000.941176470587,82,440,85,652,2831,2880,2830,2880,3,23,81
Cable inc,250,50,10,10,1,2,1,4,16,100,90,0.05,5,20,5,True,True,224.736,17,1500,1448,1448,0,51,23162.529411764706,369,775,True,False,44.714,17,1500,1448,1425,0,51,32171.117647058825,65,392,93,701,2847,2884,2840,2885,3,24,64
Cable inc,250,50,10,10,1,2,1,4,16,100,90,0.05,5,20,5,True,True,224.869,17,1500,1448,1448,0,51,22794.176470588234,379,728,True,False,44.104,17,1500,1448,1424,0,51,31822,109,389,134,692,2844,2881,2831,2882,5,24,7
Cable inc,250,50,10,10,1,2,1,4,16,100,90,0.05,5,20,5,True,True,224.931,17,1500,1448,1448,0,51,23057.352941176472,357,701,True,False,45.340,17,1500,1448,1424,0,51,31799.176470588234,62,390,88,654,2849,2883,2844,2884,3,23,76
Cable inc,250,50,10,10,1,2,1,4,16,100,90,0.05,5,20,5,True,True,225.124,17,1500,1448,1448,0,51,22639.70588235294,392,689,True,False,44.365,17,1500,1448,1424,0,51,32127.941176470587,65,410,70,623,2844,2883,2839,2883,2,22,98
Cable inc,250,50,10,10,1,2,1,4,16,100,90,0.05,5,20,5,True,True,224.496,17,1500,1448,1448,0,51,22661.235294117647,375,741,True,False,43.125,17,1500,1448,1425,0,51,32565.41176470588,67,374,80,662,2843,2882,2841,2882,3,23,19
Cable inc,250,50,10,10,1,2,1,4,16,100,90,0.05,5,20,5,True,True,225.246,17,1500,1448,1448,0,51,23003,370,686,True,False,44.467,17,1500,1448,1424,0,51,32511.058823529413,73,390,116,658,2846,2883,2845,2884,4,23,28
Cable inc,250,50,10,10,1,2,1,4,16,100,90,0.05,5,20,5,True,True,224.745,17,1500,1448,1448,0,51,22737.823529411766,369,700,True,False,43.872,17,1500,1448,1425,0,51,32200,86,409,94,632,2846,2883,2845,2884,3,22,67
Cable inc,250,50,10,10,1,2,1,4,16,100,90,0.05,5,20,5,True,True,224.981,17,1500,1448,1448,0,51,22700.58823529412,385,723,True,False,44.613,17,1500,1448,1425,0,51,33197.82352941176,53,391,70,645,2849,2880,2846,2881,2,22,61
Cable inc,250,50,10,10,1,2,1,4,16,100,90,0.05,5,20,5,True,True,225.373,17,1500,1448,1448,0,51,22810.235294117647,378,705,True,False,43.748,17,1500,1448,1424,0,51,32345,53,364,69,647,2847,2886,2845,2885,2,22,1
Cable inc,250,50,10,10,1,2,1,4,16,100,90,0.05,5,20,5,True,True,224.963,17,1500,1448,1448,0,51,23128.41176470588,361,736,True,False,43.600,17,1500,1448,1425,0,51,32330.176470588234,63,399,83,656,2845,2878,2833,2878,3,23,66
Cable inc,250,50,10,10,1,2,1,4,16,100,90,0.05,5,20,5,True,True,224.615,17,1500,1448,1448,0,51,22690.647058823528,376,688,True,False,43.369,17,1500,1448,1424,0,51,32233.352941176472,61,395,72,626,2842,2880,2831,2881,3,22,40
Cable inc,250,50,10,10,1,2,1,4,16,100,90,0.05,5,20,5,True,True,224.995,17,1500,1448,1448,0,51,22673.41176470588,394,701,True,False,44.105,17,1500,1448,1424,0,51,32186.470588235294,50,398,63,632,2849,2880,2849,2880,2,22,73
Cable inc,250,50,10,10,1,2,1,4,16,100,90,0.05,5,20,5,True,True,224.849,17,1500,1448,1448,0,51,22738.235294117647,382,692,True,False,45.610,17,1500,1448,1425,0,52,32192.176470588234,72,404,123,662,2834,2877,2845,2877,4,23,49
Cable inc,250,50,10,10,1,2,1,4,16,100,90,0.05,5,20,5,True,True,225.363,17,1500,1448,1448,0,51,22815.058823529413,384,673,True,False,43.204,17,1500,1448,1425,0,51,32235.29411764706,85,382,88,618,2841,2881,2838,2880,3,21,60
Cable inc,250,50,10,10,1,2,1,4,16,100,90,0.05,5,20,5,True,False,224.987,17,1500,1448,1448,0,51,22690.058823529413,386,665,True,False,43.345,17,1500,1448,1425,0,51,31655.352941176472,74,426,103,648,2850,2882,2849,2883,4,22,41
Cable inc,250,50,10,10,1,2,1,4,16,100,90,0.05,5,20,5,True,True,224.733,17,1500,1448,1448,0,51,22763.29411764706,390,693,True,False,42.616,17,1500,1448,1425,0,51,32140.882352941175,58,385,72,636,2841,2881,2833,2882,3,22,10
Cable inc,250,50,10,10,1,2,1,4,16,100,90,0.05,5,20,5,True,True,225.118,17,1500,1448,1448,0,51,23075.58823529412,364,762,True,False,44.999,17,1500,1448,1424,0,51,31840.235294117647,64,390,75,658,2852,2882,2852,2882,3,23,37
Cable inc,250,50,10,10,1,2,1,4,16,100,90,0.05,5,20,5,True,True,224.862,17,1500,1448,1448,0,51,22807.882352941175,374,704,True,False,44.988,17,1500,1448,1424,0,51,32114.823529411766,65,387,71,651,2832,2880,2843,2881,2,23,100
Cable inc,250,50,10,10,1,2,1,4,16,100,90,0.05,5,20,5,True,True,225.237,17,1500,1448,1448,1,51,22815.529411764706,368,692,True,False,42.860,17,1500,1448,1425,0,51,32258.352941176472,63,400,68,642,2850,2881,2846,2881,2,22,35
Cable inc,250,50,10,10,1,2,1,4,16,100,90,0.05,5,20,5,True,True,224.737,17,1500,1448,1448,0,51,22686.41176470588,389,700,True,False,43.714,17,1500,1448,1424,0,51,32241.823529411766,78,366,107,658,2845,2883,2838,2881,4,23,11
Cable inc,250,50,10,10,1,2,1,4,16,100,90,0.05,5,20,5,True,True,224.741,17,1500,1448,1448,0,51,22717.764705882353,389,735,True,False,43.612,17,1500,1448,1425,0,51,32240.058823529413,68,386,89,654,2840,2880,2840,2880,3,23,94
Cable inc,250,50,10,10,1,2,1,4,16,100,90,0.05,5,20,5,True,True,225.118,17,1500,1448,1448,0,51,23322.764705882353,374,746,True,False,43.624,17,1500,1448,1424,0,51,32265.117647058825,59,397,70,651,2849,2883,2844,2882,2,23,87
Cable inc,250,50,10,10,1,2,1,4,16,100,90,0.05,5,20,5,True,True,224.874,17,1500,1448,1448,0,51,23126.941176470587,367,727,True,False,44.207,17,1500,1448,1425,0,51,32275.647058823528,70,419,67,641,2847,2883,2840,2884,2,22,90
Cable inc,250,50,10,10,1,2,1,4,16,100,90,0.05,5,20,5,True,True,224.867,17,1500,1448,1448,0,51,23148.058823529413,369,739,True,False,42.995,17,1500,1448,1424,0,51,32170.117647058825,48,375,62,659,2844,2880,2835,2880,2,23,6
Cable inc,250,50,10,10,1,2,1,4,16,100,90,0.05,5,20,5,True,True,225.117,17,1500,1448,1448,0,51,22691.529411764706,390,729,True,False,44.617,17,1500,1448,1425,0,51,32297.470588235294,68,416,67,641,2852,2885,2853,2886,2,22,25
Cable inc,250,50,10,10,1,2,1,4,16,100,90,0.05,5,20,5,True,True,225.141,17,1500,1448,1448,0,51,23115,365,723,True,False,45.354,17,1500,1448,1424,0,51,32260.529411764706,62,376,61,645,2835,2882,2822,2883,2,22,65
Cable inc,250,50,10,10,1,2,1,4,16,100,90,0.05,5,20,5,True,True,224.990,17,1500,1448,1448,0,51,22838.70588235294,386,740,True,False,43.849,17,1500,1448,1425,0,51,31657.70588235294,61,385,76,662,2850,2883,2844,2883,3,23,54
Cable inc,250,50,10,10,1,2,1,4,16,100,90,0.05,5,20,5,True,True,224.864,17,1500,1448,1448,0,51,22722.70588235294,388,687,True,False,42.740,17,1500,1448,1425,0,51,32234.58823529412,60,385,71,614,2834,2881,2827,2881,3,21,39
Cable inc,250,50,10,10,1,2,1,4,16,100,90,0.05,5,20,5,True,True,225.002,17,1500,1448,1448,0,51,23048.58823529412,370,720,True,False,45.737,17,1500,1448,1424,0,51,32471.882352941175,51,377,65,648,2834,2880,2834,2881,2,22,3
Cable inc,250,50,10,10,1,2,1,4,16,100,90,0.05,5,20,5,True,True,225.247,17,1500,1448,1448,0,51,23317.117647058825,350,723,True,False,43.990,17,1500,1448,1425,0,51,31818.58823529412,67,374,102,665,2852,2878,2851,2879,4,23,97
Cable inc,250,50,10,10,1,2,1,4,16,100,90,0.05,5,20,5,True,True,225.123,17,1500,1448,1448,0,51,22748.647058823528,396,714,False,False,43.373,17,1500,1448,1424,0,51,31624.70588235294,83,385,63,634,2837,2882,2828,2882,2,22,33
Cable inc,250,50,10,10,1,2,1,4,16,100,90,0.05,5,20,5,True,True,224.670,17,1500,1448,1448,0,51,22760.529411764706,381,686,True,False,44.977,17,1500,1448,1424,0,51,31490.41176470588,58,438,68,608,2844,2880,2838,2881,2,21,47
Cable inc,250,50,10,10,1,2,1,4,16,100,90,0.05,5,20,5,True,True,224.748,17,1500,1448,1448,0,51,23164.470588235294,366,741,True,False,45.000,17,1500,1448,1424,0,51,32382.823529411766,79,389,68,655,2834,2880,2837,2881,2,23,96
Cable inc,250,50,10,10,1,2,1,4,16,100,90,0.05,5,20,5,True,True,224.746,17,1500,1448,1448,0,51,22872.235294117647,381,725,True,False,45.718,17,1500,1448,1424,0,51,31946.117647058825,75,383,88,659,2827,2881,2822,2880,3,23,72
Cable inc,250,50,10,10,1,2,1,4,16,100,90,0.05,5,20,5,True,True,224.723,17,1500,1448,1448,0,51,22969.764705882353,369,699,True,False,44.117,17,1500,1448,1424,0,51,32399.470588235294,63,408,70,633,2841,2880,2834,2881,2,22,16
Cable inc,250,50,10,10,1,2,1,4,16,100,90,0.05,5,20,5,True,True,225.373,17,1500,1448,1448,0,51,22714.352941176472,387,721,True,False,43.596,17,1500,1448,1425,0,51,31727.70588235294,71,387,89,665,2848,2882,2843,2883,3,23,8
Cable inc,250,50,10,10,1,2,1,4,16,100,90,0.05,5,20,5,True,True,224.994,17,1500,1448,1448,0,51,22896,378,756,True,False,44.346,17,1500,1448,1424,0,51,32636.235294117647,54,396,57,667,2847,2883,2843,2883,2,23,14
Cable inc,250,50,10,10,1,2,1,4,16,100,90,0.05,5,20,5,True,True,224.741,17,1500,1448,1448,0,51,23124.29411764706,369,778,True,False,44.746,17,1500,1448,1425,0,51,32352.352941176472,69,400,61,661,2839,2880,2834,2880,2,23,82
Cable inc,250,50,10,10,1,2,1,4,16,100,90,0.05,5,20,5,True,True,224.581,17,1500,1448,1448,0,51,22773.529411764706,374,695,True,False,43.746,17,1500,1448,1425,0,51,32363.41176470588,53,383,62,626,2847,2879,2850,2879,2,22,45
Cable inc,250,50,10,10,1,2,1,4,16,100,90,0.05,5,20,5,True,True,224.867,17,1500,1448,1448,0,51,23154.647058823528,359,785,True,False,43.106,17,1500,1448,1425,0,51,31984.352941176472,66,400,83,658,2829,2877,2823,2877,3,23,43
Cable inc,250,50,10,10,1,2,1,4,16,100,90,0.05,5,20,5,True,True,225.083,17,1500,1448,1448,0,51,23198,355,725,True,False,44.723,17,1500,1448,1425,0,51,32032,58,402,55,669,2834,2881,2832,2881,2,23,83
Cable inc,250,50,10,10,1,2,1,4,16,100,90,0.05,5,20,5,True,True,224.858,17,1500,1448,1448,0,51,22674.882352941175,380,723,True,False,45.999,17,1500,1448,1425,0,51,32425.117647058825,72,424,74,625,2847,2883,2838,2884,3,22,63
Cable inc,250,50,10,10,1,2,1,4,16,100,90,0.05,5,20,5,True,True,224.866,17,1500,1448,1448,0,51,22761.470588235294,376,683,True,False,43.834,17,1500,1448,1424,0,51,31925.352941176472,64,414,72,636,2843,2881,2842,2882,3,22,80
Cable inc,250,50,10,10,1,2,1,4,16,100,90,0.05,5,20,5,True,True,224.874,17,1500,1448,1448,0,51,22864.58823529412,392,703,True,False,41.872,17,1500,1448,1424,0,51,31457.235294117647,73,404,74,636,2846,2885,2844,2886,3,22,59
Cable inc,250,50,10,10,1,2,1,4,16,100,90,0.05,5,20,5,True,True,224.872,17,1500,1448,1448,0,51,23162.117647058825,355,761,True,False,44.228,17,1500,1448,1424,0,51,32217.117647058825,58,383,54,633,2846,2882,2842,2882,2,22,15
Cable inc,250,50,10,10,1,2,1,4,16,100,90,0.05,5,20,5,True,True,225.113,17,1500,1448,1448,0,51,23119.529411764706,363,707,True,False,43.605,17,1500,1448,1425,0,51,32227,70,385,82,653,2841,2882,2840,2883,3,23,71
Cable inc,250,50,10,10,1,2,1,4,16,100,90,0.05,5,20,5,True,True,224.982,17,1500,1448,1448,0,51,23151.764705882353,381,736,True,False,45.238,17,1500,1448,1425,0,51,32209.470588235294,87,375,110,690,2850,2881,2846,2882,4,24,42
Cable inc,250,50,10,10,1,2,1,4,16,100,90,0.05,5,20,5,True,True,224.747,17,1500,1448,1448,0,51,23282,352,683,True,False,44.487,17,1500,1448,1424,0,51,33116.94117647059,71,396,87,643,2849,2884,2843,2884,3,22,51
Cable inc,250,50,10,10,1,2,1,4,16,100,90,0.05,5,20,5,True,True,224.747,17,1500,1448,1448,0,51,22956.176470588234,370,708,True,False,42.590,17,1500,1448,1424,0,51,32456.176470588234,78,415,60,642,2850,2886,2848,2885,2,22,57
Cable inc,250,50,10,10,1,2,1,4,16,100,90,0.05,5,20,5,True,True,225.122,17,1500,1448,1448,0,51,23077.58823529412,361,748,True,False,43.458,17,1500,1448,1425,0,51,32134.823529411766,72,419,79,683,2843,2881,2839,2882,3,24,88
Cable inc,250,50,10,10,1,2,1,4,16,100,90,0.05,5,20,5,True,True,224.936,17,1500,1448,1448,0,51,22725.117647058825,376,719,True,False,45.623,17,1500,1448,1425,0,51,32232.235294117647,68,417,77,657,2844,2881,2843,2881,3,23,4
Cable inc,250,50,10,10,1,2,1,4,16,100,90,0.05,5,20,5,True,True,224.996,17,1500,1448,1448,0,51,22874.41176470588,377,717,True,False,44.330,17,1500,1448,1425,0,51,32074.058823529413,95,386,114,670,2832,2883,2827,2882,4,23,12
Cable inc,250,50,10,10,1,4,1,4,16,100,90,0.05,5,20,5,True,True,224.815,17,1500,1448,1448,0,51,22849.470588235294,373,703,False,False,44.589,17,1500,1448,1425,0,51,31939.176470588234,83,443,85,643,2845,2880,2844,2880,3,22,79
Cable inc,250,50,10,10,1,4,1,4,16,100,90,0.05,5,20,5,True,True,224.742,17,1500,1448,1448,0,51,22725.117647058825,384,703,True,False,44.350,17,1500,1448,1424,0,51,32193.29411764706,84,387,85,623,2830,2882,2825,2882,3,22,50
Cable inc,250,50,10,10,1,4,1,4,16,100,90,0.05,5,20,5,True,True,225.055,17,1500,1448,1448,0,51,23239.058823529413,363,772,True,False,43.595,17,1500,1448,1425,0,51,31863.823529411766,71,405,88,690,2846,2879,2843,2880,3,24,23
Cable inc,250,50,10,10,1,4,1,4,16,100,90,0.05,5,20,5,True,True,225.430,17,1500,1448,1448,0,51,23092.941176470587,362,718,True,False,43.479,17,1500,1448,1425,0,51,31790.352941176472,85,454,94,642,2828,2879,2821,2879,3,22,68
Cable inc,250,50,10,10,1,4,1,4,16,100,90,0.05,5,20,5,True,True,224.856,17,1500,1448,1448,0,51,22868.117647058825,374,706,True,False,45.210,17,1500,1448,1425,0,51,31726.235294117647,72,399,97,648,2846,2884,2843,2884,3,22,92
Cable inc,250,50,10,10,1,4,1,4,16,100,90,0.05,5,20,5,True,True,225.091,17,1500,1448,1448,0,51,22732.235294117647,382,687,True,False,44.092,17,1500,1448,1425,0,51,32201.352941176472,80,400,90,628,2849,2883,2845,2884,3,22,95
Cable inc,250,50,10,10,1,4,1,4,16,100,90,0.05,5,20,5,True,True,225.372,17,1500,1448,1448,0,51,23090.70588235294,378,713,True,False,43.213,17,1500,1448,1424,0,51,31619.470588235294,68,395,93,662,2843,2882,2834,2883,3,23,46
Cable inc,250,50,10,10,1,4,1,4,16,100,90,0.05,5,20,5,True,True,224.994,17,1500,1448,1448,0,51,22695.470588235294,398,684,True,False,44.842,17,1500,1448,1424,0,51,32614.58823529412,82,412,107,642,2847,2885,2849,2885,4,22,93
Cable inc,250,50,10,10,1,4,1,4,16,100,90,0.05,5,20,5,True,True,225.120,17,1500,1448,1448,0,51,22735.882352941175,381,712,True,False,42.843,17,1500,1448,1424,0,51,31153,60,426,73,637,2831,2885,2822,2886,3,22,17
Cable inc,250,50,10,10,1,4,1,4,16,100,90,0.05,5,20,5,True,True,224.746,17,1500,1448,1448,0,51,23019.529411764706,375,706,True,False,43.224,17,1500,1448,1424,0,51,32200.41176470588,67,378,79,639,2837,2880,2832,2881,3,22,29
Cable inc,250,50,10,10,1,4,1,4,16,100,90,0.05,5,20,5,True,True,224.679,17,1500,1448,1448,0,51,22858.352941176472,391,714,True,False,42.610,17,1500,1448,1425,0,51,32241.70588235294,83,365,82,647,2845,2880,2849,2881,3,22,20
Cable inc,250,50,10,10,1,4,1,4,16,100,90,0.05,5,20,5,True,True,224.861,17,1500,1448,1448,0,51,22755.235294117647,382,693,True,False,43.864,17,1500,1448,1424,0,51,32199.470588235294,61,384,80,634,2835,2880,2830,2880,3,22,31
Cable inc,250,50,10,10,1,4,1,4,16,100,90,0.05,5,20,5,True,True,224.994,17,1500,1448,1448,0,51,22712.235294117647,391,712,True,False,43.737,17,1500,1448,1424,0,51,32800.76470588235,75,400,93,659,2853,2880,2849,2881,3,23,84
Cable inc,250,50,10,10,1,4,1,4,16,100,90,0.05,5,20,5,True,True,224.997,17,1500,1448,1448,0,51,22715.647058823528,385,663,True,False,43.360,17,1500,1448,1425,0,51,32250.117647058825,54,429,62,588,2844,2883,2846,2884,2,20,13
Cable inc,250,50,10,10,1,4,1,4,16,100,90,0.05,5,20,5,True,True,224.989,17,1500,1448,1448,0,51,22869.470588235294,385,683,True,False,43.742,17,1500,1448,1425,0,51,32296.58823529412,84,421,88,625,2837,2882,2828,2883,3,22,62
Cable inc,250,50,10,10,1,4,1,4,16,100,90,0.05,5,20,5,True,True,224.746,17,1500,1448,1448,0,51,22831.58823529412,381,715,True,False,43.581,17,1500,1448,1425,0,51,31774.823529411766,65,381,89,641,2837,2882,2830,2881,3,22,75
Cable inc,250,50,10,10,1,4,1,4,16,100,90,0.05,5,20,5,True,True,224.499,17,1500,1448,1448,0,51,22864.352941176472,382,691,True,False,43.215,17,1500,1448,1424,0,51,32079.941176470587,90,424,91,632,2833,2881,2829,2882,3,22,9
Cable inc,250,50,10,10,1,4,1,4,16,100,90,0.05,5,20,5,True,True,224.936,17,1500,1448,1448,0,51,22645.823529411766,411,712,True,False,43.873,17,1500,1448,1425,0,51,31606.352941176472,78,398,85,640,2834,2884,2834,2885,3,22,44
Cable inc,250,50,10,10,1,4,1,4,16,100,90,0.05,5,20,5,True,True,225.239,17,1500,1448,1448,0,51,22869.647058823528,376,712,True,False,43.598,17,1500,1448,1425,0,51,32370.764705882353,62,394,73,656,2854,2883,2852,2883,3,23,48
Cable inc,250,50,10,10,1,4,1,4,16,100,90,0.05,5,20,5,True,True,224.732,17,1500,1448,1448,0,51,22865.529411764706,375,718,True,False,43.100,17,1500,1448,1425,0,51,31469.470588235294,78,405,89,647,2850,2880,2833,2881,3,22,99
Cable inc,250,50,10,10,1,4,1,4,16,100,90,0.05,5,20,5,True,True,224.871,17,1500,1448,1448,0,51,22745.41176470588,389,686,True,False,45.080,17,1500,1448,1424,0,51,32392,69,384,86,636,2843,2881,2839,2882,3,22,56
Cable inc,250,50,10,10,1,4,1,4,16,100,90,0.05,5,20,5,True,True,224.866,17,1500,1448,1448,0,51,22430.529411764706,419,612,True,False,43.593,17,1500,1448,1424,0,51,31617.941176470587,65,411,90,573,2841,2883,2833,2883,3,20,32
Cable inc,250,50,10,10,1,4,1,4,16,100,90,0.05,5,20,5,True,True,225.121,17,1500,1448,1448,0,51,23090.470588235294,360,765,True,False,45.370,17,1500,1448,1425,0,51,31810.882352941175,93,381,75,667,2851,2882,2844,2882,3,23,78
Cable inc,250,50,10,10,1,4,1,4,16,100,90,0.05,5,20,5,True,True,224.615,17,1500,1448,1448,0,51,22864.235294117647,373,696,True,False,42.872,17,1500,1448,1424,0,51,31875.058823529413,64,400,71,641,2848,2880,2849,2881,2,22,38
Cable inc,250,50,10,10,1,4,1,4,16,100,90,0.05,5,20,5,True,True,224.867,17,1500,1448,1448,0,51,22763.117647058825,388,700,True,False,43.217,17,1500,1448,1425,0,51,31788.823529411766,78,416,95,661,2841,2883,2841,2884,3,23,26
Cable inc,250,50,10,10,1,4,1,4,16,100,90,0.05,5,20,5,True,True,224.751,17,1500,1448,1448,0,51,22948.176470588234,355,714,True,False,43.200,17,1500,1448,1424,0,51,31683.176470588234,74,392,93,658,2837,2883,2832,2883,3,23,69
Cable inc,250,50,10,10,1,4,1,4,16,100,90,0.05,5,20,5,True,True,224.491,17,1500,1448,1448,0,51,22753.470588235294,383,710,True,False,44.236,17,1500,1448,1424,0,51,32218.176470588234,75,406,84,639,2846,2881,2843,2882,3,22,34
Cable inc,250,50,10,10,1,4,1,4,16,100,90,0.05,5,20,5,True,True,224.865,17,1500,1448,1448,0,51,22776.764705882353,383,686,True,False,42.729,17,1500,1448,1424,0,51,32040.529411764706,62,397,65,623,2849,2882,2847,2880,2,22,58
Cable inc,250,50,10,10,1,4,1,4,16,100,90,0.05,5,20,5,True,True,224.991,17,1500,1448,1448,0,51,23085.117647058825,357,723,True,False,43.099,17,1500,1448,1424,0,51,32470.176470588234,77,363,94,662,2843,2884,2844,2884,3,23,30
Cable inc,250,50,10,10,1,4,1,4,16,100,90,0.05,5,20,5,True,True,224.849,17,1500,1448,1448,0,51,23212.352941176472,357,736,True,False,44.209,17,1500,1448,1425,0,51,31862.529411764706,71,363,83,663,2830,2880,2824,2881,3,23,70
Cable inc,250,50,10,10,1,4,1,4,16,100,90,0.05,5,20,5,True,True,224.744,17,1500,1448,1448,0,51,23030.176470588234,368,687,True,False,43.341,17,1500,1448,1424,0,51,32710.764705882353,70,390,72,617,2848,2881,2844,2882,3,21,24
Cable inc,250,50,10,10,1,4,1,4,16,100,90,0.05,5,20,5,True,True,224.740,17,1500,1448,1448,0,51,22860.470588235294,382,698,True,False,43.367,17,1500,1448,1425,0,51,32515.176470588234,75,423,97,642,2841,2883,2838,2882,3,22,52
Cable inc,250,50,10,10,1,4,1,4,16,100,90,0.05,5,20,5,True,True,224.744,17,1500,1448,1448,0,51,22797.235294117647,378,689,True,False,43.495,17,1500,1448,1425,0,51,32279.470588235294,48,391,64,619,2848,2881,2848,2881,2,21,36
Cable inc,250,50,10,10,1,4,1,4,16,100,90,0.05,5,20,5,True,True,224.869,17,1500,1448,1448,0,51,22736.941176470587,415,745,True,False,43.839,17,1500,1448,1425,0,51,31936.470588235294,76,379,84,665,2850,2879,2849,2880,3,23,2
Cable inc,250,50,10,10,1,4,1,4,16,100,90,0.05,5,20,5,True,True,224.964,17,1500,1448,1448,0,51,22987.941176470587,378,720,True,False,44.479,17,1500,1448,1424,0,51,31701.058823529413,66,413,74,648,2850,2880,2849,2879,3,23,5
Cable inc,250,50,10,10,1,4,1,4,16,100,90,0.05,5,20,5,True,True,225.235,17,1500,1448,1448,0,51,23000.117647058825,377,711,True,False,43.602,17,1500,1448,1425,0,51,31986.235294117647,84,399,101,672,2846,2881,2837,2882,4,23,89
Cable inc,250,50,10,10,1,4,1,4,16,100,90,0.05,5,20,5,True,True,224.868,17,1500,1448,1448,0,51,22849.823529411766,380,717,True,False,43.730,17,1500,1448,1425,0,51,31841.882352941175,79,404,80,627,2839,2883,2829,2881,3,22,74
Cable inc,250,50,10,10,1,4,1,4,16,100,90,0.05,5,20,5,True,True,225.004,17,1500,1448,1448,0,51,22723.176470588234,382,676,True,False,43.375,17,1500,1448,1425,0,51,31840.882352941175,157,446,241,668,2849,2883,2847,2883,8,23,91
Cable inc,250,50,10,10,1,4,1,4,16,100,90,0.05,5,20,5,True,True,225.359,17,1500,1448,1448,0,51,22918.58823529412,376,714,True,False,43.847,17,1500,1448,1425,0,51,32134.176470588234,56,383,73,652,2847,2885,2835,2883,3,23,53
Cable inc,250,50,10,10,1,4,1,4,16,100,90,0.05,5,20,5,True,True,225.433,17,1500,1448,1448,0,51,22732.823529411766,381,745,True,False,43.734,17,1500,1448,1425,0,51,31846.352941176472,78,397,74,665,2842,2881,2845,2881,3,23,21
Cable inc,250,50,10,10,1,4,1,4,16,100,90,0.05,5,20,5,True,True,224.991,17,1500,1448,1448,0,51,22881,376,683,True,False,43.837,17,1500,1448,1425,0,51,32288.117647058825,70,376,78,600,2846,2882,2846,2881,3,21,55
Cable inc,250,50,10,10,1,4,1,4,16,100,90,0.05,5,20,5,True,True,225.243,17,1500,1448,1448,0,51,23095.941176470587,365,759,True,False,45.734,17,1500,1448,1424,0,51,31944,64,395,72,659,2832,2879,2828,2879,3,23,27
Cable inc,250,50,10,10,1,4,1,4,16,100,90,0.05,5,20,5,True,True,225.053,17,1500,1448,1448,0,51,23138.470588235294,351,782,True,False,43.496,17,1500,1448,1424,0,51,32399.117647058825,54,341,65,658,2846,2881,2847,2882,2,23,77
Cable inc,250,50,10,10,1,4,1,4,16,100,90,0.05,5,20,5,True,True,225.223,17,1500,1448,1448,0,51,22965.352941176472,386,714,True,False,44.221,17,1500,1448,1424,0,51,32161.176470588234,82,387,101,665,2826,2882,2829,2882,4,23,85
Cable inc,250,50,10,10,1,4,1,4,16,100,90,0.05,5,20,5,True,True,224.987,17,1500,1448,1448,0,51,22781.529411764706,394,707,True,False,45.834,17,1500,1448,1424,0,51,32797.94117647059,66,411,72,648,2846,2882,2839,2883,3,22,86
Cable inc,250,50,10,10,1,4,1,4,16,100,90,0.05,5,20,5,True,True,224.989,17,1500,1448,1448,0,51,22393.29411764706,421,608,True,False,43.099,17,1500,1448,1424,0,51,32115.882352941175,54,407,67,572,2837,2881,2845,2881,2,20,18
Cable inc,250,50,10,10,1,4,1,4,16,100,90,0.05,5,20,5,True,True,224.734,17,1500,1448,1448,0,51,22959.647058823528,377,710,True,False,43.865,17,1500,1448,1425,0,51,32305.823529411766,80,424,81,636,2850,2888,2843,2889,3,22,22
Cable inc,250,50,10,10,1,4,1,4,16,100,90,0.05,5,20,5,True,True,225.119,17,1500,1448,1448,0,51,22682.58823529412,387,677,True,False,43.211,17,1500,1448,1425,0,51,32151.176470588234,58,378,69,629,2840,2882,2831,2882,2,22,81
Cable inc,250,50,10,10,1,4,1,4,16,100,90,0.05,5,20,5,True,True,224.868,17,1500,1448,1448,0,51,22762.58823529412,381,717,True,False,43.851,17,1500,1448,1425,0,51,31878.235294117647,87,407,93,640,2843,2886,2835,2887,3,22,64
Cable inc,250,50,10,10,1,4,1,4,16,100,90,0.05,5,20,5,True,True,224.614,17,1500,1448,1448,0,51,22869.058823529413,368,681,True,False,42.707,17,1500,1448,1425,0,51,32391.58823529412,87,428,86,606,2850,2881,2845,2882,3,21,7
Cable inc,250,50,10,10,1,4,1,4,16,100,90,0.05,5,20,5,True,True,224.736,17,1500,1448,1448,0,51,22836.647058823528,380,671,True,False,43.731,17,1500,1448,1424,0,51,31792.470588235294,86,430,101,617,2846,2882,2831,2882,4,21,76
Cable inc,250,50,10,10,1,4,1,4,16,100,90,0.05,5,20,5,True,True,225.489,17,1500,1448,1448,0,51,23079,356,740,True,False,43.964,17,1500,1448,1424,0,51,32637.529411764706,69,399,73,649,2843,2884,2835,2885,3,22,98
Cable inc,250,50,10,10,1,4,1,4,16,100,90,0.05,5,20,5,True,True,224.740,17,1500,1448,1448,0,51,22777.529411764706,373,733,True,False,43.121,17,1500,1448,1425,0,51,32304.352941176472,51,392,81,631,2845,2883,2834,2883,3,22,19
Cable inc,250,50,10,10,1,4,1,4,16,100,90,0.05,5,20,5,True,True,225.186,17,1500,1448,1448,0,51,23167.823529411766,354,765,True,False,44.363,17,1500,1448,1424,0,51,31788.352941176472,62,368,95,687,2849,2878,2840,2878,3,24,28
Cable inc,250,50,10,10,1,4,1,4,16,100,90,0.05,5,20,5,True,True,224.991,17,1500,1448,1448,0,51,22863.647058823528,380,695,True,False,43.852,17,1500,1448,1424,0,51,31990.647058823528,85,403,85,625,2845,2880,2840,2879,3,22,67
Cable inc,250,50,10,10,1,4,1,4,16,100,90,0.05,5,20,5,True,True,225.353,17,1500,1448,1448,0,51,23144.117647058825,367,712,True,False,43.353,17,1500,1448,1424,0,51,31687.941176470587,100,371,98,646,2838,2881,2837,2882,3,22,61
Cable inc,250,50,10,10,1,4,1,4,16,100,90,0.05,5,20,5,True,True,225.124,17,1500,1448,1448,0,51,22796.058823529413,374,709,True,False,43.747,17,1500,1448,1425,0,51,32036.352941176472,54,379,78,643,2848,2880,2840,2881,3,22,1
Cable inc,250,50,10,10,1,4,1,4,16,100,90,0.05,5,20,5,True,True,224.874,17,1500,1448,1448,0,51,22868.176470588234,371,696,True,False,44.108,17,1500,1448,1424,0,51,32105.823529411766,90,431,90,630,2848,2881,2846,2881,3,22,66
Cable inc,250,50,10,10,1,4,1,4,16,100,90,0.05,5,20,5,True,True,224.997,17,1500,1448,1448,0,51,23172.352941176472,352,746,False,False,46.123,17,1500,1448,1425,0,51,31755.29411764706,80,423,88,649,2849,2881,2848,2880,3,23,40
Cable inc,250,50,10,10,1,4,1,4,16,100,90,0.05,5,20,5,True,True,224.989,17,1500,1448,1448,0,51,23057.058823529413,363,771,True,False,43.210,17,1500,1448,1424,0,51,32499.470588235294,75,377,82,691,2842,2884,2829,2885,3,24,73
Cable inc,250,50,10,10,1,4,1,4,16,100,90,0.05,5,20,5,True,True,225.167,17,1500,1448,1448,0,51,22701,386,726,True,False,45.474,17,1500,1448,1425,0,51,32062.529411764706,61,386,77,644,2846,2882,2834,2883,3,22,49
Cable inc,250,50,10,10,1,4,1,4,16,100,90,0.05,5,20,5,True,True,224.917,17,1500,1448,1448,0,51,22867.58823529412,372,674,True,False,46.494,17,1500,1448,1425,0,51,32662.823529411766,73,424,84,612,2841,2883,2833,2884,3,21,60
Cable inc,250,50,10,10,1,4,1,4,16,100,90,0.05,5,20,5,True,True,224.986,17,1500,1448,1448,0,51,23172.235294117647,358,773,True,False,45.373,17,1500,1448,1425,0,51,31808.235294117647,56,363,67,669,2834,2884,2829,2882,2,23,41
Cable inc,250,50,10,10,1,4,1,4,16,100,90,0.05,5,20,5,True,True,224.490,17,1500,1448,1448,0,51,22874.058823529413,376,711,False,False,44.100,17,1500,1448,1424,0,51,32248.470588235294,52,322,53,635,2837,2878,2831,2878,2,22,10
Cable inc,250,50,10,10,1,4,1,4,16,100,90,0.05,5,20,5,True,True,225.223,17,1500,1448,1448,0,51,22670.529411764706,382,714,True,False,44.121,17,1500,1448,1425,0,51,31804.647058823528,76,380,85,656,2845,2884,2837,2884,3,23,37
Cable inc,250,50,10,10,1,4,1,4,16,100,90,0.05,5,20,5,True,True,224.997,17,1500,1448,1448,1,51,22701,373,733,True,False,43.333,17,1500,1448,1424,0,51,31777.41176470588,83,416,82,627,2839,2876,2824,2876,3,22,100
Cable inc,250,50,10,10,1,4,1,4,16,100,90,0.05,5,20,5,True,True,224.735,17,1500,1448,1448,0,51,22756.29411764706,390,700,True,False,45.219,17,1500,1448,1425,0,51,32076.941176470587,74,373,91,656,2852,2884,2852,2884,3,23,35
Cable inc,250,50,10,10,1,4,1,4,16,100,90,0.05,5,20,5,True,True,224.375,17,1500,1448,1448,0,51,22372.941176470587,425,647,True,False,43.096,17,1500,1448,1425,0,51,32331,64,394,69,580,2838,2881,2831,2882,2,20,11
Cable inc,250,50,10,10,1,4,1,4,16,100,90,0.05,5,20,5,True,True,224.615,17,1500,1448,1448,0,51,22726.117647058825,385,710,True,False,44.107,17,1500,1448,1424,0,51,32463.823529411766,68,369,88,656,2832,2883,2823,2882,3,23,94
Cable inc,250,50,10,10,1,4,1,4,16,100,90,0.05,5,20,5,True,True,225.231,17,1500,1448,1448,0,51,22832.29411764706,384,691,True,False,44.243,17,1500,1448,1425,0,51,31926.352941176472,70,431,91,653,2846,2883,2846,2884,3,23,87
Cable inc,250,50,10,10,1,4,1,4,16,100,90,0.05,5,20,5,True,True,224.981,17,1500,1448,1448,0,51,22877,378,696,True,False,43.592,17,1500,1448,1425,0,51,32033.352941176472,76,407,90,658,2834,2886,2828,2888,3,23,90
Cable inc,250,50,10,10,1,4,1,4,16,100,90,0.05,5,20,5,True,True,224.366,17,1500,1448,1448,0,51,22804.70588235294,384,697,True,False,43.971,17,1500,1448,1424,0,51,32226.235294117647,89,403,93,624,2848,2882,2843,2882,3,22,6
Cable inc,250,50,10,10,1,4,1,4,16,100,90,0.05,5,20,5,True,True,224.552,17,1500,1448,1448,0,51,22891.235294117647,373,700,True,False,43.998,17,1500,1448,1425,0,51,31941.470588235294,82,384,78,627,2843,2879,2837,2879,3,22,25
Cable inc,250,50,10,10,1,4,1,4,16,100,90,0.05,5,20,5,True,True,224.989,17,1500,1448,1448,0,51,22826.58823529412,379,715,True,False,45.595,17,1500,1448,1425,0,51,32125.647058823528,75,400,88,665,2844,2882,2835,2882,3,23,65
Cable inc,250,50,10,10,1,4,1,4,16,100,90,0.05,5,20,5,True,True,224.988,17,1500,1448,1448,0,51,22832.70588235294,383,727,True,False,43.618,17,1500,1448,1424,0,51,31670.352941176472,79,368,95,682,2843,2882,2838,2882,3,24,54
Cable inc,250,50,10,10,1,4,1,4,16,100,90,0.05,5,20,5,True,True,224.867,17,1500,1448,1448,0,51,22815.823529411766,377,716,True,False,43.499,17,1500,1448,1424,0,51,31737.647058823528,59,398,78,636,2826,2880,2821,2880,3,22,39
Cable inc,250,50,10,10,1,4,1,4,16,100,90,0.05,5,20,5,True,True,224.374,17,1500,1448,1448,0,51,22773,384,685,True,False,43.617,17,1500,1448,1425,0,51,32326,88,418,104,625,2842,2882,2833,2883,4,22,3
Cable inc,250,50,10,10,1,4,1,4,16,100,90,0.05,5,20,5,True,True,224.744,17,1500,1448,1448,0,51,23115.058823529413,357,765,True,False,45.592,17,1500,1448,1424,0,51,32286.58823529412,78,402,100,676,2852,2889,2850,2890,4,23,97
Cable inc,250,50,10,10,1,4,1,4,16,100,90,0.05,5,20,5,True,True,224.740,17,1500,1448,1448,0,51,22778.352941176472,379,717,True,False,43.710,17,1500,1448,1425,0,51,31758.58823529412,96,406,104,653,2838,2880,2828,2881,4,23,33
Cable inc,250,50,10,10,1,4,1,4,16,100,90,0.05,5,20,5,True,True,224.749,17,1500,1448,1448,0,51,22865.058823529413,381,689,True,False,43.992,17,1500,1448,1424,0,51,32709.235294117647,52,364,70,632,2822,2884,2822,2885,2,22,47
Cable inc,250,50,10,10,1,4,1,4,16,100,90,0.05,5,20,5,True,True,224.997,17,1500,1448,1448,0,51,23224.41176470588,382,713,False,False,45.209,17,1500,1448,1424,0,51,32747.647058823528,74,378,77,633,2845,2881,2844,2882,3,22,96
Cable inc,250,50,10,10,1,4,1,4,16,100,90,0.05,5,20,5,True,True,225.116,17,1500,1448,1448,0,51,22809.823529411766,385,731,True,False,43.986,17,1500,1448,1424,0,51,32107.941176470587,69,419,85,646,2846,2877,2843,2877,3,22,72
Cable inc,250,50,10,10,1,4,1,4,16,100,90,0.05,5,20,5,True,True,224.855,17,1500,1448,1448,0,51,23191.058823529413,379,709,True,False,44.585,17,1500,1448,1424,0,51,31802.823529411766,101,364,143,686,2842,2886,2830,2883,5,24,16
Cable inc,250,50,10,10,1,4,1,4,16,100,90,0.05,5,20,5,True,True,224.871,17,1500,1448,1448,0,51,22746.882352941175,378,682,True,False,43.087,17,1500,1448,1424,0,51,32001.117647058825,74,380,77,623,2830,2882,2824,2883,3,22,8
Cable inc,250,50,10,10,1,4,1,4,16,100,90,0.05,5,20,5,True,True,224.744,17,1500,1448,1448,0,51,22781.235294117647,378,682,True,False,44.502,17,1500,1448,1425,0,51,31919.470588235294,64,372,66,621,2842,2880,2842,2880,2,22,14
Cable inc,250,50,10,10,1,4,1,4,16,100,90,0.05,5,20,5,True,True,224.987,17,1500,1448,1448,0,51,22964.176470588234,377,722,True,False,43.236,17,1500,1448,1425,0,51,31919.764705882353,69,417,94,639,2829,2878,2823,2879,3,22,82
Cable inc,250,50,10,10,1,4,1,4,16,100,90,0.05,5,20,5,True,True,224.618,17,1500,1448,1448,0,51,23161.176470588234,359,730,True,False,45.349,17,1500,1448,1425,0,51,32210.647058823528,80,380,114,681,2844,2884,2843,2884,4,24,45
Cable inc,250,50,10,10,1,4,1,4,16,100,90,0.05,5,20,5,True,False,224.742,17,1500,1448,1448,0,51,22798.352941176472,385,708,True,False,44.962,17,1500,1448,1425,0,51,32130.70588235294,102,436,88,626,2841,2880,2837,2880,3,22,43
Cable inc,250,50,10,10,1,4,1,4,16,100,90,0.05,5,20,5,True,True,225.247,17,1500,1448,1448,0,51,22771.882352941175,379,683,True,False,43.612,17,1500,1448,1424,0,51,32411.58823529412,71,395,91,637,2846,2886,2847,2886,3,22,83
Cable inc,250,50,10,10,1,4,1,4,16,100,90,0.05,5,20,5,True,True,225.121,17,1500,1448,1448,0,51,22688.764705882353,385,692,True,False,44.492,17,1500,1448,1424,0,51,32464.823529411766,69,398,89,632,2836,2882,2835,2883,3,22,63
Cable inc,250,50,10,10,1,4,1,4,16,100,90,0.05,5,20,5,True,True,224.723,17,1500,1448,1448,0,51,22830.117647058825,365,715,True,False,44.462,17,1500,1448,1425,0,51,31446.117647058825,85,393,66,624,2827,2879,2821,2879,2,22,80
Cable inc,250,50,10,10,1,4,1,4,16,100,90,0.05,5,20,5,True,True,224.872,17,1500,1448,1448,0,51,22830.58823529412,373,669,True,False,43.711,17,1500,1448,1424,0,51,32310.058823529413,59,408,71,610,2846,2882,2842,2883,3,21,59
Cable inc,250,50,10,10,1,4,1,4,16,100,90,0.05,5,20,5,True,True,224.872,17,1500,1448,1448,0,51,22683.058823529413,391,682,True,False,43.612,17,1500,1448,1425,0,51,32322.29411764706,83,408,95,636,2851,2882,2847,2883,3,22,15
Cable inc,250,50,10,10,1,4,1,4,16,100,90,0.05,5,20,5,True,True,224.623,17,1500,1448,1448,0,51,22907.941176470587,381,690,True,False,46.102,17,1500,1448,1425,0,51,32769.17647058824,87,416,90,638,2851,2881,2850,2882,3,22,71
Cable inc,250,50,10,10,1,4,1,4,16,100,90,0.05,5,20,5,True,True,224.983,17,1500,1448,1448,0,51,23071.117647058825,355,776,True,False,43.462,17,1500,1448,1424,0,51,31997.764705882353,72,461,74,672,2843,2887,2838,2888,3,23,42
Cable inc,250,50,10,10,1,4,1,4,16,100,90,0.05,5,20,5,True,True,225.241,17,1500,1448,1448,0,51,22731.470588235294,377,701,True,False,45.372,17,1500,1448,1424,0,51,32077.058823529413,73,373,74,640,2834,2886,2834,2888,3,22,51
Cable inc,250,50,10,10,1,4,1,4,16,100,90,0.05,5,20,5,True,True,224.988,17,1500,1448,1448,0,51,22779.70588235294,371,685,True,False,43.345,17,1500,1448,1425,0,51,32050.058823529413,73,401,93,634,2832,2883,2826,2881,3,22,57
Cable inc,250,50,10,10,1,4,1,4,16,100,90,0.05,5,20,5,True,True,224.744,17,1500,1448,1448,0,51,22731.176470588234,392,683,True,False,44.739,17,1500,1448,1425,0,51,31908.176470588234,69,383,64,629,2845,2880,2835,2880,2,22,88
Cable inc,250,50,10,10,1,4,1,4,16,100,90,0.05,5,20,5,True,True,225.115,17,1500,1448,1448,0,51,22825.764705882353,381,727,True,False,45.992,17,1500,1448,1424,0,51,32069.176470588234,105,409,141,696,2844,2883,2836,2884,5,24,4
Cable inc,250,50,10,10,1,4,1,4,16,100,90,0.05,5,20,5,True,True,225.243,17,1500,1448,1448,0,51,22895.352941176472,379,711,True,False,44.096,17,1500,1448,1424,0,51,31832.764705882353,55,432,77,637,2838,2881,2830,2879,3,22,12
Cable inc,250,50,10,10,1,6,1,4,16,100,90,0.05,5,20,5,True,True,224.984,19,1500,1448,1448,0,57,23058.052631578947,368,667,True,False,44.860,19,1500,1448,1424,0,57,32138,80,401,96,614,2848,2882,2848,2882,3,21,79
Cable inc,250,50,10,10,1,6,1,4,16,100,90,0.05,5,20,5,True,True,225.126,19,1500,1448,1448,0,57,23267.473684210527,361,703,True,False,44.624,19,1500,1448,1424,0,57,33894.05263157895,92,419,80,636,2839,2885,2831,2884,3,22,50
Cable inc,250,50,10,10,1,6,1,4,16,100,90,0.05,5,20,5,True,True,224.743,19,1500,1448,1448,0,57,23109.157894736843,360,659,True,False,44.086,19,1500,1448,1425,0,57,33605.63157894737,99,440,112,617,2850,2886,2843,2884,4,21,23
Cable inc,250,50,10,10,1,6,1,4,16,100,90,0.05,5,20,5,True,True,224.875,19,1500,1448,1448,0,57,22936.57894736842,379,705,True,False,44.248,19,1500,1448,1425,0,61,32737.526315789473,77,391,81,643,2848,2883,2849,2883,3,22,68
Cable inc,250,50,10,10,1,6,1,4,16,100,90,0.05,5,20,5,True,True,224.614,19,1500,1448,1448,0,57,22723.21052631579,357,669,True,False,44.232,19,1500,1448,1424,0,59,33573.21052631579,78,343,89,619,2849,2881,2849,2881,3,21,92
Cable inc,250,50,10,10,1,6,1,4,16,100,90,0.05,5,20,5,True,True,224.752,19,1500,1448,1448,0,57,23093.42105263158,368,690,True,False,44.354,19,1500,1448,1425,0,57,34013.73684210526,72,433,99,641,2852,2882,2851,2882,3,22,95
Cable inc,250,50,10,10,1,6,1,4,16,100,90,0.05,5,20,5,True,True,224.739,19,1500,1448,1448,0,57,23240.63157894737,368,719,True,False,44.473,19,1500,1448,1424,0,57,33987,82,402,93,645,2832,2881,2829,2881,3,22,46
Cable inc,250,50,10,10,1,6,1,4,16,100,90,0.05,5,20,5,True,True,225.122,19,1500,1448,1448,0,57,23166.842105263157,375,668,True,False,43.862,19,1500,1448,1424,0,57,33487.68421052631,84,428,103,639,2832,2881,2826,2881,4,22,93
Cable inc,250,50,10,10,1,6,1,4,16,100,90,0.05,5,20,5,True,True,224.864,19,1500,1448,1448,0,57,23037.736842105263,362,688,True,False,44.246,19,1500,1448,1425,0,57,34206.68421052631,67,430,85,625,2848,2881,2836,2882,3,22,17
Cable inc,250,50,10,10,1,6,1,4,16,100,90,0.05,5,20,5,True,True,224.730,19,1500,1448,1448,0,57,23161.736842105263,380,725,True,False,44.728,19,1500,1448,1424,0,57,33533.68421052631,88,430,95,667,2847,2880,2847,2880,3,23,29
Cable inc,250,50,10,10,1,6,1,4,16,100,90,0.05,5,20,5,True,True,225.126,19,1500,1448,1448,0,57,23207.157894736843,352,670,True,False,44.739,19,1500,1448,1425,0,57,33529.21052631579,83,403,87,629,2840,2883,2834,2884,3,22,20
Cable inc,250,50,10,10,1,6,1,4,16,100,90,0.05,5,20,5,True,True,224.872,19,1500,1448,1448,0,57,22945.684210526317,362,697,True,False,44.244,19,1500,1448,1424,0,57,33747.10526315789,77,396,77,623,2827,2883,2824,2881,3,22,31
Cable inc,250,50,10,10,1,6,1,4,16,100,90,0.05,5,20,5,True,True,224.737,19,1500,1448,1448,0,57,23043,365,674,True,False,42.833,19,1500,1448,1425,0,57,33633.68421052631,102,413,121,636,2834,2883,2830,2884,4,22,84
Cable inc,250,50,10,10,1,6,1,4,16,100,90,0.05,5,20,5,True,True,224.733,19,1500,1448,1448,0,57,22994.263157894737,359,652,True,False,44.493,19,1500,1448,1424,0,57,33328.10526315789,81,412,81,605,2845,2883,2842,2884,3,21,13
Cable inc,250,50,10,10,1,6,1,4,16,100,90,0.05,5,20,5,True,True,225.497,19,1500,1448,1448,0,57,23582.315789473683,365,686,True,False,45.481,19,1500,1448,1425,0,57,32827.73684210526,76,437,111,641,2849,2882,2846,2883,4,22,62
Cable inc,250,50,10,10,1,6,1,4,16,100,90,0.05,5,20,5,True,True,224.618,19,1500,1448,1448,0,57,23094,358,691,True,False,44.372,19,1500,1448,1425,0,57,33069.47368421053,93,374,102,636,2835,2884,2835,2885,4,22,75
Cable inc,250,50,10,10,1,6,1,4,16,100,90,0.05,5,20,5,True,True,224.866,19,1500,1448,1448,0,57,23034.947368421053,364,691,True,False,43.975,19,1500,1448,1424,0,57,32909.57894736842,85,403,111,651,2849,2882,2847,2883,4,23,9
Cable inc,250,50,10,10,1,6,1,4,16,100,90,0.05,5,20,5,True,True,224.865,19,1500,1448,1448,0,57,23097.78947368421,373,696,True,False,44.601,19,1500,1448,1425,0,57,33179.68421052631,89,395,97,638,2837,2884,2838,2885,3,22,44
Cable inc,250,50,10,10,1,6,1,4,16,100,90,0.05,5,20,5,True,True,224.745,19,1500,1448,1448,0,57,23072.78947368421,361,680,True,False,43.838,19,1500,1448,1424,0,57,33887.15789473684,114,424,182,663,2838,2883,2826,2883,6,23,48
Cable inc,250,50,10,10,1,6,1,4,16,100,90,0.05,5,20,5,True,True,225.352,19,1500,1448,1448,0,57,23178.052631578947,352,663,True,False,43.866,19,1500,1448,1425,0,57,32943.73684210526,77,399,86,611,2853,2883,2853,2884,3,21,99
Cable inc,250,50,10,10,1,6,1,4,16,100,90,0.05,5,20,5,True,True,224.725,19,1500,1448,1448,0,57,22968.157894736843,368,670,True,False,45.497,19,1500,1448,1425,0,57,34433.47368421053,77,404,79,620,2843,2882,2841,2883,3,22,56
Cable inc,250,50,10,10,1,6,1,4,16,100,90,0.05,5,20,5,True,True,224.743,19,1500,1448,1448,0,57,22962.63157894737,365,700,True,False,43.996,19,1500,1448,1425,0,57,33399.31578947369,62,403,114,649,2842,2878,2842,2879,4,23,32
Cable inc,250,50,10,10,1,6,1,4,16,100,90,0.05,5,20,5,True,True,225.244,19,1500,1448,1448,0,57,23086.157894736843,374,695,True,False,44.098,19,1500,1448,1424,0,57,33099.68421052631,79,421,108,655,2839,2881,2830,2882,4,23,78
Cable inc,250,50,10,10,1,6,1,4,16,100,90,0.05,5,20,5,True,True,225.105,19,1500,1448,1448,0,57,23107.052631578947,361,679,True,False,44.233,19,1500,1448,1425,0,57,33704.36842105263,71,430,86,632,2848,2883,2847,2884,3,22,38
Cable inc,250,50,10,10,1,6,1,4,16,100,90,0.05,5,20,5,True,True,224.937,19,1500,1448,1448,0,57,23159.684210526317,373,702,True,False,44.365,19,1500,1448,1424,0,57,33955.52631578947,106,425,137,668,2846,2883,2849,2883,5,23,26
Cable inc,250,50,10,10,1,6,1,4,16,100,90,0.05,5,20,5,True,True,225.113,19,1500,1448,1448,0,57,23072.947368421053,364,687,True,False,43.700,19,1500,1448,1424,0,57,32807.63157894737,67,392,86,631,2847,2882,2844,2882,3,22,69
Cable inc,250,50,10,10,1,6,1,4,16,100,90,0.05,5,20,5,True,False,224.868,19,1500,1448,1448,0,57,23101.684210526317,370,665,True,False,43.997,19,1500,1448,1425,0,57,33379.84210526316,75,419,94,637,2844,2882,2838,2883,3,22,34
Cable inc,250,50,10,10,1,6,1,4,16,100,90,0.05,5,20,5,True,True,224.987,19,1500,1448,1448,0,57,23359.736842105263,345,727,True,False,44.356,19,1500,1448,1424,0,57,33631.31578947369,68,414,83,655,2828,2879,2825,2880,3,23,58
Cable inc,250,50,10,10,1,6,1,4,16,100,90,0.05,5,20,5,True,True,225.247,19,1500,1448,1448,0,57,23137.263157894737,358,670,True,False,43.872,19,1500,1448,1425,0,57,33629.15789473684,101,405,112,632,2852,2884,2848,2882,4,22,30
Cable inc,250,50,10,10,1,6,1,4,16,100,90,0.05,5,20,5,True,True,224.748,19,1500,1448,1448,0,57,23088,368,649,True,False,43.873,19,1500,1448,1424,0,57,33380.26315789474,63,424,83,605,2825,2886,2822,2887,3,21,70
Cable inc,250,50,10,10,1,6,1,4,16,100,90,0.05,5,20,5,True,True,225.119,19,1500,1448,1448,0,57,23261.57894736842,354,694,True,False,46.238,19,1500,1448,1424,0,57,33664.21052631579,94,392,113,639,2838,2881,2835,2881,4,22,24
Cable inc,250,50,10,10,1,6,1,4,16,100,90,0.05,5,20,5,True,True,224.871,19,1500,1448,1448,0,57,22663.36842105263,397,722,True,False,44.249,19,1500,1448,1424,0,57,33405,58,397,81,638,2824,2879,2821,2880,3,22,52
Cable inc,250,50,10,10,1,6,1,4,16,100,90,0.05,5,20,5,True,True,224.767,19,1500,1448,1448,0,57,23054.42105263158,366,667,True,False,44.212,19,1500,1448,1425,0,57,32270.157894736843,84,411,97,619,2841,2881,2834,2881,3,21,36
Cable inc,250,50,10,10,1,6,1,4,16,100,90,0.05,5,20,5,True,True,225.108,19,1500,1448,1448,0,57,22964.157894736843,365,672,True,False,45.723,19,1500,1448,1425,0,57,33625.47368421053,109,427,166,650,2847,2881,2846,2879,6,23,2
Cable inc,250,50,10,10,1,6,1,4,16,100,90,0.05,5,20,5,True,True,224.245,19,1500,1448,1448,0,57,23455.21052631579,348,695,True,False,44.245,19,1500,1448,1425,0,57,33542.31578947369,88,441,123,649,2836,2883,2834,2883,4,22,5
Cable inc,250,50,10,10,1,6,1,4,16,100,90,0.05,5,20,5,True,True,225.361,19,1500,1448,1448,0,57,23235.263157894737,394,720,True,False,45.997,19,1500,1448,1424,0,57,33513.78947368421,109,390,110,648,2844,2881,2848,2881,4,23,89
Cable inc,250,50,10,10,1,6,1,4,16,100,90,0.05,5,20,5,True,True,224.868,19,1500,1448,1448,0,57,23227.57894736842,372,708,True,False,44.495,19,1500,1448,1425,0,57,33553.26315789474,73,400,91,651,2844,2881,2837,2881,3,23,74
Cable inc,250,50,10,10,1,6,1,4,16,100,90,0.05,5,20,5,True,True,224.854,19,1500,1448,1448,0,57,23047.105263157893,364,676,True,False,43.708,19,1500,1448,1424,0,57,33446.21052631579,70,398,95,625,2840,2882,2832,2881,3,22,91
Cable inc,250,50,10,10,1,6,1,4,16,100,90,0.05,5,20,5,True,True,224.995,19,1500,1448,1448,0,57,23152.78947368421,385,701,True,False,44.978,19,1500,1448,1424,0,57,32745.36842105263,99,420,105,630,2836,2881,2830,2880,4,22,53
Cable inc,250,50,10,10,1,6,1,4,16,100,90,0.05,5,20,5,True,True,224.989,19,1500,1448,1448,0,57,23176.157894736843,360,658,True,False,43.865,19,1500,1448,1425,0,57,33496.15789473684,75,395,95,620,2849,2884,2851,2884,3,21,21
Cable inc,250,50,10,10,1,6,1,4,16,100,90,0.05,5,20,5,True,True,224.856,19,1500,1448,1448,0,57,23188.842105263157,353,679,True,False,44.706,19,1500,1448,1424,0,57,33120,67,403,73,630,2848,2884,2848,2885,3,22,55
Cable inc,250,50,10,10,1,6,1,4,16,100,90,0.05,5,20,5,True,True,224.622,19,1500,1448,1448,0,57,23237.157894736843,363,709,True,False,44.329,19,1500,1448,1425,0,57,33428.15789473684,75,409,104,662,2846,2882,2841,2882,4,23,27
Cable inc,250,50,10,10,1,6,1,4,16,100,90,0.05,5,20,5,True,True,225.121,19,1500,1448,1448,0,57,23209.473684210527,372,718,True,False,44.206,19,1500,1448,1424,0,57,33353.57894736842,55,416,72,655,2841,2882,2841,2883,3,23,77
Cable inc,250,50,10,10,1,6,1,4,16,100,90,0.05,5,20,5,True,True,224.747,19,1500,1448,1448,0,57,23284.263157894737,373,723,True,False,44.855,19,1500,1448,1424,0,57,33180.05263157895,101,404,132,686,2849,2883,2848,2883,5,24,85
Cable inc,250,50,10,10,1,6,1,4,16,100,90,0.05,5,20,5,True,True,224.740,19,1500,1448,1448,0,57,23038.21052631579,368,667,True,False,43.747,19,1500,1448,1424,0,57,33850.31578947369,96,413,122,627,2838,2884,2835,2884,4,22,86
Cable inc,250,50,10,10,1,6,1,4,16,100,90,0.05,5,20,5,True,True,224.743,19,1500,1448,1448,0,57,23053.736842105263,358,712,True,False,44.618,19,1500,1448,1425,0,57,34091.05263157895,69,370,72,643,2848,2878,2847,2879,3,22,18
Cable inc,250,50,10,10,1,6,1,4,16,100,90,0.05,5,20,5,True,True,224.869,19,1500,1448,1448,0,57,23357.315789473683,366,717,True,False,43.979,19,1500,1448,1423,0,57,32515.105263157893,78,418,87,643,2851,2883,2851,2884,3,22,22
Cable inc,250,50,10,10,1,6,1,4,16,100,90,0.05,5,20,5,True,True,224.852,19,1500,1448,1448,0,57,23189.157894736843,370,705,True,False,44.339,19,1500,1448,1425,0,57,32787.15789473684,77,387,92,648,2841,2883,2839,2883,3,22,81
Cable inc,250,50,10,10,1,6,1,4,16,100,90,0.05,5,20,5,True,True,224.997,19,1500,1448,1448,0,57,23027.052631578947,364,687,True,False,44.614,19,1500,1448,1425,0,57,33442.42105263158,57,400,68,614,2850,2880,2846,2880,2,21,64
Cable inc,250,50,10,10,1,6,1,4,16,100,90,0.05,5,20,5,True,True,224.499,19,1500,1448,1448,0,57,23371.894736842107,351,739,True,False,44.375,19,1500,1448,1424,0,57,34213.89473684211,98,410,105,655,2849,2886,2844,2886,4,23,7
Cable inc,250,50,10,10,1,6,1,4,16,100,90,0.05,5,20,5,True,True,224.618,19,1500,1448,1448,0,57,22988.21052631579,365,656,True,False,44.500,19,1500,1448,1425,0,57,33783.63157894737,68,419,72,595,2848,2880,2848,2881,3,21,76
Cable inc,250,50,10,10,1,6,1,4,16,100,90,0.05,5,20,5,True,True,224.864,19,1500,1448,1448,0,57,22906.36842105263,367,702,True,False,43.857,19,1500,1448,1424,0,57,33772.10526315789,75,388,87,647,2842,2880,2844,2879,3,22,98
Cable inc,250,50,10,10,1,6,1,4,16,100,90,0.05,5,20,5,True,True,224.863,19,1500,1448,1448,0,57,23133.052631578947,366,669,True,False,44.219,19,1500,1448,1425,0,57,32789.21052631579,88,400,87,596,2851,2883,2849,2883,3,21,19
Cable inc,250,50,10,10,1,6,1,4,16,100,90,0.05,5,20,5,True,True,224.619,19,1500,1448,1448,0,57,23041.36842105263,354,691,True,False,44.116,19,1500,1448,1424,0,57,33030.52631578947,97,392,87,628,2845,2877,2843,2877,3,22,28
Cable inc,250,50,10,10,1,6,1,4,16,100,90,0.05,5,20,5,True,True,224.869,19,1500,1448,1448,0,57,23054.21052631579,361,666,True,False,44.123,19,1500,1448,1424,0,57,32826.15789473684,74,395,91,620,2852,2884,2851,2884,3,22,67
Cable inc,250,50,10,10,1,6,1,4,16,100,90,0.05,5,20,5,True,True,224.740,19,1500,1448,1448,0,57,22991.842105263157,363,686,True,False,44.116,19,1500,1448,1424,0,57,32975.05263157895,112,394,157,663,2844,2881,2833,2882,6,23,61
Cable inc,250,50,10,10,1,6,1,4,16,100,90,0.05,5,20,5,True,True,225.242,19,1500,1448,1448,0,57,23180.57894736842,361,665,True,False,44.835,19,1500,1448,1425,0,57,34306.89473684211,78,430,109,637,2845,2880,2837,2880,4,22,1
Cable inc,250,50,10,10,1,6,1,4,16,100,90,0.05,5,20,5,True,True,224.749,19,1500,1448,1448,0,57,23144.105263157893,359,686,True,False,44.618,19,1500,1448,1425,0,57,33325.57894736842,65,387,69,630,2832,2884,2829,2884,2,22,66
Cable inc,250,50,10,10,1,6,1,4,16,100,90,0.05,5,20,5,True,True,224.745,19,1500,1448,1448,0,57,23315.21052631579,360,679,True,False,44.082,19,1500,1448,1425,0,57,33485.78947368421,74,415,82,628,2850,2883,2847,2883,3,22,40
Cable inc,250,50,10,10,1,6,1,4,16,100,90,0.05,5,20,5,True,True,224.868,19,1500,1448,1448,0,57,22926.052631578947,369,681,True,False,43.871,19,1500,1448,1425,0,57,32627.157894736843,76,399,100,639,2833,2884,2827,2885,4,22,73
Cable inc,250,50,10,10,1,6,1,4,16,100,90,0.05,5,20,5,True,True,224.743,19,1500,1448,1448,0,57,23369.947368421053,350,710,True,False,44.239,19,1500,1448,1424,0,57,33786.57894736842,78,433,97,636,2850,2882,2853,2882,3,22,49
Cable inc,250,50,10,10,1,6,1,4,16,100,90,0.05,5,20,5,True,True,224.996,19,1500,1448,1448,0,57,23218.315789473683,372,713,True,False,43.980,19,1500,1448,1424,0,57,33373.89473684211,66,411,87,641,2847,2882,2837,2882,3,22,60
Cable inc,250,50,10,10,1,6,1,4,16,100,90,0.05,5,20,5,False,True,224.992,19,1500,1448,1448,0,57,23009.157894736843,358,645,True,False,44.102,19,1500,1448,1425,0,57,33752.52631578947,86,399,96,590,2846,2880,2844,2881,3,20,41
Cable inc,250,50,10,10,1,6,1,4,16,100,90,0.05,5,20,5,True,True,225.481,19,1500,1448,1448,0,57,23164.42105263158,361,681,True,False,44.356,19,1500,1448,1424,0,57,32701.157894736843,89,416,108,634,2846,2880,2844,2881,4,22,10
Cable inc,250,50,10,10,1,6,1,4,16,100,90,0.05,5,20,5,True,True,224.749,19,1500,1448,1448,0,57,23066.947368421053,359,671,True,False,44.723,19,1500,1448,1424,0,57,33481.31578947369,64,379,88,616,2846,2880,2847,2880,3,21,37
Cable inc,250,50,10,10,1,6,1,4,16,100,90,0.05,5,20,5,True,True,224.993,19,1500,1448,1448,0,57,22754.78947368421,388,715,True,False,44.356,19,1500,1448,1425,0,57,33514.52631578947,62,431,83,655,2846,2882,2842,2883,3,23,100
Cable inc,250,50,10,10,1,6,1,4,16,100,90,0.05,5,20,5,True,True,224.613,19,1500,1448,1448,0,57,23483.684210526317,377,707,True,False,44.118,19,1500,1448,1425,0,57,33504.15789473684,76,368,90,649,2849,2884,2848,2885,3,22,35
Cable inc,250,50,10,10,1,6,1,4,16,100,90,0.05,5,20,5,True,True,224.623,19,1500,1448,1448,0,57,23312.263157894737,351,718,True,False,44.247,19,1500,1448,1424,0,57,33710.26315789474,81,396,84,648,2842,2880,2831,2880,3,23,11
Cable inc,250,50,10,10,1,6,1,4,16,100,90,0.05,5,20,5,True,True,224.738,19,1500,1448,1448,0,57,23638.947368421053,353,688,True,False,43.849,19,1500,1448,1424,0,57,33613.31578947369,91,396,111,624,2849,2885,2848,2886,4,22,94
Cable inc,250,50,10,10,1,6,1,4,16,100,90,0.05,5,20,5,True,True,224.872,19,1500,1448,1448,0,57,23150.052631578947,364,684,True,False,44.746,19,1500,1448,1424,0,57,33532.15789473684,110,433,135,649,2827,2883,2825,2884,5,23,87
Cable inc,250,50,10,10,1,6,1,4,16,100,90,0.05,5,20,5,True,True,224.618,19,1500,1448,1448,0,57,23091.263157894737,359,680,True,False,43.850,19,1500,1448,1424,0,57,33648.89473684211,66,413,94,641,2845,2880,2841,2880,3,22,90
Cable inc,250,50,10,10,1,6,1,4,16,100,90,0.05,5,20,5,True,True,224.997,19,1500,1448,1448,0,57,23133.947368421053,350,684,True,False,44.874,19,1500,1448,1425,0,57,33457.94736842105,72,385,72,622,2849,2883,2846,2882,3,22,6
Cable inc,250,50,10,10,1,6,1,4,16,100,90,0.05,5,20,5,True,True,224.864,19,1500,1448,1448,0,57,23118.78947368421,373,677,True,False,44.355,19,1500,1448,1425,0,58,32437.526315789473,95,380,94,619,2851,2882,2851,2882,3,21,25
Cable inc,250,50,10,10,1,6,1,4,16,100,90,0.05,5,20,5,True,True,224.987,19,1500,1448,1448,0,57,23342.894736842107,350,690,True,False,44.240,19,1500,1448,1425,0,57,33148.73684210526,94,396,102,634,2847,2883,2849,2883,4,22,65
Cable inc,250,50,10,10,1,6,1,4,16,100,90,0.05,5,20,5,True,True,224.854,19,1500,1448,1448,0,57,23214.315789473683,359,715,True,False,44.095,19,1500,1448,1425,0,57,33654.68421052631,68,391,74,658,2841,2881,2843,2881,3,23,54
Cable inc,250,50,10,10,1,6,1,4,16,100,90,0.05,5,20,5,True,True,224.911,19,1500,1448,1448,0,57,22957.842105263157,369,688,True,False,44.100,19,1500,1448,1424,0,57,33576.05263157895,106,408,107,643,2846,2884,2845,2884,4,22,39
Cable inc,250,50,10,10,1,6,1,4,16,100,90,0.05,5,20,5,True,True,224.447,19,1500,1448,1448,0,57,23113.894736842107,360,669,True,False,44.607,19,1500,1448,1424,0,57,33395.05263157895,91,393,94,602,2843,2883,2830,2884,3,21,3
Cable inc,250,50,10,10,1,6,1,4,16,100,90,0.05,5,20,5,True,True,224.995,19,1500,1448,1448,0,57,22627.315789473683,403,673,True,False,44.216,19,1500,1448,1425,0,57,33716.84210526316,85,386,86,592,2841,2877,2844,2876,3,21,97
Cable inc,250,50,10,10,1,6,1,4,16,100,90,0.05,5,20,5,True,True,224.744,19,1500,1448,1448,0,57,23110,358,656,True,False,43.998,19,1500,1448,1424,0,57,34712.26315789474,75,406,97,614,2841,2878,2836,2879,3,21,33
Cable inc,250,50,10,10,1,6,1,4,16,100,90,0.05,5,20,5,True,True,224.740,19,1500,1448,1448,0,57,23267.052631578947,379,719,True,False,43.864,19,1500,1448,1425,0,57,33349.63157894737,89,411,106,655,2838,2880,2832,2881,4,23,47
Cable inc,250,50,10,10,1,6,1,4,16,100,90,0.05,5,20,5,True,True,225.122,19,1500,1448,1448,0,57,23130.105263157893,383,686,True,False,44.243,19,1500,1448,1425,0,57,33788.05263157895,91,429,96,638,2828,2881,2826,2881,3,22,96
Cable inc,250,50,10,10,1,6,1,4,16,100,90,0.05,5,20,5,True,True,224.492,19,1500,1448,1448,0,57,23021.78947368421,365,682,True,False,44.212,19,1500,1448,1425,0,57,33468.10526315789,83,398,106,631,2843,2881,2840,2882,4,22,72
Cable inc,250,50,10,10,1,6,1,4,16,100,90,0.05,5,20,5,True,True,224.797,19,1500,1448,1448,0,57,23065.57894736842,365,682,True,False,43.870,19,1500,1448,1424,0,57,33158.78947368421,83,390,89,622,2836,2879,2825,2880,3,22,16
Cable inc,250,50,10,10,1,6,1,4,16,100,90,0.05,5,20,5,True,True,225.112,19,1500,1448,1448,0,57,23123.947368421053,355,675,True,False,44.497,19,1500,1448,1425,0,57,33621.36842105263,+Inf,NaN,347,670,2843,2882,2844,2883,12,23,8
Cable inc,250,50,10,10,1,6,1,4,16,100,90,0.05,5,20,5,True,True,225.121,19,1500,1448,1448,0,57,23313.42105263158,367,725,True,False,43.837,19,1500,1448,1425,0,57,34055.84210526316,88,379,81,650,2847,2880,2849,2880,3,23,14
Cable inc,250,50,10,10,1,6,1,4,16,100,90,0.05,5,20,5,True,True,225.494,19,1500,1448,1448,0,57,23152.78947368421,368,672,True,False,43.979,19,1500,1448,1425,0,57,34753.36842105263,80,424,84,615,2845,2880,2842,2881,3,21,82
Cable inc,250,50,10,10,1,6,1,4,16,100,90,0.05,5,20,5,True,True,224.853,19,1500,1448,1448,0,57,23344,351,730,True,False,43.999,19,1500,1448,1424,0,57,33642.57894736842,102,394,100,651,2852,2881,2852,2882,3,23,45
Cable inc,250,50,10,10,1,6,1,4,16,100,90,0.05,5,20,5,True,True,224.745,19,1500,1448,1448,0,57,23000.736842105263,357,682,True,False,44.719,19,1500,1448,1425,0,57,33133.21052631579,95,417,103,618,2844,2881,2840,2882,4,21,43
Cable inc,250,50,10,10,1,6,1,4,16,100,90,0.05,5,20,5,True,True,225.220,19,1500,1448,1448,0,57,23542.736842105263,377,683,True,False,44.363,19,1500,1448,1424,0,57,33154.63157894737,61,409,82,615,2835,2878,2833,2879,3,21,83
Cable inc,250,50,10,10,1,6,1,4,16,100,90,0.05,5,20,5,True,True,225.119,19,1500,1448,1448,0,57,23154.42105263158,360,674,True,False,44.248,19,1500,1448,1425,0,57,33232.31578947369,71,388,87,630,2851,2883,2851,2882,3,22,63
Cable inc,250,50,10,10,1,6,1,4,16,100,90,0.05,5,20,5,True,True,224.996,19,1500,1448,1448,0,57,23515.157894736843,357,730,True,False,43.868,19,1500,1448,1425,0,59,32640.736842105263,68,384,103,656,2834,2880,2830,2880,4,23,80
Cable inc,250,50,10,10,1,6,1,4,16,100,90,0.05,5,20,5,True,True,224.738,19,1500,1448,1448,0,57,22975.57894736842,362,677,True,False,43.860,19,1500,1448,1425,0,57,33556.68421052631,81,446,110,640,2845,2880,2845,2880,4,22,59
Cable inc,250,50,10,10,1,6,1,4,16,100,90,0.05,5,20,5,True,True,224.864,19,1500,1448,1448,0,57,23097.157894736843,377,696,True,False,44.113,19,1500,1448,1424,0,57,33840.78947368421,75,443,87,645,2829,2881,2827,2881,3,22,15
Cable inc,250,50,10,10,1,6,1,4,16,100,90,0.05,5,20,5,True,True,224.866,19,1500,1448,1448,0,57,23133.63157894737,352,679,True,False,44.343,19,1500,1448,1424,0,57,33893.26315789474,64,379,71,629,2840,2881,2832,2882,3,22,71
Cable inc,250,50,10,10,1,6,1,4,16,100,90,0.05,5,20,5,True,True,224.748,19,1500,1448,1448,0,57,22958.63157894737,368,672,True,False,44.498,19,1500,1448,1425,0,57,33582.89473684211,88,416,96,610,2851,2883,2849,2884,3,21,42
Cable inc,250,50,10,10,1,6,1,4,16,100,90,0.05,5,20,5,True,True,225.000,19,1500,1448,1448,0,57,23195.21052631579,362,686,True,False,43.749,19,1500,1448,1424,0,57,32958.10526315789,74,370,81,634,2852,2883,2852,2884,3,22,51
Cable inc,250,50,10,10,1,6,1,4,16,100,90,0.05,5,20,5,True,True,224.984,19,1500,1448,1448,0,57,22849.36842105263,376,681,True,False,44.475,19,1500,1448,1425,0,57,33805.31578947369,86,419,88,619,2839,2879,2832,2880,3,21,57
Cable inc,250,50,10,10,1,6,1,4,16,100,90,0.05,5,20,5,True,True,224.999,19,1500,1448,1448,0,57,23070.157894736843,370,704,True,False,45.091,19,1500,1448,1425,0,57,33240.84210526316,77,411,85,643,2847,2878,2843,2879,3,22,88
Cable inc,250,50,10,10,1,6,1,4,16,100,90,0.05,5,20,5,True,True,224.810,19,1500,1448,1448,0,57,23113.052631578947,358,644,True,False,44.334,19,1500,1448,1424,0,57,34063.52631578947,63,389,71,600,2826,2881,2827,2881,3,21,4
Cable inc,250,50,10,10,1,6,1,4,16,100,90,0.05,5,20,5,True,True,224.999,19,1500,1448,1448,0,57,23385.684210526317,364,731,True,False,44.746,19,1500,1448,1424,0,57,34137.94736842105,83,378,106,681,2847,2883,2844,2884,4,24,12
